Tarih,Sezon,Lig,Ev Sahibi,Deplasman,MS Skor,IY Skor,MS Sonucu,Toplam Gol,KG Var
2026-04-04,2026,Allsvenskan,Hammarby FF,Mjallby AIF,3 - 0,2 - 0,1,3,Yok
2026-04-04,2026,Allsvenskan,Degerfors IF,Sirius,0 - 3,0 - 0,2,3,Yok
2026-04-05,2026,Allsvenskan,Kalmar FF,Vasteras SK FK,0 - 1,0 - 1,2,1,Yok
2026-04-05,2026,Allsvenskan,AIK Stockholm,Halmstad,2 - 1,1 - 0,1,3,Evet
2026-04-05,2026,Allsvenskan,Orgryte IS,Malmo FF,1 - 1,0 - 0,X,2,Evet
2026-04-06,2026,Allsvenskan,BK Hacken,IF Brommapojkarna,2 - 2,0 - 1,X,4,Evet
2026-04-06,2026,Allsvenskan,IF Elfsborg,IFK Goteborg,2 - 0,0 - 0,1,2,Yok
2026-04-06,2026,Allsvenskan,Gais,Djurgardens IF,0 - 1,0 - 0,2,1,Yok
2026-04-11,2026,Allsvenskan,IFK Goteborg,BK Hacken,0 - 2,0 - 1,2,2,Yok
2026-04-11,2026,Allsvenskan,Mjallby AIF,Orgryte IS,0 - 2,0 - 2,2,2,Yok
2026-04-11,2026,Allsvenskan,Vasteras SK FK,IF Elfsborg,2 - 2,0 - 0,X,4,Evet
2026-04-12,2026,Allsvenskan,Djurgardens IF,Kalmar FF,3 - 2,2 - 2,1,5,Evet
2026-04-12,2026,Allsvenskan,Halmstad,Degerfors IF,0 - 3,0 - 1,2,3,Yok
2026-04-12,2026,Allsvenskan,Malmo FF,Gais,3 - 1,3 - 0,1,4,Evet
2026-04-13,2026,Allsvenskan,Sirius,Hammarby FF,2 - 0,1 - 0,1,2,Yok
2026-04-13,2026,Allsvenskan,IF Brommapojkarna,AIK Stockholm,2 - 2,0 - 0,X,4,Evet
2026-04-17,2026,Allsvenskan,Djurgardens IF,Malmo FF,0 - 1,0 - 0,2,1,Yok
2026-04-17,2026,Allsvenskan,Degerfors IF,IF Elfsborg,0 - 1,0 - 0,2,1,Yok
2026-04-18,2026,Allsvenskan,Hammarby FF,Orgryte IS,8 - 1,4 - 1,1,9,Evet
2026-04-18,2026,Allsvenskan,Sirius,Vasteras SK FK,4 - 1,3 - 0,1,5,Evet
2026-04-18,2026,Allsvenskan,Halmstad,IFK Goteborg,1 - 1,0 - 0,X,2,Evet
2026-04-18,2026,Allsvenskan,Mjallby AIF,IF Brommapojkarna,3 - 0,3 - 0,1,3,Yok
2026-04-19,2026,Allsvenskan,AIK Stockholm,Kalmar FF,1 - 0,1 - 0,1,1,Yok
2026-04-19,2026,Allsvenskan,BK Hacken,Gais,2 - 1,0 - 0,1,3,Evet
2026-04-22,2026,Allsvenskan,Hammarby FF,Halmstad,1 - 1,0 - 1,X,2,Evet
2026-04-22,2026,Allsvenskan,IF Elfsborg,Djurgardens IF,2 - 1,1 - 1,1,3,Evet
2026-04-22,2026,Allsvenskan,Orgryte IS,IF Brommapojkarna,1 - 2,0 - 1,2,3,Evet
2026-04-22,2026,Allsvenskan,Vasteras SK FK,BK Hacken,3 - 3,2 - 1,X,6,Evet
2026-04-23,2026,Allsvenskan,Kalmar FF,IFK Goteborg,1 - 1,1 - 1,X,2,Evet
2026-04-23,2026,Allsvenskan,Malmo FF,Sirius,2 - 3,0 - 1,2,5,Evet
2026-04-23,2026,Allsvenskan,Gais,Mjallby AIF,0 - 0,0 - 0,X,0,Yok
2026-04-23,2026,Allsvenskan,Degerfors IF,AIK Stockholm,2 - 1,1 - 1,1,3,Evet
2026-04-26,2026,Allsvenskan,Djurgardens IF,Hammarby FF,1 - 1,1 - 0,X,2,Evet
2026-04-26,2026,Allsvenskan,IFK Goteborg,Gais,2 - 2,1 - 0,X,4,Evet
2026-04-26,2026,Allsvenskan,IF Brommapojkarna,Vasteras SK FK,1 - 2,1 - 1,2,3,Evet
2026-04-27,2026,Allsvenskan,BK Hacken,Sirius,2 - 2,2 - 1,X,4,Evet
2026-04-27,2026,Allsvenskan,Kalmar FF,IF Elfsborg,2 - 1,1 - 1,1,3,Evet
2026-04-27,2026,Allsvenskan,AIK Stockholm,Malmo FF,0 - 1,0 - 1,2,1,Yok
2026-04-27,2026,Allsvenskan,Orgryte IS,Degerfors IF,1 - 1,0 - 0,X,2,Evet
2026-04-27,2026,Allsvenskan,Mjallby AIF,Halmstad,2 - 0,0 - 0,1,2,Yok
2026-05-02,2026,Allsvenskan,Sirius,Kalmar FF,3 - 2,0 - 2,1,5,Evet
2026-05-02,2026,Allsvenskan,Degerfors IF,BK Hacken,1 - 1,0 - 1,X,2,Evet
2026-05-03,2026,Allsvenskan,Hammarby FF,Vasteras SK FK,3 - 0,0 - 0,1,3,Yok
2026-05-03,2026,Allsvenskan,Malmo FF,Mjallby AIF,2 - 3,0 - 1,2,5,Evet
2026-05-03,2026,Allsvenskan,IF Elfsborg,AIK Stockholm,1 - 1,1 - 1,X,2,Evet
2026-05-03,2026,Allsvenskan,Gais,Orgryte IS,4 - 0,1 - 0,1,4,Yok
2026-05-04,2026,Allsvenskan,Djurgardens IF,IFK Goteborg,6 - 0,3 - 0,1,6,Yok
2026-05-04,2026,Allsvenskan,Halmstad,IF Brommapojkarna,1 - 3,0 - 0,2,4,Evet
2026-05-08,2026,Allsvenskan,IF Elfsborg,IF Brommapojkarna,2 - 0,0 - 0,1,2,Yok
2026-05-09,2026,Allsvenskan,IFK Goteborg,Hammarby FF,0 - 1,0 - 0,2,1,Yok
2026-05-09,2026,Allsvenskan,Degerfors IF,Mjallby AIF,1 - 4,0 - 3,2,5,Evet
2026-05-09,2026,Allsvenskan,Vasteras SK FK,Gais,0 - 1,0 - 0,2,1,Yok
2026-05-10,2026,Allsvenskan,Kalmar FF,Halmstad,2 - 0,0 - 0,1,2,Yok
2026-05-10,2026,Allsvenskan,AIK Stockholm,Djurgardens IF,2 - 4,1 - 3,2,6,Evet
2026-05-10,2026,Allsvenskan,BK Hacken,Malmo FF,3 - 2,3 - 2,1,5,Evet
2026-05-11,2026,Allsvenskan,Sirius,Orgryte IS,2 - 0,1 - 0,1,2,Yok
2026-05-16,2026,Allsvenskan,Halmstad,IF Elfsborg,1 - 1,1 - 0,X,2,Evet
2026-05-16,2026,Allsvenskan,Gais,Degerfors IF,1 - 1,1 - 0,X,2,Evet
2026-05-17,2026,Allsvenskan,Hammarby FF,Malmo FF,4 - 1,3 - 1,1,5,Evet
2026-05-17,2026,Allsvenskan,IF Brommapojkarna,Kalmar FF,1 - 0,1 - 0,1,1,Yok
2026-05-17,2026,Allsvenskan,Mjallby AIF,BK Hacken,0 - 1,0 - 0,2,1,Yok
2026-05-17,2026,Allsvenskan,Vasteras SK FK,AIK Stockholm,1 - 1,1 - 1,X,2,Evet
2026-05-18,2026,Allsvenskan,Djurgardens IF,Sirius,2 - 3,1 - 2,2,5,Evet
2026-05-19,2026,Allsvenskan,Orgryte IS,IFK Goteborg,2 - 3,1 - 2,2,5,Evet
2026-05-20,2026,Allsvenskan,Gais,Hammarby FF,2 - 0,1 - 0,1,2,Yok
2026-05-21,2026,Allsvenskan,IF Elfsborg,Mjallby AIF,1 - 1,1 - 0,X,2,Evet
2026-05-22,2026,Allsvenskan,Djurgardens IF,IF Brommapojkarna,1 - 2,1 - 1,2,3,Evet
2026-05-23,2026,Allsvenskan,Kalmar FF,Degerfors IF,2 - 1,1 - 0,1,3,Evet
2026-05-23,2026,Allsvenskan,Halmstad,Orgryte IS,2 - 0,1 - 0,1,2,Yok
2026-05-24,2026,Allsvenskan,Hammarby FF,AIK Stockholm,1 - 2,0 - 0,2,3,Evet
2026-05-24,2026,Allsvenskan,Sirius,Gais,2 - 1,2 - 1,1,3,Evet
2026-05-24,2026,Allsvenskan,Malmo FF,Vasteras SK FK,2 - 3,1 - 2,2,5,Evet
2026-05-25,2026,Allsvenskan,IFK Goteborg,Mjallby AIF,1 - 1,0 - 0,X,2,Evet
2026-05-25,2026,Allsvenskan,IF Elfsborg,BK Hacken,1 - 1,0 - 1,X,2,Evet
2026-05-29,2026,Allsvenskan,Orgryte IS,IF Elfsborg,2 - 2,0 - 1,X,4,Evet
2026-05-30,2026,Allsvenskan,Malmo FF,Halmstad,5 - 2,2 - 2,1,7,Evet
2026-05-30,2026,Allsvenskan,AIK Stockholm,Sirius,0 - 3,0 - 2,2,3,Yok
2026-05-30,2026,Allsvenskan,Gais,Kalmar FF,3 - 0,1 - 0,1,3,Yok
2026-05-31,2026,Allsvenskan,BK Hacken,Hammarby FF,3 - 2,0 - 2,1,5,Evet
2026-05-31,2026,Allsvenskan,Degerfors IF,IF Brommapojkarna,2 - 2,0 - 1,X,4,Evet
2026-05-31,2026,Allsvenskan,Vasteras SK FK,IFK Goteborg,4 - 5,2 - 4,2,9,Evet
2026-07-03,2026,Allsvenskan,Sirius,Mjallby AIF,4 - 4,1 - 0,X,8,Evet
2026-07-04,2026,Allsvenskan,Halmstad,Vasteras SK FK,1 - 3,1 - 2,2,4,Evet
2026-07-04,2026,Allsvenskan,Degerfors IF,Malmo FF,0 - 1,0 - 0,2,1,Yok
2026-07-05,2026,Allsvenskan,IFK Goteborg,AIK Stockholm,1 - 2,1 - 1,2,3,Evet
2026-07-05,2026,Allsvenskan,Kalmar FF,Orgryte IS,3 - 0,1 - 0,1,3,Yok
2026-07-05,2026,Allsvenskan,IF Elfsborg,Hammarby FF,1 - 2,0 - 0,2,3,Evet
2026-07-06,2026,Allsvenskan,BK Hacken,Djurgardens IF,2 - 4,1 - 2,2,6,Evet
2026-07-06,2026,Allsvenskan,IF Brommapojkarna,Gais,1 - 1,1 - 1,X,2,Evet
2026-07-11,2026,Allsvenskan,Mjallby AIF,AIK Stockholm,1 - 2,0 - 0,2,3,Evet
2026-07-11,2026,Allsvenskan,Orgryte IS,BK Hacken,4 - 3,1 - 2,1,7,Evet
2026-07-12,2026,Allsvenskan,Hammarby FF,Kalmar FF,2 - 0,1 - 0,1,2,Yok
2026-07-12,2026,Allsvenskan,Malmo FF,IFK Goteborg,4 - 0,3 - 0,1,4,Yok
2026-07-12,2026,Allsvenskan,Vasteras SK FK,Degerfors IF,2 - 0,1 - 0,1,2,Yok
2026-07-12,2026,Allsvenskan,IF Brommapojkarna,Sirius,1 - 2,0 - 2,2,3,Evet
2026-07-12,2026,Allsvenskan,Gais,IF Elfsborg,1 - 0,0 - 0,1,1,Yok
2026-07-13,2026,Allsvenskan,Djurgardens IF,Halmstad,3 - 0,2 - 0,1,3,Yok
2026-07-17,2026,Allsvenskan,IFK Goteborg,IF Brommapojkarna,2 - 1,0 - 0,1,3,Evet
2026-07-17,2026,Allsvenskan,Mjallby AIF,Vasteras SK FK,0 - 0,0 - 0,X,0,Yok
2026-07-18,2026,Allsvenskan,AIK Stockholm,Gais,2 - 0,0 - 0,1,2,Yok
2026-07-19,2026,Allsvenskan,Hammarby FF,Degerfors IF,4 - 0,1 - 0,1,4,Yok
2026-07-19,2026,Allsvenskan,IF Elfsborg,Sirius,1 - 3,0 - 0,2,4,Evet
2026-07-19,2026,Allsvenskan,Halmstad,BK Hacken,0 - 2,0 - 0,2,2,Yok
2026-07-20,2026,Allsvenskan,Kalmar FF,Malmo FF,2 - 2,2 - 1,X,4,Evet
2026-07-20,2026,Allsvenskan,Orgryte IS,Djurgardens IF,0 - 0,0 - 0,X,0,Yok
2026-07-24,2026,Allsvenskan,Vasteras SK FK,Orgryte IS,2 - 0,1 - 0,1,2,Yok
2026-07-25,2026,Allsvenskan,Degerfors IF,Djurgardens IF,0 - 1,0 - 1,2,1,Yok
2026-07-25,2026,Allsvenskan,Kalmar FF,Mjallby AIF,2 - 1,1 - 1,1,3,Evet
2026-07-26,2026,Allsvenskan,Sirius,IFK Goteborg,4 - 1,2 - 1,1,5,Evet
2026-07-26,2026,Allsvenskan,IF Brommapojkarna,Hammarby FF,1 - 1,0 - 0,X,2,Evet
2026-07-26,2026,Allsvenskan,Malmo FF,IF Elfsborg,1 - 2,1 - 2,2,3,Evet
2026-07-26,2026,Allsvenskan,Gais,Halmstad,1 - 1,0 - 0,X,2,Evet
2026-07-27,2026,Allsvenskan,BK Hacken,AIK Stockholm,0 - 0,0 - 0,X,0,Yok
2026-08-01,2026,Allsvenskan,BK Hacken,Kalmar FF,1 - 1,1 - 1,X,2,Evet
2026-08-02,2026,Allsvenskan,IFK Goteborg,Degerfors IF,2 - 0,1 - 0,1,2,Yok
2026-08-02,2026,Allsvenskan,IF Brommapojkarna,Malmo FF,1 - 2,0 - 0,2,3,Evet
2026-08-02,2026,Allsvenskan,AIK Stockholm,Orgryte IS,0 - 3,0 - 2,2,3,Yok
2026-08-03,2026,Allsvenskan,Djurgardens IF,Vasteras SK FK,6 - 0,3 - 0,1,6,Yok
2026-08-03,2026,Allsvenskan,Halmstad,Sirius,0 - 2,0 - 2,2,2,Yok
2026-08-08,2026,Allsvenskan,Orgryte IS,AIK Stockholm,3 - 4,2 - 1,2,7,Evet
2026-08-08,2026,Allsvenskan,Mjallby AIF,IF Elfsborg,0 - 1,0 - 1,2,1,Yok
2026-08-09,2026,Allsvenskan,Hammarby FF,BK Hacken,3 - 0,2 - 0,1,3,Yok
2026-08-09,2026,Allsvenskan,Malmo FF,Degerfors IF,1 - 2,0 - 1,2,3,Evet
2026-08-09,2026,Allsvenskan,IFK Goteborg,Kalmar FF,3 - 2,1 - 1,1,5,Evet
2026-08-09,2026,Allsvenskan,Halmstad,Gais,0 - 2,0 - 0,2,2,Yok
2026-08-10,2026,Allsvenskan,Sirius,IF Brommapojkarna,2 - 2,2 - 2,X,4,Evet
2026-08-10,2026,Allsvenskan,Vasteras SK FK,Djurgardens IF,1 - 0,1 - 0,1,1,Yok
2026-08-14,2026,Allsvenskan,IF Elfsborg,Vasteras SK FK,3 - 0,1 - 0,1,3,Yok
2026-08-15,2026,Allsvenskan,Mjallby AIF,Sirius,4 - 3,0 - 3,1,7,Evet
2026-08-16,2026,Allsvenskan,Djurgardens IF,AIK Stockholm,1 - 3,0 - 3,2,4,Evet
2026-08-16,2026,Allsvenskan,IF Brommapojkarna,Orgryte IS,3 - 1,1 - 0,1,4,Evet
2026-08-16,2026,Allsvenskan,Degerfors IF,IFK Goteborg,3 - 0,3 - 0,1,3,Yok
2026-08-16,2026,Allsvenskan,Kalmar FF,Hammarby FF,0 - 4,0 - 1,2,4,Yok
2026-08-16,2026,Allsvenskan,Gais,Malmo FF,0 - 1,0 - 0,2,1,Yok
2026-08-17,2026,Allsvenskan,BK Hacken,Halmstad,1 - 0,1 - 0,1,1,Yok
2026-08-21,2026,Allsvenskan,Sirius,BK Hacken,0 - 3,0 - 1,2,3,Yok
2026-08-22,2026,Allsvenskan,Orgryte IS,Halmstad,1 - 1,1 - 1,X,2,Evet
2026-08-23,2026,Allsvenskan,IFK Goteborg,IF Elfsborg,1 - 1,0 - 0,X,2,Evet
2026-08-23,2026,Allsvenskan,Vasteras SK FK,Kalmar FF,0 - 0,0 - 0,X,0,Yok
2026-08-23,2026,Allsvenskan,Hammarby FF,Gais,2 - 0,2 - 0,1,2,Yok
2026-08-23,2026,Allsvenskan,IF Brommapojkarna,Degerfors IF,2 - 0,0 - 0,1,2,Yok
2026-08-24,2026,Allsvenskan,Malmo FF,Djurgardens IF,0 - 3,0 - 1,2,3,Yok
2026-08-29,2026,Allsvenskan,BK Hacken,Vasteras SK FK,1 - 3,0 - 2,2,4,Evet
2026-08-29,2026,Allsvenskan,IF Elfsborg,Degerfors IF,2 - 0,1 - 0,1,2,Yok
2026-08-29,2026,Allsvenskan,Halmstad,Kalmar FF,1 - 0,0 - 0,1,1,Yok
2026-08-30,2026,Allsvenskan,AIK Stockholm,Hammarby FF,3 - 2,1 - 2,1,5,Evet
2026-08-30,2026,Allsvenskan,IFK Goteborg,Orgryte IS,1 - 0,0 - 0,1,1,Yok
2026-08-31,2026,Allsvenskan,Djurgardens IF,Mjallby AIF,4 - 0,3 - 0,1,4,Yok
2026-08-31,2026,Allsvenskan,Sirius,Malmo FF,0 - 1,0 - 1,2,1,Yok
2026-08-31,2026,Allsvenskan,Gais,IF Brommapojkarna,4 - 0,2 - 0,1,4,Yok
2026-09-03,2026,Allsvenskan,Mjallby AIF,Djurgardens IF,0 - 2,0 - 0,2,2,Yok
2026-09-05,2026,Allsvenskan,Gais,BK Hacken,0 - 0,0 - 0,X,0,Yok
2026-09-05,2026,Allsvenskan,Degerfors IF,Halmstad,2 - 0,0 - 0,1,2,Yok
2026-09-05,2026,Allsvenskan,Vasteras SK FK,Sirius,0 - 1,0 - 0,2,1,Yok
2026-09-06,2026,Allsvenskan,Orgryte IS,Hammarby FF,1 - 1,1 - 1,X,2,Evet
2026-09-06,2026,Allsvenskan,IF Brommapojkarna,IF Elfsborg,2 - 1,1 - 0,1,3,Evet
2026-09-07,2026,Allsvenskan,Kalmar FF,Djurgardens IF,0 - 1,0 - 0,2,1,Yok
2026-09-07,2026,Allsvenskan,Malmo FF,AIK Stockholm,0 - 0,0 - 0,X,0,Yok
2026-09-07,2026,Allsvenskan,Mjallby AIF,IFK Goteborg,1 - 4,0 - 0,2,5,Evet
2026-09-11,2026,Allsvenskan,BK Hacken,Mjallby AIF,1 - 1,0 - 1,X,2,Evet
2026-09-12,2026,Allsvenskan,AIK Stockholm,Vasteras SK FK,1 - 4,1 - 0,2,5,Evet
2026-09-12,2026,Allsvenskan,IFK Goteborg,Halmstad,2 - 1,1 - 0,1,3,Evet
2026-09-13,2026,Allsvenskan,Hammarby FF,IF Brommapojkarna,3 - 1,2 - 1,1,4,Evet
2026-09-13,2026,Allsvenskan,IF Elfsborg,Kalmar FF,1 - 0,0 - 0,1,1,Yok
2026-09-13,2026,Allsvenskan,Malmo FF,Orgryte IS,4 - 1,0 - 0,1,5,Evet
2026-09-14,2026,Allsvenskan,Djurgardens IF,Gais,2 - 0,1 - 0,1,2,Yok
2026-09-14,2026,Allsvenskan,Sirius,Degerfors IF,2 - 0,2 - 0,1,2,Yok
2026-09-16,2026,Allsvenskan,AIK Stockholm,Mjallby AIF,1 - 1,1 - 1,X,2,Evet
2026-09-19,2026,Allsvenskan,IF Brommapojkarna,IFK Goteborg,0 - 1,0 - 0,2,1,Yok
2026-09-19,2026,Allsvenskan,Vasteras SK FK,Malmo FF,2 - 0,1 - 0,1,2,Yok
2026-09-19,2026,Allsvenskan,Orgryte IS,Sirius,1 - 2,0 - 1,2,3,Evet
2026-09-20,2026,Allsvenskan,Djurgardens IF,IF Elfsborg,1 - 2,0 - 1,2,3,Evet
2026-09-20,2026,Allsvenskan,Kalmar FF,BK Hacken,0 - 5,0 - 2,2,5,Yok
2026-09-20,2026,Allsvenskan,Halmstad,AIK Stockholm,2 - 1,0 - 0,1,3,Evet
2026-09-20,2026,Allsvenskan,Degerfors IF,Hammarby FF,0 - 1,0 - 0,2,1,Yok
2026-09-20,2026,Allsvenskan,Mjallby AIF,Gais,0 - 3,0 - 1,2,3,Yok
2025-03-29,2025,Allsvenskan,Djurgardens IF,Malmo FF,0 - 1,0 - 1,2,1,Yok
2025-03-29,2025,Allsvenskan,BK Hacken,IF Brommapojkarna,2 - 0,0 - 0,1,2,Yok
2025-03-30,2025,Allsvenskan,Hammarby FF,IFK Goteborg,4 - 0,2 - 0,1,4,Yok
2025-03-30,2025,Allsvenskan,IF Elfsborg,Mjallby AIF,2 - 2,0 - 2,X,4,Evet
2025-03-30,2025,Allsvenskan,IFK Norrkoping,Osters IF,4 - 3,2 - 1,1,7,Evet
2025-03-30,2025,Allsvenskan,Halmstad,Degerfors IF,0 - 5,0 - 1,2,5,Yok
2025-03-31,2025,Allsvenskan,IFK Varnamo,Sirius,1 - 2,0 - 0,2,3,Evet
2025-03-31,2025,Allsvenskan,Gais,AIK Stockholm,0 - 1,0 - 0,2,1,Yok
2025-04-05,2025,Allsvenskan,IFK Goteborg,Halmstad,1 - 0,0 - 0,1,1,Yok
2025-04-05,2025,Allsvenskan,Sirius,Djurgardens IF,0 - 1,0 - 0,2,1,Yok
2025-04-05,2025,Allsvenskan,Osters IF,BK Hacken,2 - 0,1 - 0,1,2,Yok
2025-04-06,2025,Allsvenskan,IF Brommapojkarna,Hammarby FF,0 - 2,0 - 0,2,2,Yok
2025-04-06,2025,Allsvenskan,AIK Stockholm,IFK Norrkoping,4 - 3,0 - 1,1,7,Evet
2025-04-06,2025,Allsvenskan,Degerfors IF,IFK Varnamo,1 - 0,1 - 0,1,1,Yok
2025-04-06,2025,Allsvenskan,Mjallby AIF,Gais,1 - 1,0 - 0,X,2,Evet
2025-04-07,2025,Allsvenskan,Malmo FF,IF Elfsborg,2 - 1,0 - 0,1,3,Evet
2025-04-12,2025,Allsvenskan,BK Hacken,Mjallby AIF,0 - 3,0 - 1,2,3,Yok
2025-04-12,2025,Allsvenskan,IF Elfsborg,IFK Norrkoping,2 - 0,1 - 0,1,2,Yok
2025-04-13,2025,Allsvenskan,Hammarby FF,Djurgardens IF,2 - 0,1 - 0,1,2,Yok
2025-04-13,2025,Allsvenskan,IFK Varnamo,IFK Goteborg,0 - 1,0 - 1,2,1,Yok
2025-04-13,2025,Allsvenskan,Sirius,IF Brommapojkarna,0 - 3,0 - 0,2,3,Yok
2025-04-13,2025,Allsvenskan,Gais,Degerfors IF,2 - 0,2 - 0,1,2,Yok
2025-04-14,2025,Allsvenskan,Halmstad,Osters IF,1 - 0,0 - 0,1,1,Yok
2025-04-14,2025,Allsvenskan,AIK Stockholm,Malmo FF,0 - 0,0 - 0,X,0,Yok
2025-04-18,2025,Allsvenskan,Malmo FF,Sirius,1 - 1,0 - 1,X,2,Evet
2025-04-18,2025,Allsvenskan,Mjallby AIF,Hammarby FF,3 - 1,3 - 1,1,4,Evet
2025-04-19,2025,Allsvenskan,IFK Norrkoping,Halmstad,3 - 0,0 - 0,1,3,Yok
2025-04-19,2025,Allsvenskan,Degerfors IF,IF Elfsborg,0 - 1,0 - 0,2,1,Yok
2025-04-20,2025,Allsvenskan,IF Brommapojkarna,IFK Varnamo,3 - 2,1 - 0,1,5,Evet
2025-04-20,2025,Allsvenskan,Osters IF,AIK Stockholm,0 - 1,0 - 0,2,1,Yok
2025-04-20,2025,Allsvenskan,IFK Goteborg,BK Hacken,2 - 3,2 - 2,2,5,Evet
2025-04-21,2025,Allsvenskan,Djurgardens IF,Gais,0 - 0,0 - 0,X,0,Yok
2025-04-23,2025,Allsvenskan,Hammarby FF,Malmo FF,2 - 0,0 - 0,1,2,Yok
2025-04-23,2025,Allsvenskan,BK Hacken,Degerfors IF,3 - 4,0 - 1,2,7,Evet
2025-04-23,2025,Allsvenskan,IF Elfsborg,Sirius,4 - 3,2 - 1,1,7,Evet
2025-04-23,2025,Allsvenskan,Halmstad,Mjallby AIF,1 - 3,1 - 1,2,4,Evet
2025-04-24,2025,Allsvenskan,Djurgardens IF,Osters IF,1 - 0,0 - 0,1,1,Yok
2025-04-24,2025,Allsvenskan,IFK Norrkoping,IFK Goteborg,2 - 3,2 - 0,2,5,Evet
2025-04-24,2025,Allsvenskan,IFK Varnamo,AIK Stockholm,1 - 2,0 - 1,2,3,Evet
2025-04-24,2025,Allsvenskan,Gais,IF Brommapojkarna,1 - 1,0 - 1,X,2,Evet
2025-04-27,2025,Allsvenskan,BK Hacken,Hammarby FF,1 - 1,0 - 0,X,2,Evet
2025-04-27,2025,Allsvenskan,Mjallby AIF,Degerfors IF,4 - 1,3 - 0,1,5,Evet
2025-04-27,2025,Allsvenskan,AIK Stockholm,IF Elfsborg,2 - 0,2 - 0,1,2,Yok
2025-04-27,2025,Allsvenskan,Sirius,Halmstad,1 - 1,1 - 1,X,2,Evet
2025-04-27,2025,Allsvenskan,IFK Varnamo,IFK Norrkoping,1 - 3,0 - 2,2,4,Evet
2025-04-28,2025,Allsvenskan,IFK Goteborg,Gais,1 - 1,0 - 1,X,2,Evet
2025-04-29,2025,Allsvenskan,Malmo FF,Osters IF,2 - 0,1 - 0,1,2,Yok
2025-05-03,2025,Allsvenskan,Degerfors IF,Sirius,1 - 1,1 - 1,X,2,Evet
2025-05-03,2025,Allsvenskan,Halmstad,IFK Varnamo,4 - 2,2 - 0,1,6,Evet
2025-05-04,2025,Allsvenskan,Djurgardens IF,AIK Stockholm,1 - 1,1 - 0,X,2,Evet
2025-05-04,2025,Allsvenskan,IFK Norrkoping,BK Hacken,0 - 2,0 - 1,2,2,Yok
2025-05-04,2025,Allsvenskan,Osters IF,Hammarby FF,0 - 3,0 - 3,2,3,Yok
2025-05-04,2025,Allsvenskan,Mjallby AIF,IFK Goteborg,1 - 0,1 - 0,1,1,Yok
2025-05-05,2025,Allsvenskan,Malmo FF,IF Brommapojkarna,1 - 2,0 - 0,2,3,Evet
2025-05-05,2025,Allsvenskan,IF Elfsborg,Gais,2 - 0,1 - 0,1,2,Yok
2025-05-10,2025,Allsvenskan,IF Brommapojkarna,Halmstad,0 - 1,0 - 0,2,1,Yok
2025-05-10,2025,Allsvenskan,Sirius,BK Hacken,2 - 0,1 - 0,1,2,Yok
2025-05-10,2025,Allsvenskan,Gais,IFK Varnamo,1 - 1,1 - 0,X,2,Evet
2025-05-11,2025,Allsvenskan,Hammarby FF,IFK Norrkoping,1 - 1,1 - 1,X,2,Evet
2025-05-11,2025,Allsvenskan,AIK Stockholm,Mjallby AIF,2 - 1,1 - 1,1,3,Evet
2025-05-11,2025,Allsvenskan,Degerfors IF,Malmo FF,1 - 4,0 - 2,2,5,Evet
2025-05-11,2025,Allsvenskan,Osters IF,IF Elfsborg,0 - 1,0 - 0,2,1,Yok
2025-05-12,2025,Allsvenskan,IFK Goteborg,Djurgardens IF,1 - 2,1 - 1,2,3,Evet
2025-05-14,2025,Allsvenskan,Hammarby FF,Sirius,3 - 2,1 - 1,1,5,Evet
2025-05-14,2025,Allsvenskan,BK Hacken,AIK Stockholm,3 - 3,0 - 1,X,6,Evet
2025-05-14,2025,Allsvenskan,Halmstad,Gais,1 - 3,1 - 1,2,4,Evet
2025-05-15,2025,Allsvenskan,Djurgardens IF,Mjallby AIF,1 - 3,1 - 1,2,4,Evet
2025-05-15,2025,Allsvenskan,IFK Goteborg,Osters IF,0 - 1,0 - 0,2,1,Yok
2025-05-15,2025,Allsvenskan,IF Elfsborg,IF Brommapojkarna,4 - 3,2 - 2,1,7,Evet
2025-05-15,2025,Allsvenskan,IFK Norrkoping,Degerfors IF,1 - 2,0 - 0,2,3,Evet
2025-05-15,2025,Allsvenskan,IFK Varnamo,Malmo FF,2 - 2,1 - 2,X,4,Evet
2025-05-18,2025,Allsvenskan,BK Hacken,IFK Varnamo,2 - 0,1 - 0,1,2,Yok
2025-05-18,2025,Allsvenskan,AIK Stockholm,Hammarby FF,0 - 0,0 - 0,X,0,Yok
2025-05-18,2025,Allsvenskan,Malmo FF,Halmstad,3 - 0,2 - 0,1,3,Yok
2025-05-18,2025,Allsvenskan,Osters IF,Gais,1 - 1,0 - 0,X,2,Evet
2025-05-19,2025,Allsvenskan,Sirius,IFK Norrkoping,1 - 2,1 - 2,2,3,Evet
2025-05-19,2025,Allsvenskan,Degerfors IF,IFK Goteborg,1 - 3,0 - 3,2,4,Evet
2025-05-19,2025,Allsvenskan,Mjallby AIF,IF Brommapojkarna,1 - 0,1 - 0,1,1,Yok
2025-05-19,2025,Allsvenskan,IF Elfsborg,Djurgardens IF,4 - 0,2 - 0,1,4,Yok
2025-05-22,2025,Allsvenskan,Hammarby FF,Mjallby AIF,1 - 2,1 - 1,2,3,Evet
2025-05-22,2025,Allsvenskan,Malmo FF,AIK Stockholm,0 - 0,0 - 0,X,0,Yok
2025-05-24,2025,Allsvenskan,IFK Varnamo,Osters IF,1 - 1,1 - 0,X,2,Evet
2025-05-24,2025,Allsvenskan,Gais,Sirius,2 - 1,0 - 0,1,3,Evet
2025-05-25,2025,Allsvenskan,IFK Goteborg,Malmo FF,1 - 0,0 - 0,1,1,Yok
2025-05-25,2025,Allsvenskan,Halmstad,IF Elfsborg,1 - 4,1 - 2,2,5,Evet
2025-05-25,2025,Allsvenskan,Djurgardens IF,BK Hacken,1 - 1,0 - 0,X,2,Evet
2025-05-25,2025,Allsvenskan,IF Brommapojkarna,AIK Stockholm,0 - 1,0 - 1,2,1,Yok
2025-05-26,2025,Allsvenskan,IFK Norrkoping,Mjallby AIF,1 - 1,0 - 1,X,2,Evet
2025-05-26,2025,Allsvenskan,Hammarby FF,Degerfors IF,1 - 0,0 - 0,1,1,Yok
2025-05-29,2025,Allsvenskan,IF Brommapojkarna,Djurgardens IF,0 - 1,0 - 1,2,1,Yok
2025-05-31,2025,Allsvenskan,IF Elfsborg,Hammarby FF,0 - 2,0 - 0,2,2,Yok
2025-05-31,2025,Allsvenskan,IFK Norrkoping,Gais,0 - 3,0 - 1,2,3,Yok
2025-05-31,2025,Allsvenskan,Degerfors IF,Osters IF,1 - 2,1 - 2,2,3,Evet
2025-06-01,2025,Allsvenskan,IF Brommapojkarna,IFK Goteborg,1 - 3,0 - 2,2,4,Evet
2025-06-01,2025,Allsvenskan,Malmo FF,BK Hacken,3 - 0,2 - 0,1,3,Yok
2025-06-01,2025,Allsvenskan,Halmstad,Djurgardens IF,1 - 0,0 - 0,1,1,Yok
2025-06-01,2025,Allsvenskan,Sirius,AIK Stockholm,3 - 1,2 - 0,1,4,Evet
2025-06-01,2025,Allsvenskan,Mjallby AIF,IFK Varnamo,2 - 0,0 - 0,1,2,Yok
2025-06-28,2025,Allsvenskan,Hammarby FF,Halmstad,2 - 0,1 - 0,1,2,Yok
2025-06-28,2025,Allsvenskan,Osters IF,Sirius,2 - 2,0 - 0,X,4,Evet
2025-06-29,2025,Allsvenskan,AIK Stockholm,IFK Goteborg,3 - 0,2 - 0,1,3,Yok
2025-06-29,2025,Allsvenskan,Degerfors IF,IF Brommapojkarna,0 - 3,0 - 1,2,3,Yok
2025-06-29,2025,Allsvenskan,BK Hacken,Gais,1 - 3,0 - 2,2,4,Evet
2025-06-29,2025,Allsvenskan,IFK Varnamo,IF Elfsborg,0 - 0,0 - 0,X,0,Yok
2025-06-30,2025,Allsvenskan,Djurgardens IF,IFK Norrkoping,1 - 1,1 - 0,X,2,Evet
2025-06-30,2025,Allsvenskan,Mjallby AIF,Malmo FF,1 - 1,0 - 1,X,2,Evet
2025-07-05,2025,Allsvenskan,Gais,Malmo FF,0 - 0,0 - 0,X,0,Yok
2025-07-05,2025,Allsvenskan,Osters IF,Mjallby AIF,0 - 1,0 - 0,2,1,Yok
2025-07-05,2025,Allsvenskan,Hammarby FF,IFK Varnamo,1 - 0,0 - 0,1,1,Yok
2025-07-06,2025,Allsvenskan,IFK Goteborg,Sirius,3 - 1,1 - 1,1,4,Evet
2025-07-06,2025,Allsvenskan,Halmstad,AIK Stockholm,2 - 0,2 - 0,1,2,Yok
2025-07-06,2025,Allsvenskan,Djurgardens IF,Degerfors IF,5 - 1,3 - 0,1,6,Evet
2025-07-06,2025,Allsvenskan,IF Elfsborg,BK Hacken,0 - 2,0 - 1,2,2,Yok
2025-07-07,2025,Allsvenskan,IFK Norrkoping,IF Brommapojkarna,0 - 1,0 - 0,2,1,Yok
2025-07-12,2025,Allsvenskan,IFK Goteborg,IF Elfsborg,1 - 2,1 - 2,2,3,Evet
2025-07-12,2025,Allsvenskan,Malmo FF,IFK Norrkoping,3 - 1,1 - 0,1,4,Evet
2025-07-13,2025,Allsvenskan,IF Brommapojkarna,Osters IF,2 - 0,0 - 0,1,2,Yok
2025-07-13,2025,Allsvenskan,Gais,Hammarby FF,3 - 2,1 - 0,1,5,Evet
2025-07-13,2025,Allsvenskan,AIK Stockholm,Degerfors IF,3 - 0,1 - 0,1,3,Yok
2025-07-13,2025,Allsvenskan,IFK Varnamo,Djurgardens IF,1 - 0,0 - 0,1,1,Yok
2025-07-13,2025,Allsvenskan,BK Hacken,Halmstad,4 - 1,3 - 0,1,5,Evet
2025-07-14,2025,Allsvenskan,Sirius,Mjallby AIF,1 - 2,0 - 2,2,3,Evet
2025-07-19,2025,Allsvenskan,Djurgardens IF,IF Elfsborg,1 - 0,1 - 0,1,1,Yok
2025-07-19,2025,Allsvenskan,Osters IF,Malmo FF,0 - 2,0 - 1,2,2,Yok
2025-07-19,2025,Allsvenskan,Degerfors IF,Gais,0 - 3,0 - 1,2,3,Yok
2025-07-20,2025,Allsvenskan,Sirius,IFK Goteborg,0 - 1,0 - 0,2,1,Yok
2025-07-20,2025,Allsvenskan,Mjallby AIF,AIK Stockholm,2 - 0,0 - 0,1,2,Yok
2025-07-20,2025,Allsvenskan,Hammarby FF,IF Brommapojkarna,3 - 2,0 - 2,1,5,Evet
2025-07-20,2025,Allsvenskan,Halmstad,BK Hacken,0 - 0,0 - 0,X,0,Yok
2025-07-21,2025,Allsvenskan,IFK Norrkoping,IFK Varnamo,3 - 1,1 - 0,1,4,Evet
2025-07-26,2025,Allsvenskan,IF Brommapojkarna,Malmo FF,2 - 3,1 - 1,2,5,Evet
2025-07-26,2025,Allsvenskan,Gais,Halmstad,3 - 0,2 - 0,1,3,Yok
2025-07-26,2025,Allsvenskan,Degerfors IF,IFK Norrkoping,0 - 0,0 - 0,X,0,Yok
2025-07-27,2025,Allsvenskan,BK Hacken,Djurgardens IF,1 - 6,0 - 4,2,7,Evet
2025-07-27,2025,Allsvenskan,AIK Stockholm,Osters IF,0 - 0,0 - 0,X,0,Yok
2025-07-27,2025,Allsvenskan,IFK Varnamo,Hammarby FF,2 - 3,2 - 1,2,5,Evet
2025-07-27,2025,Allsvenskan,Mjallby AIF,Sirius,2 - 1,0 - 1,1,3,Evet
2025-07-28,2025,Allsvenskan,IF Elfsborg,IFK Goteborg,4 - 3,1 - 3,1,7,Evet
2025-08-02,2025,Allsvenskan,IF Brommapojkarna,IFK Norrkoping,6 - 4,3 - 4,1,10,Evet
2025-08-02,2025,Allsvenskan,IFK Varnamo,Gais,2 - 2,1 - 1,X,4,Evet
2025-08-03,2025,Allsvenskan,Djurgardens IF,Halmstad,1 - 1,1 - 1,X,2,Evet
2025-08-03,2025,Allsvenskan,BK Hacken,IF Elfsborg,1 - 2,0 - 0,2,3,Evet
2025-08-03,2025,Allsvenskan,Sirius,Osters IF,1 - 1,0 - 0,X,2,Evet
2025-08-04,2025,Allsvenskan,IFK Goteborg,Degerfors IF,3 - 0,2 - 0,1,3,Yok
2025-08-09,2025,Allsvenskan,Malmo FF,Mjallby AIF,1 - 3,0 - 0,2,4,Evet
2025-08-09,2025,Allsvenskan,Halmstad,Sirius,0 - 1,0 - 0,2,1,Yok
2025-08-10,2025,Allsvenskan,AIK Stockholm,Djurgardens IF,0 - 0,0 - 0,X,0,Yok
2025-08-10,2025,Allsvenskan,Degerfors IF,BK Hacken,0 - 0,0 - 0,X,0,Yok
2025-08-10,2025,Allsvenskan,IFK Norrkoping,Hammarby FF,0 - 2,0 - 0,2,2,Yok
2025-08-10,2025,Allsvenskan,Osters IF,IF Brommapojkarna,1 - 1,1 - 0,X,2,Evet
2025-08-11,2025,Allsvenskan,IF Elfsborg,IFK Varnamo,2 - 2,1 - 0,X,4,Evet
2025-08-11,2025,Allsvenskan,Gais,IFK Goteborg,0 - 1,0 - 1,2,1,Yok
2025-08-16,2025,Allsvenskan,Halmstad,Malmo FF,0 - 4,0 - 3,2,4,Yok
2025-08-16,2025,Allsvenskan,IFK Norrkoping,IF Elfsborg,2 - 1,1 - 0,1,3,Evet
2025-08-17,2025,Allsvenskan,IFK Goteborg,AIK Stockholm,2 - 1,1 - 0,1,3,Evet
2025-08-17,2025,Allsvenskan,IF Brommapojkarna,Sirius,2 - 4,0 - 0,2,6,Evet
2025-08-17,2025,Allsvenskan,Hammarby FF,Gais,1 - 2,1 - 1,2,3,Evet
2025-08-17,2025,Allsvenskan,BK Hacken,Osters IF,0 - 2,0 - 1,2,2,Yok
2025-08-17,2025,Allsvenskan,Mjallby AIF,Djurgardens IF,1 - 1,0 - 1,X,2,Evet
2025-08-18,2025,Allsvenskan,IFK Varnamo,Degerfors IF,3 - 2,1 - 1,1,5,Evet
2025-08-24,2025,Allsvenskan,Djurgardens IF,IF Brommapojkarna,1 - 0,1 - 0,1,1,Yok
2025-08-24,2025,Allsvenskan,Sirius,Hammarby FF,3 - 1,1 - 0,1,4,Evet
2025-08-24,2025,Allsvenskan,IF Elfsborg,Halmstad,1 - 2,0 - 1,2,3,Evet
2025-08-24,2025,Allsvenskan,Malmo FF,IFK Goteborg,0 - 0,0 - 0,X,0,Yok
2025-08-24,2025,Allsvenskan,IFK Varnamo,BK Hacken,1 - 5,1 - 2,2,6,Evet
2025-08-24,2025,Allsvenskan,Degerfors IF,AIK Stockholm,0 - 1,0 - 1,2,1,Yok
2025-08-25,2025,Allsvenskan,Gais,Mjallby AIF,0 - 2,0 - 0,2,2,Yok
2025-08-25,2025,Allsvenskan,Osters IF,IFK Norrkoping,1 - 2,0 - 1,2,3,Evet
2025-08-30,2025,Allsvenskan,IFK Goteborg,IFK Varnamo,1 - 0,1 - 0,1,1,Yok
2025-08-30,2025,Allsvenskan,IF Brommapojkarna,IF Elfsborg,3 - 0,0 - 0,1,3,Yok
2025-08-30,2025,Allsvenskan,Mjallby AIF,Halmstad,1 - 0,0 - 0,1,1,Yok
2025-08-31,2025,Allsvenskan,Malmo FF,Degerfors IF,1 - 1,1 - 1,X,2,Evet
2025-08-31,2025,Allsvenskan,AIK Stockholm,Sirius,2 - 1,0 - 1,1,3,Evet
2025-08-31,2025,Allsvenskan,IFK Norrkoping,Djurgardens IF,0 - 4,0 - 2,2,4,Yok
2025-08-31,2025,Allsvenskan,Hammarby FF,Osters IF,4 - 0,3 - 0,1,4,Yok
2025-08-31,2025,Allsvenskan,Gais,BK Hacken,2 - 1,1 - 0,1,3,Evet
2025-09-13,2025,Allsvenskan,Degerfors IF,Mjallby AIF,0 - 1,0 - 1,2,1,Yok
2025-09-13,2025,Allsvenskan,Halmstad,IFK Norrkoping,1 - 1,1 - 0,X,2,Evet
2025-09-14,2025,Allsvenskan,Djurgardens IF,Hammarby FF,3 - 3,1 - 2,X,6,Evet
2025-09-14,2025,Allsvenskan,Osters IF,IFK Varnamo,4 - 3,2 - 2,1,7,Evet
2025-09-14,2025,Allsvenskan,Sirius,Gais,3 - 0,1 - 0,1,3,Yok
2025-09-14,2025,Allsvenskan,IF Elfsborg,Malmo FF,2 - 2,0 - 2,X,4,Evet
2025-09-15,2025,Allsvenskan,AIK Stockholm,IF Brommapojkarna,2 - 1,1 - 0,1,3,Evet
2025-09-15,2025,Allsvenskan,BK Hacken,IFK Goteborg,1 - 2,1 - 1,2,3,Evet
2025-09-20,2025,Allsvenskan,Malmo FF,Djurgardens IF,0 - 1,0 - 0,2,1,Yok
2025-09-20,2025,Allsvenskan,Gais,IF Elfsborg,2 - 0,1 - 0,1,2,Yok
2025-09-20,2025,Allsvenskan,Mjallby AIF,Osters IF,1 - 1,1 - 0,X,2,Evet
2025-09-21,2025,Allsvenskan,Hammarby FF,BK Hacken,4 - 0,0 - 0,1,4,Yok
2025-09-21,2025,Allsvenskan,IFK Goteborg,IF Brommapojkarna,0 - 1,0 - 0,2,1,Yok
2025-09-21,2025,Allsvenskan,Sirius,Degerfors IF,1 - 3,1 - 0,2,4,Evet
2025-09-22,2025,Allsvenskan,IFK Varnamo,Halmstad,1 - 2,1 - 0,2,3,Evet
2025-09-22,2025,Allsvenskan,IFK Norrkoping,AIK Stockholm,3 - 1,2 - 0,1,4,Evet
2025-09-27,2025,Allsvenskan,IF Elfsborg,Degerfors IF,1 - 2,0 - 2,2,3,Evet
2025-09-27,2025,Allsvenskan,BK Hacken,IFK Norrkoping,2 - 0,0 - 0,1,2,Yok
2025-09-28,2025,Allsvenskan,IF Brommapojkarna,Mjallby AIF,0 - 1,0 - 0,2,1,Yok
2025-09-28,2025,Allsvenskan,Halmstad,Hammarby FF,1 - 0,0 - 0,1,1,Yok
2025-09-28,2025,Allsvenskan,Malmo FF,IFK Varnamo,3 - 2,1 - 1,1,5,Evet
2025-09-28,2025,Allsvenskan,AIK Stockholm,Gais,1 - 1,0 - 1,X,2,Evet
2025-09-29,2025,Allsvenskan,Djurgardens IF,Sirius,8 - 2,4 - 1,1,10,Evet
2025-09-29,2025,Allsvenskan,Osters IF,IFK Goteborg,0 - 2,0 - 0,2,2,Yok
2025-10-04,2025,Allsvenskan,Degerfors IF,Djurgardens IF,1 - 1,0 - 0,X,2,Evet
2025-10-04,2025,Allsvenskan,Osters IF,Halmstad,3 - 0,2 - 0,1,3,Yok
2025-10-04,2025,Allsvenskan,Mjallby AIF,IF Elfsborg,2 - 0,1 - 0,1,2,Yok
2025-10-04,2025,Allsvenskan,Gais,IFK Norrkoping,2 - 1,2 - 0,1,3,Evet
2025-10-05,2025,Allsvenskan,IFK Goteborg,Hammarby FF,1 - 2,0 - 1,2,3,Evet
2025-10-05,2025,Allsvenskan,AIK Stockholm,IFK Varnamo,2 - 3,0 - 3,2,5,Evet
2025-10-05,2025,Allsvenskan,Sirius,Malmo FF,5 - 1,2 - 1,1,6,Evet
2025-10-05,2025,Allsvenskan,IF Brommapojkarna,BK Hacken,1 - 3,1 - 1,2,4,Evet
2025-10-18,2025,Allsvenskan,IFK Norrkoping,Malmo FF,0 - 2,0 - 1,2,2,Yok
2025-10-18,2025,Allsvenskan,BK Hacken,Sirius,1 - 1,1 - 1,X,2,Evet
2025-10-19,2025,Allsvenskan,Hammarby FF,AIK Stockholm,2 - 1,1 - 0,1,3,Evet
2025-10-19,2025,Allsvenskan,Gais,Djurgardens IF,3 - 2,2 - 1,1,5,Evet
2025-10-19,2025,Allsvenskan,IF Elfsborg,Osters IF,5 - 1,2 - 1,1,6,Evet
2025-10-19,2025,Allsvenskan,IFK Varnamo,IF Brommapojkarna,1 - 1,0 - 0,X,2,Evet
2025-10-20,2025,Allsvenskan,Degerfors IF,Halmstad,0 - 1,0 - 1,2,1,Yok
2025-10-20,2025,Allsvenskan,IFK Goteborg,Mjallby AIF,0 - 2,0 - 2,2,2,Yok
2025-10-25,2025,Allsvenskan,Djurgardens IF,IFK Varnamo,6 - 2,2 - 0,1,8,Evet
2025-10-25,2025,Allsvenskan,Osters IF,Degerfors IF,1 - 2,0 - 0,2,3,Evet
2025-10-26,2025,Allsvenskan,Sirius,IF Elfsborg,4 - 0,2 - 0,1,4,Yok
2025-10-26,2025,Allsvenskan,Mjallby AIF,IFK Norrkoping,2 - 1,0 - 1,1,3,Evet
2025-10-26,2025,Allsvenskan,AIK Stockholm,BK Hacken,2 - 2,2 - 1,X,4,Evet
2025-10-26,2025,Allsvenskan,Halmstad,IFK Goteborg,0 - 3,0 - 1,2,3,Yok
2025-10-27,2025,Allsvenskan,IF Brommapojkarna,Gais,0 - 2,0 - 2,2,2,Yok
2025-10-27,2025,Allsvenskan,Malmo FF,Hammarby FF,1 - 3,0 - 3,2,4,Evet
2025-11-01,2025,Allsvenskan,BK Hacken,Malmo FF,1 - 1,0 - 1,X,2,Evet
2025-11-01,2025,Allsvenskan,IFK Norrkoping,Sirius,1 - 2,0 - 0,2,3,Evet
2025-11-02,2025,Allsvenskan,IF Elfsborg,AIK Stockholm,0 - 3,0 - 1,2,3,Yok
2025-11-02,2025,Allsvenskan,Halmstad,IF Brommapojkarna,0 - 0,0 - 0,X,0,Yok
2025-11-02,2025,Allsvenskan,Djurgardens IF,IFK Goteborg,0 - 0,0 - 0,X,0,Yok
2025-11-02,2025,Allsvenskan,Gais,Osters IF,1 - 1,1 - 1,X,2,Evet
2025-11-03,2025,Allsvenskan,IFK Varnamo,Mjallby AIF,0 - 5,0 - 2,2,5,Yok
2025-11-03,2025,Allsvenskan,Degerfors IF,Hammarby FF,1 - 1,0 - 0,X,2,Evet
2025-11-09,2025,Allsvenskan,Hammarby FF,IF Elfsborg,3 - 0,1 - 0,1,3,Yok
2025-11-09,2025,Allsvenskan,IFK Goteborg,IFK Norrkoping,2 - 0,0 - 0,1,2,Yok
2025-11-09,2025,Allsvenskan,Sirius,IFK Varnamo,3 - 1,2 - 0,1,4,Evet
2025-11-09,2025,Allsvenskan,IF Brommapojkarna,Degerfors IF,1 - 3,0 - 1,2,4,Evet
2025-11-09,2025,Allsvenskan,Malmo FF,Gais,2 - 1,0 - 1,1,3,Evet
2025-11-09,2025,Allsvenskan,AIK Stockholm,Halmstad,0 - 2,0 - 1,2,2,Yok
2025-11-09,2025,Allsvenskan,Osters IF,Djurgardens IF,1 - 3,1 - 0,2,4,Evet
2025-11-09,2025,Allsvenskan,Mjallby AIF,BK Hacken,1 - 0,0 - 0,1,1,Yok
2025-11-22,2025,Allsvenskan,Orgryte IS,IFK Norrkoping,3 - 0,2 - 0,1,3,Yok
2025-11-29,2025,Allsvenskan,IFK Norrkoping,Orgryte IS,0 - 0,0 - 0,X,0,Yok
2024-03-30,2024,Allsvenskan,IFK Norrkoping,Malmo FF,1 - 5,0 - 3,2,6,Evet
2024-03-31,2024,Allsvenskan,Hammarby FF,Kalmar FF,3 - 1,2 - 1,1,4,Evet
2024-03-31,2024,Allsvenskan,Gais,IF Brommapojkarna,0 - 4,0 - 2,2,4,Yok
2024-03-31,2024,Allsvenskan,BK Hacken,Mjallby AIF,0 - 1,0 - 0,2,1,Yok
2024-04-01,2024,Allsvenskan,IFK Goteborg,Djurgardens IF,1 - 4,0 - 2,2,5,Evet
2024-04-01,2024,Allsvenskan,Sirius,Halmstad,3 - 0,1 - 0,1,3,Yok
2024-04-01,2024,Allsvenskan,IF Elfsborg,IFK Varnamo,2 - 2,2 - 1,X,4,Evet
2024-04-01,2024,Allsvenskan,AIK Stockholm,Vasteras SK FK,1 - 0,0 - 0,1,1,Yok
2024-04-06,2024,Allsvenskan,IF Brommapojkarna,AIK Stockholm,2 - 2,1 - 0,X,4,Evet
2024-04-06,2024,Allsvenskan,Mjallby AIF,IFK Norrkoping,3 - 0,2 - 0,1,3,Yok
2024-04-07,2024,Allsvenskan,Malmo FF,Hammarby FF,2 - 0,1 - 0,1,2,Yok
2024-04-07,2024,Allsvenskan,Halmstad,IFK Goteborg,1 - 0,1 - 0,1,1,Yok
2024-04-07,2024,Allsvenskan,Vasteras SK FK,IF Elfsborg,0 - 1,0 - 0,2,1,Yok
2024-04-08,2024,Allsvenskan,Kalmar FF,Sirius,1 - 2,0 - 0,2,3,Evet
2024-04-08,2024,Allsvenskan,IFK Varnamo,Gais,1 - 2,1 - 2,2,3,Evet
2024-04-08,2024,Allsvenskan,Djurgardens IF,BK Hacken,3 - 3,0 - 1,X,6,Evet
2024-04-13,2024,Allsvenskan,Mjallby AIF,AIK Stockholm,1 - 1,0 - 0,X,2,Evet
2024-04-13,2024,Allsvenskan,Vasteras SK FK,Halmstad,0 - 1,0 - 1,2,1,Yok
2024-04-14,2024,Allsvenskan,Kalmar FF,IFK Goteborg,0 - 1,0 - 0,2,1,Yok
2024-04-14,2024,Allsvenskan,IFK Norrkoping,Gais,1 - 0,0 - 0,1,1,Yok
2024-04-14,2024,Allsvenskan,Djurgardens IF,Sirius,2 - 0,1 - 0,1,2,Yok
2024-04-15,2024,Allsvenskan,BK Hacken,IF Brommapojkarna,4 - 3,2 - 2,1,7,Evet
2024-04-15,2024,Allsvenskan,IFK Varnamo,Malmo FF,0 - 4,0 - 2,2,4,Yok
2024-04-15,2024,Allsvenskan,Hammarby FF,IF Elfsborg,3 - 0,0 - 0,1,3,Yok
2024-04-20,2024,Allsvenskan,IFK Goteborg,IFK Norrkoping,1 - 1,1 - 1,X,2,Evet
2024-04-20,2024,Allsvenskan,Sirius,IFK Varnamo,0 - 1,0 - 1,2,1,Yok
2024-04-20,2024,Allsvenskan,Malmo FF,Vasteras SK FK,1 - 0,0 - 0,1,1,Yok
2024-04-21,2024,Allsvenskan,AIK Stockholm,Djurgardens IF,2 - 0,0 - 0,1,2,Yok
2024-04-21,2024,Allsvenskan,Gais,Mjallby AIF,2 - 1,0 - 0,1,3,Evet
2024-04-21,2024,Allsvenskan,BK Hacken,Hammarby FF,2 - 1,0 - 1,1,3,Evet
2024-04-21,2024,Allsvenskan,Halmstad,IF Brommapojkarna,0 - 2,0 - 1,2,2,Yok
2024-04-22,2024,Allsvenskan,IF Elfsborg,Kalmar FF,1 - 2,0 - 1,2,3,Evet
2024-04-24,2024,Allsvenskan,IFK Goteborg,BK Hacken,0 - 1,0 - 1,2,1,Yok
2024-04-24,2024,Allsvenskan,IF Brommapojkarna,Sirius,1 - 1,0 - 0,X,2,Evet
2024-04-24,2024,Allsvenskan,AIK Stockholm,IFK Varnamo,2 - 0,2 - 0,1,2,Yok
2024-04-25,2024,Allsvenskan,Djurgardens IF,Malmo FF,0 - 1,0 - 0,2,1,Yok
2024-04-25,2024,Allsvenskan,Kalmar FF,Gais,2 - 3,1 - 1,2,5,Evet
2024-04-25,2024,Allsvenskan,IFK Norrkoping,IF Elfsborg,4 - 2,0 - 2,1,6,Evet
2024-04-25,2024,Allsvenskan,Halmstad,Hammarby FF,2 - 1,1 - 0,1,3,Evet
2024-04-25,2024,Allsvenskan,Vasteras SK FK,Mjallby AIF,2 - 1,1 - 1,1,3,Evet
2024-04-28,2024,Allsvenskan,Malmo FF,AIK Stockholm,5 - 0,3 - 0,1,5,Yok
2024-04-28,2024,Allsvenskan,IFK Varnamo,Halmstad,1 - 3,0 - 3,2,4,Evet
2024-04-28,2024,Allsvenskan,Djurgardens IF,Gais,1 - 0,0 - 0,1,1,Yok
2024-04-28,2024,Allsvenskan,BK Hacken,IFK Norrkoping,1 - 2,0 - 1,2,3,Evet
2024-04-29,2024,Allsvenskan,IF Brommapojkarna,IFK Goteborg,0 - 3,0 - 1,2,3,Yok
2024-04-29,2024,Allsvenskan,IF Elfsborg,Sirius,2 - 0,1 - 0,1,2,Yok
2024-04-29,2024,Allsvenskan,Mjallby AIF,Kalmar FF,3 - 2,2 - 2,1,5,Evet
2024-04-29,2024,Allsvenskan,Hammarby FF,Vasteras SK FK,2 - 1,1 - 0,1,3,Evet
2024-05-04,2024,Allsvenskan,Kalmar FF,Halmstad,5 - 2,1 - 2,1,7,Evet
2024-05-04,2024,Allsvenskan,Mjallby AIF,IF Brommapojkarna,1 - 1,1 - 0,X,2,Evet
2024-05-04,2024,Allsvenskan,Sirius,BK Hacken,0 - 3,0 - 3,2,3,Yok
2024-05-05,2024,Allsvenskan,IF Elfsborg,Malmo FF,3 - 1,1 - 0,1,4,Evet
2024-05-05,2024,Allsvenskan,Vasteras SK FK,Djurgardens IF,0 - 2,0 - 1,2,2,Yok
2024-05-05,2024,Allsvenskan,Hammarby FF,IFK Varnamo,1 - 2,0 - 0,2,3,Evet
2024-05-05,2024,Allsvenskan,AIK Stockholm,IFK Norrkoping,6 - 2,3 - 0,1,8,Evet
2024-05-06,2024,Allsvenskan,Gais,IFK Goteborg,2 - 1,1 - 0,1,3,Evet
2024-05-11,2024,Allsvenskan,AIK Stockholm,Sirius,1 - 3,0 - 1,2,4,Evet
2024-05-11,2024,Allsvenskan,Halmstad,Mjallby AIF,1 - 3,0 - 3,2,4,Evet
2024-05-11,2024,Allsvenskan,Gais,Vasteras SK FK,2 - 0,2 - 0,1,2,Yok
2024-05-12,2024,Allsvenskan,BK Hacken,Kalmar FF,3 - 1,1 - 1,1,4,Evet
2024-05-12,2024,Allsvenskan,IFK Norrkoping,Hammarby FF,1 - 2,1 - 1,2,3,Evet
2024-05-12,2024,Allsvenskan,Djurgardens IF,IF Elfsborg,2 - 0,0 - 0,1,2,Yok
2024-05-12,2024,Allsvenskan,IFK Varnamo,IF Brommapojkarna,1 - 1,1 - 0,X,2,Evet
2024-05-13,2024,Allsvenskan,IFK Goteborg,Malmo FF,0 - 3,0 - 2,2,3,Yok
2024-05-15,2024,Allsvenskan,IF Elfsborg,AIK Stockholm,6 - 1,3 - 0,1,7,Evet
2024-05-15,2024,Allsvenskan,Halmstad,BK Hacken,3 - 0,2 - 0,1,3,Yok
2024-05-15,2024,Allsvenskan,Mjallby AIF,Hammarby FF,3 - 0,3 - 0,1,3,Yok
2024-05-15,2024,Allsvenskan,Vasteras SK FK,IFK Varnamo,0 - 2,0 - 1,2,2,Yok
2024-05-16,2024,Allsvenskan,Sirius,IFK Goteborg,2 - 2,1 - 0,X,4,Evet
2024-05-16,2024,Allsvenskan,IF Brommapojkarna,Djurgardens IF,0 - 5,0 - 1,2,5,Yok
2024-05-16,2024,Allsvenskan,Kalmar FF,IFK Norrkoping,1 - 1,0 - 0,X,2,Evet
2024-05-16,2024,Allsvenskan,Malmo FF,Gais,1 - 0,0 - 0,1,1,Yok
2024-05-19,2024,Allsvenskan,Hammarby FF,AIK Stockholm,2 - 1,0 - 0,1,3,Evet
2024-05-19,2024,Allsvenskan,IF Brommapojkarna,IFK Norrkoping,2 - 1,2 - 1,1,3,Evet
2024-05-19,2024,Allsvenskan,IFK Varnamo,Kalmar FF,0 - 2,0 - 2,2,2,Yok
2024-05-19,2024,Allsvenskan,Gais,IF Elfsborg,2 - 1,2 - 1,1,3,Evet
2024-05-20,2024,Allsvenskan,Djurgardens IF,Halmstad,2 - 0,2 - 0,1,2,Yok
2024-05-20,2024,Allsvenskan,Sirius,Vasteras SK FK,0 - 0,0 - 0,X,0,Yok
2024-05-20,2024,Allsvenskan,BK Hacken,Malmo FF,2 - 2,0 - 1,X,4,Evet
2024-05-21,2024,Allsvenskan,IFK Goteborg,Mjallby AIF,1 - 0,0 - 0,1,1,Yok
2024-05-24,2024,Allsvenskan,IF Elfsborg,Halmstad,2 - 0,0 - 0,1,2,Yok
2024-05-24,2024,Allsvenskan,Malmo FF,Kalmar FF,5 - 0,4 - 0,1,5,Yok
2024-05-25,2024,Allsvenskan,Gais,BK Hacken,3 - 0,2 - 0,1,3,Yok
2024-05-25,2024,Allsvenskan,Mjallby AIF,Djurgardens IF,1 - 3,0 - 2,2,4,Evet
2024-05-26,2024,Allsvenskan,Hammarby FF,Sirius,3 - 0,1 - 0,1,3,Yok
2024-05-26,2024,Allsvenskan,Vasteras SK FK,IF Brommapojkarna,1 - 1,1 - 1,X,2,Evet
2024-05-27,2024,Allsvenskan,IFK Norrkoping,IFK Varnamo,0 - 4,0 - 1,2,4,Yok
2024-05-27,2024,Allsvenskan,AIK Stockholm,IFK Goteborg,5 - 2,1 - 1,1,7,Evet
2024-05-28,2024,Allsvenskan,Malmo FF,IF Elfsborg,2 - 1,1 - 1,1,3,Evet
2024-05-29,2024,Allsvenskan,Mjallby AIF,BK Hacken,2 - 1,1 - 0,1,3,Evet
2024-06-01,2024,Allsvenskan,IFK Goteborg,IF Elfsborg,1 - 0,1 - 0,1,1,Yok
2024-06-01,2024,Allsvenskan,IF Brommapojkarna,Malmo FF,2 - 2,1 - 1,X,4,Evet
2024-06-01,2024,Allsvenskan,Sirius,IFK Norrkoping,5 - 1,3 - 0,1,6,Evet
2024-06-01,2024,Allsvenskan,Halmstad,Gais,4 - 0,2 - 0,1,4,Yok
2024-06-02,2024,Allsvenskan,Djurgardens IF,Hammarby FF,0 - 3,0 - 2,2,3,Yok
2024-06-02,2024,Allsvenskan,Kalmar FF,Vasteras SK FK,0 - 4,0 - 1,2,4,Yok
2024-06-02,2024,Allsvenskan,BK Hacken,AIK Stockholm,4 - 1,2 - 0,1,5,Evet
2024-06-02,2024,Allsvenskan,IFK Varnamo,Mjallby AIF,1 - 2,0 - 1,2,3,Evet
2024-07-06,2024,Allsvenskan,IF Elfsborg,IF Brommapojkarna,3 - 0,1 - 0,1,3,Yok
2024-07-06,2024,Allsvenskan,Mjallby AIF,Sirius,3 - 2,0 - 0,1,5,Evet
2024-07-07,2024,Allsvenskan,AIK Stockholm,Kalmar FF,1 - 2,0 - 1,2,3,Evet
2024-07-07,2024,Allsvenskan,IFK Varnamo,IFK Goteborg,2 - 0,0 - 0,1,2,Yok
2024-07-07,2024,Allsvenskan,Malmo FF,Halmstad,5 - 1,2 - 1,1,6,Evet
2024-07-07,2024,Allsvenskan,Gais,Hammarby FF,0 - 0,0 - 0,X,0,Yok
2024-07-08,2024,Allsvenskan,IFK Norrkoping,Djurgardens IF,1 - 3,0 - 1,2,4,Evet
2024-07-08,2024,Allsvenskan,Vasteras SK FK,BK Hacken,1 - 2,1 - 1,2,3,Evet
2024-07-13,2024,Allsvenskan,Mjallby AIF,Malmo FF,2 - 1,1 - 0,1,3,Evet
2024-07-13,2024,Allsvenskan,Sirius,Gais,3 - 1,1 - 0,1,4,Evet
2024-07-14,2024,Allsvenskan,Djurgardens IF,IFK Varnamo,1 - 0,1 - 0,1,1,Yok
2024-07-14,2024,Allsvenskan,BK Hacken,IF Elfsborg,3 - 5,2 - 1,2,8,Evet
2024-07-14,2024,Allsvenskan,Kalmar FF,IF Brommapojkarna,0 - 1,0 - 0,2,1,Yok
2024-07-14,2024,Allsvenskan,Vasteras SK FK,IFK Norrkoping,2 - 1,0 - 0,1,3,Evet
2024-07-15,2024,Allsvenskan,Hammarby FF,IFK Goteborg,0 - 1,0 - 1,2,1,Yok
2024-07-15,2024,Allsvenskan,Halmstad,AIK Stockholm,1 - 2,0 - 1,2,3,Evet
2024-07-19,2024,Allsvenskan,Sirius,Malmo FF,3 - 4,2 - 0,2,7,Evet
2024-07-20,2024,Allsvenskan,Kalmar FF,Djurgardens IF,2 - 1,1 - 1,1,3,Evet
2024-07-20,2024,Allsvenskan,IFK Varnamo,BK Hacken,2 - 2,0 - 2,X,4,Evet
2024-07-20,2024,Allsvenskan,IF Brommapojkarna,Hammarby FF,0 - 2,0 - 0,2,2,Yok
2024-07-21,2024,Allsvenskan,IFK Norrkoping,Halmstad,1 - 0,1 - 0,1,1,Yok
2024-07-21,2024,Allsvenskan,IFK Goteborg,Vasteras SK FK,1 - 1,0 - 0,X,2,Evet
2024-07-21,2024,Allsvenskan,IF Elfsborg,Mjallby AIF,3 - 1,2 - 1,1,4,Evet
2024-07-22,2024,Allsvenskan,Gais,AIK Stockholm,2 - 0,1 - 0,1,2,Yok
2024-07-27,2024,Allsvenskan,IFK Norrkoping,Kalmar FF,2 - 0,1 - 0,1,2,Yok
2024-07-27,2024,Allsvenskan,IFK Goteborg,IF Brommapojkarna,3 - 4,1 - 1,2,7,Evet
2024-07-27,2024,Allsvenskan,Malmo FF,Sirius,0 - 1,0 - 0,2,1,Yok
2024-07-27,2024,Allsvenskan,Halmstad,IFK Varnamo,1 - 0,0 - 0,1,1,Yok
2024-07-28,2024,Allsvenskan,Hammarby FF,Mjallby AIF,3 - 0,0 - 0,1,3,Yok
2024-07-28,2024,Allsvenskan,BK Hacken,Vasteras SK FK,4 - 0,2 - 0,1,4,Yok
2024-07-28,2024,Allsvenskan,IF Elfsborg,Djurgardens IF,1 - 2,1 - 1,2,3,Evet
2024-07-29,2024,Allsvenskan,AIK Stockholm,Gais,0 - 1,0 - 1,2,1,Yok
2024-08-03,2024,Allsvenskan,Gais,IFK Norrkoping,0 - 1,0 - 0,2,1,Yok
2024-08-03,2024,Allsvenskan,Vasteras SK FK,AIK Stockholm,1 - 2,1 - 2,2,3,Evet
2024-08-03,2024,Allsvenskan,IF Brommapojkarna,Halmstad,4 - 1,3 - 1,1,5,Evet
2024-08-04,2024,Allsvenskan,Djurgardens IF,IFK Goteborg,1 - 1,0 - 0,X,2,Evet
2024-08-04,2024,Allsvenskan,IFK Varnamo,Sirius,2 - 4,0 - 2,2,6,Evet
2024-08-04,2024,Allsvenskan,Kalmar FF,Hammarby FF,1 - 4,0 - 1,2,5,Evet
2024-08-10,2024,Allsvenskan,IFK Norrkoping,Vasteras SK FK,2 - 1,0 - 0,1,3,Evet
2024-08-10,2024,Allsvenskan,Halmstad,Malmo FF,0 - 1,0 - 1,2,1,Yok
2024-08-10,2024,Allsvenskan,IFK Goteborg,IFK Varnamo,0 - 0,0 - 0,X,0,Yok
2024-08-11,2024,Allsvenskan,Sirius,Kalmar FF,3 - 1,0 - 0,1,4,Evet
2024-08-11,2024,Allsvenskan,IF Elfsborg,Gais,2 - 1,2 - 1,1,3,Evet
2024-08-11,2024,Allsvenskan,AIK Stockholm,Mjallby AIF,1 - 0,0 - 0,1,1,Yok
2024-08-12,2024,Allsvenskan,Hammarby FF,IF Brommapojkarna,3 - 3,3 - 1,X,6,Evet
2024-08-17,2024,Allsvenskan,IFK Goteborg,Sirius,1 - 1,0 - 0,X,2,Evet
2024-08-17,2024,Allsvenskan,Malmo FF,IFK Norrkoping,2 - 1,1 - 1,1,3,Evet
2024-08-17,2024,Allsvenskan,IFK Varnamo,Hammarby FF,0 - 3,0 - 1,2,3,Yok
2024-08-17,2024,Allsvenskan,Vasteras SK FK,Kalmar FF,2 - 1,0 - 1,1,3,Evet
2024-08-18,2024,Allsvenskan,Djurgardens IF,AIK Stockholm,0 - 2,0 - 1,2,2,Yok
2024-08-18,2024,Allsvenskan,IF Brommapojkarna,BK Hacken,1 - 3,0 - 1,2,4,Evet
2024-08-18,2024,Allsvenskan,Mjallby AIF,IF Elfsborg,1 - 1,1 - 1,X,2,Evet
2024-08-18,2024,Allsvenskan,Gais,Halmstad,3 - 1,2 - 0,1,4,Evet
2024-08-24,2024,Allsvenskan,Kalmar FF,Malmo FF,2 - 2,0 - 1,X,4,Evet
2024-08-25,2024,Allsvenskan,Sirius,Djurgardens IF,0 - 1,0 - 0,2,1,Yok
2024-08-25,2024,Allsvenskan,IF Elfsborg,IFK Goteborg,3 - 1,1 - 0,1,4,Evet
2024-08-25,2024,Allsvenskan,BK Hacken,IFK Varnamo,1 - 1,1 - 0,X,2,Evet
2024-08-25,2024,Allsvenskan,AIK Stockholm,IF Brommapojkarna,2 - 1,2 - 1,1,3,Evet
2024-08-26,2024,Allsvenskan,Hammarby FF,Gais,0 - 0,0 - 0,X,0,Yok
2024-08-26,2024,Allsvenskan,IFK Norrkoping,Mjallby AIF,1 - 2,0 - 2,2,3,Evet
2024-08-26,2024,Allsvenskan,Halmstad,Vasteras SK FK,0 - 1,0 - 1,2,1,Yok
2024-08-31,2024,Allsvenskan,IFK Varnamo,AIK Stockholm,0 - 1,0 - 1,2,1,Yok
2024-08-31,2024,Allsvenskan,Gais,Kalmar FF,1 - 1,1 - 1,X,2,Evet
2024-08-31,2024,Allsvenskan,Mjallby AIF,Halmstad,3 - 1,3 - 1,1,4,Evet
2024-08-31,2024,Allsvenskan,Vasteras SK FK,Sirius,1 - 2,1 - 1,2,3,Evet
2024-09-01,2024,Allsvenskan,IF Brommapojkarna,IF Elfsborg,3 - 3,2 - 1,X,6,Evet
2024-09-01,2024,Allsvenskan,Malmo FF,Djurgardens IF,4 - 0,3 - 0,1,4,Yok
2024-09-01,2024,Allsvenskan,IFK Goteborg,Hammarby FF,0 - 1,0 - 0,2,1,Yok
2024-09-01,2024,Allsvenskan,IFK Norrkoping,BK Hacken,3 - 3,1 - 0,X,6,Evet
2024-09-14,2024,Allsvenskan,Vasteras SK FK,Gais,2 - 3,0 - 3,2,5,Evet
2024-09-15,2024,Allsvenskan,Djurgardens IF,Mjallby AIF,1 - 1,1 - 1,X,2,Evet
2024-09-15,2024,Allsvenskan,Sirius,IF Brommapojkarna,3 - 2,1 - 1,1,5,Evet
2024-09-15,2024,Allsvenskan,AIK Stockholm,Malmo FF,0 - 0,0 - 0,X,0,Yok
2024-09-15,2024,Allsvenskan,BK Hacken,IFK Goteborg,3 - 3,1 - 2,X,6,Evet
2024-09-15,2024,Allsvenskan,Kalmar FF,IFK Varnamo,3 - 1,1 - 0,1,4,Evet
2024-09-15,2024,Allsvenskan,Halmstad,IF Elfsborg,0 - 1,0 - 1,2,1,Yok
2024-09-16,2024,Allsvenskan,Hammarby FF,IFK Norrkoping,1 - 1,1 - 0,X,2,Evet
2024-09-18,2024,Allsvenskan,Gais,Malmo FF,0 - 0,0 - 0,X,0,Yok
2024-09-19,2024,Allsvenskan,BK Hacken,Djurgardens IF,1 - 2,0 - 0,2,3,Evet
2024-09-19,2024,Allsvenskan,IF Elfsborg,IFK Norrkoping,2 - 2,1 - 0,X,4,Evet
2024-09-21,2024,Allsvenskan,Kalmar FF,AIK Stockholm,0 - 1,0 - 0,2,1,Yok
2024-09-21,2024,Allsvenskan,IF Brommapojkarna,Mjallby AIF,0 - 0,0 - 0,X,0,Yok
2024-09-22,2024,Allsvenskan,IF Elfsborg,Hammarby FF,0 - 0,0 - 0,X,0,Yok
2024-09-22,2024,Allsvenskan,IFK Varnamo,Vasteras SK FK,2 - 0,2 - 0,1,2,Yok
2024-09-22,2024,Allsvenskan,Gais,Djurgardens IF,3 - 0,1 - 0,1,3,Yok
2024-09-22,2024,Allsvenskan,Malmo FF,BK Hacken,4 - 0,1 - 0,1,4,Yok
2024-09-23,2024,Allsvenskan,IFK Goteborg,Halmstad,1 - 1,0 - 0,X,2,Evet
2024-09-25,2024,Allsvenskan,Djurgardens IF,IF Brommapojkarna,2 - 1,1 - 0,1,3,Evet
2024-09-25,2024,Allsvenskan,Sirius,AIK Stockholm,0 - 1,0 - 0,2,1,Yok
2024-09-25,2024,Allsvenskan,Mjallby AIF,IFK Varnamo,1 - 1,0 - 1,X,2,Evet
2024-09-26,2024,Allsvenskan,Hammarby FF,BK Hacken,2 - 0,1 - 0,1,2,Yok
2024-09-26,2024,Allsvenskan,Halmstad,Kalmar FF,2 - 2,1 - 2,X,4,Evet
2024-09-26,2024,Allsvenskan,Vasteras SK FK,IFK Goteborg,1 - 1,0 - 1,X,2,Evet
2024-09-29,2024,Allsvenskan,AIK Stockholm,Hammarby FF,1 - 0,0 - 0,1,1,Yok
2024-09-29,2024,Allsvenskan,Halmstad,IFK Norrkoping,0 - 0,0 - 0,X,0,Yok
2024-09-29,2024,Allsvenskan,IFK Varnamo,Djurgardens IF,1 - 1,0 - 0,X,2,Evet
2024-09-29,2024,Allsvenskan,BK Hacken,Sirius,2 - 0,0 - 0,1,2,Yok
2024-09-29,2024,Allsvenskan,Kalmar FF,IF Elfsborg,1 - 3,1 - 2,2,4,Evet
2024-09-29,2024,Allsvenskan,Malmo FF,Mjallby AIF,2 - 0,2 - 0,1,2,Yok
2024-09-30,2024,Allsvenskan,IF Brommapojkarna,Vasteras SK FK,2 - 1,0 - 0,1,3,Evet
2024-09-30,2024,Allsvenskan,IFK Goteborg,Gais,2 - 0,1 - 0,1,2,Yok
2024-10-03,2024,Allsvenskan,IFK Norrkoping,Sirius,0 - 2,0 - 1,2,2,Yok
2024-10-05,2024,Allsvenskan,Hammarby FF,Halmstad,1 - 0,0 - 0,1,1,Yok
2024-10-05,2024,Allsvenskan,Mjallby AIF,Vasteras SK FK,2 - 1,1 - 1,1,3,Evet
2024-10-05,2024,Allsvenskan,IF Brommapojkarna,Gais,2 - 0,0 - 0,1,2,Yok
2024-10-06,2024,Allsvenskan,Djurgardens IF,Kalmar FF,1 - 1,0 - 1,X,2,Evet
2024-10-06,2024,Allsvenskan,AIK Stockholm,BK Hacken,0 - 2,0 - 0,2,2,Yok
2024-10-06,2024,Allsvenskan,Sirius,IF Elfsborg,4 - 1,1 - 1,1,5,Evet
2024-10-06,2024,Allsvenskan,Malmo FF,IFK Varnamo,1 - 1,0 - 0,X,2,Evet
2024-10-06,2024,Allsvenskan,IFK Norrkoping,IFK Goteborg,0 - 2,0 - 1,2,2,Yok
2024-10-19,2024,Allsvenskan,IF Elfsborg,BK Hacken,1 - 3,0 - 1,2,4,Evet
2024-10-19,2024,Allsvenskan,Vasteras SK FK,Malmo FF,1 - 1,0 - 1,X,2,Evet
2024-10-19,2024,Allsvenskan,Halmstad,Sirius,3 - 1,2 - 0,1,4,Evet
2024-10-20,2024,Allsvenskan,Kalmar FF,Mjallby AIF,0 - 3,0 - 2,2,3,Yok
2024-10-20,2024,Allsvenskan,Gais,IFK Varnamo,0 - 0,0 - 0,X,0,Yok
2024-10-21,2024,Allsvenskan,Hammarby FF,Djurgardens IF,2 - 0,2 - 0,1,2,Yok
2024-10-21,2024,Allsvenskan,IFK Norrkoping,IF Brommapojkarna,1 - 1,1 - 1,X,2,Evet
2024-10-21,2024,Allsvenskan,IFK Goteborg,AIK Stockholm,1 - 2,0 - 1,2,3,Evet
2024-10-26,2024,Allsvenskan,Sirius,Hammarby FF,0 - 3,0 - 2,2,3,Yok
2024-10-26,2024,Allsvenskan,Mjallby AIF,Gais,1 - 1,0 - 0,X,2,Evet
2024-10-26,2024,Allsvenskan,IF Brommapojkarna,Kalmar FF,1 - 2,0 - 0,2,3,Evet
2024-10-27,2024,Allsvenskan,AIK Stockholm,IF Elfsborg,2 - 1,1 - 0,1,3,Evet
2024-10-27,2024,Allsvenskan,IFK Varnamo,IFK Norrkoping,1 - 2,0 - 1,2,3,Evet
2024-10-27,2024,Allsvenskan,BK Hacken,Halmstad,0 - 1,0 - 0,2,1,Yok
2024-10-28,2024,Allsvenskan,Djurgardens IF,Vasteras SK FK,2 - 1,1 - 1,1,3,Evet
2024-10-28,2024,Allsvenskan,Malmo FF,IFK Goteborg,2 - 1,0 - 1,1,3,Evet
2024-11-02,2024,Allsvenskan,Hammarby FF,Malmo FF,2 - 2,2 - 0,X,4,Evet
2024-11-02,2024,Allsvenskan,IF Elfsborg,Vasteras SK FK,1 - 0,1 - 0,1,1,Yok
2024-11-02,2024,Allsvenskan,IFK Goteborg,Kalmar FF,1 - 1,1 - 0,X,2,Evet
2024-11-03,2024,Allsvenskan,BK Hacken,Gais,1 - 2,1 - 1,2,3,Evet
2024-11-03,2024,Allsvenskan,IF Brommapojkarna,IFK Varnamo,0 - 1,0 - 1,2,1,Yok
2024-11-03,2024,Allsvenskan,Sirius,Mjallby AIF,1 - 1,1 - 1,X,2,Evet
2024-11-03,2024,Allsvenskan,Halmstad,Djurgardens IF,1 - 0,0 - 0,1,1,Yok
2024-11-04,2024,Allsvenskan,IFK Norrkoping,AIK Stockholm,1 - 0,1 - 0,1,1,Yok
2024-11-10,2024,Allsvenskan,Djurgardens IF,IFK Norrkoping,3 - 1,1 - 0,1,4,Evet
2024-11-10,2024,Allsvenskan,Kalmar FF,BK Hacken,1 - 0,1 - 0,1,1,Yok
2024-11-10,2024,Allsvenskan,Malmo FF,IF Brommapojkarna,2 - 1,2 - 1,1,3,Evet
2024-11-10,2024,Allsvenskan,AIK Stockholm,Halmstad,5 - 1,3 - 1,1,6,Evet
2024-11-10,2024,Allsvenskan,IFK Varnamo,IF Elfsborg,0 - 0,0 - 0,X,0,Yok
2024-11-10,2024,Allsvenskan,Gais,Sirius,2 - 1,1 - 0,1,3,Evet
2024-11-10,2024,Allsvenskan,Mjallby AIF,IFK Goteborg,1 - 0,1 - 0,1,1,Yok
2024-11-10,2024,Allsvenskan,Vasteras SK FK,Hammarby FF,1 - 0,0 - 0,1,1,Yok
2024-11-21,2024,Allsvenskan,Landskrona BoIS,IFK Varnamo,2 - 2,0 - 1,X,4,Evet
2024-11-24,2024,Allsvenskan,IFK Varnamo,Landskrona BoIS,1 - 0,1 - 0,1,1,Yok
2023-04-01,2023,Allsvenskan,Malmo FF,Kalmar FF,1 - 0,0 - 0,1,1,Yok
2023-04-01,2023,Allsvenskan,Djurgardens IF,IF Brommapojkarna,3 - 1,2 - 0,1,4,Evet
2023-04-02,2023,Allsvenskan,Hammarby FF,Degerfors IF,3 - 1,1 - 1,1,4,Evet
2023-04-02,2023,Allsvenskan,IFK Norrkoping,Sirius,1 - 1,0 - 1,X,2,Evet
2023-04-02,2023,Allsvenskan,IFK Goteborg,IFK Varnamo,0 - 1,0 - 0,2,1,Yok
2023-04-02,2023,Allsvenskan,Halmstad,AIK Stockholm,2 - 1,1 - 0,1,3,Evet
2023-04-03,2023,Allsvenskan,Mjallby AIF,Varbergs BoIS FC,2 - 2,1 - 0,X,4,Evet
2023-04-03,2023,Allsvenskan,IF Elfsborg,BK Hacken,0 - 2,0 - 1,2,2,Yok
2023-04-08,2023,Allsvenskan,IF Brommapojkarna,Malmo FF,1 - 2,1 - 0,2,3,Evet
2023-04-08,2023,Allsvenskan,Degerfors IF,Halmstad,3 - 1,1 - 1,1,4,Evet
2023-04-09,2023,Allsvenskan,BK Hacken,Hammarby FF,3 - 1,3 - 0,1,4,Evet
2023-04-09,2023,Allsvenskan,Sirius,Djurgardens IF,0 - 0,0 - 0,X,0,Yok
2023-04-09,2023,Allsvenskan,Kalmar FF,IFK Goteborg,2 - 0,1 - 0,1,2,Yok
2023-04-10,2023,Allsvenskan,IFK Varnamo,Mjallby AIF,0 - 1,0 - 1,2,1,Yok
2023-04-10,2023,Allsvenskan,AIK Stockholm,IFK Norrkoping,0 - 3,0 - 2,2,3,Yok
2023-04-10,2023,Allsvenskan,Varbergs BoIS FC,IF Elfsborg,0 - 0,0 - 0,X,0,Yok
2023-04-15,2023,Allsvenskan,IF Elfsborg,IF Brommapojkarna,5 - 0,2 - 0,1,5,Yok
2023-04-15,2023,Allsvenskan,BK Hacken,Kalmar FF,1 - 3,0 - 2,2,4,Evet
2023-04-16,2023,Allsvenskan,AIK Stockholm,Hammarby FF,2 - 0,1 - 0,1,2,Yok
2023-04-16,2023,Allsvenskan,IFK Norrkoping,IFK Varnamo,2 - 1,1 - 1,1,3,Evet
2023-04-16,2023,Allsvenskan,Halmstad,Djurgardens IF,2 - 0,1 - 0,1,2,Yok
2023-04-16,2023,Allsvenskan,Mjallby AIF,Degerfors IF,2 - 0,1 - 0,1,2,Yok
2023-04-17,2023,Allsvenskan,Varbergs BoIS FC,Sirius,1 - 1,1 - 0,X,2,Evet
2023-04-17,2023,Allsvenskan,IFK Goteborg,Malmo FF,0 - 1,0 - 1,2,1,Yok
2023-04-22,2023,Allsvenskan,Hammarby FF,Varbergs BoIS FC,2 - 0,1 - 0,1,2,Yok
2023-04-22,2023,Allsvenskan,Degerfors IF,IF Elfsborg,1 - 2,1 - 1,2,3,Evet
2023-04-23,2023,Allsvenskan,Djurgardens IF,IFK Goteborg,1 - 0,1 - 0,1,1,Yok
2023-04-23,2023,Allsvenskan,Kalmar FF,Halmstad,2 - 0,1 - 0,1,2,Yok
2023-04-23,2023,Allsvenskan,Sirius,BK Hacken,1 - 4,0 - 1,2,5,Evet
2023-04-24,2023,Allsvenskan,IF Brommapojkarna,Mjallby AIF,2 - 0,1 - 0,1,2,Yok
2023-04-24,2023,Allsvenskan,IFK Varnamo,AIK Stockholm,1 - 0,0 - 0,1,1,Yok
2023-04-24,2023,Allsvenskan,Malmo FF,IFK Norrkoping,3 - 0,1 - 0,1,3,Yok
2023-04-29,2023,Allsvenskan,AIK Stockholm,Sirius,0 - 0,0 - 0,X,0,Yok
2023-04-29,2023,Allsvenskan,Mjallby AIF,IF Elfsborg,0 - 1,0 - 0,2,1,Yok
2023-04-29,2023,Allsvenskan,BK Hacken,IFK Varnamo,3 - 1,2 - 0,1,4,Evet
2023-04-29,2023,Allsvenskan,Halmstad,IF Brommapojkarna,0 - 2,0 - 1,2,2,Yok
2023-04-30,2023,Allsvenskan,Malmo FF,Hammarby FF,4 - 2,3 - 0,1,6,Evet
2023-04-30,2023,Allsvenskan,Varbergs BoIS FC,Kalmar FF,0 - 0,0 - 0,X,0,Yok
2023-04-30,2023,Allsvenskan,Degerfors IF,Djurgardens IF,2 - 1,1 - 1,1,3,Evet
2023-05-01,2023,Allsvenskan,IFK Goteborg,IFK Norrkoping,1 - 1,1 - 1,X,2,Evet
2023-05-03,2023,Allsvenskan,BK Hacken,Djurgardens IF,4 - 1,0 - 1,1,5,Evet
2023-05-03,2023,Allsvenskan,IF Elfsborg,Halmstad,6 - 1,0 - 1,1,7,Evet
2023-05-03,2023,Allsvenskan,Kalmar FF,Sirius,2 - 2,2 - 0,X,4,Evet
2023-05-03,2023,Allsvenskan,Mjallby AIF,AIK Stockholm,0 - 0,0 - 0,X,0,Yok
2023-05-04,2023,Allsvenskan,IFK Goteborg,Degerfors IF,6 - 0,3 - 0,1,6,Yok
2023-05-04,2023,Allsvenskan,IFK Norrkoping,Hammarby FF,2 - 0,0 - 0,1,2,Yok
2023-05-04,2023,Allsvenskan,IFK Varnamo,IF Brommapojkarna,0 - 1,0 - 0,2,1,Yok
2023-05-04,2023,Allsvenskan,Varbergs BoIS FC,Malmo FF,0 - 6,0 - 3,2,6,Yok
2023-05-07,2023,Allsvenskan,Malmo FF,AIK Stockholm,3 - 1,3 - 1,1,4,Evet
2023-05-07,2023,Allsvenskan,Halmstad,BK Hacken,1 - 0,1 - 0,1,1,Yok
2023-05-08,2023,Allsvenskan,Sirius,IF Elfsborg,3 - 4,2 - 1,2,7,Evet
2023-05-08,2023,Allsvenskan,IF Brommapojkarna,IFK Goteborg,0 - 0,0 - 0,X,0,Yok
2023-05-08,2023,Allsvenskan,Degerfors IF,IFK Norrkoping,0 - 2,0 - 1,2,2,Yok
2023-05-08,2023,Allsvenskan,Djurgardens IF,Kalmar FF,3 - 1,2 - 0,1,4,Evet
2023-05-09,2023,Allsvenskan,Hammarby FF,Mjallby AIF,0 - 0,0 - 0,X,0,Yok
2023-05-09,2023,Allsvenskan,IFK Varnamo,Varbergs BoIS FC,3 - 1,2 - 1,1,4,Evet
2023-05-13,2023,Allsvenskan,BK Hacken,Degerfors IF,6 - 1,4 - 1,1,7,Evet
2023-05-13,2023,Allsvenskan,Varbergs BoIS FC,IFK Norrkoping,1 - 3,1 - 0,2,4,Evet
2023-05-14,2023,Allsvenskan,Hammarby FF,Djurgardens IF,4 - 3,2 - 0,1,7,Evet
2023-05-14,2023,Allsvenskan,IF Elfsborg,IFK Varnamo,2 - 0,0 - 0,1,2,Yok
2023-05-14,2023,Allsvenskan,Mjallby AIF,Sirius,3 - 0,3 - 0,1,3,Yok
2023-05-14,2023,Allsvenskan,Kalmar FF,IF Brommapojkarna,1 - 3,1 - 1,2,4,Evet
2023-05-14,2023,Allsvenskan,Halmstad,Malmo FF,0 - 1,0 - 0,2,1,Yok
2023-05-15,2023,Allsvenskan,AIK Stockholm,IFK Goteborg,2 - 2,1 - 1,X,4,Evet
2023-05-20,2023,Allsvenskan,Degerfors IF,AIK Stockholm,2 - 1,1 - 1,1,3,Evet
2023-05-21,2023,Allsvenskan,Djurgardens IF,Mjallby AIF,2 - 0,0 - 0,1,2,Yok
2023-05-21,2023,Allsvenskan,IF Brommapojkarna,Varbergs BoIS FC,2 - 1,2 - 0,1,3,Evet
2023-05-21,2023,Allsvenskan,Malmo FF,BK Hacken,2 - 2,0 - 0,X,4,Evet
2023-05-21,2023,Allsvenskan,IFK Goteborg,Hammarby FF,1 - 1,0 - 1,X,2,Evet
2023-05-21,2023,Allsvenskan,Sirius,Halmstad,1 - 2,1 - 1,2,3,Evet
2023-05-22,2023,Allsvenskan,IFK Varnamo,Kalmar FF,0 - 1,0 - 0,2,1,Yok
2023-05-22,2023,Allsvenskan,IFK Norrkoping,IF Elfsborg,1 - 2,1 - 0,2,3,Evet
2023-05-24,2023,Allsvenskan,Djurgardens IF,BK Hacken,1 - 0,0 - 0,1,1,Yok
2023-05-25,2023,Allsvenskan,Degerfors IF,Hammarby FF,2 - 2,0 - 1,X,4,Evet
2023-05-27,2023,Allsvenskan,Mjallby AIF,Halmstad,0 - 2,0 - 0,2,2,Yok
2023-05-27,2023,Allsvenskan,IF Brommapojkarna,Sirius,1 - 2,1 - 1,2,3,Evet
2023-05-28,2023,Allsvenskan,Djurgardens IF,AIK Stockholm,1 - 0,0 - 0,1,1,Yok
2023-05-28,2023,Allsvenskan,Kalmar FF,IFK Norrkoping,2 - 1,0 - 0,1,3,Evet
2023-05-28,2023,Allsvenskan,IF Elfsborg,Malmo FF,3 - 0,2 - 0,1,3,Yok
2023-05-29,2023,Allsvenskan,Hammarby FF,IFK Varnamo,0 - 2,0 - 0,2,2,Yok
2023-05-29,2023,Allsvenskan,Degerfors IF,Varbergs BoIS FC,1 - 1,0 - 1,X,2,Evet
2023-05-29,2023,Allsvenskan,BK Hacken,IFK Goteborg,4 - 1,1 - 1,1,5,Evet
2023-06-03,2023,Allsvenskan,IFK Goteborg,Mjallby AIF,0 - 1,0 - 0,2,1,Yok
2023-06-03,2023,Allsvenskan,IFK Norrkoping,IF Brommapojkarna,0 - 2,0 - 0,2,2,Yok
2023-06-04,2023,Allsvenskan,AIK Stockholm,Kalmar FF,1 - 1,0 - 0,X,2,Evet
2023-06-04,2023,Allsvenskan,Halmstad,Hammarby FF,0 - 0,0 - 0,X,0,Yok
2023-06-04,2023,Allsvenskan,Sirius,IFK Varnamo,2 - 0,2 - 0,1,2,Yok
2023-06-04,2023,Allsvenskan,IF Elfsborg,Djurgardens IF,1 - 1,0 - 0,X,2,Evet
2023-06-05,2023,Allsvenskan,Varbergs BoIS FC,BK Hacken,0 - 2,0 - 1,2,2,Yok
2023-06-05,2023,Allsvenskan,Malmo FF,Degerfors IF,5 - 0,2 - 0,1,5,Yok
2023-06-09,2023,Allsvenskan,Hammarby FF,IF Brommapojkarna,2 - 1,1 - 0,1,3,Evet
2023-06-10,2023,Allsvenskan,Kalmar FF,Degerfors IF,2 - 1,2 - 1,1,3,Evet
2023-06-10,2023,Allsvenskan,IFK Varnamo,Malmo FF,1 - 3,1 - 1,2,4,Evet
2023-06-10,2023,Allsvenskan,Varbergs BoIS FC,Halmstad,1 - 2,0 - 0,2,3,Evet
2023-06-11,2023,Allsvenskan,Sirius,IFK Goteborg,2 - 0,1 - 0,1,2,Yok
2023-06-11,2023,Allsvenskan,AIK Stockholm,IF Elfsborg,1 - 2,0 - 2,2,3,Evet
2023-06-11,2023,Allsvenskan,Djurgardens IF,IFK Norrkoping,2 - 2,1 - 2,X,4,Evet
2023-06-11,2023,Allsvenskan,BK Hacken,Mjallby AIF,3 - 0,2 - 0,1,3,Yok
2023-07-01,2023,Allsvenskan,IF Brommapojkarna,AIK Stockholm,0 - 2,0 - 2,2,2,Yok
2023-07-01,2023,Allsvenskan,Degerfors IF,IFK Varnamo,0 - 2,0 - 1,2,2,Yok
2023-07-01,2023,Allsvenskan,Malmo FF,Sirius,3 - 0,1 - 0,1,3,Yok
2023-07-02,2023,Allsvenskan,IFK Norrkoping,BK Hacken,2 - 2,1 - 1,X,4,Evet
2023-07-02,2023,Allsvenskan,Halmstad,IFK Goteborg,0 - 0,0 - 0,X,0,Yok
2023-07-02,2023,Allsvenskan,Djurgardens IF,Varbergs BoIS FC,2 - 0,1 - 0,1,2,Yok
2023-07-03,2023,Allsvenskan,IF Elfsborg,Hammarby FF,2 - 0,1 - 0,1,2,Yok
2023-07-03,2023,Allsvenskan,Mjallby AIF,Kalmar FF,1 - 1,1 - 1,X,2,Evet
2023-07-08,2023,Allsvenskan,AIK Stockholm,BK Hacken,1 - 2,1 - 0,2,3,Evet
2023-07-08,2023,Allsvenskan,IFK Varnamo,Djurgardens IF,1 - 2,1 - 0,2,3,Evet
2023-07-08,2023,Allsvenskan,IF Brommapojkarna,Degerfors IF,1 - 2,1 - 0,2,3,Evet
2023-07-09,2023,Allsvenskan,Sirius,Hammarby FF,1 - 2,1 - 1,2,3,Evet
2023-07-09,2023,Allsvenskan,Malmo FF,Mjallby AIF,1 - 2,0 - 2,2,3,Evet
2023-07-09,2023,Allsvenskan,Kalmar FF,IF Elfsborg,0 - 4,0 - 1,2,4,Yok
2023-07-10,2023,Allsvenskan,IFK Goteborg,Varbergs BoIS FC,1 - 2,0 - 0,2,3,Evet
2023-07-10,2023,Allsvenskan,IFK Norrkoping,Halmstad,1 - 2,0 - 0,2,3,Evet
2023-07-15,2023,Allsvenskan,Halmstad,IFK Varnamo,2 - 2,1 - 2,X,4,Evet
2023-07-15,2023,Allsvenskan,BK Hacken,IF Brommapojkarna,4 - 2,1 - 0,1,6,Evet
2023-07-15,2023,Allsvenskan,Degerfors IF,Sirius,0 - 3,0 - 2,2,3,Yok
2023-07-16,2023,Allsvenskan,Hammarby FF,Kalmar FF,3 - 1,2 - 0,1,4,Evet
2023-07-16,2023,Allsvenskan,IF Elfsborg,IFK Goteborg,1 - 1,0 - 1,X,2,Evet
2023-07-16,2023,Allsvenskan,Mjallby AIF,IFK Norrkoping,1 - 2,0 - 1,2,3,Evet
2023-07-17,2023,Allsvenskan,Djurgardens IF,Malmo FF,2 - 0,1 - 0,1,2,Yok
2023-07-17,2023,Allsvenskan,Varbergs BoIS FC,AIK Stockholm,1 - 2,0 - 2,2,3,Evet
2023-07-21,2023,Allsvenskan,IF Brommapojkarna,Hammarby FF,1 - 0,0 - 0,1,1,Yok
2023-07-22,2023,Allsvenskan,Djurgardens IF,IF Elfsborg,0 - 4,0 - 3,2,4,Yok
2023-07-22,2023,Allsvenskan,IFK Varnamo,BK Hacken,1 - 0,0 - 0,1,1,Yok
2023-07-23,2023,Allsvenskan,AIK Stockholm,Malmo FF,0 - 0,0 - 0,X,0,Yok
2023-07-23,2023,Allsvenskan,IFK Norrkoping,Degerfors IF,1 - 0,0 - 0,1,1,Yok
2023-07-23,2023,Allsvenskan,IFK Goteborg,Halmstad,0 - 0,0 - 0,X,0,Yok
2023-07-23,2023,Allsvenskan,Kalmar FF,Varbergs BoIS FC,1 - 0,0 - 0,1,1,Yok
2023-07-24,2023,Allsvenskan,Sirius,Mjallby AIF,2 - 3,1 - 2,2,5,Evet
2023-07-29,2023,Allsvenskan,BK Hacken,IF Elfsborg,3 - 1,1 - 1,1,4,Evet
2023-07-29,2023,Allsvenskan,Degerfors IF,IF Brommapojkarna,2 - 0,0 - 0,1,2,Yok
2023-07-29,2023,Allsvenskan,Halmstad,Varbergs BoIS FC,0 - 5,0 - 4,2,5,Yok
2023-07-30,2023,Allsvenskan,Hammarby FF,IFK Norrkoping,2 - 1,0 - 0,1,3,Evet
2023-07-30,2023,Allsvenskan,Mjallby AIF,Djurgardens IF,0 - 1,0 - 1,2,1,Yok
2023-07-30,2023,Allsvenskan,IFK Goteborg,Kalmar FF,2 - 0,1 - 0,1,2,Yok
2023-07-31,2023,Allsvenskan,Sirius,AIK Stockholm,0 - 1,0 - 0,2,1,Yok
2023-07-31,2023,Allsvenskan,Malmo FF,IFK Varnamo,3 - 1,1 - 1,1,4,Evet
2023-08-05,2023,Allsvenskan,IF Brommapojkarna,IFK Varnamo,0 - 2,0 - 1,2,2,Yok
2023-08-06,2023,Allsvenskan,IF Elfsborg,Sirius,1 - 0,0 - 0,1,1,Yok
2023-08-06,2023,Allsvenskan,Kalmar FF,AIK Stockholm,1 - 1,1 - 0,X,2,Evet
2023-08-07,2023,Allsvenskan,Malmo FF,Halmstad,3 - 0,1 - 0,1,3,Yok
2023-08-07,2023,Allsvenskan,IFK Norrkoping,IFK Goteborg,3 - 0,2 - 0,1,3,Yok
2023-08-07,2023,Allsvenskan,Varbergs BoIS FC,Mjallby AIF,0 - 3,0 - 1,2,3,Yok
2023-08-12,2023,Allsvenskan,AIK Stockholm,IF Brommapojkarna,2 - 2,1 - 1,X,4,Evet
2023-08-13,2023,Allsvenskan,IFK Goteborg,Djurgardens IF,2 - 1,0 - 1,1,3,Evet
2023-08-13,2023,Allsvenskan,Sirius,Kalmar FF,3 - 0,3 - 0,1,3,Yok
2023-08-13,2023,Allsvenskan,Hammarby FF,IF Elfsborg,1 - 0,1 - 0,1,1,Yok
2023-08-13,2023,Allsvenskan,BK Hacken,Varbergs BoIS FC,2 - 0,1 - 0,1,2,Yok
2023-08-13,2023,Allsvenskan,Halmstad,IFK Norrkoping,1 - 3,1 - 2,2,4,Evet
2023-08-14,2023,Allsvenskan,IFK Varnamo,Degerfors IF,0 - 1,0 - 0,2,1,Yok
2023-08-14,2023,Allsvenskan,Mjallby AIF,Malmo FF,1 - 0,1 - 0,1,1,Yok
2023-08-19,2023,Allsvenskan,IF Brommapojkarna,Halmstad,3 - 1,3 - 1,1,4,Evet
2023-08-19,2023,Allsvenskan,Degerfors IF,IFK Goteborg,1 - 2,0 - 0,2,3,Evet
2023-08-19,2023,Allsvenskan,Varbergs BoIS FC,IFK Varnamo,0 - 3,0 - 2,2,3,Yok
2023-08-20,2023,Allsvenskan,BK Hacken,Sirius,3 - 2,1 - 1,1,5,Evet
2023-08-20,2023,Allsvenskan,Malmo FF,Djurgardens IF,0 - 0,0 - 0,X,0,Yok
2023-08-20,2023,Allsvenskan,IF Elfsborg,Mjallby AIF,2 - 0,2 - 0,1,2,Yok
2023-08-20,2023,Allsvenskan,Kalmar FF,Hammarby FF,0 - 0,0 - 0,X,0,Yok
2023-08-21,2023,Allsvenskan,IFK Norrkoping,AIK Stockholm,3 - 1,2 - 1,1,4,Evet
2023-08-27,2023,Allsvenskan,IF Brommapojkarna,Kalmar FF,2 - 3,0 - 3,2,5,Evet
2023-08-27,2023,Allsvenskan,IFK Varnamo,Halmstad,0 - 0,0 - 0,X,0,Yok
2023-08-27,2023,Allsvenskan,Mjallby AIF,Hammarby FF,0 - 3,0 - 0,2,3,Yok
2023-08-27,2023,Allsvenskan,Djurgardens IF,Degerfors IF,4 - 1,3 - 1,1,5,Evet
2023-08-27,2023,Allsvenskan,IFK Goteborg,BK Hacken,4 - 2,3 - 0,1,6,Evet
2023-08-28,2023,Allsvenskan,IF Elfsborg,IFK Norrkoping,3 - 2,2 - 0,1,5,Evet
2023-08-28,2023,Allsvenskan,AIK Stockholm,Varbergs BoIS FC,3 - 0,2 - 0,1,3,Yok
2023-08-28,2023,Allsvenskan,Sirius,Malmo FF,1 - 3,1 - 2,2,4,Evet
2023-09-02,2023,Allsvenskan,Halmstad,Sirius,2 - 1,2 - 0,1,3,Evet
2023-09-02,2023,Allsvenskan,IFK Varnamo,IF Elfsborg,1 - 0,1 - 0,1,1,Yok
2023-09-03,2023,Allsvenskan,Hammarby FF,AIK Stockholm,4 - 2,1 - 1,1,6,Evet
2023-09-03,2023,Allsvenskan,Kalmar FF,Mjallby AIF,0 - 2,0 - 2,2,2,Yok
2023-09-03,2023,Allsvenskan,Degerfors IF,BK Hacken,1 - 0,0 - 0,1,1,Yok
2023-09-03,2023,Allsvenskan,Malmo FF,IFK Goteborg,2 - 2,0 - 2,X,4,Evet
2023-09-03,2023,Allsvenskan,IFK Norrkoping,Djurgardens IF,0 - 2,0 - 0,2,2,Yok
2023-09-03,2023,Allsvenskan,Varbergs BoIS FC,IF Brommapojkarna,4 - 3,2 - 1,1,7,Evet
2023-09-16,2023,Allsvenskan,IFK Goteborg,IF Brommapojkarna,1 - 0,0 - 0,1,1,Yok
2023-09-16,2023,Allsvenskan,Sirius,Varbergs BoIS FC,7 - 0,5 - 0,1,7,Yok
2023-09-16,2023,Allsvenskan,Djurgardens IF,IFK Varnamo,1 - 2,0 - 1,2,3,Evet
2023-09-17,2023,Allsvenskan,Hammarby FF,Malmo FF,1 - 3,0 - 2,2,4,Evet
2023-09-17,2023,Allsvenskan,BK Hacken,Halmstad,3 - 2,1 - 0,1,5,Evet
2023-09-17,2023,Allsvenskan,IF Elfsborg,Kalmar FF,0 - 3,0 - 3,2,3,Yok
2023-09-18,2023,Allsvenskan,IFK Norrkoping,Mjallby AIF,0 - 2,0 - 0,2,2,Yok
2023-09-18,2023,Allsvenskan,AIK Stockholm,Degerfors IF,2 - 0,1 - 0,1,2,Yok
2023-09-23,2023,Allsvenskan,Degerfors IF,Malmo FF,1 - 2,0 - 1,2,3,Evet
2023-09-23,2023,Allsvenskan,IF Brommapojkarna,IFK Norrkoping,2 - 2,0 - 2,X,4,Evet
2023-09-24,2023,Allsvenskan,AIK Stockholm,Djurgardens IF,2 - 0,0 - 0,1,2,Yok
2023-09-24,2023,Allsvenskan,Mjallby AIF,IFK Goteborg,0 - 1,0 - 0,2,1,Yok
2023-09-24,2023,Allsvenskan,Kalmar FF,BK Hacken,1 - 0,1 - 0,1,1,Yok
2023-09-24,2023,Allsvenskan,Varbergs BoIS FC,Hammarby FF,0 - 1,0 - 0,2,1,Yok
2023-09-25,2023,Allsvenskan,Halmstad,IF Elfsborg,0 - 1,0 - 0,2,1,Yok
2023-09-25,2023,Allsvenskan,IFK Varnamo,Sirius,0 - 1,0 - 0,2,1,Yok
2023-09-30,2023,Allsvenskan,Djurgardens IF,Halmstad,1 - 0,0 - 0,1,1,Yok
2023-09-30,2023,Allsvenskan,IFK Norrkoping,Kalmar FF,1 - 0,1 - 0,1,1,Yok
2023-10-01,2023,Allsvenskan,BK Hacken,AIK Stockholm,2 - 0,0 - 0,1,2,Yok
2023-10-01,2023,Allsvenskan,Sirius,Degerfors IF,3 - 2,0 - 1,1,5,Evet
2023-10-01,2023,Allsvenskan,Hammarby FF,IFK Goteborg,1 - 1,0 - 0,X,2,Evet
2023-10-01,2023,Allsvenskan,Mjallby AIF,IFK Varnamo,2 - 3,2 - 1,2,5,Evet
2023-10-02,2023,Allsvenskan,IF Elfsborg,Varbergs BoIS FC,2 - 1,2 - 1,1,3,Evet
2023-10-02,2023,Allsvenskan,Malmo FF,IF Brommapojkarna,2 - 1,2 - 0,1,3,Evet
2023-10-07,2023,Allsvenskan,AIK Stockholm,Mjallby AIF,1 - 0,1 - 0,1,1,Yok
2023-10-07,2023,Allsvenskan,Halmstad,Degerfors IF,0 - 0,0 - 0,X,0,Yok
2023-10-07,2023,Allsvenskan,IFK Goteborg,Sirius,0 - 1,0 - 0,2,1,Yok
2023-10-08,2023,Allsvenskan,IF Brommapojkarna,IF Elfsborg,0 - 3,0 - 0,2,3,Yok
2023-10-08,2023,Allsvenskan,Kalmar FF,Malmo FF,1 - 0,0 - 0,1,1,Yok
2023-10-08,2023,Allsvenskan,IFK Varnamo,IFK Norrkoping,2 - 1,0 - 1,1,3,Evet
2023-10-08,2023,Allsvenskan,Hammarby FF,BK Hacken,2 - 2,1 - 0,X,4,Evet
2023-10-08,2023,Allsvenskan,Varbergs BoIS FC,Djurgardens IF,0 - 1,0 - 0,2,1,Yok
2023-10-21,2023,Allsvenskan,Degerfors IF,Kalmar FF,1 - 3,0 - 3,2,4,Evet
2023-10-21,2023,Allsvenskan,Sirius,IF Brommapojkarna,3 - 2,1 - 1,1,5,Evet
2023-10-22,2023,Allsvenskan,Djurgardens IF,Hammarby FF,0 - 0,0 - 0,X,0,Yok
2023-10-22,2023,Allsvenskan,Halmstad,Mjallby AIF,1 - 1,1 - 0,X,2,Evet
2023-10-22,2023,Allsvenskan,BK Hacken,IFK Norrkoping,4 - 1,2 - 1,1,5,Evet
2023-10-22,2023,Allsvenskan,Malmo FF,Varbergs BoIS FC,5 - 0,1 - 0,1,5,Yok
2023-10-23,2023,Allsvenskan,IFK Varnamo,IFK Goteborg,3 - 1,0 - 1,1,4,Evet
2023-10-23,2023,Allsvenskan,IF Elfsborg,AIK Stockholm,3 - 0,2 - 0,1,3,Yok
2023-10-28,2023,Allsvenskan,IF Brommapojkarna,Djurgardens IF,1 - 2,0 - 1,2,3,Evet
2023-10-28,2023,Allsvenskan,Varbergs BoIS FC,Degerfors IF,1 - 1,1 - 1,X,2,Evet
2023-10-29,2023,Allsvenskan,Kalmar FF,IFK Varnamo,1 - 3,0 - 1,2,4,Evet
2023-10-29,2023,Allsvenskan,IFK Norrkoping,Malmo FF,0 - 1,0 - 0,2,1,Yok
2023-10-29,2023,Allsvenskan,Mjallby AIF,BK Hacken,2 - 1,0 - 0,1,3,Evet
2023-10-29,2023,Allsvenskan,AIK Stockholm,Halmstad,1 - 1,0 - 1,X,2,Evet
2023-10-30,2023,Allsvenskan,Hammarby FF,Sirius,2 - 2,1 - 0,X,4,Evet
2023-10-30,2023,Allsvenskan,IFK Goteborg,IF Elfsborg,1 - 2,0 - 1,2,3,Evet
2023-11-04,2023,Allsvenskan,IFK Varnamo,Hammarby FF,0 - 0,0 - 0,X,0,Yok
2023-11-04,2023,Allsvenskan,Djurgardens IF,Sirius,2 - 4,1 - 1,2,6,Evet
2023-11-05,2023,Allsvenskan,BK Hacken,Malmo FF,4 - 2,1 - 1,1,6,Evet
2023-11-05,2023,Allsvenskan,Halmstad,Kalmar FF,3 - 0,1 - 0,1,3,Yok
2023-11-05,2023,Allsvenskan,IF Elfsborg,Degerfors IF,2 - 2,0 - 1,X,4,Evet
2023-11-05,2023,Allsvenskan,Mjallby AIF,IF Brommapojkarna,1 - 2,0 - 1,2,3,Evet
2023-11-06,2023,Allsvenskan,IFK Norrkoping,Varbergs BoIS FC,4 - 3,0 - 2,1,7,Evet
2023-11-06,2023,Allsvenskan,IFK Goteborg,AIK Stockholm,1 - 1,1 - 0,X,2,Evet
2023-11-12,2023,Allsvenskan,Hammarby FF,Halmstad,2 - 2,1 - 1,X,4,Evet
2023-11-12,2023,Allsvenskan,Sirius,IFK Norrkoping,2 - 0,0 - 0,1,2,Yok
2023-11-12,2023,Allsvenskan,IF Brommapojkarna,BK Hacken,2 - 1,0 - 1,1,3,Evet
2023-11-12,2023,Allsvenskan,Kalmar FF,Djurgardens IF,2 - 1,0 - 0,1,3,Evet
2023-11-12,2023,Allsvenskan,Malmo FF,IF Elfsborg,1 - 0,0 - 0,1,1,Yok
2023-11-12,2023,Allsvenskan,AIK Stockholm,IFK Varnamo,3 - 1,3 - 0,1,4,Evet
2023-11-12,2023,Allsvenskan,Varbergs BoIS FC,IFK Goteborg,1 - 2,0 - 0,2,3,Evet
2023-11-12,2023,Allsvenskan,Degerfors IF,Mjallby AIF,1 - 2,0 - 0,2,3,Evet
2023-11-24,2023,Allsvenskan,Utsikten,IF Brommapojkarna,0 - 7,0 - 4,2,7,Yok
2023-11-27,2023,Allsvenskan,IF Brommapojkarna,Utsikten,0 - 0,0 - 0,X,0,Yok
2022-04-02,2022,Allsvenskan,Hammarby FF,Helsingborg,2 - 1,1 - 0,1,3,Evet
2022-04-02,2022,Allsvenskan,BK Hacken,AIK Stockholm,4 - 2,2 - 1,1,6,Evet
2022-04-03,2022,Allsvenskan,IFK Goteborg,IFK Varnamo,2 - 1,1 - 0,1,3,Evet
2022-04-03,2022,Allsvenskan,Sirius,GIF Sundsvall,2 - 1,0 - 1,1,3,Evet
2022-04-03,2022,Allsvenskan,Kalmar FF,Malmo FF,0 - 1,0 - 0,2,1,Yok
2022-04-03,2022,Allsvenskan,IFK Norrkoping,Varbergs BoIS FC,0 - 1,0 - 0,2,1,Yok
2022-04-04,2022,Allsvenskan,IF Elfsborg,Mjallby AIF,0 - 2,0 - 0,2,2,Yok
2022-04-04,2022,Allsvenskan,Djurgardens IF,Degerfors IF,3 - 1,1 - 0,1,4,Evet
2022-04-09,2022,Allsvenskan,GIF Sundsvall,Hammarby FF,1 - 5,1 - 4,2,6,Evet
2022-04-09,2022,Allsvenskan,Degerfors IF,BK Hacken,1 - 2,0 - 1,2,3,Evet
2022-04-10,2022,Allsvenskan,Helsingborg,IFK Goteborg,0 - 1,0 - 1,2,1,Yok
2022-04-10,2022,Allsvenskan,Varbergs BoIS FC,Kalmar FF,0 - 3,0 - 2,2,3,Yok
2022-04-10,2022,Allsvenskan,AIK Stockholm,IFK Norrkoping,1 - 0,1 - 0,1,1,Yok
2022-04-10,2022,Allsvenskan,Mjallby AIF,Djurgardens IF,1 - 0,0 - 0,1,1,Yok
2022-04-11,2022,Allsvenskan,IFK Varnamo,Sirius,0 - 0,0 - 0,X,0,Yok
2022-04-11,2022,Allsvenskan,Malmo FF,IF Elfsborg,1 - 1,1 - 0,X,2,Evet
2022-04-15,2022,Allsvenskan,Hammarby FF,Mjallby AIF,2 - 0,0 - 0,1,2,Yok
2022-04-16,2022,Allsvenskan,Djurgardens IF,IFK Norrkoping,2 - 1,0 - 1,1,3,Evet
2022-04-16,2022,Allsvenskan,Varbergs BoIS FC,GIF Sundsvall,2 - 0,2 - 0,1,2,Yok
2022-04-17,2022,Allsvenskan,Kalmar FF,Degerfors IF,2 - 0,1 - 0,1,2,Yok
2022-04-17,2022,Allsvenskan,Malmo FF,AIK Stockholm,3 - 0,2 - 0,1,3,Yok
2022-04-17,2022,Allsvenskan,BK Hacken,IFK Goteborg,0 - 2,0 - 1,2,2,Yok
2022-04-17,2022,Allsvenskan,Sirius,Helsingborg,1 - 0,1 - 0,1,1,Yok
2022-04-17,2022,Allsvenskan,IF Elfsborg,IFK Varnamo,4 - 1,1 - 0,1,5,Evet
2022-04-20,2022,Allsvenskan,IFK Goteborg,Djurgardens IF,1 - 1,1 - 0,X,2,Evet
2022-04-20,2022,Allsvenskan,GIF Sundsvall,Kalmar FF,1 - 0,0 - 0,1,1,Yok
2022-04-20,2022,Allsvenskan,AIK Stockholm,Varbergs BoIS FC,1 - 0,1 - 0,1,1,Yok
2022-04-20,2022,Allsvenskan,IFK Norrkoping,BK Hacken,1 - 1,1 - 1,X,2,Evet
2022-04-20,2022,Allsvenskan,Mjallby AIF,Sirius,3 - 0,1 - 0,1,3,Yok
2022-04-21,2022,Allsvenskan,Helsingborg,IF Elfsborg,1 - 0,1 - 0,1,1,Yok
2022-04-21,2022,Allsvenskan,IFK Varnamo,Malmo FF,0 - 0,0 - 0,X,0,Yok
2022-04-21,2022,Allsvenskan,Degerfors IF,Hammarby FF,0 - 1,0 - 1,2,1,Yok
2022-04-24,2022,Allsvenskan,AIK Stockholm,Djurgardens IF,1 - 0,1 - 0,1,1,Yok
2022-04-24,2022,Allsvenskan,Varbergs BoIS FC,Mjallby AIF,0 - 0,0 - 0,X,0,Yok
2022-04-24,2022,Allsvenskan,Helsingborg,BK Hacken,1 - 1,0 - 0,X,2,Evet
2022-04-25,2022,Allsvenskan,Sirius,Hammarby FF,0 - 3,0 - 1,2,3,Yok
2022-04-25,2022,Allsvenskan,IF Elfsborg,GIF Sundsvall,3 - 1,1 - 1,1,4,Evet
2022-04-25,2022,Allsvenskan,IFK Varnamo,Degerfors IF,2 - 0,1 - 0,1,2,Yok
2022-04-25,2022,Allsvenskan,Malmo FF,IFK Goteborg,1 - 0,0 - 0,1,1,Yok
2022-04-26,2022,Allsvenskan,Kalmar FF,IFK Norrkoping,1 - 2,0 - 2,2,3,Evet
2022-04-30,2022,Allsvenskan,Djurgardens IF,Sirius,4 - 0,2 - 0,1,4,Yok
2022-05-01,2022,Allsvenskan,Degerfors IF,IF Elfsborg,0 - 6,0 - 4,2,6,Yok
2022-05-01,2022,Allsvenskan,Mjallby AIF,Helsingborg,2 - 1,1 - 1,1,3,Evet
2022-05-01,2022,Allsvenskan,BK Hacken,Varbergs BoIS FC,3 - 1,2 - 0,1,4,Evet
2022-05-01,2022,Allsvenskan,GIF Sundsvall,AIK Stockholm,0 - 2,0 - 0,2,2,Yok
2022-05-02,2022,Allsvenskan,IFK Goteborg,Kalmar FF,1 - 2,1 - 0,2,3,Evet
2022-05-02,2022,Allsvenskan,IFK Norrkoping,IFK Varnamo,2 - 0,0 - 0,1,2,Yok
2022-05-02,2022,Allsvenskan,Hammarby FF,Malmo FF,0 - 0,0 - 0,X,0,Yok
2022-05-05,2022,Allsvenskan,Djurgardens IF,Helsingborg,2 - 2,1 - 2,X,4,Evet
2022-05-07,2022,Allsvenskan,AIK Stockholm,IFK Goteborg,1 - 0,0 - 0,1,1,Yok
2022-05-07,2022,Allsvenskan,Malmo FF,Mjallby AIF,2 - 0,2 - 0,1,2,Yok
2022-05-08,2022,Allsvenskan,Kalmar FF,Hammarby FF,2 - 0,2 - 0,1,2,Yok
2022-05-08,2022,Allsvenskan,Varbergs BoIS FC,Sirius,0 - 2,0 - 0,2,2,Yok
2022-05-09,2022,Allsvenskan,GIF Sundsvall,Degerfors IF,2 - 3,0 - 0,2,5,Evet
2022-05-09,2022,Allsvenskan,Helsingborg,IFK Norrkoping,0 - 1,0 - 0,2,1,Yok
2022-05-09,2022,Allsvenskan,IFK Varnamo,BK Hacken,1 - 2,1 - 1,2,3,Evet
2022-05-09,2022,Allsvenskan,IF Elfsborg,Djurgardens IF,0 - 0,0 - 0,X,0,Yok
2022-05-11,2022,Allsvenskan,AIK Stockholm,Malmo FF,2 - 0,1 - 0,1,2,Yok
2022-05-14,2022,Allsvenskan,Mjallby AIF,IFK Varnamo,1 - 1,0 - 1,X,2,Evet
2022-05-14,2022,Allsvenskan,Sirius,IF Elfsborg,2 - 0,0 - 0,1,2,Yok
2022-05-15,2022,Allsvenskan,Hammarby FF,AIK Stockholm,3 - 3,2 - 1,X,6,Evet
2022-05-15,2022,Allsvenskan,BK Hacken,Kalmar FF,3 - 1,1 - 1,1,4,Evet
2022-05-15,2022,Allsvenskan,IFK Goteborg,Varbergs BoIS FC,1 - 1,1 - 0,X,2,Evet
2022-05-15,2022,Allsvenskan,IFK Norrkoping,GIF Sundsvall,5 - 1,4 - 0,1,6,Evet
2022-05-15,2022,Allsvenskan,Degerfors IF,Helsingborg,2 - 1,1 - 0,1,3,Evet
2022-05-16,2022,Allsvenskan,Djurgardens IF,Malmo FF,4 - 0,2 - 0,1,4,Yok
2022-05-21,2022,Allsvenskan,AIK Stockholm,Sirius,2 - 2,2 - 2,X,4,Evet
2022-05-21,2022,Allsvenskan,Helsingborg,IFK Varnamo,1 - 4,1 - 0,2,5,Evet
2022-05-22,2022,Allsvenskan,Hammarby FF,IFK Norrkoping,3 - 0,1 - 0,1,3,Yok
2022-05-22,2022,Allsvenskan,IF Elfsborg,IFK Goteborg,3 - 1,2 - 1,1,4,Evet
2022-05-22,2022,Allsvenskan,Varbergs BoIS FC,Degerfors IF,2 - 1,1 - 0,1,3,Evet
2022-05-22,2022,Allsvenskan,Kalmar FF,Djurgardens IF,1 - 0,0 - 0,1,1,Yok
2022-05-22,2022,Allsvenskan,Malmo FF,BK Hacken,1 - 2,0 - 0,2,3,Evet
2022-05-23,2022,Allsvenskan,GIF Sundsvall,Mjallby AIF,2 - 0,0 - 0,1,2,Yok
2022-05-28,2022,Allsvenskan,IFK Goteborg,GIF Sundsvall,2 - 0,0 - 0,1,2,Yok
2022-05-28,2022,Allsvenskan,Mjallby AIF,Kalmar FF,1 - 1,1 - 0,X,2,Evet
2022-05-28,2022,Allsvenskan,BK Hacken,Sirius,4 - 3,2 - 1,1,7,Evet
2022-05-29,2022,Allsvenskan,Djurgardens IF,Varbergs BoIS FC,4 - 0,2 - 0,1,4,Yok
2022-05-29,2022,Allsvenskan,IFK Norrkoping,IF Elfsborg,2 - 2,1 - 2,X,4,Evet
2022-05-29,2022,Allsvenskan,Degerfors IF,Malmo FF,0 - 2,0 - 2,2,2,Yok
2022-05-29,2022,Allsvenskan,Helsingborg,AIK Stockholm,1 - 2,1 - 0,2,3,Evet
2022-05-29,2022,Allsvenskan,IFK Varnamo,Hammarby FF,1 - 0,0 - 0,1,1,Yok
2022-06-26,2022,Allsvenskan,Hammarby FF,BK Hacken,2 - 2,0 - 0,X,4,Evet
2022-06-26,2022,Allsvenskan,Degerfors IF,AIK Stockholm,1 - 1,1 - 1,X,2,Evet
2022-06-26,2022,Allsvenskan,Mjallby AIF,IFK Norrkoping,1 - 1,0 - 0,X,2,Evet
2022-06-26,2022,Allsvenskan,GIF Sundsvall,Djurgardens IF,2 - 5,1 - 4,2,7,Evet
2022-06-27,2022,Allsvenskan,Sirius,IFK Goteborg,1 - 2,1 - 1,2,3,Evet
2022-06-27,2022,Allsvenskan,IF Elfsborg,Varbergs BoIS FC,4 - 1,1 - 1,1,5,Evet
2022-06-27,2022,Allsvenskan,Kalmar FF,IFK Varnamo,1 - 0,1 - 0,1,1,Yok
2022-06-27,2022,Allsvenskan,Malmo FF,Helsingborg,2 - 1,1 - 1,1,3,Evet
2022-07-01,2022,Allsvenskan,GIF Sundsvall,Malmo FF,2 - 1,2 - 1,1,3,Evet
2022-07-02,2022,Allsvenskan,AIK Stockholm,Mjallby AIF,0 - 1,0 - 1,2,1,Yok
2022-07-02,2022,Allsvenskan,Helsingborg,Kalmar FF,1 - 1,0 - 1,X,2,Evet
2022-07-03,2022,Allsvenskan,Djurgardens IF,Hammarby FF,1 - 0,0 - 0,1,1,Yok
2022-07-03,2022,Allsvenskan,Varbergs BoIS FC,IFK Varnamo,3 - 0,1 - 0,1,3,Yok
2022-07-03,2022,Allsvenskan,BK Hacken,IF Elfsborg,1 - 1,1 - 1,X,2,Evet
2022-07-03,2022,Allsvenskan,IFK Norrkoping,Sirius,0 - 1,0 - 0,2,1,Yok
2022-07-04,2022,Allsvenskan,IFK Goteborg,Degerfors IF,2 - 0,2 - 0,1,2,Yok
2022-07-09,2022,Allsvenskan,Malmo FF,Varbergs BoIS FC,3 - 0,1 - 0,1,3,Yok
2022-07-09,2022,Allsvenskan,Degerfors IF,IFK Norrkoping,1 - 1,0 - 1,X,2,Evet
2022-07-10,2022,Allsvenskan,IF Elfsborg,AIK Stockholm,2 - 2,1 - 1,X,4,Evet
2022-07-10,2022,Allsvenskan,Mjallby AIF,BK Hacken,1 - 2,1 - 0,2,3,Evet
2022-07-10,2022,Allsvenskan,Kalmar FF,Sirius,1 - 1,1 - 1,X,2,Evet
2022-07-11,2022,Allsvenskan,Hammarby FF,IFK Goteborg,3 - 0,1 - 0,1,3,Yok
2022-07-11,2022,Allsvenskan,Helsingborg,Djurgardens IF,0 - 2,0 - 1,2,2,Yok
2022-07-11,2022,Allsvenskan,IFK Varnamo,GIF Sundsvall,1 - 1,1 - 0,X,2,Evet
2022-07-16,2022,Allsvenskan,IFK Norrkoping,Malmo FF,0 - 2,0 - 1,2,2,Yok
2022-07-16,2022,Allsvenskan,Djurgardens IF,IFK Varnamo,5 - 0,2 - 0,1,5,Yok
2022-07-17,2022,Allsvenskan,Hammarby FF,IF Elfsborg,3 - 0,2 - 0,1,3,Yok
2022-07-17,2022,Allsvenskan,IFK Goteborg,Mjallby AIF,1 - 1,1 - 0,X,2,Evet
2022-07-17,2022,Allsvenskan,Sirius,Degerfors IF,2 - 0,1 - 0,1,2,Yok
2022-07-17,2022,Allsvenskan,AIK Stockholm,Kalmar FF,1 - 0,1 - 0,1,1,Yok
2022-07-18,2022,Allsvenskan,GIF Sundsvall,BK Hacken,1 - 5,1 - 1,2,6,Evet
2022-07-18,2022,Allsvenskan,Varbergs BoIS FC,Helsingborg,0 - 0,0 - 0,X,0,Yok
2022-07-23,2022,Allsvenskan,Malmo FF,Sirius,3 - 1,1 - 0,1,4,Evet
2022-07-23,2022,Allsvenskan,Mjallby AIF,Degerfors IF,2 - 1,0 - 0,1,3,Evet
2022-07-24,2022,Allsvenskan,Helsingborg,GIF Sundsvall,1 - 0,1 - 0,1,1,Yok
2022-07-24,2022,Allsvenskan,IFK Varnamo,AIK Stockholm,2 - 3,0 - 1,2,5,Evet
2022-07-24,2022,Allsvenskan,BK Hacken,Djurgardens IF,1 - 2,1 - 0,2,3,Evet
2022-07-24,2022,Allsvenskan,Kalmar FF,IF Elfsborg,1 - 0,0 - 0,1,1,Yok
2022-07-25,2022,Allsvenskan,IFK Norrkoping,IFK Goteborg,0 - 2,0 - 1,2,2,Yok
2022-07-25,2022,Allsvenskan,Varbergs BoIS FC,Hammarby FF,0 - 3,0 - 2,2,3,Yok
2022-07-30,2022,Allsvenskan,Degerfors IF,Kalmar FF,2 - 1,1 - 1,1,3,Evet
2022-07-30,2022,Allsvenskan,GIF Sundsvall,Varbergs BoIS FC,1 - 3,0 - 3,2,4,Evet
2022-07-31,2022,Allsvenskan,Hammarby FF,IFK Varnamo,1 - 2,0 - 0,2,3,Evet
2022-07-31,2022,Allsvenskan,Sirius,Mjallby AIF,0 - 1,0 - 0,2,1,Yok
2022-07-31,2022,Allsvenskan,IF Elfsborg,BK Hacken,4 - 4,2 - 1,X,8,Evet
2022-08-01,2022,Allsvenskan,IFK Goteborg,IFK Norrkoping,2 - 0,1 - 0,1,2,Yok
2022-08-06,2022,Allsvenskan,IFK Norrkoping,Degerfors IF,2 - 0,1 - 0,1,2,Yok
2022-08-07,2022,Allsvenskan,Hammarby FF,GIF Sundsvall,3 - 0,1 - 0,1,3,Yok
2022-08-07,2022,Allsvenskan,Sirius,Malmo FF,2 - 1,1 - 1,1,3,Evet
2022-08-07,2022,Allsvenskan,Kalmar FF,AIK Stockholm,1 - 0,0 - 0,1,1,Yok
2022-08-07,2022,Allsvenskan,IFK Varnamo,Djurgardens IF,0 - 0,0 - 0,X,0,Yok
2022-08-07,2022,Allsvenskan,Mjallby AIF,IF Elfsborg,1 - 1,1 - 0,X,2,Evet
2022-08-08,2022,Allsvenskan,BK Hacken,Helsingborg,5 - 0,1 - 0,1,5,Yok
2022-08-08,2022,Allsvenskan,Varbergs BoIS FC,IFK Goteborg,0 - 4,0 - 1,2,4,Yok
2022-08-13,2022,Allsvenskan,Helsingborg,Sirius,0 - 0,0 - 0,X,0,Yok
2022-08-14,2022,Allsvenskan,Djurgardens IF,Kalmar FF,3 - 2,2 - 0,1,5,Evet
2022-08-14,2022,Allsvenskan,Malmo FF,GIF Sundsvall,3 - 1,3 - 0,1,4,Evet
2022-08-14,2022,Allsvenskan,AIK Stockholm,IFK Varnamo,2 - 2,1 - 1,X,4,Evet
2022-08-14,2022,Allsvenskan,IF Elfsborg,IFK Norrkoping,1 - 1,1 - 0,X,2,Evet
2022-08-14,2022,Allsvenskan,Degerfors IF,Varbergs BoIS FC,1 - 1,0 - 0,X,2,Evet
2022-08-15,2022,Allsvenskan,BK Hacken,Mjallby AIF,1 - 0,0 - 0,1,1,Yok
2022-08-15,2022,Allsvenskan,IFK Goteborg,Hammarby FF,0 - 1,0 - 0,2,1,Yok
2022-08-20,2022,Allsvenskan,Varbergs BoIS FC,Djurgardens IF,2 - 2,2 - 0,X,4,Evet
2022-08-21,2022,Allsvenskan,IFK Varnamo,IF Elfsborg,1 - 1,1 - 0,X,2,Evet
2022-08-21,2022,Allsvenskan,Mjallby AIF,Malmo FF,1 - 1,0 - 0,X,2,Evet
2022-08-21,2022,Allsvenskan,GIF Sundsvall,Helsingborg,1 - 2,0 - 1,2,3,Evet
2022-08-21,2022,Allsvenskan,IFK Norrkoping,AIK Stockholm,2 - 4,0 - 3,2,6,Evet
2022-08-22,2022,Allsvenskan,Sirius,BK Hacken,0 - 1,0 - 0,2,1,Yok
2022-08-22,2022,Allsvenskan,Kalmar FF,IFK Goteborg,1 - 0,0 - 0,1,1,Yok
2022-08-22,2022,Allsvenskan,Hammarby FF,Degerfors IF,5 - 1,2 - 1,1,6,Evet
2022-08-27,2022,Allsvenskan,BK Hacken,IFK Varnamo,4 - 1,1 - 0,1,5,Evet
2022-08-27,2022,Allsvenskan,Degerfors IF,GIF Sundsvall,3 - 1,1 - 1,1,4,Evet
2022-08-28,2022,Allsvenskan,IFK Goteborg,Sirius,2 - 0,1 - 0,1,2,Yok
2022-08-28,2022,Allsvenskan,AIK Stockholm,Hammarby FF,2 - 2,1 - 1,X,4,Evet
2022-08-28,2022,Allsvenskan,Varbergs BoIS FC,IFK Norrkoping,1 - 1,0 - 1,X,2,Evet
2022-08-28,2022,Allsvenskan,Malmo FF,Kalmar FF,0 - 1,0 - 0,2,1,Yok
2022-08-28,2022,Allsvenskan,Helsingborg,Mjallby AIF,0 - 1,0 - 0,2,1,Yok
2022-08-29,2022,Allsvenskan,Djurgardens IF,IF Elfsborg,2 - 1,2 - 0,1,3,Evet
2022-09-04,2022,Allsvenskan,BK Hacken,Degerfors IF,2 - 2,1 - 0,X,4,Evet
2022-09-04,2022,Allsvenskan,Sirius,Djurgardens IF,0 - 1,0 - 1,2,1,Yok
2022-09-04,2022,Allsvenskan,IF Elfsborg,Malmo FF,3 - 2,1 - 1,1,5,Evet
2022-09-04,2022,Allsvenskan,AIK Stockholm,GIF Sundsvall,4 - 0,1 - 0,1,4,Yok
2022-09-05,2022,Allsvenskan,Kalmar FF,Varbergs BoIS FC,1 - 0,1 - 0,1,1,Yok
2022-09-05,2022,Allsvenskan,IFK Varnamo,Helsingborg,3 - 2,2 - 1,1,5,Evet
2022-09-05,2022,Allsvenskan,Mjallby AIF,IFK Goteborg,1 - 4,0 - 3,2,5,Evet
2022-09-05,2022,Allsvenskan,IFK Norrkoping,Hammarby FF,4 - 1,0 - 1,1,5,Evet
2022-09-10,2022,Allsvenskan,Sirius,IFK Varnamo,2 - 3,0 - 2,2,5,Evet
2022-09-10,2022,Allsvenskan,Degerfors IF,Mjallby AIF,0 - 0,0 - 0,X,0,Yok
2022-09-11,2022,Allsvenskan,Hammarby FF,Djurgardens IF,0 - 0,0 - 0,X,0,Yok
2022-09-11,2022,Allsvenskan,GIF Sundsvall,IF Elfsborg,0 - 2,0 - 2,2,2,Yok
2022-09-11,2022,Allsvenskan,Malmo FF,IFK Norrkoping,2 - 1,0 - 1,1,3,Evet
2022-09-11,2022,Allsvenskan,Varbergs BoIS FC,AIK Stockholm,2 - 0,0 - 0,1,2,Yok
2022-09-12,2022,Allsvenskan,Kalmar FF,BK Hacken,1 - 1,1 - 0,X,2,Evet
2022-09-12,2022,Allsvenskan,IFK Goteborg,Helsingborg,1 - 3,1 - 2,2,4,Evet
2022-09-17,2022,Allsvenskan,BK Hacken,Hammarby FF,1 - 1,0 - 1,X,2,Evet
2022-09-17,2022,Allsvenskan,IFK Norrkoping,Kalmar FF,2 - 2,1 - 0,X,4,Evet
2022-09-17,2022,Allsvenskan,IFK Varnamo,Varbergs BoIS FC,1 - 0,0 - 0,1,1,Yok
2022-09-18,2022,Allsvenskan,IF Elfsborg,Sirius,3 - 0,2 - 0,1,3,Yok
2022-09-18,2022,Allsvenskan,Helsingborg,Malmo FF,1 - 2,1 - 1,2,3,Evet
2022-09-18,2022,Allsvenskan,Mjallby AIF,GIF Sundsvall,1 - 1,0 - 0,X,2,Evet
2022-09-18,2022,Allsvenskan,Djurgardens IF,IFK Goteborg,3 - 0,2 - 0,1,3,Yok
2022-09-18,2022,Allsvenskan,AIK Stockholm,Degerfors IF,1 - 1,1 - 0,X,2,Evet
2022-10-01,2022,Allsvenskan,Malmo FF,Hammarby FF,0 - 0,0 - 0,X,0,Yok
2022-10-01,2022,Allsvenskan,Degerfors IF,Djurgardens IF,3 - 0,1 - 0,1,3,Yok
2022-10-02,2022,Allsvenskan,GIF Sundsvall,IFK Norrkoping,1 - 3,0 - 2,2,4,Evet
2022-10-02,2022,Allsvenskan,Varbergs BoIS FC,BK Hacken,1 - 1,1 - 0,X,2,Evet
2022-10-02,2022,Allsvenskan,Sirius,AIK Stockholm,1 - 1,0 - 0,X,2,Evet
2022-10-02,2022,Allsvenskan,Kalmar FF,Helsingborg,2 - 0,1 - 0,1,2,Yok
2022-10-03,2022,Allsvenskan,IFK Varnamo,Mjallby AIF,2 - 1,1 - 1,1,3,Evet
2022-10-03,2022,Allsvenskan,IFK Goteborg,IF Elfsborg,1 - 3,1 - 2,2,4,Evet
2022-10-08,2022,Allsvenskan,Degerfors IF,Sirius,0 - 0,0 - 0,X,0,Yok
2022-10-09,2022,Allsvenskan,IF Elfsborg,Kalmar FF,0 - 2,0 - 2,2,2,Yok
2022-10-09,2022,Allsvenskan,GIF Sundsvall,IFK Goteborg,3 - 2,3 - 0,1,5,Evet
2022-10-09,2022,Allsvenskan,Malmo FF,IFK Varnamo,0 - 0,0 - 0,X,0,Yok
2022-10-09,2022,Allsvenskan,Djurgardens IF,BK Hacken,0 - 1,0 - 1,2,1,Yok
2022-10-09,2022,Allsvenskan,AIK Stockholm,Helsingborg,2 - 0,0 - 0,1,2,Yok
2022-10-10,2022,Allsvenskan,IFK Norrkoping,Mjallby AIF,2 - 2,1 - 0,X,4,Evet
2022-10-10,2022,Allsvenskan,Hammarby FF,Varbergs BoIS FC,5 - 1,3 - 0,1,6,Evet
2022-10-14,2022,Allsvenskan,IF Elfsborg,Degerfors IF,1 - 1,0 - 0,X,2,Evet
2022-10-15,2022,Allsvenskan,BK Hacken,GIF Sundsvall,4 - 1,1 - 1,1,5,Evet
2022-10-15,2022,Allsvenskan,Helsingborg,Varbergs BoIS FC,1 - 3,0 - 2,2,4,Evet
2022-10-15,2022,Allsvenskan,Sirius,IFK Norrkoping,2 - 0,2 - 0,1,2,Yok
2022-10-15,2022,Allsvenskan,IFK Varnamo,Kalmar FF,1 - 3,1 - 1,2,4,Evet
2022-10-16,2022,Allsvenskan,Djurgardens IF,AIK Stockholm,1 - 2,0 - 1,2,3,Evet
2022-10-16,2022,Allsvenskan,Mjallby AIF,Hammarby FF,0 - 3,0 - 3,2,3,Yok
2022-10-17,2022,Allsvenskan,IFK Goteborg,Malmo FF,2 - 1,0 - 0,1,3,Evet
2022-10-19,2022,Allsvenskan,GIF Sundsvall,IFK Varnamo,1 - 2,1 - 1,2,3,Evet
2022-10-19,2022,Allsvenskan,AIK Stockholm,BK Hacken,1 - 2,0 - 1,2,3,Evet
2022-10-19,2022,Allsvenskan,IFK Norrkoping,Helsingborg,2 - 0,1 - 0,1,2,Yok
2022-10-19,2022,Allsvenskan,Varbergs BoIS FC,IF Elfsborg,0 - 3,0 - 0,2,3,Yok
2022-10-20,2022,Allsvenskan,Hammarby FF,Sirius,1 - 1,0 - 0,X,2,Evet
2022-10-20,2022,Allsvenskan,Kalmar FF,Mjallby AIF,1 - 2,0 - 1,2,3,Evet
2022-10-20,2022,Allsvenskan,Malmo FF,Djurgardens IF,2 - 3,2 - 0,2,5,Evet
2022-10-20,2022,Allsvenskan,Degerfors IF,IFK Goteborg,3 - 1,0 - 1,1,4,Evet
2022-10-23,2022,Allsvenskan,IF Elfsborg,Hammarby FF,2 - 1,1 - 0,1,3,Evet
2022-10-23,2022,Allsvenskan,Helsingborg,Degerfors IF,1 - 2,0 - 1,2,3,Evet
2022-10-23,2022,Allsvenskan,BK Hacken,Malmo FF,2 - 1,1 - 0,1,3,Evet
2022-10-24,2022,Allsvenskan,Djurgardens IF,GIF Sundsvall,4 - 0,2 - 0,1,4,Yok
2022-10-24,2022,Allsvenskan,Sirius,Kalmar FF,0 - 0,0 - 0,X,0,Yok
2022-10-24,2022,Allsvenskan,IFK Varnamo,IFK Norrkoping,1 - 1,0 - 1,X,2,Evet
2022-10-24,2022,Allsvenskan,Mjallby AIF,Varbergs BoIS FC,4 - 1,1 - 0,1,5,Evet
2022-10-24,2022,Allsvenskan,IFK Goteborg,AIK Stockholm,1 - 0,0 - 0,1,1,Yok
2022-10-29,2022,Allsvenskan,Degerfors IF,IFK Varnamo,0 - 0,0 - 0,X,0,Yok
2022-10-30,2022,Allsvenskan,IFK Goteborg,BK Hacken,0 - 4,0 - 3,2,4,Yok
2022-10-30,2022,Allsvenskan,GIF Sundsvall,Sirius,2 - 3,1 - 1,2,5,Evet
2022-10-30,2022,Allsvenskan,Mjallby AIF,AIK Stockholm,1 - 2,0 - 1,2,3,Evet
2022-10-30,2022,Allsvenskan,Hammarby FF,Kalmar FF,4 - 2,1 - 0,1,6,Evet
2022-10-30,2022,Allsvenskan,Varbergs BoIS FC,Malmo FF,2 - 5,0 - 1,2,7,Evet
2022-10-31,2022,Allsvenskan,IF Elfsborg,Helsingborg,3 - 0,1 - 0,1,3,Yok
2022-10-31,2022,Allsvenskan,IFK Norrkoping,Djurgardens IF,0 - 1,0 - 0,2,1,Yok
2022-11-06,2022,Allsvenskan,Djurgardens IF,Mjallby AIF,0 - 1,0 - 1,2,1,Yok
2022-11-06,2022,Allsvenskan,BK Hacken,IFK Norrkoping,3 - 3,2 - 2,X,6,Evet
2022-11-06,2022,Allsvenskan,Sirius,Varbergs BoIS FC,2 - 3,0 - 3,2,5,Evet
2022-11-06,2022,Allsvenskan,Kalmar FF,GIF Sundsvall,4 - 0,1 - 0,1,4,Yok
2022-11-06,2022,Allsvenskan,Malmo FF,Degerfors IF,2 - 2,1 - 1,X,4,Evet
2022-11-06,2022,Allsvenskan,AIK Stockholm,IF Elfsborg,0 - 1,0 - 0,2,1,Yok
2022-11-06,2022,Allsvenskan,Helsingborg,Hammarby FF,0 - 2,0 - 0,2,2,Yok
2022-11-06,2022,Allsvenskan,IFK Varnamo,IFK Goteborg,1 - 4,0 - 1,2,5,Evet
2022-11-10,2022,Allsvenskan,Osters IF,Varbergs BoIS FC,1 - 2,1 - 1,2,3,Evet
2022-11-13,2022,Allsvenskan,Varbergs BoIS FC,Osters IF,2 - 1,1 - 0,1,3,Evet
2021-04-10,2021,Allsvenskan,Malmo FF,Hammarby FF,3 - 2,2 - 2,1,5,Evet
2021-04-10,2021,Allsvenskan,Orebro SK,IFK Goteborg,0 - 0,0 - 0,X,0,Yok
2021-04-11,2021,Allsvenskan,Halmstad,BK Hacken,1 - 0,0 - 0,1,1,Yok
2021-04-11,2021,Allsvenskan,Mjallby AIF,Varbergs BoIS FC,0 - 0,0 - 0,X,0,Yok
2021-04-11,2021,Allsvenskan,IF Elfsborg,Djurgardens IF,0 - 2,0 - 1,2,2,Yok
2021-04-11,2021,Allsvenskan,IFK Norrkoping,Sirius,1 - 1,1 - 0,X,2,Evet
2021-04-12,2021,Allsvenskan,Kalmar FF,Ostersunds FK,0 - 0,0 - 0,X,0,Yok
2021-04-12,2021,Allsvenskan,AIK Stockholm,Degerfors IF,2 - 0,1 - 0,1,2,Yok
2021-04-17,2021,Allsvenskan,Hammarby FF,Mjallby AIF,2 - 0,1 - 0,1,2,Yok
2021-04-18,2021,Allsvenskan,BK Hacken,Malmo FF,1 - 2,0 - 2,2,3,Evet
2021-04-18,2021,Allsvenskan,Ostersunds FK,Orebro SK,5 - 0,3 - 0,1,5,Yok
2021-04-18,2021,Allsvenskan,Degerfors IF,Kalmar FF,0 - 1,0 - 1,2,1,Yok
2021-04-18,2021,Allsvenskan,Djurgardens IF,IFK Norrkoping,1 - 0,0 - 0,1,1,Yok
2021-04-18,2021,Allsvenskan,Sirius,Halmstad,1 - 0,0 - 0,1,1,Yok
2021-04-19,2021,Allsvenskan,IFK Goteborg,AIK Stockholm,2 - 0,2 - 0,1,2,Yok
2021-04-19,2021,Allsvenskan,Varbergs BoIS FC,IF Elfsborg,1 - 3,0 - 2,2,4,Evet
2021-04-24,2021,Allsvenskan,BK Hacken,Sirius,1 - 2,0 - 1,2,3,Evet
2021-04-25,2021,Allsvenskan,Kalmar FF,Orebro SK,1 - 0,0 - 0,1,1,Yok
2021-04-25,2021,Allsvenskan,IFK Norrkoping,Halmstad,2 - 1,0 - 1,1,3,Evet
2021-04-25,2021,Allsvenskan,Varbergs BoIS FC,Djurgardens IF,1 - 3,1 - 2,2,4,Evet
2021-04-25,2021,Allsvenskan,Malmo FF,Ostersunds FK,1 - 1,0 - 0,X,2,Evet
2021-04-25,2021,Allsvenskan,AIK Stockholm,Hammarby FF,2 - 0,1 - 0,1,2,Yok
2021-04-26,2021,Allsvenskan,IFK Goteborg,Degerfors IF,2 - 3,0 - 2,2,5,Evet
2021-04-26,2021,Allsvenskan,IF Elfsborg,Mjallby AIF,1 - 0,1 - 0,1,1,Yok
2021-05-01,2021,Allsvenskan,Sirius,Kalmar FF,1 - 1,0 - 0,X,2,Evet
2021-05-01,2021,Allsvenskan,Hammarby FF,BK Hacken,1 - 1,0 - 1,X,2,Evet
2021-05-02,2021,Allsvenskan,Orebro SK,IFK Norrkoping,0 - 3,0 - 1,2,3,Yok
2021-05-02,2021,Allsvenskan,Ostersunds FK,Varbergs BoIS FC,1 - 2,1 - 1,2,3,Evet
2021-05-02,2021,Allsvenskan,Halmstad,IFK Goteborg,1 - 1,1 - 0,X,2,Evet
2021-05-02,2021,Allsvenskan,AIK Stockholm,IF Elfsborg,1 - 0,0 - 0,1,1,Yok
2021-05-03,2021,Allsvenskan,Djurgardens IF,Malmo FF,3 - 1,1 - 0,1,4,Evet
2021-05-03,2021,Allsvenskan,Mjallby AIF,Degerfors IF,1 - 0,0 - 0,1,1,Yok
2021-05-08,2021,Allsvenskan,Hammarby FF,Sirius,3 - 2,1 - 0,1,5,Evet
2021-05-08,2021,Allsvenskan,IFK Goteborg,BK Hacken,1 - 1,0 - 0,X,2,Evet
2021-05-08,2021,Allsvenskan,Orebro SK,Halmstad,1 - 0,0 - 0,1,1,Yok
2021-05-08,2021,Allsvenskan,IF Elfsborg,Kalmar FF,2 - 2,1 - 0,X,4,Evet
2021-05-09,2021,Allsvenskan,Degerfors IF,Djurgardens IF,2 - 0,0 - 0,1,2,Yok
2021-05-09,2021,Allsvenskan,Mjallby AIF,Ostersunds FK,1 - 0,1 - 0,1,1,Yok
2021-05-09,2021,Allsvenskan,Malmo FF,Varbergs BoIS FC,3 - 2,1 - 1,1,5,Evet
2021-05-10,2021,Allsvenskan,IFK Norrkoping,AIK Stockholm,2 - 0,0 - 0,1,2,Yok
2021-05-12,2021,Allsvenskan,Djurgardens IF,Ostersunds FK,2 - 0,1 - 0,1,2,Yok
2021-05-12,2021,Allsvenskan,BK Hacken,Orebro SK,2 - 3,2 - 0,2,5,Evet
2021-05-12,2021,Allsvenskan,Sirius,IF Elfsborg,0 - 2,0 - 1,2,2,Yok
2021-05-12,2021,Allsvenskan,Kalmar FF,IFK Goteborg,0 - 0,0 - 0,X,0,Yok
2021-05-12,2021,Allsvenskan,Varbergs BoIS FC,Hammarby FF,1 - 3,1 - 0,2,4,Evet
2021-05-13,2021,Allsvenskan,Halmstad,Mjallby AIF,1 - 1,1 - 0,X,2,Evet
2021-05-13,2021,Allsvenskan,AIK Stockholm,Malmo FF,1 - 1,0 - 1,X,2,Evet
2021-05-13,2021,Allsvenskan,IFK Norrkoping,Degerfors IF,1 - 1,1 - 0,X,2,Evet
2021-05-16,2021,Allsvenskan,Hammarby FF,Djurgardens IF,2 - 2,0 - 1,X,4,Evet
2021-05-17,2021,Allsvenskan,IFK Goteborg,Sirius,2 - 2,1 - 1,X,4,Evet
2021-05-17,2021,Allsvenskan,IF Elfsborg,Halmstad,2 - 3,2 - 1,2,5,Evet
2021-05-17,2021,Allsvenskan,Malmo FF,Kalmar FF,3 - 1,2 - 0,1,4,Evet
2021-05-17,2021,Allsvenskan,Ostersunds FK,AIK Stockholm,1 - 2,0 - 2,2,3,Evet
2021-05-17,2021,Allsvenskan,Varbergs BoIS FC,IFK Norrkoping,2 - 1,2 - 0,1,3,Evet
2021-05-17,2021,Allsvenskan,Mjallby AIF,BK Hacken,1 - 1,0 - 0,X,2,Evet
2021-05-18,2021,Allsvenskan,Degerfors IF,Orebro SK,3 - 0,2 - 0,1,3,Yok
2021-05-20,2021,Allsvenskan,Malmo FF,IF Elfsborg,2 - 1,1 - 0,1,3,Evet
2021-05-22,2021,Allsvenskan,AIK Stockholm,Mjallby AIF,2 - 2,1 - 0,X,4,Evet
2021-05-22,2021,Allsvenskan,Ostersunds FK,Sirius,3 - 0,1 - 0,1,3,Yok
2021-05-23,2021,Allsvenskan,Kalmar FF,Hammarby FF,2 - 1,1 - 1,1,3,Evet
2021-05-23,2021,Allsvenskan,Halmstad,Degerfors IF,0 - 0,0 - 0,X,0,Yok
2021-05-23,2021,Allsvenskan,Djurgardens IF,IFK Goteborg,0 - 0,0 - 0,X,0,Yok
2021-05-23,2021,Allsvenskan,BK Hacken,Varbergs BoIS FC,3 - 1,3 - 0,1,4,Evet
2021-05-24,2021,Allsvenskan,Orebro SK,Malmo FF,1 - 2,0 - 1,2,3,Evet
2021-05-24,2021,Allsvenskan,IF Elfsborg,IFK Norrkoping,1 - 0,1 - 0,1,1,Yok
2021-07-03,2021,Allsvenskan,IFK Norrkoping,Malmo FF,3 - 2,2 - 2,1,5,Evet
2021-07-03,2021,Allsvenskan,Degerfors IF,Ostersunds FK,3 - 1,0 - 1,1,4,Evet
2021-07-04,2021,Allsvenskan,BK Hacken,AIK Stockholm,2 - 1,0 - 0,1,3,Evet
2021-07-04,2021,Allsvenskan,Varbergs BoIS FC,Kalmar FF,1 - 1,0 - 0,X,2,Evet
2021-07-04,2021,Allsvenskan,Hammarby FF,Halmstad,1 - 1,0 - 0,X,2,Evet
2021-07-04,2021,Allsvenskan,Sirius,Mjallby AIF,2 - 1,1 - 1,1,3,Evet
2021-07-05,2021,Allsvenskan,Djurgardens IF,Orebro SK,3 - 0,1 - 0,1,3,Yok
2021-07-05,2021,Allsvenskan,IFK Goteborg,IF Elfsborg,0 - 1,0 - 0,2,1,Yok
2021-07-10,2021,Allsvenskan,Malmo FF,Sirius,4 - 0,2 - 0,1,4,Yok
2021-07-10,2021,Allsvenskan,AIK Stockholm,Varbergs BoIS FC,2 - 1,1 - 1,1,3,Evet
2021-07-11,2021,Allsvenskan,Hammarby FF,Degerfors IF,5 - 1,1 - 1,1,6,Evet
2021-07-11,2021,Allsvenskan,Mjallby AIF,IFK Norrkoping,0 - 1,0 - 1,2,1,Yok
2021-07-11,2021,Allsvenskan,IF Elfsborg,Orebro SK,2 - 1,0 - 0,1,3,Evet
2021-07-11,2021,Allsvenskan,Ostersunds FK,IFK Goteborg,2 - 3,0 - 2,2,5,Evet
2021-07-12,2021,Allsvenskan,Kalmar FF,BK Hacken,2 - 3,1 - 1,2,5,Evet
2021-07-12,2021,Allsvenskan,Halmstad,Djurgardens IF,0 - 0,0 - 0,X,0,Yok
2021-07-17,2021,Allsvenskan,Degerfors IF,Malmo FF,0 - 5,0 - 2,2,5,Yok
2021-07-17,2021,Allsvenskan,IF Elfsborg,Ostersunds FK,3 - 0,1 - 0,1,3,Yok
2021-07-18,2021,Allsvenskan,Orebro SK,Hammarby FF,0 - 2,0 - 1,2,2,Yok
2021-07-18,2021,Allsvenskan,IFK Norrkoping,BK Hacken,0 - 1,0 - 0,2,1,Yok
2021-07-18,2021,Allsvenskan,IFK Goteborg,Mjallby AIF,3 - 2,1 - 1,1,5,Evet
2021-07-18,2021,Allsvenskan,AIK Stockholm,Kalmar FF,2 - 0,0 - 0,1,2,Yok
2021-07-19,2021,Allsvenskan,Djurgardens IF,Sirius,5 - 1,4 - 0,1,6,Evet
2021-07-19,2021,Allsvenskan,Halmstad,Varbergs BoIS FC,1 - 1,0 - 0,X,2,Evet
2021-07-24,2021,Allsvenskan,Mjallby AIF,Malmo FF,0 - 2,0 - 0,2,2,Yok
2021-07-24,2021,Allsvenskan,Sirius,Degerfors IF,2 - 0,2 - 0,1,2,Yok
2021-07-25,2021,Allsvenskan,Kalmar FF,Djurgardens IF,0 - 1,0 - 0,2,1,Yok
2021-07-25,2021,Allsvenskan,Hammarby FF,IFK Norrkoping,2 - 1,1 - 1,1,3,Evet
2021-07-25,2021,Allsvenskan,BK Hacken,IF Elfsborg,1 - 1,1 - 1,X,2,Evet
2021-07-26,2021,Allsvenskan,Orebro SK,AIK Stockholm,1 - 1,1 - 0,X,2,Evet
2021-07-26,2021,Allsvenskan,Ostersunds FK,Halmstad,0 - 1,0 - 0,2,1,Yok
2021-07-26,2021,Allsvenskan,Varbergs BoIS FC,IFK Goteborg,2 - 0,1 - 0,1,2,Yok
2021-07-31,2021,Allsvenskan,Degerfors IF,Varbergs BoIS FC,1 - 1,0 - 0,X,2,Evet
2021-08-01,2021,Allsvenskan,Djurgardens IF,BK Hacken,2 - 1,0 - 0,1,3,Evet
2021-08-01,2021,Allsvenskan,Kalmar FF,Mjallby AIF,1 - 0,0 - 0,1,1,Yok
2021-08-01,2021,Allsvenskan,Ostersunds FK,Hammarby FF,1 - 1,1 - 0,X,2,Evet
2021-08-02,2021,Allsvenskan,IFK Goteborg,IFK Norrkoping,1 - 2,0 - 2,2,3,Evet
2021-08-02,2021,Allsvenskan,Sirius,Orebro SK,1 - 2,0 - 1,2,3,Evet
2021-08-02,2021,Allsvenskan,AIK Stockholm,Halmstad,1 - 0,1 - 0,1,1,Yok
2021-08-07,2021,Allsvenskan,Orebro SK,Mjallby AIF,2 - 2,1 - 1,X,4,Evet
2021-08-07,2021,Allsvenskan,Halmstad,Malmo FF,0 - 0,0 - 0,X,0,Yok
2021-08-08,2021,Allsvenskan,Djurgardens IF,AIK Stockholm,1 - 4,1 - 1,2,5,Evet
2021-08-08,2021,Allsvenskan,BK Hacken,Ostersunds FK,5 - 0,2 - 0,1,5,Yok
2021-08-08,2021,Allsvenskan,IFK Goteborg,Hammarby FF,0 - 0,0 - 0,X,0,Yok
2021-08-08,2021,Allsvenskan,IF Elfsborg,Degerfors IF,3 - 0,2 - 0,1,3,Yok
2021-08-09,2021,Allsvenskan,IFK Norrkoping,Kalmar FF,1 - 2,0 - 1,2,3,Evet
2021-08-09,2021,Allsvenskan,Varbergs BoIS FC,Sirius,0 - 0,0 - 0,X,0,Yok
2021-08-14,2021,Allsvenskan,Malmo FF,IFK Goteborg,2 - 3,1 - 1,2,5,Evet
2021-08-14,2021,Allsvenskan,Kalmar FF,Halmstad,1 - 1,1 - 1,X,2,Evet
2021-08-15,2021,Allsvenskan,Degerfors IF,BK Hacken,3 - 0,3 - 0,1,3,Yok
2021-08-15,2021,Allsvenskan,Mjallby AIF,Djurgardens IF,0 - 1,0 - 1,2,1,Yok
2021-08-15,2021,Allsvenskan,Hammarby FF,IF Elfsborg,0 - 2,0 - 1,2,2,Yok
2021-08-15,2021,Allsvenskan,Ostersunds FK,IFK Norrkoping,1 - 2,0 - 1,2,3,Evet
2021-08-16,2021,Allsvenskan,Sirius,AIK Stockholm,0 - 1,0 - 0,2,1,Yok
2021-08-16,2021,Allsvenskan,Varbergs BoIS FC,Orebro SK,1 - 0,0 - 0,1,1,Yok
2021-08-21,2021,Allsvenskan,Malmo FF,Degerfors IF,3 - 0,1 - 0,1,3,Yok
2021-08-22,2021,Allsvenskan,IF Elfsborg,Hammarby FF,2 - 2,1 - 0,X,4,Evet
2021-08-22,2021,Allsvenskan,Halmstad,IFK Norrkoping,2 - 1,1 - 0,1,3,Evet
2021-08-22,2021,Allsvenskan,Orebro SK,Sirius,1 - 1,1 - 0,X,2,Evet
2021-08-22,2021,Allsvenskan,AIK Stockholm,BK Hacken,2 - 1,1 - 0,1,3,Evet
2021-08-23,2021,Allsvenskan,Djurgardens IF,Mjallby AIF,0 - 0,0 - 0,X,0,Yok
2021-08-23,2021,Allsvenskan,IFK Goteborg,Varbergs BoIS FC,1 - 2,0 - 1,2,3,Evet
2021-08-23,2021,Allsvenskan,Ostersunds FK,Kalmar FF,0 - 1,0 - 0,2,1,Yok
2021-08-28,2021,Allsvenskan,AIK Stockholm,Orebro SK,2 - 0,2 - 0,1,2,Yok
2021-08-28,2021,Allsvenskan,Degerfors IF,Mjallby AIF,0 - 2,0 - 1,2,2,Yok
2021-08-28,2021,Allsvenskan,Varbergs BoIS FC,Halmstad,1 - 0,0 - 0,1,1,Yok
2021-08-29,2021,Allsvenskan,BK Hacken,IFK Goteborg,3 - 2,2 - 1,1,5,Evet
2021-08-29,2021,Allsvenskan,Sirius,Djurgardens IF,1 - 0,0 - 0,1,1,Yok
2021-08-29,2021,Allsvenskan,IFK Norrkoping,Ostersunds FK,3 - 0,2 - 0,1,3,Yok
2021-08-29,2021,Allsvenskan,Hammarby FF,Malmo FF,2 - 1,1 - 1,1,3,Evet
2021-08-29,2021,Allsvenskan,Kalmar FF,IF Elfsborg,0 - 3,0 - 2,2,3,Yok
2021-09-11,2021,Allsvenskan,Sirius,Ostersunds FK,1 - 0,1 - 0,1,1,Yok
2021-09-11,2021,Allsvenskan,Malmo FF,IFK Norrkoping,1 - 1,0 - 0,X,2,Evet
2021-09-12,2021,Allsvenskan,Djurgardens IF,Hammarby FF,4 - 1,3 - 1,1,5,Evet
2021-09-12,2021,Allsvenskan,Kalmar FF,Degerfors IF,4 - 1,1 - 0,1,5,Evet
2021-09-12,2021,Allsvenskan,IFK Goteborg,Halmstad,2 - 0,1 - 0,1,2,Yok
2021-09-13,2021,Allsvenskan,Orebro SK,Varbergs BoIS FC,0 - 3,0 - 0,2,3,Yok
2021-09-13,2021,Allsvenskan,IF Elfsborg,BK Hacken,4 - 2,1 - 1,1,6,Evet
2021-09-13,2021,Allsvenskan,Mjallby AIF,AIK Stockholm,0 - 0,0 - 0,X,0,Yok
2021-09-18,2021,Allsvenskan,Malmo FF,Djurgardens IF,1 - 1,1 - 0,X,2,Evet
2021-09-18,2021,Allsvenskan,Degerfors IF,Sirius,1 - 2,0 - 1,2,3,Evet
2021-09-18,2021,Allsvenskan,BK Hacken,Mjallby AIF,0 - 0,0 - 0,X,0,Yok
2021-09-19,2021,Allsvenskan,Ostersunds FK,IF Elfsborg,3 - 1,2 - 0,1,4,Evet
2021-09-19,2021,Allsvenskan,IFK Norrkoping,Orebro SK,3 - 0,1 - 0,1,3,Yok
2021-09-19,2021,Allsvenskan,Halmstad,Kalmar FF,0 - 1,0 - 1,2,1,Yok
2021-09-20,2021,Allsvenskan,Hammarby FF,Varbergs BoIS FC,1 - 0,1 - 0,1,1,Yok
2021-09-20,2021,Allsvenskan,AIK Stockholm,IFK Goteborg,3 - 1,3 - 1,1,4,Evet
2021-09-22,2021,Allsvenskan,Djurgardens IF,Degerfors IF,3 - 2,2 - 0,1,5,Evet
2021-09-22,2021,Allsvenskan,Orebro SK,Ostersunds FK,2 - 0,0 - 0,1,2,Yok
2021-09-22,2021,Allsvenskan,Sirius,IFK Norrkoping,2 - 4,1 - 2,2,6,Evet
2021-09-22,2021,Allsvenskan,IF Elfsborg,Malmo FF,0 - 1,0 - 0,2,1,Yok
2021-09-23,2021,Allsvenskan,Hammarby FF,IFK Goteborg,3 - 0,2 - 0,1,3,Yok
2021-09-23,2021,Allsvenskan,Kalmar FF,AIK Stockholm,1 - 1,0 - 0,X,2,Evet
2021-09-23,2021,Allsvenskan,Varbergs BoIS FC,BK Hacken,1 - 1,1 - 0,X,2,Evet
2021-09-23,2021,Allsvenskan,Mjallby AIF,Halmstad,0 - 0,0 - 0,X,0,Yok
2021-09-25,2021,Allsvenskan,Malmo FF,Orebro SK,5 - 1,2 - 1,1,6,Evet
2021-09-26,2021,Allsvenskan,Ostersunds FK,Djurgardens IF,0 - 3,0 - 3,2,3,Yok
2021-09-26,2021,Allsvenskan,Mjallby AIF,IF Elfsborg,4 - 0,1 - 0,1,4,Yok
2021-09-26,2021,Allsvenskan,BK Hacken,Hammarby FF,1 - 1,1 - 1,X,2,Evet
2021-09-26,2021,Allsvenskan,IFK Norrkoping,Varbergs BoIS FC,2 - 1,1 - 1,1,3,Evet
2021-09-27,2021,Allsvenskan,IFK Goteborg,Kalmar FF,0 - 2,0 - 1,2,2,Yok
2021-09-27,2021,Allsvenskan,Halmstad,Sirius,1 - 1,1 - 0,X,2,Evet
2021-09-27,2021,Allsvenskan,Degerfors IF,AIK Stockholm,2 - 1,1 - 0,1,3,Evet
2021-10-01,2021,Allsvenskan,IF Elfsborg,IFK Goteborg,1 - 0,1 - 0,1,1,Yok
2021-10-02,2021,Allsvenskan,Varbergs BoIS FC,Degerfors IF,0 - 0,0 - 0,X,0,Yok
2021-10-02,2021,Allsvenskan,Halmstad,Ostersunds FK,1 - 1,1 - 1,X,2,Evet
2021-10-03,2021,Allsvenskan,Orebro SK,BK Hacken,1 - 2,0 - 2,2,3,Evet
2021-10-03,2021,Allsvenskan,Kalmar FF,Sirius,3 - 1,0 - 1,1,4,Evet
2021-10-03,2021,Allsvenskan,AIK Stockholm,Djurgardens IF,1 - 0,1 - 0,1,1,Yok
2021-10-03,2021,Allsvenskan,Malmo FF,Mjallby AIF,0 - 1,0 - 1,2,1,Yok
2021-10-03,2021,Allsvenskan,IFK Norrkoping,Hammarby FF,3 - 1,2 - 0,1,4,Evet
2021-10-16,2021,Allsvenskan,Ostersunds FK,Malmo FF,0 - 3,0 - 1,2,3,Yok
2021-10-16,2021,Allsvenskan,Degerfors IF,Halmstad,2 - 1,2 - 1,1,3,Evet
2021-10-16,2021,Allsvenskan,Sirius,Varbergs BoIS FC,2 - 1,1 - 0,1,3,Evet
2021-10-17,2021,Allsvenskan,Hammarby FF,AIK Stockholm,1 - 0,0 - 0,1,1,Yok
2021-10-17,2021,Allsvenskan,Mjallby AIF,Kalmar FF,4 - 0,3 - 0,1,4,Yok
2021-10-17,2021,Allsvenskan,IFK Goteborg,Orebro SK,2 - 0,1 - 0,1,2,Yok
2021-10-18,2021,Allsvenskan,Djurgardens IF,IF Elfsborg,0 - 3,0 - 1,2,3,Yok
2021-10-18,2021,Allsvenskan,BK Hacken,IFK Norrkoping,5 - 0,0 - 0,1,5,Yok
2021-10-23,2021,Allsvenskan,Djurgardens IF,Kalmar FF,3 - 2,3 - 0,1,5,Evet
2021-10-23,2021,Allsvenskan,BK Hacken,Halmstad,2 - 3,2 - 1,2,5,Evet
2021-10-24,2021,Allsvenskan,Hammarby FF,Ostersunds FK,4 - 3,2 - 3,1,7,Evet
2021-10-24,2021,Allsvenskan,IF Elfsborg,Sirius,3 - 0,3 - 0,1,3,Yok
2021-10-24,2021,Allsvenskan,Mjallby AIF,IFK Goteborg,1 - 3,0 - 1,2,4,Evet
2021-10-24,2021,Allsvenskan,AIK Stockholm,IFK Norrkoping,1 - 0,1 - 0,1,1,Yok
2021-10-24,2021,Allsvenskan,Varbergs BoIS FC,Malmo FF,1 - 1,1 - 1,X,2,Evet
2021-10-25,2021,Allsvenskan,Orebro SK,Degerfors IF,1 - 2,0 - 2,2,3,Evet
2021-10-27,2021,Allsvenskan,Sirius,Hammarby FF,0 - 1,0 - 1,2,1,Yok
2021-10-27,2021,Allsvenskan,Kalmar FF,Varbergs BoIS FC,2 - 2,2 - 2,X,4,Evet
2021-10-27,2021,Allsvenskan,Malmo FF,AIK Stockholm,1 - 0,1 - 0,1,1,Yok
2021-10-27,2021,Allsvenskan,Ostersunds FK,BK Hacken,1 - 1,0 - 0,X,2,Evet
2021-10-28,2021,Allsvenskan,IFK Goteborg,Djurgardens IF,3 - 0,1 - 0,1,3,Yok
2021-10-28,2021,Allsvenskan,IFK Norrkoping,Mjallby AIF,2 - 2,0 - 0,X,4,Evet
2021-10-28,2021,Allsvenskan,Halmstad,Orebro SK,1 - 1,1 - 1,X,2,Evet
2021-10-28,2021,Allsvenskan,Degerfors IF,IF Elfsborg,1 - 2,0 - 1,2,3,Evet
2021-10-30,2021,Allsvenskan,Sirius,Malmo FF,2 - 3,0 - 0,2,5,Evet
2021-10-30,2021,Allsvenskan,Varbergs BoIS FC,Ostersunds FK,3 - 0,1 - 0,1,3,Yok
2021-10-30,2021,Allsvenskan,BK Hacken,Kalmar FF,1 - 4,0 - 3,2,5,Evet
2021-10-31,2021,Allsvenskan,IFK Norrkoping,IF Elfsborg,3 - 2,1 - 2,1,5,Evet
2021-10-31,2021,Allsvenskan,Orebro SK,Djurgardens IF,0 - 1,0 - 1,2,1,Yok
2021-11-01,2021,Allsvenskan,Halmstad,AIK Stockholm,1 - 0,1 - 0,1,1,Yok
2021-11-01,2021,Allsvenskan,Degerfors IF,IFK Goteborg,0 - 1,0 - 1,2,1,Yok
2021-11-01,2021,Allsvenskan,Mjallby AIF,Hammarby FF,2 - 0,0 - 0,1,2,Yok
2021-11-06,2021,Allsvenskan,IF Elfsborg,Varbergs BoIS FC,0 - 0,0 - 0,X,0,Yok
2021-11-06,2021,Allsvenskan,Djurgardens IF,Halmstad,1 - 0,0 - 0,1,1,Yok
2021-11-06,2021,Allsvenskan,Mjallby AIF,Sirius,2 - 3,1 - 0,2,5,Evet
2021-11-07,2021,Allsvenskan,Hammarby FF,Orebro SK,3 - 2,0 - 1,1,5,Evet
2021-11-07,2021,Allsvenskan,BK Hacken,Degerfors IF,2 - 0,0 - 0,1,2,Yok
2021-11-07,2021,Allsvenskan,AIK Stockholm,Ostersunds FK,3 - 0,1 - 0,1,3,Yok
2021-11-07,2021,Allsvenskan,IFK Goteborg,Malmo FF,0 - 2,0 - 1,2,2,Yok
2021-11-07,2021,Allsvenskan,Kalmar FF,IFK Norrkoping,1 - 0,0 - 0,1,1,Yok
2021-11-20,2021,Allsvenskan,Malmo FF,BK Hacken,2 - 2,1 - 0,X,4,Evet
2021-11-21,2021,Allsvenskan,Halmstad,IF Elfsborg,0 - 1,0 - 0,2,1,Yok
2021-11-21,2021,Allsvenskan,Degerfors IF,Hammarby FF,1 - 4,0 - 2,2,5,Evet
2021-11-21,2021,Allsvenskan,Sirius,IFK Goteborg,3 - 3,2 - 2,X,6,Evet
2021-11-21,2021,Allsvenskan,Varbergs BoIS FC,AIK Stockholm,0 - 1,0 - 0,2,1,Yok
2021-11-22,2021,Allsvenskan,Orebro SK,Kalmar FF,1 - 2,0 - 1,2,3,Evet
2021-11-22,2021,Allsvenskan,Ostersunds FK,Mjallby AIF,0 - 2,0 - 0,2,2,Yok
2021-11-22,2021,Allsvenskan,IFK Norrkoping,Djurgardens IF,1 - 1,1 - 1,X,2,Evet
2021-11-28,2021,Allsvenskan,Djurgardens IF,Varbergs BoIS FC,2 - 3,0 - 1,2,5,Evet
2021-11-28,2021,Allsvenskan,IFK Goteborg,Ostersunds FK,4 - 0,2 - 0,1,4,Yok
2021-11-28,2021,Allsvenskan,Degerfors IF,IFK Norrkoping,4 - 1,4 - 0,1,5,Evet
2021-11-28,2021,Allsvenskan,Kalmar FF,Malmo FF,0 - 1,0 - 0,2,1,Yok
2021-11-28,2021,Allsvenskan,Halmstad,Hammarby FF,0 - 0,0 - 0,X,0,Yok
2021-11-29,2021,Allsvenskan,Sirius,BK Hacken,3 - 0,2 - 0,1,3,Yok
2021-11-29,2021,Allsvenskan,IF Elfsborg,AIK Stockholm,2 - 4,2 - 1,2,6,Evet
2021-11-29,2021,Allsvenskan,Mjallby AIF,Orebro SK,0 - 0,0 - 0,X,0,Yok
2021-12-04,2021,Allsvenskan,Hammarby FF,Kalmar FF,5 - 3,3 - 1,1,8,Evet
2021-12-04,2021,Allsvenskan,Orebro SK,IF Elfsborg,2 - 3,1 - 0,2,5,Evet
2021-12-04,2021,Allsvenskan,BK Hacken,Djurgardens IF,0 - 1,0 - 1,2,1,Yok
2021-12-04,2021,Allsvenskan,Malmo FF,Halmstad,0 - 0,0 - 0,X,0,Yok
2021-12-04,2021,Allsvenskan,Ostersunds FK,Degerfors IF,0 - 1,0 - 0,2,1,Yok
2021-12-04,2021,Allsvenskan,AIK Stockholm,Sirius,4 - 2,2 - 2,1,6,Evet
2021-12-04,2021,Allsvenskan,IFK Norrkoping,IFK Goteborg,1 - 2,1 - 1,2,3,Evet
2021-12-04,2021,Allsvenskan,Varbergs BoIS FC,Mjallby AIF,0 - 3,0 - 1,2,3,Yok
2021-12-11,2021,Allsvenskan,Helsingborg,Halmstad,0 - 1,0 - 1,2,1,Yok
2021-12-14,2021,Allsvenskan,Halmstad,Helsingborg,1 - 3,1 - 1,2,4,Evet
