Tarih,Sezon,Lig,Ev Sahibi,Deplasman,MS Skor,IY Skor,MS Sonucu,Toplam Gol,KG Var
2026-08-28,2026,Bundesliga,Bayern München,VfB Stuttgart,5 - 1,1 - 0,1,6,Evet
2026-08-29,2026,Bundesliga,FSV Mainz 05,SC Paderborn 07,0 - 0,0 - 0,X,0,Yok
2026-08-29,2026,Bundesliga,RB Leipzig,Borussia Mönchengladbach,3 - 0,1 - 0,1,3,Yok
2026-08-29,2026,Bundesliga,Union Berlin,Eintracht Frankfurt,3 - 3,1 - 2,X,6,Evet
2026-08-29,2026,Bundesliga,1. FC Köln,1899 Hoffenheim,3 - 2,0 - 1,1,5,Evet
2026-08-29,2026,Bundesliga,SV Elversberg,Bayer Leverkusen,3 - 2,2 - 0,1,5,Evet
2026-08-29,2026,Bundesliga,Borussia Dortmund,Hamburger SV,2 - 0,2 - 0,1,2,Yok
2026-08-30,2026,Bundesliga,SC Freiburg,Werder Bremen,4 - 1,2 - 0,1,5,Evet
2026-08-30,2026,Bundesliga,FC Augsburg,FC Schalke 04,3 - 0,1 - 0,1,3,Yok
2026-09-04,2026,Bundesliga,VfB Stuttgart,1. FC Köln,4 - 1,1 - 0,1,5,Evet
2026-09-05,2026,Bundesliga,Werder Bremen,RB Leipzig,3 - 1,1 - 0,1,4,Evet
2026-09-05,2026,Bundesliga,Borussia Mönchengladbach,SV Elversberg,3 - 4,2 - 1,2,7,Evet
2026-09-05,2026,Bundesliga,1899 Hoffenheim,Borussia Dortmund,2 - 3,1 - 0,2,5,Evet
2026-09-05,2026,Bundesliga,Bayer Leverkusen,Union Berlin,4 - 0,2 - 0,1,4,Yok
2026-09-05,2026,Bundesliga,SC Paderborn 07,SC Freiburg,0 - 1,0 - 1,2,1,Yok
2026-09-05,2026,Bundesliga,FC Schalke 04,Bayern München,0 - 0,0 - 0,X,0,Yok
2026-09-06,2026,Bundesliga,Hamburger SV,FSV Mainz 05,0 - 5,0 - 2,2,5,Yok
2026-09-06,2026,Bundesliga,Eintracht Frankfurt,FC Augsburg,1 - 4,1 - 0,2,5,Evet
2026-09-11,2026,Bundesliga,Union Berlin,FC Schalke 04,1 - 3,0 - 1,2,4,Evet
2026-09-12,2026,Bundesliga,SC Freiburg,Borussia Mönchengladbach,5 - 0,2 - 0,1,5,Yok
2026-09-12,2026,Bundesliga,FSV Mainz 05,Eintracht Frankfurt,1 - 3,0 - 2,2,4,Evet
2026-09-12,2026,Bundesliga,Borussia Dortmund,SC Paderborn 07,3 - 0,1 - 0,1,3,Yok
2026-09-12,2026,Bundesliga,1899 Hoffenheim,VfB Stuttgart,2 - 1,1 - 0,1,3,Evet
2026-09-12,2026,Bundesliga,FC Augsburg,Bayer Leverkusen,2 - 2,0 - 1,X,4,Evet
2026-09-12,2026,Bundesliga,1. FC Köln,Werder Bremen,1 - 1,1 - 0,X,2,Evet
2026-09-13,2026,Bundesliga,RB Leipzig,Hamburger SV,5 - 0,2 - 0,1,5,Yok
2026-09-13,2026,Bundesliga,SV Elversberg,Bayern München,1 - 2,0 - 1,2,3,Evet
2026-09-18,2026,Bundesliga,Bayern München,Union Berlin,7 - 0,3 - 0,1,7,Yok
2026-09-19,2026,Bundesliga,Werder Bremen,FC Augsburg,3 - 2,0 - 1,1,5,Evet
2026-09-19,2026,Bundesliga,Borussia Mönchengladbach,FSV Mainz 05,3 - 4,1 - 2,2,7,Evet
2026-09-19,2026,Bundesliga,Eintracht Frankfurt,SC Freiburg,2 - 2,2 - 1,X,4,Evet
2026-09-19,2026,Bundesliga,Hamburger SV,1. FC Köln,2 - 1,1 - 0,1,3,Evet
2026-09-19,2026,Bundesliga,VfB Stuttgart,Borussia Dortmund,0 - 1,0 - 0,2,1,Yok
2026-09-20,2026,Bundesliga,Bayer Leverkusen,RB Leipzig,2 - 0,1 - 0,1,2,Yok
2026-09-20,2026,Bundesliga,FC Schalke 04,SV Elversberg,0 - 0,0 - 0,X,0,Yok
2026-09-20,2026,Bundesliga,SC Paderborn 07,1899 Hoffenheim,3 - 1,2 - 0,1,4,Evet
2025-08-22,2025,Bundesliga,Bayern München,RB Leipzig,6 - 0,3 - 0,1,6,Yok
2025-08-23,2025,Bundesliga,SC Freiburg,FC Augsburg,1 - 3,0 - 3,2,4,Evet
2025-08-23,2025,Bundesliga,Bayer Leverkusen,1899 Hoffenheim,1 - 2,1 - 1,2,3,Evet
2025-08-23,2025,Bundesliga,Eintracht Frankfurt,Werder Bremen,4 - 1,2 - 0,1,5,Evet
2025-08-23,2025,Bundesliga,1. FC Heidenheim,VfL Wolfsburg,1 - 3,1 - 1,2,4,Evet
2025-08-23,2025,Bundesliga,Union Berlin,VfB Stuttgart,2 - 1,2 - 0,1,3,Evet
2025-08-23,2025,Bundesliga,FC St. Pauli,Borussia Dortmund,3 - 3,0 - 1,X,6,Evet
2025-08-24,2025,Bundesliga,FSV Mainz 05,1. FC Köln,0 - 1,0 - 0,2,1,Yok
2025-08-24,2025,Bundesliga,Borussia Mönchengladbach,Hamburger SV,0 - 0,0 - 0,X,0,Yok
2025-08-29,2025,Bundesliga,Hamburger SV,FC St. Pauli,0 - 2,0 - 1,2,2,Yok
2025-08-30,2025,Bundesliga,Werder Bremen,Bayer Leverkusen,3 - 3,1 - 2,X,6,Evet
2025-08-30,2025,Bundesliga,1899 Hoffenheim,Eintracht Frankfurt,1 - 3,0 - 2,2,4,Evet
2025-08-30,2025,Bundesliga,VfB Stuttgart,Borussia Mönchengladbach,1 - 0,0 - 0,1,1,Yok
2025-08-30,2025,Bundesliga,RB Leipzig,1. FC Heidenheim,2 - 0,0 - 0,1,2,Yok
2025-08-30,2025,Bundesliga,FC Augsburg,Bayern München,2 - 3,0 - 2,2,5,Evet
2025-08-31,2025,Bundesliga,VfL Wolfsburg,FSV Mainz 05,1 - 1,1 - 0,X,2,Evet
2025-08-31,2025,Bundesliga,Borussia Dortmund,Union Berlin,3 - 0,1 - 0,1,3,Yok
2025-08-31,2025,Bundesliga,1. FC Köln,SC Freiburg,4 - 1,1 - 0,1,5,Evet
2025-09-12,2025,Bundesliga,Bayer Leverkusen,Eintracht Frankfurt,3 - 1,2 - 0,1,4,Evet
2025-09-13,2025,Bundesliga,SC Freiburg,VfB Stuttgart,3 - 1,0 - 1,1,4,Evet
2025-09-13,2025,Bundesliga,VfL Wolfsburg,1. FC Köln,3 - 3,1 - 1,X,6,Evet
2025-09-13,2025,Bundesliga,FSV Mainz 05,RB Leipzig,0 - 1,0 - 1,2,1,Yok
2025-09-13,2025,Bundesliga,1. FC Heidenheim,Borussia Dortmund,0 - 2,0 - 2,2,2,Yok
2025-09-13,2025,Bundesliga,Union Berlin,1899 Hoffenheim,2 - 4,0 - 2,2,6,Evet
2025-09-13,2025,Bundesliga,Bayern München,Hamburger SV,5 - 0,4 - 0,1,5,Yok
2025-09-14,2025,Bundesliga,FC St. Pauli,FC Augsburg,2 - 1,1 - 1,1,3,Evet
2025-09-14,2025,Bundesliga,Borussia Mönchengladbach,Werder Bremen,0 - 4,0 - 2,2,4,Yok
2025-09-19,2025,Bundesliga,VfB Stuttgart,FC St. Pauli,2 - 0,1 - 0,1,2,Yok
2025-09-20,2025,Bundesliga,Werder Bremen,SC Freiburg,0 - 3,0 - 1,2,3,Yok
2025-09-20,2025,Bundesliga,1899 Hoffenheim,Bayern München,1 - 4,0 - 1,2,5,Evet
2025-09-20,2025,Bundesliga,FC Augsburg,FSV Mainz 05,1 - 4,0 - 2,2,5,Evet
2025-09-20,2025,Bundesliga,Hamburger SV,1. FC Heidenheim,2 - 1,1 - 0,1,3,Evet
2025-09-20,2025,Bundesliga,RB Leipzig,1. FC Köln,3 - 1,3 - 1,1,4,Evet
2025-09-21,2025,Bundesliga,Eintracht Frankfurt,Union Berlin,3 - 4,1 - 2,2,7,Evet
2025-09-21,2025,Bundesliga,Bayer Leverkusen,Borussia Mönchengladbach,1 - 1,0 - 0,X,2,Evet
2025-09-21,2025,Bundesliga,Borussia Dortmund,VfL Wolfsburg,1 - 0,1 - 0,1,1,Yok
2025-09-26,2025,Bundesliga,Bayern München,Werder Bremen,4 - 0,2 - 0,1,4,Yok
2025-09-27,2025,Bundesliga,VfL Wolfsburg,RB Leipzig,0 - 1,0 - 1,2,1,Yok
2025-09-27,2025,Bundesliga,FSV Mainz 05,Borussia Dortmund,0 - 2,0 - 2,2,2,Yok
2025-09-27,2025,Bundesliga,1. FC Heidenheim,FC Augsburg,2 - 1,0 - 0,1,3,Evet
2025-09-27,2025,Bundesliga,FC St. Pauli,Bayer Leverkusen,1 - 2,1 - 1,2,3,Evet
2025-09-27,2025,Bundesliga,Borussia Mönchengladbach,Eintracht Frankfurt,4 - 6,0 - 5,2,10,Evet
2025-09-28,2025,Bundesliga,SC Freiburg,1899 Hoffenheim,1 - 1,1 - 1,X,2,Evet
2025-09-28,2025,Bundesliga,1. FC Köln,VfB Stuttgart,1 - 2,1 - 1,2,3,Evet
2025-09-28,2025,Bundesliga,Union Berlin,Hamburger SV,0 - 0,0 - 0,X,0,Yok
2025-10-03,2025,Bundesliga,1899 Hoffenheim,1. FC Köln,0 - 1,0 - 1,2,1,Yok
2025-10-04,2025,Bundesliga,Werder Bremen,FC St. Pauli,1 - 0,1 - 0,1,1,Yok
2025-10-04,2025,Bundesliga,Borussia Dortmund,RB Leipzig,1 - 1,1 - 1,X,2,Evet
2025-10-04,2025,Bundesliga,Bayer Leverkusen,Union Berlin,2 - 0,1 - 0,1,2,Yok
2025-10-04,2025,Bundesliga,FC Augsburg,VfL Wolfsburg,3 - 1,1 - 0,1,4,Evet
2025-10-04,2025,Bundesliga,Eintracht Frankfurt,Bayern München,0 - 3,0 - 2,2,3,Yok
2025-10-05,2025,Bundesliga,VfB Stuttgart,1. FC Heidenheim,1 - 0,0 - 0,1,1,Yok
2025-10-05,2025,Bundesliga,Hamburger SV,FSV Mainz 05,4 - 0,2 - 0,1,4,Yok
2025-10-05,2025,Bundesliga,Borussia Mönchengladbach,SC Freiburg,0 - 0,0 - 0,X,0,Yok
2025-10-17,2025,Bundesliga,Union Berlin,Borussia Mönchengladbach,3 - 1,2 - 1,1,4,Evet
2025-10-18,2025,Bundesliga,VfL Wolfsburg,VfB Stuttgart,0 - 3,0 - 1,2,3,Yok
2025-10-18,2025,Bundesliga,FSV Mainz 05,Bayer Leverkusen,3 - 4,1 - 3,2,7,Evet
2025-10-18,2025,Bundesliga,RB Leipzig,Hamburger SV,2 - 1,1 - 0,1,3,Evet
2025-10-18,2025,Bundesliga,1. FC Heidenheim,Werder Bremen,2 - 2,0 - 0,X,4,Evet
2025-10-18,2025,Bundesliga,1. FC Köln,FC Augsburg,1 - 1,0 - 0,X,2,Evet
2025-10-18,2025,Bundesliga,Bayern München,Borussia Dortmund,2 - 1,1 - 0,1,3,Evet
2025-10-19,2025,Bundesliga,SC Freiburg,Eintracht Frankfurt,2 - 2,1 - 2,X,4,Evet
2025-10-19,2025,Bundesliga,FC St. Pauli,1899 Hoffenheim,0 - 3,0 - 0,2,3,Yok
2025-10-24,2025,Bundesliga,Werder Bremen,Union Berlin,1 - 0,0 - 0,1,1,Yok
2025-10-25,2025,Bundesliga,Borussia Mönchengladbach,Bayern München,0 - 3,0 - 0,2,3,Yok
2025-10-25,2025,Bundesliga,1899 Hoffenheim,1. FC Heidenheim,3 - 1,2 - 0,1,4,Evet
2025-10-25,2025,Bundesliga,Eintracht Frankfurt,FC St. Pauli,2 - 0,1 - 0,1,2,Yok
2025-10-25,2025,Bundesliga,FC Augsburg,RB Leipzig,0 - 6,0 - 4,2,6,Yok
2025-10-25,2025,Bundesliga,Hamburger SV,VfL Wolfsburg,0 - 1,0 - 1,2,1,Yok
2025-10-25,2025,Bundesliga,Borussia Dortmund,1. FC Köln,1 - 0,0 - 0,1,1,Yok
2025-10-26,2025,Bundesliga,Bayer Leverkusen,SC Freiburg,2 - 0,1 - 0,1,2,Yok
2025-10-26,2025,Bundesliga,VfB Stuttgart,FSV Mainz 05,2 - 1,1 - 1,1,3,Evet
2025-10-31,2025,Bundesliga,FC Augsburg,Borussia Dortmund,0 - 1,0 - 1,2,1,Yok
2025-11-01,2025,Bundesliga,FSV Mainz 05,Werder Bremen,1 - 1,1 - 0,X,2,Evet
2025-11-01,2025,Bundesliga,RB Leipzig,VfB Stuttgart,3 - 1,1 - 0,1,4,Evet
2025-11-01,2025,Bundesliga,1. FC Heidenheim,Eintracht Frankfurt,1 - 1,1 - 0,X,2,Evet
2025-11-01,2025,Bundesliga,Union Berlin,SC Freiburg,0 - 0,0 - 0,X,0,Yok
2025-11-01,2025,Bundesliga,FC St. Pauli,Borussia Mönchengladbach,0 - 4,0 - 2,2,4,Yok
2025-11-01,2025,Bundesliga,Bayern München,Bayer Leverkusen,3 - 0,3 - 0,1,3,Yok
2025-11-02,2025,Bundesliga,1. FC Köln,Hamburger SV,4 - 1,1 - 0,1,5,Evet
2025-11-02,2025,Bundesliga,VfL Wolfsburg,1899 Hoffenheim,2 - 3,1 - 1,2,5,Evet
2025-11-07,2025,Bundesliga,Werder Bremen,VfL Wolfsburg,2 - 1,0 - 1,1,3,Evet
2025-11-08,2025,Bundesliga,1899 Hoffenheim,RB Leipzig,3 - 1,2 - 1,1,4,Evet
2025-11-08,2025,Bundesliga,Bayer Leverkusen,1. FC Heidenheim,6 - 0,5 - 0,1,6,Yok
2025-11-08,2025,Bundesliga,Hamburger SV,Borussia Dortmund,1 - 1,0 - 0,X,2,Evet
2025-11-08,2025,Bundesliga,Union Berlin,Bayern München,2 - 2,1 - 1,X,4,Evet
2025-11-08,2025,Bundesliga,Borussia Mönchengladbach,1. FC Köln,3 - 1,1 - 0,1,4,Evet
2025-11-09,2025,Bundesliga,SC Freiburg,FC St. Pauli,2 - 1,1 - 0,1,3,Evet
2025-11-09,2025,Bundesliga,VfB Stuttgart,FC Augsburg,3 - 2,2 - 2,1,5,Evet
2025-11-09,2025,Bundesliga,Eintracht Frankfurt,FSV Mainz 05,1 - 0,0 - 0,1,1,Yok
2025-11-21,2025,Bundesliga,FSV Mainz 05,1899 Hoffenheim,1 - 1,0 - 1,X,2,Evet
2025-11-22,2025,Bundesliga,Bayern München,SC Freiburg,6 - 2,2 - 2,1,8,Evet
2025-11-22,2025,Bundesliga,VfL Wolfsburg,Bayer Leverkusen,1 - 3,0 - 3,2,4,Evet
2025-11-22,2025,Bundesliga,Borussia Dortmund,VfB Stuttgart,3 - 3,2 - 0,X,6,Evet
2025-11-22,2025,Bundesliga,FC Augsburg,Hamburger SV,1 - 0,0 - 0,1,1,Yok
2025-11-22,2025,Bundesliga,1. FC Heidenheim,Borussia Mönchengladbach,0 - 3,0 - 1,2,3,Yok
2025-11-22,2025,Bundesliga,1. FC Köln,Eintracht Frankfurt,3 - 4,1 - 2,2,7,Evet
2025-11-23,2025,Bundesliga,RB Leipzig,Werder Bremen,2 - 0,0 - 0,1,2,Yok
2025-11-23,2025,Bundesliga,FC St. Pauli,Union Berlin,0 - 1,0 - 1,2,1,Yok
2025-11-28,2025,Bundesliga,Borussia Mönchengladbach,RB Leipzig,0 - 0,0 - 0,X,0,Yok
2025-11-29,2025,Bundesliga,Bayern München,FC St. Pauli,3 - 1,1 - 1,1,4,Evet
2025-11-29,2025,Bundesliga,Werder Bremen,1. FC Köln,1 - 1,1 - 0,X,2,Evet
2025-11-29,2025,Bundesliga,1899 Hoffenheim,FC Augsburg,3 - 0,3 - 0,1,3,Yok
2025-11-29,2025,Bundesliga,Union Berlin,1. FC Heidenheim,1 - 2,1 - 0,2,3,Evet
2025-11-29,2025,Bundesliga,Bayer Leverkusen,Borussia Dortmund,1 - 2,0 - 1,2,3,Evet
2025-11-30,2025,Bundesliga,Hamburger SV,VfB Stuttgart,2 - 1,1 - 0,1,3,Evet
2025-11-30,2025,Bundesliga,Eintracht Frankfurt,VfL Wolfsburg,1 - 1,0 - 0,X,2,Evet
2025-11-30,2025,Bundesliga,SC Freiburg,FSV Mainz 05,4 - 0,2 - 0,1,4,Yok
2025-12-05,2025,Bundesliga,FSV Mainz 05,Borussia Mönchengladbach,0 - 1,0 - 0,2,1,Yok
2025-12-06,2025,Bundesliga,VfL Wolfsburg,Union Berlin,3 - 1,2 - 0,1,4,Evet
2025-12-06,2025,Bundesliga,FC Augsburg,Bayer Leverkusen,2 - 0,2 - 0,1,2,Yok
2025-12-06,2025,Bundesliga,VfB Stuttgart,Bayern München,0 - 5,0 - 1,2,5,Yok
2025-12-06,2025,Bundesliga,1. FC Heidenheim,SC Freiburg,2 - 1,0 - 1,1,3,Evet
2025-12-06,2025,Bundesliga,1. FC Köln,FC St. Pauli,1 - 1,0 - 0,X,2,Evet
2025-12-06,2025,Bundesliga,RB Leipzig,Eintracht Frankfurt,6 - 0,2 - 0,1,6,Yok
2025-12-07,2025,Bundesliga,Hamburger SV,Werder Bremen,3 - 2,0 - 1,1,5,Evet
2025-12-07,2025,Bundesliga,Borussia Dortmund,1899 Hoffenheim,2 - 0,1 - 0,1,2,Yok
2025-12-12,2025,Bundesliga,Union Berlin,RB Leipzig,3 - 1,0 - 0,1,4,Evet
2025-12-13,2025,Bundesliga,Borussia Mönchengladbach,VfL Wolfsburg,1 - 3,1 - 3,2,4,Evet
2025-12-13,2025,Bundesliga,1899 Hoffenheim,Hamburger SV,4 - 1,2 - 0,1,5,Evet
2025-12-13,2025,Bundesliga,Eintracht Frankfurt,FC Augsburg,1 - 0,0 - 0,1,1,Yok
2025-12-13,2025,Bundesliga,FC St. Pauli,1. FC Heidenheim,2 - 1,1 - 0,1,3,Evet
2025-12-13,2025,Bundesliga,Bayer Leverkusen,1. FC Köln,2 - 0,0 - 0,1,2,Yok
2025-12-14,2025,Bundesliga,SC Freiburg,Borussia Dortmund,1 - 1,0 - 1,X,2,Evet
2025-12-14,2025,Bundesliga,Bayern München,FSV Mainz 05,2 - 2,1 - 1,X,4,Evet
2025-12-14,2025,Bundesliga,Werder Bremen,VfB Stuttgart,0 - 4,0 - 2,2,4,Yok
2025-12-19,2025,Bundesliga,Borussia Dortmund,Borussia Mönchengladbach,2 - 0,1 - 0,1,2,Yok
2025-12-20,2025,Bundesliga,VfL Wolfsburg,SC Freiburg,3 - 4,1 - 1,2,7,Evet
2025-12-20,2025,Bundesliga,FC Augsburg,Werder Bremen,0 - 0,0 - 0,X,0,Yok
2025-12-20,2025,Bundesliga,VfB Stuttgart,1899 Hoffenheim,0 - 0,0 - 0,X,0,Yok
2025-12-20,2025,Bundesliga,Hamburger SV,Eintracht Frankfurt,1 - 1,1 - 1,X,2,Evet
2025-12-20,2025,Bundesliga,1. FC Köln,Union Berlin,0 - 1,0 - 0,2,1,Yok
2025-12-20,2025,Bundesliga,RB Leipzig,Bayer Leverkusen,1 - 3,1 - 2,2,4,Evet
2025-12-21,2025,Bundesliga,FSV Mainz 05,FC St. Pauli,0 - 0,0 - 0,X,0,Yok
2025-12-21,2025,Bundesliga,1. FC Heidenheim,Bayern München,0 - 4,0 - 2,2,4,Yok
2026-01-09,2025,Bundesliga,Eintracht Frankfurt,Borussia Dortmund,3 - 3,1 - 1,X,6,Evet
2026-01-10,2025,Bundesliga,SC Freiburg,Hamburger SV,2 - 1,0 - 0,1,3,Evet
2026-01-10,2025,Bundesliga,1. FC Heidenheim,1. FC Köln,2 - 2,2 - 1,X,4,Evet
2026-01-10,2025,Bundesliga,Union Berlin,FSV Mainz 05,2 - 2,0 - 1,X,4,Evet
2026-01-10,2025,Bundesliga,Bayer Leverkusen,VfB Stuttgart,1 - 4,0 - 4,2,5,Evet
2026-01-11,2025,Bundesliga,Borussia Mönchengladbach,FC Augsburg,4 - 0,3 - 0,1,4,Yok
2026-01-11,2025,Bundesliga,Bayern München,VfL Wolfsburg,8 - 1,2 - 1,1,9,Evet
2026-01-13,2025,Bundesliga,VfB Stuttgart,Eintracht Frankfurt,3 - 2,2 - 1,1,5,Evet
2026-01-13,2025,Bundesliga,FSV Mainz 05,1. FC Heidenheim,2 - 1,1 - 0,1,3,Evet
2026-01-13,2025,Bundesliga,Borussia Dortmund,Werder Bremen,3 - 0,1 - 0,1,3,Yok
2026-01-14,2025,Bundesliga,VfL Wolfsburg,FC St. Pauli,2 - 1,1 - 1,1,3,Evet
2026-01-14,2025,Bundesliga,1899 Hoffenheim,Borussia Mönchengladbach,5 - 1,4 - 0,1,6,Evet
2026-01-14,2025,Bundesliga,RB Leipzig,SC Freiburg,2 - 0,0 - 0,1,2,Yok
2026-01-14,2025,Bundesliga,1. FC Köln,Bayern München,1 - 3,1 - 1,2,4,Evet
2026-01-15,2025,Bundesliga,FC Augsburg,Union Berlin,1 - 1,1 - 0,X,2,Evet
2026-01-16,2025,Bundesliga,Werder Bremen,Eintracht Frankfurt,3 - 3,1 - 1,X,6,Evet
2026-01-17,2025,Bundesliga,VfL Wolfsburg,1. FC Heidenheim,1 - 1,0 - 1,X,2,Evet
2026-01-17,2025,Bundesliga,Borussia Dortmund,FC St. Pauli,3 - 2,1 - 0,1,5,Evet
2026-01-17,2025,Bundesliga,1899 Hoffenheim,Bayer Leverkusen,1 - 0,1 - 0,1,1,Yok
2026-01-17,2025,Bundesliga,Hamburger SV,Borussia Mönchengladbach,0 - 0,0 - 0,X,0,Yok
2026-01-17,2025,Bundesliga,1. FC Köln,FSV Mainz 05,2 - 1,0 - 1,1,3,Evet
2026-01-17,2025,Bundesliga,RB Leipzig,Bayern München,1 - 5,1 - 0,2,6,Evet
2026-01-18,2025,Bundesliga,VfB Stuttgart,Union Berlin,1 - 1,0 - 0,X,2,Evet
2026-01-18,2025,Bundesliga,FC Augsburg,SC Freiburg,2 - 2,0 - 0,X,4,Evet
2026-01-23,2025,Bundesliga,FC St. Pauli,Hamburger SV,0 - 0,0 - 0,X,0,Yok
2026-01-24,2025,Bundesliga,Bayern München,FC Augsburg,1 - 2,1 - 0,2,3,Evet
2026-01-24,2025,Bundesliga,FSV Mainz 05,VfL Wolfsburg,3 - 1,0 - 1,1,4,Evet
2026-01-24,2025,Bundesliga,Bayer Leverkusen,Werder Bremen,1 - 0,1 - 0,1,1,Yok
2026-01-24,2025,Bundesliga,Eintracht Frankfurt,1899 Hoffenheim,1 - 3,1 - 0,2,4,Evet
2026-01-24,2025,Bundesliga,1. FC Heidenheim,RB Leipzig,0 - 3,0 - 0,2,3,Yok
2026-01-24,2025,Bundesliga,Union Berlin,Borussia Dortmund,0 - 3,0 - 1,2,3,Yok
2026-01-25,2025,Bundesliga,Borussia Mönchengladbach,VfB Stuttgart,0 - 3,0 - 1,2,3,Yok
2026-01-25,2025,Bundesliga,SC Freiburg,1. FC Köln,2 - 1,2 - 1,1,3,Evet
2026-01-27,2025,Bundesliga,Werder Bremen,1899 Hoffenheim,0 - 2,0 - 1,2,2,Yok
2026-01-27,2025,Bundesliga,FC St. Pauli,RB Leipzig,1 - 1,0 - 0,X,2,Evet
2026-01-30,2025,Bundesliga,1. FC Köln,VfL Wolfsburg,1 - 0,1 - 0,1,1,Yok
2026-01-31,2025,Bundesliga,Werder Bremen,Borussia Mönchengladbach,1 - 1,0 - 0,X,2,Evet
2026-01-31,2025,Bundesliga,1899 Hoffenheim,Union Berlin,3 - 1,2 - 0,1,4,Evet
2026-01-31,2025,Bundesliga,Eintracht Frankfurt,Bayer Leverkusen,1 - 3,0 - 2,2,4,Evet
2026-01-31,2025,Bundesliga,FC Augsburg,FC St. Pauli,2 - 1,1 - 1,1,3,Evet
2026-01-31,2025,Bundesliga,RB Leipzig,FSV Mainz 05,1 - 2,1 - 1,2,3,Evet
2026-01-31,2025,Bundesliga,Hamburger SV,Bayern München,2 - 2,1 - 1,X,4,Evet
2026-02-01,2025,Bundesliga,VfB Stuttgart,SC Freiburg,1 - 0,0 - 0,1,1,Yok
2026-02-01,2025,Bundesliga,Borussia Dortmund,1. FC Heidenheim,3 - 2,1 - 1,1,5,Evet
2026-02-06,2025,Bundesliga,Union Berlin,Eintracht Frankfurt,1 - 1,0 - 0,X,2,Evet
2026-02-07,2025,Bundesliga,SC Freiburg,Werder Bremen,1 - 0,1 - 0,1,1,Yok
2026-02-07,2025,Bundesliga,VfL Wolfsburg,Borussia Dortmund,1 - 2,0 - 1,2,3,Evet
2026-02-07,2025,Bundesliga,FSV Mainz 05,FC Augsburg,2 - 0,1 - 0,1,2,Yok
2026-02-07,2025,Bundesliga,1. FC Heidenheim,Hamburger SV,0 - 2,0 - 1,2,2,Yok
2026-02-07,2025,Bundesliga,FC St. Pauli,VfB Stuttgart,2 - 1,1 - 0,1,3,Evet
2026-02-07,2025,Bundesliga,Borussia Mönchengladbach,Bayer Leverkusen,1 - 1,1 - 1,X,2,Evet
2026-02-08,2025,Bundesliga,1. FC Köln,RB Leipzig,1 - 2,0 - 1,2,3,Evet
2026-02-08,2025,Bundesliga,Bayern München,1899 Hoffenheim,5 - 1,3 - 1,1,6,Evet
2026-02-13,2025,Bundesliga,Borussia Dortmund,FSV Mainz 05,4 - 0,3 - 0,1,4,Yok
2026-02-14,2025,Bundesliga,Werder Bremen,Bayern München,0 - 3,0 - 2,2,3,Yok
2026-02-14,2025,Bundesliga,1899 Hoffenheim,SC Freiburg,3 - 0,0 - 0,1,3,Yok
2026-02-14,2025,Bundesliga,Bayer Leverkusen,FC St. Pauli,4 - 0,2 - 0,1,4,Yok
2026-02-14,2025,Bundesliga,Eintracht Frankfurt,Borussia Mönchengladbach,3 - 0,2 - 0,1,3,Yok
2026-02-14,2025,Bundesliga,Hamburger SV,Union Berlin,3 - 2,2 - 1,1,5,Evet
2026-02-14,2025,Bundesliga,VfB Stuttgart,1. FC Köln,3 - 1,1 - 0,1,4,Evet
2026-02-15,2025,Bundesliga,FC Augsburg,1. FC Heidenheim,1 - 0,0 - 0,1,1,Yok
2026-02-15,2025,Bundesliga,RB Leipzig,VfL Wolfsburg,2 - 2,0 - 0,X,4,Evet
2026-02-20,2025,Bundesliga,FSV Mainz 05,Hamburger SV,1 - 1,1 - 0,X,2,Evet
2026-02-21,2025,Bundesliga,Bayern München,Eintracht Frankfurt,3 - 2,2 - 0,1,5,Evet
2026-02-21,2025,Bundesliga,VfL Wolfsburg,FC Augsburg,2 - 3,1 - 0,2,5,Evet
2026-02-21,2025,Bundesliga,Union Berlin,Bayer Leverkusen,1 - 0,1 - 0,1,1,Yok
2026-02-21,2025,Bundesliga,1. FC Köln,1899 Hoffenheim,2 - 2,1 - 1,X,4,Evet
2026-02-21,2025,Bundesliga,RB Leipzig,Borussia Dortmund,2 - 2,2 - 0,X,4,Evet
2026-02-22,2025,Bundesliga,SC Freiburg,Borussia Mönchengladbach,2 - 1,1 - 0,1,3,Evet
2026-02-22,2025,Bundesliga,FC St. Pauli,Werder Bremen,2 - 1,0 - 0,1,3,Evet
2026-02-22,2025,Bundesliga,1. FC Heidenheim,VfB Stuttgart,3 - 3,2 - 2,X,6,Evet
2026-02-27,2025,Bundesliga,FC Augsburg,1. FC Köln,2 - 0,0 - 0,1,2,Yok
2026-02-28,2025,Bundesliga,Werder Bremen,1. FC Heidenheim,2 - 0,0 - 0,1,2,Yok
2026-02-28,2025,Bundesliga,Borussia Mönchengladbach,Union Berlin,1 - 0,0 - 0,1,1,Yok
2026-02-28,2025,Bundesliga,1899 Hoffenheim,FC St. Pauli,0 - 1,0 - 1,2,1,Yok
2026-02-28,2025,Bundesliga,Bayer Leverkusen,FSV Mainz 05,1 - 1,0 - 0,X,2,Evet
2026-02-28,2025,Bundesliga,Borussia Dortmund,Bayern München,2 - 3,1 - 0,2,5,Evet
2026-03-01,2025,Bundesliga,VfB Stuttgart,VfL Wolfsburg,4 - 0,3 - 0,1,4,Yok
2026-03-01,2025,Bundesliga,Eintracht Frankfurt,SC Freiburg,2 - 0,0 - 0,1,2,Yok
2026-03-01,2025,Bundesliga,Hamburger SV,RB Leipzig,1 - 2,1 - 1,2,3,Evet
2026-03-04,2025,Bundesliga,Hamburger SV,Bayer Leverkusen,0 - 1,0 - 0,2,1,Yok
2026-03-06,2025,Bundesliga,Bayern München,Borussia Mönchengladbach,4 - 1,2 - 0,1,5,Evet
2026-03-07,2025,Bundesliga,SC Freiburg,Bayer Leverkusen,3 - 3,2 - 2,X,6,Evet
2026-03-07,2025,Bundesliga,VfL Wolfsburg,Hamburger SV,1 - 2,1 - 1,2,3,Evet
2026-03-07,2025,Bundesliga,FSV Mainz 05,VfB Stuttgart,2 - 2,1 - 0,X,4,Evet
2026-03-07,2025,Bundesliga,RB Leipzig,FC Augsburg,2 - 1,0 - 1,1,3,Evet
2026-03-07,2025,Bundesliga,1. FC Heidenheim,1899 Hoffenheim,2 - 4,0 - 2,2,6,Evet
2026-03-07,2025,Bundesliga,1. FC Köln,Borussia Dortmund,1 - 2,0 - 1,2,3,Evet
2026-03-08,2025,Bundesliga,FC St. Pauli,Eintracht Frankfurt,0 - 0,0 - 0,X,0,Yok
2026-03-08,2025,Bundesliga,Union Berlin,Werder Bremen,1 - 4,1 - 2,2,5,Evet
2026-03-13,2025,Bundesliga,Borussia Mönchengladbach,FC St. Pauli,2 - 0,1 - 0,1,2,Yok
2026-03-14,2025,Bundesliga,Borussia Dortmund,FC Augsburg,2 - 0,1 - 0,1,2,Yok
2026-03-14,2025,Bundesliga,1899 Hoffenheim,VfL Wolfsburg,1 - 1,0 - 0,X,2,Evet
2026-03-14,2025,Bundesliga,Bayer Leverkusen,Bayern München,1 - 1,1 - 0,X,2,Evet
2026-03-14,2025,Bundesliga,Eintracht Frankfurt,1. FC Heidenheim,1 - 0,0 - 0,1,1,Yok
2026-03-14,2025,Bundesliga,Hamburger SV,1. FC Köln,1 - 1,1 - 1,X,2,Evet
2026-03-15,2025,Bundesliga,Werder Bremen,FSV Mainz 05,0 - 2,0 - 1,2,2,Yok
2026-03-15,2025,Bundesliga,SC Freiburg,Union Berlin,0 - 1,0 - 0,2,1,Yok
2026-03-15,2025,Bundesliga,VfB Stuttgart,RB Leipzig,1 - 0,0 - 0,1,1,Yok
2026-03-20,2025,Bundesliga,RB Leipzig,1899 Hoffenheim,5 - 0,4 - 0,1,5,Yok
2026-03-21,2025,Bundesliga,Bayern München,Union Berlin,4 - 0,2 - 0,1,4,Yok
2026-03-21,2025,Bundesliga,VfL Wolfsburg,Werder Bremen,0 - 1,0 - 0,2,1,Yok
2026-03-21,2025,Bundesliga,1. FC Heidenheim,Bayer Leverkusen,3 - 3,0 - 2,X,6,Evet
2026-03-21,2025,Bundesliga,1. FC Köln,Borussia Mönchengladbach,3 - 3,2 - 2,X,6,Evet
2026-03-21,2025,Bundesliga,Borussia Dortmund,Hamburger SV,3 - 2,0 - 2,1,5,Evet
2026-03-22,2025,Bundesliga,FSV Mainz 05,Eintracht Frankfurt,2 - 1,1 - 1,1,3,Evet
2026-03-22,2025,Bundesliga,FC St. Pauli,SC Freiburg,1 - 2,1 - 0,2,3,Evet
2026-03-22,2025,Bundesliga,FC Augsburg,VfB Stuttgart,2 - 5,0 - 3,2,7,Evet
2026-04-04,2025,Bundesliga,SC Freiburg,Bayern München,2 - 3,0 - 0,2,5,Evet
2026-04-04,2025,Bundesliga,Werder Bremen,RB Leipzig,1 - 2,0 - 1,2,3,Evet
2026-04-04,2025,Bundesliga,Borussia Mönchengladbach,1. FC Heidenheim,2 - 2,1 - 1,X,4,Evet
2026-04-04,2025,Bundesliga,1899 Hoffenheim,FSV Mainz 05,1 - 2,1 - 1,2,3,Evet
2026-04-04,2025,Bundesliga,Bayer Leverkusen,VfL Wolfsburg,6 - 3,2 - 3,1,9,Evet
2026-04-04,2025,Bundesliga,Hamburger SV,FC Augsburg,1 - 1,0 - 1,X,2,Evet
2026-04-04,2025,Bundesliga,VfB Stuttgart,Borussia Dortmund,0 - 2,0 - 0,2,2,Yok
2026-04-05,2025,Bundesliga,Union Berlin,FC St. Pauli,1 - 1,0 - 1,X,2,Evet
2026-04-05,2025,Bundesliga,Eintracht Frankfurt,1. FC Köln,2 - 2,0 - 0,X,4,Evet
2026-04-10,2025,Bundesliga,FC Augsburg,1899 Hoffenheim,2 - 2,2 - 2,X,4,Evet
2026-04-11,2025,Bundesliga,VfL Wolfsburg,Eintracht Frankfurt,1 - 2,0 - 2,2,3,Evet
2026-04-11,2025,Bundesliga,Borussia Dortmund,Bayer Leverkusen,0 - 1,0 - 1,2,1,Yok
2026-04-11,2025,Bundesliga,RB Leipzig,Borussia Mönchengladbach,1 - 0,0 - 0,1,1,Yok
2026-04-11,2025,Bundesliga,1. FC Heidenheim,Union Berlin,3 - 1,2 - 0,1,4,Evet
2026-04-11,2025,Bundesliga,FC St. Pauli,Bayern München,0 - 5,0 - 1,2,5,Yok
2026-04-12,2025,Bundesliga,1. FC Köln,Werder Bremen,3 - 1,1 - 0,1,4,Evet
2026-04-12,2025,Bundesliga,VfB Stuttgart,Hamburger SV,4 - 0,2 - 0,1,4,Yok
2026-04-12,2025,Bundesliga,FSV Mainz 05,SC Freiburg,0 - 1,0 - 0,2,1,Yok
2026-04-17,2025,Bundesliga,FC St. Pauli,1. FC Köln,1 - 1,0 - 0,X,2,Evet
2026-04-18,2025,Bundesliga,Werder Bremen,Hamburger SV,3 - 1,1 - 1,1,4,Evet
2026-04-18,2025,Bundesliga,1899 Hoffenheim,Borussia Dortmund,2 - 1,1 - 0,1,3,Evet
2026-04-18,2025,Bundesliga,Bayer Leverkusen,FC Augsburg,1 - 2,1 - 1,2,3,Evet
2026-04-18,2025,Bundesliga,Union Berlin,VfL Wolfsburg,1 - 2,0 - 1,2,3,Evet
2026-04-18,2025,Bundesliga,Eintracht Frankfurt,RB Leipzig,1 - 3,1 - 1,2,4,Evet
2026-04-19,2025,Bundesliga,SC Freiburg,1. FC Heidenheim,2 - 1,1 - 0,1,3,Evet
2026-04-19,2025,Bundesliga,Bayern München,VfB Stuttgart,4 - 2,3 - 1,1,6,Evet
2026-04-19,2025,Bundesliga,Borussia Mönchengladbach,FSV Mainz 05,1 - 1,1 - 0,X,2,Evet
2026-04-24,2025,Bundesliga,RB Leipzig,Union Berlin,3 - 1,2 - 0,1,4,Evet
2026-04-25,2025,Bundesliga,VfL Wolfsburg,Borussia Mönchengladbach,0 - 0,0 - 0,X,0,Yok
2026-04-25,2025,Bundesliga,FSV Mainz 05,Bayern München,3 - 4,3 - 0,2,7,Evet
2026-04-25,2025,Bundesliga,FC Augsburg,Eintracht Frankfurt,1 - 1,1 - 0,X,2,Evet
2026-04-25,2025,Bundesliga,1. FC Heidenheim,FC St. Pauli,2 - 0,1 - 0,1,2,Yok
2026-04-25,2025,Bundesliga,1. FC Köln,Bayer Leverkusen,1 - 2,0 - 1,2,3,Evet
2026-04-25,2025,Bundesliga,Hamburger SV,1899 Hoffenheim,1 - 2,1 - 2,2,3,Evet
2026-04-26,2025,Bundesliga,VfB Stuttgart,Werder Bremen,1 - 1,0 - 1,X,2,Evet
2026-04-26,2025,Bundesliga,Borussia Dortmund,SC Freiburg,4 - 0,3 - 0,1,4,Yok
2026-05-02,2025,Bundesliga,Bayern München,1. FC Heidenheim,3 - 3,1 - 2,X,6,Evet
2026-05-02,2025,Bundesliga,Werder Bremen,FC Augsburg,1 - 3,0 - 2,2,4,Evet
2026-05-02,2025,Bundesliga,1899 Hoffenheim,VfB Stuttgart,3 - 3,2 - 1,X,6,Evet
2026-05-02,2025,Bundesliga,Eintracht Frankfurt,Hamburger SV,1 - 2,0 - 0,2,3,Evet
2026-05-02,2025,Bundesliga,Union Berlin,1. FC Köln,2 - 2,0 - 1,X,4,Evet
2026-05-02,2025,Bundesliga,Bayer Leverkusen,RB Leipzig,4 - 1,2 - 0,1,5,Evet
2026-05-03,2025,Bundesliga,FC St. Pauli,FSV Mainz 05,1 - 2,0 - 2,2,3,Evet
2026-05-03,2025,Bundesliga,Borussia Mönchengladbach,Borussia Dortmund,1 - 0,0 - 0,1,1,Yok
2026-05-03,2025,Bundesliga,SC Freiburg,VfL Wolfsburg,1 - 1,0 - 0,X,2,Evet
2026-05-08,2025,Bundesliga,Borussia Dortmund,Eintracht Frankfurt,3 - 2,2 - 1,1,5,Evet
2026-05-09,2025,Bundesliga,1899 Hoffenheim,Werder Bremen,1 - 0,1 - 0,1,1,Yok
2026-05-09,2025,Bundesliga,FC Augsburg,Borussia Mönchengladbach,3 - 1,2 - 0,1,4,Evet
2026-05-09,2025,Bundesliga,VfB Stuttgart,Bayer Leverkusen,3 - 1,2 - 1,1,4,Evet
2026-05-09,2025,Bundesliga,RB Leipzig,FC St. Pauli,2 - 1,1 - 0,1,3,Evet
2026-05-09,2025,Bundesliga,VfL Wolfsburg,Bayern München,0 - 1,0 - 0,2,1,Yok
2026-05-10,2025,Bundesliga,Hamburger SV,SC Freiburg,3 - 2,1 - 1,1,5,Evet
2026-05-10,2025,Bundesliga,1. FC Köln,1. FC Heidenheim,1 - 3,1 - 2,2,4,Evet
2026-05-10,2025,Bundesliga,FSV Mainz 05,Union Berlin,1 - 3,0 - 1,2,4,Evet
2026-05-16,2025,Bundesliga,Bayern München,1. FC Köln,5 - 1,3 - 1,1,6,Evet
2026-05-16,2025,Bundesliga,SC Freiburg,RB Leipzig,4 - 1,2 - 1,1,5,Evet
2026-05-16,2025,Bundesliga,Werder Bremen,Borussia Dortmund,0 - 2,0 - 0,2,2,Yok
2026-05-16,2025,Bundesliga,Borussia Mönchengladbach,1899 Hoffenheim,4 - 0,2 - 0,1,4,Yok
2026-05-16,2025,Bundesliga,Bayer Leverkusen,Hamburger SV,1 - 1,0 - 0,X,2,Evet
2026-05-16,2025,Bundesliga,Eintracht Frankfurt,VfB Stuttgart,2 - 2,0 - 2,X,4,Evet
2026-05-16,2025,Bundesliga,1. FC Heidenheim,FSV Mainz 05,0 - 2,0 - 2,2,2,Yok
2026-05-16,2025,Bundesliga,Union Berlin,FC Augsburg,4 - 0,2 - 0,1,4,Yok
2026-05-16,2025,Bundesliga,FC St. Pauli,VfL Wolfsburg,1 - 3,0 - 1,2,4,Evet
2026-05-21,2025,Bundesliga,VfL Wolfsburg,SC Paderborn 07,0 - 0,0 - 0,X,0,Yok
2026-05-25,2025,Bundesliga,SC Paderborn 07,VfL Wolfsburg,2 - 1,1 - 1,1,3,Evet
2024-08-23,2024,Bundesliga,Borussia Mönchengladbach,Bayer Leverkusen,2 - 3,0 - 2,2,5,Evet
2024-08-24,2024,Bundesliga,SC Freiburg,VfB Stuttgart,3 - 1,1 - 1,1,4,Evet
2024-08-24,2024,Bundesliga,FSV Mainz 05,Union Berlin,1 - 1,0 - 0,X,2,Evet
2024-08-24,2024,Bundesliga,1899 Hoffenheim,Holstein Kiel,3 - 2,2 - 0,1,5,Evet
2024-08-24,2024,Bundesliga,FC Augsburg,Werder Bremen,2 - 2,2 - 1,X,4,Evet
2024-08-24,2024,Bundesliga,RB Leipzig,VfL Bochum,1 - 0,0 - 0,1,1,Yok
2024-08-24,2024,Bundesliga,Borussia Dortmund,Eintracht Frankfurt,2 - 0,0 - 0,1,2,Yok
2024-08-25,2024,Bundesliga,VfL Wolfsburg,Bayern München,2 - 3,0 - 1,2,5,Evet
2024-08-25,2024,Bundesliga,FC St. Pauli,1. FC Heidenheim,0 - 2,0 - 0,2,2,Yok
2024-08-30,2024,Bundesliga,Union Berlin,FC St. Pauli,1 - 0,1 - 0,1,1,Yok
2024-08-31,2024,Bundesliga,Werder Bremen,Borussia Dortmund,0 - 0,0 - 0,X,0,Yok
2024-08-31,2024,Bundesliga,Eintracht Frankfurt,1899 Hoffenheim,3 - 1,2 - 0,1,4,Evet
2024-08-31,2024,Bundesliga,VfB Stuttgart,FSV Mainz 05,3 - 3,2 - 1,X,6,Evet
2024-08-31,2024,Bundesliga,VfL Bochum,Borussia Mönchengladbach,0 - 2,0 - 0,2,2,Yok
2024-08-31,2024,Bundesliga,Holstein Kiel,VfL Wolfsburg,0 - 2,0 - 2,2,2,Yok
2024-08-31,2024,Bundesliga,Bayer Leverkusen,RB Leipzig,2 - 3,2 - 1,2,5,Evet
2024-09-01,2024,Bundesliga,1. FC Heidenheim,FC Augsburg,4 - 0,2 - 0,1,4,Yok
2024-09-01,2024,Bundesliga,Bayern München,SC Freiburg,2 - 0,1 - 0,1,2,Yok
2024-09-13,2024,Bundesliga,Borussia Dortmund,1. FC Heidenheim,4 - 2,3 - 1,1,6,Evet
2024-09-14,2024,Bundesliga,SC Freiburg,VfL Bochum,2 - 1,0 - 1,1,3,Evet
2024-09-14,2024,Bundesliga,VfL Wolfsburg,Eintracht Frankfurt,1 - 2,0 - 1,2,3,Evet
2024-09-14,2024,Bundesliga,Borussia Mönchengladbach,VfB Stuttgart,1 - 3,1 - 1,2,4,Evet
2024-09-14,2024,Bundesliga,1899 Hoffenheim,Bayer Leverkusen,1 - 4,1 - 2,2,5,Evet
2024-09-14,2024,Bundesliga,RB Leipzig,Union Berlin,0 - 0,0 - 0,X,0,Yok
2024-09-14,2024,Bundesliga,Holstein Kiel,Bayern München,1 - 6,0 - 4,2,7,Evet
2024-09-15,2024,Bundesliga,FC Augsburg,FC St. Pauli,3 - 1,0 - 0,1,4,Evet
2024-09-15,2024,Bundesliga,FSV Mainz 05,Werder Bremen,1 - 2,1 - 1,2,3,Evet
2024-09-20,2024,Bundesliga,FC Augsburg,FSV Mainz 05,2 - 3,1 - 2,2,5,Evet
2024-09-21,2024,Bundesliga,Werder Bremen,Bayern München,0 - 5,0 - 2,2,5,Yok
2024-09-21,2024,Bundesliga,VfL Bochum,Holstein Kiel,2 - 2,2 - 1,X,4,Evet
2024-09-21,2024,Bundesliga,1. FC Heidenheim,SC Freiburg,0 - 3,0 - 0,2,3,Yok
2024-09-21,2024,Bundesliga,Union Berlin,1899 Hoffenheim,2 - 1,2 - 0,1,3,Evet
2024-09-21,2024,Bundesliga,Eintracht Frankfurt,Borussia Mönchengladbach,2 - 0,1 - 0,1,2,Yok
2024-09-22,2024,Bundesliga,Bayer Leverkusen,VfL Wolfsburg,4 - 3,2 - 3,1,7,Evet
2024-09-22,2024,Bundesliga,VfB Stuttgart,Borussia Dortmund,5 - 1,2 - 0,1,6,Evet
2024-09-22,2024,Bundesliga,FC St. Pauli,RB Leipzig,0 - 0,0 - 0,X,0,Yok
2024-09-27,2024,Bundesliga,Borussia Dortmund,VfL Bochum,4 - 2,1 - 2,1,6,Evet
2024-09-28,2024,Bundesliga,SC Freiburg,FC St. Pauli,0 - 3,0 - 2,2,3,Yok
2024-09-28,2024,Bundesliga,VfL Wolfsburg,VfB Stuttgart,2 - 2,1 - 1,X,4,Evet
2024-09-28,2024,Bundesliga,Borussia Mönchengladbach,Union Berlin,1 - 0,0 - 0,1,1,Yok
2024-09-28,2024,Bundesliga,FSV Mainz 05,1. FC Heidenheim,0 - 2,0 - 1,2,2,Yok
2024-09-28,2024,Bundesliga,RB Leipzig,FC Augsburg,4 - 0,2 - 0,1,4,Yok
2024-09-28,2024,Bundesliga,Bayern München,Bayer Leverkusen,1 - 1,1 - 1,X,2,Evet
2024-09-29,2024,Bundesliga,Holstein Kiel,Eintracht Frankfurt,2 - 4,1 - 1,2,6,Evet
2024-09-29,2024,Bundesliga,1899 Hoffenheim,Werder Bremen,3 - 4,3 - 3,2,7,Evet
2024-10-04,2024,Bundesliga,FC Augsburg,Borussia Mönchengladbach,2 - 1,1 - 0,1,3,Evet
2024-10-05,2024,Bundesliga,Werder Bremen,SC Freiburg,0 - 1,0 - 0,2,1,Yok
2024-10-05,2024,Bundesliga,Bayer Leverkusen,Holstein Kiel,2 - 2,2 - 1,X,4,Evet
2024-10-05,2024,Bundesliga,VfL Bochum,VfL Wolfsburg,1 - 3,0 - 2,2,4,Evet
2024-10-05,2024,Bundesliga,Union Berlin,Borussia Dortmund,2 - 1,2 - 0,1,3,Evet
2024-10-05,2024,Bundesliga,FC St. Pauli,FSV Mainz 05,0 - 3,0 - 2,2,3,Yok
2024-10-06,2024,Bundesliga,1. FC Heidenheim,RB Leipzig,0 - 1,0 - 0,2,1,Yok
2024-10-06,2024,Bundesliga,Eintracht Frankfurt,Bayern München,3 - 3,2 - 2,X,6,Evet
2024-10-06,2024,Bundesliga,VfB Stuttgart,1899 Hoffenheim,1 - 1,0 - 1,X,2,Evet
2024-10-18,2024,Bundesliga,Borussia Dortmund,FC St. Pauli,2 - 1,1 - 0,1,3,Evet
2024-10-19,2024,Bundesliga,SC Freiburg,FC Augsburg,3 - 1,3 - 0,1,4,Evet
2024-10-19,2024,Bundesliga,Borussia Mönchengladbach,1. FC Heidenheim,3 - 2,1 - 1,1,5,Evet
2024-10-19,2024,Bundesliga,FSV Mainz 05,RB Leipzig,0 - 2,0 - 2,2,2,Yok
2024-10-19,2024,Bundesliga,1899 Hoffenheim,VfL Bochum,3 - 1,1 - 0,1,4,Evet
2024-10-19,2024,Bundesliga,Bayer Leverkusen,Eintracht Frankfurt,2 - 1,1 - 1,1,3,Evet
2024-10-19,2024,Bundesliga,Bayern München,VfB Stuttgart,4 - 0,0 - 0,1,4,Yok
2024-10-20,2024,Bundesliga,Holstein Kiel,Union Berlin,0 - 2,0 - 1,2,2,Yok
2024-10-20,2024,Bundesliga,VfL Wolfsburg,Werder Bremen,2 - 4,1 - 1,2,6,Evet
2024-10-25,2024,Bundesliga,FSV Mainz 05,Borussia Mönchengladbach,1 - 1,0 - 0,X,2,Evet
2024-10-26,2024,Bundesliga,FC Augsburg,Borussia Dortmund,2 - 1,1 - 1,1,3,Evet
2024-10-26,2024,Bundesliga,VfB Stuttgart,Holstein Kiel,2 - 1,1 - 0,1,3,Evet
2024-10-26,2024,Bundesliga,RB Leipzig,SC Freiburg,3 - 1,0 - 1,1,4,Evet
2024-10-26,2024,Bundesliga,FC St. Pauli,VfL Wolfsburg,0 - 0,0 - 0,X,0,Yok
2024-10-26,2024,Bundesliga,Werder Bremen,Bayer Leverkusen,2 - 2,0 - 1,X,4,Evet
2024-10-27,2024,Bundesliga,VfL Bochum,Bayern München,0 - 5,0 - 2,2,5,Yok
2024-10-27,2024,Bundesliga,Union Berlin,Eintracht Frankfurt,1 - 1,0 - 1,X,2,Evet
2024-10-27,2024,Bundesliga,1. FC Heidenheim,1899 Hoffenheim,0 - 0,0 - 0,X,0,Yok
2024-11-01,2024,Bundesliga,Bayer Leverkusen,VfB Stuttgart,0 - 0,0 - 0,X,0,Yok
2024-11-02,2024,Bundesliga,Bayern München,Union Berlin,3 - 0,2 - 0,1,3,Yok
2024-11-02,2024,Bundesliga,VfL Wolfsburg,FC Augsburg,1 - 1,0 - 1,X,2,Evet
2024-11-02,2024,Bundesliga,1899 Hoffenheim,FC St. Pauli,0 - 2,0 - 1,2,2,Yok
2024-11-02,2024,Bundesliga,Eintracht Frankfurt,VfL Bochum,7 - 2,4 - 1,1,9,Evet
2024-11-02,2024,Bundesliga,Holstein Kiel,1. FC Heidenheim,1 - 0,1 - 0,1,1,Yok
2024-11-02,2024,Bundesliga,Borussia Dortmund,RB Leipzig,2 - 1,1 - 1,1,3,Evet
2024-11-03,2024,Bundesliga,SC Freiburg,FSV Mainz 05,0 - 0,0 - 0,X,0,Yok
2024-11-03,2024,Bundesliga,Borussia Mönchengladbach,Werder Bremen,4 - 1,3 - 0,1,5,Evet
2024-11-08,2024,Bundesliga,Union Berlin,SC Freiburg,0 - 0,0 - 0,X,0,Yok
2024-11-09,2024,Bundesliga,Werder Bremen,Holstein Kiel,2 - 1,1 - 0,1,3,Evet
2024-11-09,2024,Bundesliga,FSV Mainz 05,Borussia Dortmund,3 - 1,2 - 1,1,4,Evet
2024-11-09,2024,Bundesliga,VfL Bochum,Bayer Leverkusen,1 - 1,0 - 1,X,2,Evet
2024-11-09,2024,Bundesliga,FC St. Pauli,Bayern München,0 - 1,0 - 1,2,1,Yok
2024-11-09,2024,Bundesliga,RB Leipzig,Borussia Mönchengladbach,0 - 0,0 - 0,X,0,Yok
2024-11-10,2024,Bundesliga,FC Augsburg,1899 Hoffenheim,0 - 0,0 - 0,X,0,Yok
2024-11-10,2024,Bundesliga,VfB Stuttgart,Eintracht Frankfurt,2 - 3,0 - 1,2,5,Evet
2024-11-10,2024,Bundesliga,1. FC Heidenheim,VfL Wolfsburg,1 - 3,0 - 2,2,4,Evet
2024-11-22,2024,Bundesliga,Bayern München,FC Augsburg,3 - 0,0 - 0,1,3,Yok
2024-11-23,2024,Bundesliga,VfL Wolfsburg,Union Berlin,1 - 0,0 - 0,1,1,Yok
2024-11-23,2024,Bundesliga,Borussia Dortmund,SC Freiburg,4 - 0,2 - 0,1,4,Yok
2024-11-23,2024,Bundesliga,1899 Hoffenheim,RB Leipzig,4 - 3,1 - 2,1,7,Evet
2024-11-23,2024,Bundesliga,Bayer Leverkusen,1. FC Heidenheim,5 - 2,2 - 2,1,7,Evet
2024-11-23,2024,Bundesliga,VfB Stuttgart,VfL Bochum,2 - 0,0 - 0,1,2,Yok
2024-11-23,2024,Bundesliga,Eintracht Frankfurt,Werder Bremen,1 - 0,1 - 0,1,1,Yok
2024-11-24,2024,Bundesliga,Holstein Kiel,FSV Mainz 05,0 - 3,0 - 2,2,3,Yok
2024-11-24,2024,Bundesliga,Borussia Mönchengladbach,FC St. Pauli,2 - 0,2 - 0,1,2,Yok
2024-11-29,2024,Bundesliga,FC St. Pauli,Holstein Kiel,3 - 1,1 - 0,1,4,Evet
2024-11-30,2024,Bundesliga,SC Freiburg,Borussia Mönchengladbach,3 - 1,1 - 0,1,4,Evet
2024-11-30,2024,Bundesliga,Werder Bremen,VfB Stuttgart,2 - 2,1 - 1,X,4,Evet
2024-11-30,2024,Bundesliga,FC Augsburg,VfL Bochum,1 - 0,1 - 0,1,1,Yok
2024-11-30,2024,Bundesliga,RB Leipzig,VfL Wolfsburg,1 - 5,0 - 3,2,6,Evet
2024-11-30,2024,Bundesliga,Union Berlin,Bayer Leverkusen,1 - 2,1 - 1,2,3,Evet
2024-11-30,2024,Bundesliga,Borussia Dortmund,Bayern München,1 - 1,1 - 0,X,2,Evet
2024-12-01,2024,Bundesliga,FSV Mainz 05,1899 Hoffenheim,2 - 0,2 - 0,1,2,Yok
2024-12-01,2024,Bundesliga,1. FC Heidenheim,Eintracht Frankfurt,0 - 4,0 - 1,2,4,Yok
2024-12-06,2024,Bundesliga,VfB Stuttgart,Union Berlin,3 - 2,0 - 1,1,5,Evet
2024-12-07,2024,Bundesliga,Bayern München,1. FC Heidenheim,4 - 2,1 - 0,1,6,Evet
2024-12-07,2024,Bundesliga,Bayer Leverkusen,FC St. Pauli,2 - 1,2 - 0,1,3,Evet
2024-12-07,2024,Bundesliga,Eintracht Frankfurt,FC Augsburg,2 - 2,0 - 0,X,4,Evet
2024-12-07,2024,Bundesliga,VfL Bochum,Werder Bremen,0 - 1,0 - 0,2,1,Yok
2024-12-07,2024,Bundesliga,Holstein Kiel,RB Leipzig,0 - 2,0 - 1,2,2,Yok
2024-12-07,2024,Bundesliga,Borussia Mönchengladbach,Borussia Dortmund,1 - 1,0 - 0,X,2,Evet
2024-12-08,2024,Bundesliga,VfL Wolfsburg,FSV Mainz 05,4 - 3,1 - 2,1,7,Evet
2024-12-08,2024,Bundesliga,1899 Hoffenheim,SC Freiburg,1 - 1,0 - 0,X,2,Evet
2024-12-13,2024,Bundesliga,SC Freiburg,VfL Wolfsburg,3 - 2,1 - 0,1,5,Evet
2024-12-14,2024,Bundesliga,Borussia Mönchengladbach,Holstein Kiel,4 - 1,3 - 1,1,5,Evet
2024-12-14,2024,Bundesliga,FSV Mainz 05,Bayern München,2 - 1,1 - 0,1,3,Evet
2024-12-14,2024,Bundesliga,FC Augsburg,Bayer Leverkusen,0 - 2,0 - 2,2,2,Yok
2024-12-14,2024,Bundesliga,Union Berlin,VfL Bochum,1 - 1,1 - 1,X,2,Evet
2024-12-14,2024,Bundesliga,FC St. Pauli,Werder Bremen,0 - 2,0 - 1,2,2,Yok
2024-12-15,2024,Bundesliga,1. FC Heidenheim,VfB Stuttgart,1 - 3,1 - 2,2,4,Evet
2024-12-15,2024,Bundesliga,Borussia Dortmund,1899 Hoffenheim,1 - 1,0 - 0,X,2,Evet
2024-12-15,2024,Bundesliga,RB Leipzig,Eintracht Frankfurt,2 - 1,1 - 1,1,3,Evet
2024-12-20,2024,Bundesliga,Bayern München,RB Leipzig,5 - 1,3 - 1,1,6,Evet
2024-12-21,2024,Bundesliga,Werder Bremen,Union Berlin,4 - 1,3 - 1,1,5,Evet
2024-12-21,2024,Bundesliga,1899 Hoffenheim,Borussia Mönchengladbach,1 - 2,0 - 1,2,3,Evet
2024-12-21,2024,Bundesliga,Eintracht Frankfurt,FSV Mainz 05,1 - 3,0 - 2,2,4,Evet
2024-12-21,2024,Bundesliga,VfB Stuttgart,FC St. Pauli,0 - 1,0 - 1,2,1,Yok
2024-12-21,2024,Bundesliga,Holstein Kiel,FC Augsburg,5 - 1,4 - 1,1,6,Evet
2024-12-21,2024,Bundesliga,Bayer Leverkusen,SC Freiburg,5 - 1,1 - 0,1,6,Evet
2024-12-22,2024,Bundesliga,VfL Bochum,1. FC Heidenheim,2 - 0,2 - 0,1,2,Yok
2024-12-22,2024,Bundesliga,VfL Wolfsburg,Borussia Dortmund,1 - 3,0 - 3,2,4,Evet
2025-01-10,2024,Bundesliga,Borussia Dortmund,Bayer Leverkusen,2 - 3,1 - 3,2,5,Evet
2025-01-11,2024,Bundesliga,SC Freiburg,Holstein Kiel,3 - 2,2 - 0,1,5,Evet
2025-01-11,2024,Bundesliga,FSV Mainz 05,VfL Bochum,2 - 0,1 - 0,1,2,Yok
2025-01-11,2024,Bundesliga,1899 Hoffenheim,VfL Wolfsburg,0 - 1,0 - 1,2,1,Yok
2025-01-11,2024,Bundesliga,1. FC Heidenheim,Union Berlin,2 - 0,1 - 0,1,2,Yok
2025-01-11,2024,Bundesliga,FC St. Pauli,Eintracht Frankfurt,0 - 1,0 - 1,2,1,Yok
2025-01-11,2024,Bundesliga,Borussia Mönchengladbach,Bayern München,0 - 1,0 - 0,2,1,Yok
2025-01-12,2024,Bundesliga,RB Leipzig,Werder Bremen,4 - 2,2 - 1,1,6,Evet
2025-01-12,2024,Bundesliga,FC Augsburg,VfB Stuttgart,0 - 1,0 - 0,2,1,Yok
2025-01-14,2024,Bundesliga,Holstein Kiel,Borussia Dortmund,4 - 2,3 - 0,1,6,Evet
2025-01-14,2024,Bundesliga,VfL Wolfsburg,Borussia Mönchengladbach,5 - 1,1 - 0,1,6,Evet
2025-01-14,2024,Bundesliga,Bayer Leverkusen,FSV Mainz 05,1 - 0,0 - 0,1,1,Yok
2025-01-14,2024,Bundesliga,Eintracht Frankfurt,SC Freiburg,4 - 1,1 - 1,1,5,Evet
2025-01-15,2024,Bundesliga,VfL Bochum,FC St. Pauli,1 - 0,0 - 0,1,1,Yok
2025-01-15,2024,Bundesliga,Bayern München,1899 Hoffenheim,5 - 0,3 - 0,1,5,Yok
2025-01-15,2024,Bundesliga,Werder Bremen,1. FC Heidenheim,3 - 3,1 - 1,X,6,Evet
2025-01-15,2024,Bundesliga,VfB Stuttgart,RB Leipzig,2 - 1,0 - 1,1,3,Evet
2025-01-15,2024,Bundesliga,Union Berlin,FC Augsburg,0 - 2,0 - 2,2,2,Yok
2025-01-17,2024,Bundesliga,Eintracht Frankfurt,Borussia Dortmund,2 - 0,1 - 0,1,2,Yok
2025-01-18,2024,Bundesliga,Bayern München,VfL Wolfsburg,3 - 2,2 - 1,1,5,Evet
2025-01-18,2024,Bundesliga,VfB Stuttgart,SC Freiburg,4 - 0,3 - 0,1,4,Yok
2025-01-18,2024,Bundesliga,VfL Bochum,RB Leipzig,3 - 3,0 - 3,X,6,Evet
2025-01-18,2024,Bundesliga,1. FC Heidenheim,FC St. Pauli,0 - 2,0 - 1,2,2,Yok
2025-01-18,2024,Bundesliga,Holstein Kiel,1899 Hoffenheim,1 - 3,0 - 2,2,4,Evet
2025-01-18,2024,Bundesliga,Bayer Leverkusen,Borussia Mönchengladbach,3 - 1,1 - 0,1,4,Evet
2025-01-19,2024,Bundesliga,Union Berlin,FSV Mainz 05,2 - 1,2 - 1,1,3,Evet
2025-01-19,2024,Bundesliga,Werder Bremen,FC Augsburg,0 - 2,0 - 2,2,2,Yok
2025-01-24,2024,Bundesliga,VfL Wolfsburg,Holstein Kiel,2 - 2,0 - 1,X,4,Evet
2025-01-25,2024,Bundesliga,SC Freiburg,Bayern München,1 - 2,0 - 1,2,3,Evet
2025-01-25,2024,Bundesliga,FSV Mainz 05,VfB Stuttgart,2 - 0,1 - 0,1,2,Yok
2025-01-25,2024,Bundesliga,Borussia Dortmund,Werder Bremen,2 - 2,1 - 0,X,4,Evet
2025-01-25,2024,Bundesliga,FC Augsburg,1. FC Heidenheim,2 - 1,1 - 0,1,3,Evet
2025-01-25,2024,Bundesliga,RB Leipzig,Bayer Leverkusen,2 - 2,1 - 2,X,4,Evet
2025-01-25,2024,Bundesliga,Borussia Mönchengladbach,VfL Bochum,3 - 0,1 - 0,1,3,Yok
2025-01-26,2024,Bundesliga,1899 Hoffenheim,Eintracht Frankfurt,2 - 2,0 - 1,X,4,Evet
2025-01-26,2024,Bundesliga,FC St. Pauli,Union Berlin,3 - 0,1 - 0,1,3,Yok
2025-01-31,2024,Bundesliga,Werder Bremen,FSV Mainz 05,1 - 0,1 - 0,1,1,Yok
2025-02-01,2024,Bundesliga,Bayern München,Holstein Kiel,4 - 3,2 - 0,1,7,Evet
2025-02-01,2024,Bundesliga,VfB Stuttgart,Borussia Mönchengladbach,1 - 2,0 - 1,2,3,Evet
2025-02-01,2024,Bundesliga,VfL Bochum,SC Freiburg,0 - 1,0 - 1,2,1,Yok
2025-02-01,2024,Bundesliga,1. FC Heidenheim,Borussia Dortmund,1 - 2,0 - 1,2,3,Evet
2025-02-01,2024,Bundesliga,FC St. Pauli,FC Augsburg,1 - 1,1 - 0,X,2,Evet
2025-02-01,2024,Bundesliga,Union Berlin,RB Leipzig,0 - 0,0 - 0,X,0,Yok
2025-02-02,2024,Bundesliga,Eintracht Frankfurt,VfL Wolfsburg,1 - 1,0 - 0,X,2,Evet
2025-02-02,2024,Bundesliga,Bayer Leverkusen,1899 Hoffenheim,3 - 1,2 - 0,1,4,Evet
2025-02-07,2024,Bundesliga,Bayern München,Werder Bremen,3 - 0,0 - 0,1,3,Yok
2025-02-08,2024,Bundesliga,SC Freiburg,1. FC Heidenheim,1 - 0,1 - 0,1,1,Yok
2025-02-08,2024,Bundesliga,VfL Wolfsburg,Bayer Leverkusen,0 - 0,0 - 0,X,0,Yok
2025-02-08,2024,Bundesliga,FSV Mainz 05,FC Augsburg,0 - 0,0 - 0,X,0,Yok
2025-02-08,2024,Bundesliga,Borussia Dortmund,VfB Stuttgart,1 - 2,0 - 0,2,3,Evet
2025-02-08,2024,Bundesliga,1899 Hoffenheim,Union Berlin,0 - 4,0 - 1,2,4,Yok
2025-02-08,2024,Bundesliga,Borussia Mönchengladbach,Eintracht Frankfurt,1 - 1,1 - 1,X,2,Evet
2025-02-09,2024,Bundesliga,Holstein Kiel,VfL Bochum,2 - 2,1 - 2,X,4,Evet
2025-02-09,2024,Bundesliga,RB Leipzig,FC St. Pauli,2 - 0,2 - 0,1,2,Yok
2025-02-14,2024,Bundesliga,FC Augsburg,RB Leipzig,0 - 0,0 - 0,X,0,Yok
2025-02-15,2024,Bundesliga,VfB Stuttgart,VfL Wolfsburg,1 - 2,0 - 0,2,3,Evet
2025-02-15,2024,Bundesliga,VfL Bochum,Borussia Dortmund,2 - 0,2 - 0,1,2,Yok
2025-02-15,2024,Bundesliga,Union Berlin,Borussia Mönchengladbach,1 - 2,0 - 2,2,3,Evet
2025-02-15,2024,Bundesliga,FC St. Pauli,SC Freiburg,0 - 1,0 - 0,2,1,Yok
2025-02-15,2024,Bundesliga,Bayer Leverkusen,Bayern München,0 - 0,0 - 0,X,0,Yok
2025-02-16,2024,Bundesliga,Werder Bremen,1899 Hoffenheim,1 - 3,1 - 2,2,4,Evet
2025-02-16,2024,Bundesliga,Eintracht Frankfurt,Holstein Kiel,3 - 1,2 - 0,1,4,Evet
2025-02-16,2024,Bundesliga,1. FC Heidenheim,FSV Mainz 05,0 - 2,0 - 1,2,2,Yok
2025-02-21,2024,Bundesliga,SC Freiburg,Werder Bremen,5 - 0,2 - 0,1,5,Yok
2025-02-22,2024,Bundesliga,VfL Wolfsburg,VfL Bochum,1 - 1,0 - 0,X,2,Evet
2025-02-22,2024,Bundesliga,Borussia Mönchengladbach,FC Augsburg,0 - 3,0 - 0,2,3,Yok
2025-02-22,2024,Bundesliga,FSV Mainz 05,FC St. Pauli,2 - 0,0 - 0,1,2,Yok
2025-02-22,2024,Bundesliga,Holstein Kiel,Bayer Leverkusen,0 - 2,0 - 2,2,2,Yok
2025-02-22,2024,Bundesliga,Borussia Dortmund,Union Berlin,6 - 0,2 - 0,1,6,Yok
2025-02-23,2024,Bundesliga,RB Leipzig,1. FC Heidenheim,2 - 2,1 - 2,X,4,Evet
2025-02-23,2024,Bundesliga,Bayern München,Eintracht Frankfurt,4 - 0,1 - 0,1,4,Yok
2025-02-23,2024,Bundesliga,1899 Hoffenheim,VfB Stuttgart,1 - 1,0 - 1,X,2,Evet
2025-02-28,2024,Bundesliga,VfB Stuttgart,Bayern München,1 - 3,1 - 1,2,4,Evet
2025-03-01,2024,Bundesliga,Werder Bremen,VfL Wolfsburg,1 - 2,0 - 1,2,3,Evet
2025-03-01,2024,Bundesliga,RB Leipzig,FSV Mainz 05,1 - 2,1 - 0,2,3,Evet
2025-03-01,2024,Bundesliga,VfL Bochum,1899 Hoffenheim,0 - 1,0 - 0,2,1,Yok
2025-03-01,2024,Bundesliga,1. FC Heidenheim,Borussia Mönchengladbach,0 - 3,0 - 2,2,3,Yok
2025-03-01,2024,Bundesliga,FC St. Pauli,Borussia Dortmund,0 - 2,0 - 0,2,2,Yok
2025-03-01,2024,Bundesliga,Eintracht Frankfurt,Bayer Leverkusen,1 - 4,1 - 3,2,5,Evet
2025-03-02,2024,Bundesliga,Union Berlin,Holstein Kiel,0 - 1,0 - 1,2,1,Yok
2025-03-02,2024,Bundesliga,FC Augsburg,SC Freiburg,0 - 0,0 - 0,X,0,Yok
2025-03-07,2024,Bundesliga,Borussia Mönchengladbach,FSV Mainz 05,1 - 3,0 - 1,2,4,Evet
2025-03-08,2024,Bundesliga,Bayern München,VfL Bochum,2 - 3,2 - 1,2,5,Evet
2025-03-08,2024,Bundesliga,VfL Wolfsburg,FC St. Pauli,1 - 1,0 - 1,X,2,Evet
2025-03-08,2024,Bundesliga,Borussia Dortmund,FC Augsburg,0 - 1,0 - 1,2,1,Yok
2025-03-08,2024,Bundesliga,Bayer Leverkusen,Werder Bremen,0 - 2,0 - 1,2,2,Yok
2025-03-08,2024,Bundesliga,Holstein Kiel,VfB Stuttgart,2 - 2,1 - 1,X,4,Evet
2025-03-08,2024,Bundesliga,SC Freiburg,RB Leipzig,0 - 0,0 - 0,X,0,Yok
2025-03-09,2024,Bundesliga,Eintracht Frankfurt,Union Berlin,1 - 2,1 - 0,2,3,Evet
2025-03-09,2024,Bundesliga,1899 Hoffenheim,1. FC Heidenheim,1 - 1,1 - 0,X,2,Evet
2025-03-14,2024,Bundesliga,FC St. Pauli,1899 Hoffenheim,1 - 0,0 - 0,1,1,Yok
2025-03-15,2024,Bundesliga,Werder Bremen,Borussia Mönchengladbach,2 - 4,2 - 2,2,6,Evet
2025-03-15,2024,Bundesliga,FSV Mainz 05,SC Freiburg,2 - 2,1 - 0,X,4,Evet
2025-03-15,2024,Bundesliga,FC Augsburg,VfL Wolfsburg,1 - 0,0 - 0,1,1,Yok
2025-03-15,2024,Bundesliga,Union Berlin,Bayern München,1 - 1,0 - 0,X,2,Evet
2025-03-15,2024,Bundesliga,RB Leipzig,Borussia Dortmund,2 - 0,1 - 0,1,2,Yok
2025-03-16,2024,Bundesliga,VfL Bochum,Eintracht Frankfurt,1 - 3,0 - 2,2,4,Evet
2025-03-16,2024,Bundesliga,1. FC Heidenheim,Holstein Kiel,3 - 1,1 - 0,1,4,Evet
2025-03-16,2024,Bundesliga,VfB Stuttgart,Bayer Leverkusen,3 - 4,1 - 0,2,7,Evet
2025-03-28,2024,Bundesliga,Bayer Leverkusen,VfL Bochum,3 - 1,1 - 1,1,4,Evet
2025-03-29,2024,Bundesliga,Bayern München,FC St. Pauli,3 - 2,1 - 1,1,5,Evet
2025-03-29,2024,Bundesliga,VfL Wolfsburg,1. FC Heidenheim,0 - 1,0 - 1,2,1,Yok
2025-03-29,2024,Bundesliga,Borussia Mönchengladbach,RB Leipzig,1 - 0,0 - 0,1,1,Yok
2025-03-29,2024,Bundesliga,1899 Hoffenheim,FC Augsburg,1 - 1,0 - 0,X,2,Evet
2025-03-29,2024,Bundesliga,Holstein Kiel,Werder Bremen,0 - 3,0 - 1,2,3,Yok
2025-03-29,2024,Bundesliga,Eintracht Frankfurt,VfB Stuttgart,1 - 0,0 - 0,1,1,Yok
2025-03-30,2024,Bundesliga,SC Freiburg,Union Berlin,1 - 2,1 - 1,2,3,Evet
2025-03-30,2024,Bundesliga,Borussia Dortmund,FSV Mainz 05,3 - 1,2 - 0,1,4,Evet
2025-04-04,2024,Bundesliga,FC Augsburg,Bayern München,1 - 3,1 - 1,2,4,Evet
2025-04-05,2024,Bundesliga,SC Freiburg,Borussia Dortmund,1 - 4,0 - 1,2,5,Evet
2025-04-05,2024,Bundesliga,FSV Mainz 05,Holstein Kiel,1 - 1,0 - 1,X,2,Evet
2025-04-05,2024,Bundesliga,RB Leipzig,1899 Hoffenheim,3 - 1,2 - 1,1,4,Evet
2025-04-05,2024,Bundesliga,VfL Bochum,VfB Stuttgart,0 - 4,0 - 2,2,4,Yok
2025-04-05,2024,Bundesliga,1. FC Heidenheim,Bayer Leverkusen,0 - 1,0 - 0,2,1,Yok
2025-04-05,2024,Bundesliga,Werder Bremen,Eintracht Frankfurt,2 - 0,1 - 0,1,2,Yok
2025-04-06,2024,Bundesliga,FC St. Pauli,Borussia Mönchengladbach,1 - 1,0 - 1,X,2,Evet
2025-04-06,2024,Bundesliga,Union Berlin,VfL Wolfsburg,1 - 0,0 - 0,1,1,Yok
2025-04-11,2024,Bundesliga,VfL Wolfsburg,RB Leipzig,2 - 3,0 - 2,2,5,Evet
2025-04-12,2024,Bundesliga,Borussia Mönchengladbach,SC Freiburg,1 - 2,1 - 1,2,3,Evet
2025-04-12,2024,Bundesliga,1899 Hoffenheim,FSV Mainz 05,2 - 0,2 - 0,1,2,Yok
2025-04-12,2024,Bundesliga,Bayer Leverkusen,Union Berlin,0 - 0,0 - 0,X,0,Yok
2025-04-12,2024,Bundesliga,VfL Bochum,FC Augsburg,1 - 2,0 - 1,2,3,Evet
2025-04-12,2024,Bundesliga,Holstein Kiel,FC St. Pauli,1 - 2,1 - 1,2,3,Evet
2025-04-12,2024,Bundesliga,Bayern München,Borussia Dortmund,2 - 2,0 - 0,X,4,Evet
2025-04-13,2024,Bundesliga,VfB Stuttgart,Werder Bremen,1 - 2,1 - 1,2,3,Evet
2025-04-13,2024,Bundesliga,Eintracht Frankfurt,1. FC Heidenheim,3 - 0,2 - 0,1,3,Yok
2025-04-19,2024,Bundesliga,SC Freiburg,1899 Hoffenheim,3 - 2,2 - 2,1,5,Evet
2025-04-19,2024,Bundesliga,Werder Bremen,VfL Bochum,1 - 0,0 - 0,1,1,Yok
2025-04-19,2024,Bundesliga,FSV Mainz 05,VfL Wolfsburg,2 - 2,2 - 1,X,4,Evet
2025-04-19,2024,Bundesliga,RB Leipzig,Holstein Kiel,1 - 1,0 - 1,X,2,Evet
2025-04-19,2024,Bundesliga,1. FC Heidenheim,Bayern München,0 - 4,0 - 3,2,4,Yok
2025-04-19,2024,Bundesliga,Union Berlin,VfB Stuttgart,4 - 4,4 - 4,X,8,Evet
2025-04-20,2024,Bundesliga,FC Augsburg,Eintracht Frankfurt,0 - 0,0 - 0,X,0,Yok
2025-04-20,2024,Bundesliga,Borussia Dortmund,Borussia Mönchengladbach,3 - 2,3 - 1,1,5,Evet
2025-04-20,2024,Bundesliga,FC St. Pauli,Bayer Leverkusen,1 - 1,0 - 1,X,2,Evet
2025-04-25,2024,Bundesliga,VfB Stuttgart,1. FC Heidenheim,0 - 1,0 - 0,2,1,Yok
2025-04-26,2024,Bundesliga,Bayern München,FSV Mainz 05,3 - 0,2 - 0,1,3,Yok
2025-04-26,2024,Bundesliga,VfL Wolfsburg,SC Freiburg,0 - 1,0 - 0,2,1,Yok
2025-04-26,2024,Bundesliga,1899 Hoffenheim,Borussia Dortmund,2 - 3,0 - 1,2,5,Evet
2025-04-26,2024,Bundesliga,Bayer Leverkusen,FC Augsburg,2 - 0,2 - 0,1,2,Yok
2025-04-26,2024,Bundesliga,Holstein Kiel,Borussia Mönchengladbach,4 - 3,2 - 0,1,7,Evet
2025-04-26,2024,Bundesliga,Eintracht Frankfurt,RB Leipzig,4 - 0,1 - 0,1,4,Yok
2025-04-27,2024,Bundesliga,VfL Bochum,Union Berlin,1 - 1,0 - 1,X,2,Evet
2025-04-27,2024,Bundesliga,Werder Bremen,FC St. Pauli,0 - 0,0 - 0,X,0,Yok
2025-05-02,2024,Bundesliga,1. FC Heidenheim,VfL Bochum,0 - 0,0 - 0,X,0,Yok
2025-05-03,2024,Bundesliga,Borussia Mönchengladbach,1899 Hoffenheim,4 - 4,2 - 1,X,8,Evet
2025-05-03,2024,Bundesliga,RB Leipzig,Bayern München,3 - 3,2 - 0,X,6,Evet
2025-05-03,2024,Bundesliga,Union Berlin,Werder Bremen,2 - 2,1 - 2,X,4,Evet
2025-05-03,2024,Bundesliga,FC St. Pauli,VfB Stuttgart,0 - 1,0 - 0,2,1,Yok
2025-05-03,2024,Bundesliga,Borussia Dortmund,VfL Wolfsburg,4 - 0,1 - 0,1,4,Yok
2025-05-04,2024,Bundesliga,FC Augsburg,Holstein Kiel,1 - 3,0 - 2,2,4,Evet
2025-05-04,2024,Bundesliga,SC Freiburg,Bayer Leverkusen,2 - 2,1 - 0,X,4,Evet
2025-05-04,2024,Bundesliga,FSV Mainz 05,Eintracht Frankfurt,1 - 1,0 - 1,X,2,Evet
2025-05-09,2024,Bundesliga,VfL Wolfsburg,1899 Hoffenheim,2 - 2,1 - 1,X,4,Evet
2025-05-10,2024,Bundesliga,Werder Bremen,RB Leipzig,0 - 0,0 - 0,X,0,Yok
2025-05-10,2024,Bundesliga,VfL Bochum,FSV Mainz 05,1 - 4,0 - 1,2,5,Evet
2025-05-10,2024,Bundesliga,Union Berlin,1. FC Heidenheim,0 - 3,0 - 1,2,3,Yok
2025-05-10,2024,Bundesliga,Holstein Kiel,SC Freiburg,1 - 2,1 - 1,2,3,Evet
2025-05-10,2024,Bundesliga,Bayern München,Borussia Mönchengladbach,2 - 0,1 - 0,1,2,Yok
2025-05-11,2024,Bundesliga,Bayer Leverkusen,Borussia Dortmund,2 - 4,1 - 2,2,6,Evet
2025-05-11,2024,Bundesliga,Eintracht Frankfurt,FC St. Pauli,2 - 2,1 - 2,X,4,Evet
2025-05-11,2024,Bundesliga,VfB Stuttgart,FC Augsburg,4 - 0,1 - 0,1,4,Yok
2025-05-17,2024,Bundesliga,SC Freiburg,Eintracht Frankfurt,1 - 3,1 - 1,2,4,Evet
2025-05-17,2024,Bundesliga,Borussia Mönchengladbach,VfL Wolfsburg,0 - 1,0 - 0,2,1,Yok
2025-05-17,2024,Bundesliga,FSV Mainz 05,Bayer Leverkusen,2 - 2,1 - 0,X,4,Evet
2025-05-17,2024,Bundesliga,Borussia Dortmund,Holstein Kiel,3 - 0,1 - 0,1,3,Yok
2025-05-17,2024,Bundesliga,1899 Hoffenheim,Bayern München,0 - 4,0 - 1,2,4,Yok
2025-05-17,2024,Bundesliga,FC Augsburg,Union Berlin,1 - 2,1 - 0,2,3,Evet
2025-05-17,2024,Bundesliga,RB Leipzig,VfB Stuttgart,2 - 3,2 - 1,2,5,Evet
2025-05-17,2024,Bundesliga,1. FC Heidenheim,Werder Bremen,1 - 4,0 - 2,2,5,Evet
2025-05-17,2024,Bundesliga,FC St. Pauli,VfL Bochum,0 - 2,0 - 1,2,2,Yok
2025-05-22,2024,Bundesliga,1. FC Heidenheim,SV Elversberg,2 - 2,0 - 2,X,4,Evet
2025-05-26,2024,Bundesliga,SV Elversberg,1. FC Heidenheim,1 - 2,1 - 1,2,3,Evet
2023-08-18,2023,Bundesliga,Werder Bremen,Bayern Munich,0 - 4,0 - 1,2,4,Yok
2023-08-19,2023,Bundesliga,VfL Wolfsburg,FC Heidenheim,2 - 0,2 - 0,1,2,Yok
2023-08-19,2023,Bundesliga,1899 Hoffenheim,SC Freiburg,1 - 2,0 - 2,2,3,Evet
2023-08-19,2023,Bundesliga,Bayer Leverkusen,RB Leipzig,3 - 2,2 - 1,1,5,Evet
2023-08-19,2023,Bundesliga,FC Augsburg,Borussia Monchengladbach,4 - 4,3 - 3,X,8,Evet
2023-08-19,2023,Bundesliga,VfB Stuttgart,Vfl Bochum,5 - 0,2 - 0,1,5,Yok
2023-08-19,2023,Bundesliga,Borussia Dortmund,1. FC Köln,1 - 0,0 - 0,1,1,Yok
2023-08-20,2023,Bundesliga,Union Berlin,FSV Mainz 05,4 - 1,2 - 0,1,5,Evet
2023-08-20,2023,Bundesliga,Eintracht Frankfurt,SV Darmstadt 98,1 - 0,1 - 0,1,1,Yok
2023-08-25,2023,Bundesliga,RB Leipzig,VfB Stuttgart,5 - 1,0 - 1,1,6,Evet
2023-08-26,2023,Bundesliga,SC Freiburg,Werder Bremen,1 - 0,0 - 0,1,1,Yok
2023-08-26,2023,Bundesliga,Vfl Bochum,Borussia Dortmund,1 - 1,1 - 0,X,2,Evet
2023-08-26,2023,Bundesliga,FC Heidenheim,1899 Hoffenheim,2 - 3,1 - 0,2,5,Evet
2023-08-26,2023,Bundesliga,SV Darmstadt 98,Union Berlin,1 - 4,1 - 3,2,5,Evet
2023-08-26,2023,Bundesliga,1. FC Köln,VfL Wolfsburg,1 - 2,0 - 0,2,3,Evet
2023-08-26,2023,Bundesliga,Borussia Monchengladbach,Bayer Leverkusen,0 - 3,0 - 2,2,3,Yok
2023-08-27,2023,Bundesliga,FSV Mainz 05,Eintracht Frankfurt,1 - 1,1 - 0,X,2,Evet
2023-08-27,2023,Bundesliga,Bayern Munich,FC Augsburg,3 - 1,2 - 0,1,4,Evet
2023-09-01,2023,Bundesliga,Borussia Dortmund,FC Heidenheim,2 - 2,2 - 0,X,4,Evet
2023-09-02,2023,Bundesliga,Werder Bremen,FSV Mainz 05,4 - 0,1 - 0,1,4,Yok
2023-09-02,2023,Bundesliga,1899 Hoffenheim,VfL Wolfsburg,3 - 1,1 - 1,1,4,Evet
2023-09-02,2023,Bundesliga,Bayer Leverkusen,SV Darmstadt 98,5 - 1,1 - 1,1,6,Evet
2023-09-02,2023,Bundesliga,FC Augsburg,Vfl Bochum,2 - 2,1 - 1,X,4,Evet
2023-09-02,2023,Bundesliga,VfB Stuttgart,SC Freiburg,5 - 0,3 - 0,1,5,Yok
2023-09-02,2023,Bundesliga,Borussia Monchengladbach,Bayern Munich,1 - 2,1 - 0,2,3,Evet
2023-09-03,2023,Bundesliga,Eintracht Frankfurt,1. FC Köln,1 - 1,0 - 1,X,2,Evet
2023-09-03,2023,Bundesliga,Union Berlin,RB Leipzig,0 - 3,0 - 0,2,3,Yok
2023-09-15,2023,Bundesliga,Bayern Munich,Bayer Leverkusen,2 - 2,1 - 1,X,4,Evet
2023-09-16,2023,Bundesliga,SC Freiburg,Borussia Dortmund,2 - 4,2 - 1,2,6,Evet
2023-09-16,2023,Bundesliga,VfL Wolfsburg,Union Berlin,2 - 1,2 - 1,1,3,Evet
2023-09-16,2023,Bundesliga,FSV Mainz 05,VfB Stuttgart,1 - 3,0 - 0,2,4,Evet
2023-09-16,2023,Bundesliga,RB Leipzig,FC Augsburg,3 - 0,3 - 0,1,3,Yok
2023-09-16,2023,Bundesliga,1. FC Köln,1899 Hoffenheim,1 - 3,0 - 2,2,4,Evet
2023-09-16,2023,Bundesliga,Vfl Bochum,Eintracht Frankfurt,1 - 1,0 - 0,X,2,Evet
2023-09-17,2023,Bundesliga,FC Heidenheim,Werder Bremen,4 - 2,2 - 0,1,6,Evet
2023-09-17,2023,Bundesliga,SV Darmstadt 98,Borussia Monchengladbach,3 - 3,3 - 0,X,6,Evet
2023-09-22,2023,Bundesliga,VfB Stuttgart,SV Darmstadt 98,3 - 1,2 - 1,1,4,Evet
2023-09-23,2023,Bundesliga,Bayern Munich,Vfl Bochum,7 - 0,4 - 0,1,7,Yok
2023-09-23,2023,Bundesliga,Borussia Monchengladbach,RB Leipzig,0 - 1,0 - 0,2,1,Yok
2023-09-23,2023,Bundesliga,Borussia Dortmund,VfL Wolfsburg,1 - 0,0 - 0,1,1,Yok
2023-09-23,2023,Bundesliga,FC Augsburg,FSV Mainz 05,2 - 1,2 - 1,1,3,Evet
2023-09-23,2023,Bundesliga,Union Berlin,1899 Hoffenheim,0 - 2,0 - 2,2,2,Yok
2023-09-23,2023,Bundesliga,Werder Bremen,1. FC Köln,2 - 1,1 - 1,1,3,Evet
2023-09-24,2023,Bundesliga,Bayer Leverkusen,FC Heidenheim,4 - 1,1 - 0,1,5,Evet
2023-09-24,2023,Bundesliga,Eintracht Frankfurt,SC Freiburg,0 - 0,0 - 0,X,0,Yok
2023-09-29,2023,Bundesliga,1899 Hoffenheim,Borussia Dortmund,1 - 3,1 - 2,2,4,Evet
2023-09-30,2023,Bundesliga,VfL Wolfsburg,Eintracht Frankfurt,2 - 0,1 - 0,1,2,Yok
2023-09-30,2023,Bundesliga,FSV Mainz 05,Bayer Leverkusen,0 - 3,0 - 1,2,3,Yok
2023-09-30,2023,Bundesliga,Vfl Bochum,Borussia Monchengladbach,1 - 3,0 - 3,2,4,Evet
2023-09-30,2023,Bundesliga,FC Heidenheim,Union Berlin,1 - 0,0 - 0,1,1,Yok
2023-09-30,2023,Bundesliga,1. FC Köln,VfB Stuttgart,0 - 2,0 - 0,2,2,Yok
2023-09-30,2023,Bundesliga,RB Leipzig,Bayern Munich,2 - 2,2 - 0,X,4,Evet
2023-10-01,2023,Bundesliga,SV Darmstadt 98,Werder Bremen,4 - 2,2 - 0,1,6,Evet
2023-10-01,2023,Bundesliga,SC Freiburg,FC Augsburg,2 - 0,1 - 0,1,2,Yok
2023-10-06,2023,Bundesliga,Borussia Monchengladbach,FSV Mainz 05,2 - 2,1 - 1,X,4,Evet
2023-10-07,2023,Bundesliga,Borussia Dortmund,Union Berlin,4 - 2,1 - 2,1,6,Evet
2023-10-07,2023,Bundesliga,FC Augsburg,SV Darmstadt 98,1 - 2,0 - 0,2,3,Evet
2023-10-07,2023,Bundesliga,VfB Stuttgart,VfL Wolfsburg,3 - 1,0 - 1,1,4,Evet
2023-10-07,2023,Bundesliga,RB Leipzig,Vfl Bochum,0 - 0,0 - 0,X,0,Yok
2023-10-07,2023,Bundesliga,Werder Bremen,1899 Hoffenheim,2 - 3,1 - 2,2,5,Evet
2023-10-08,2023,Bundesliga,Bayer Leverkusen,1. FC Köln,3 - 0,2 - 0,1,3,Yok
2023-10-08,2023,Bundesliga,Bayern Munich,SC Freiburg,3 - 0,2 - 0,1,3,Yok
2023-10-08,2023,Bundesliga,Eintracht Frankfurt,FC Heidenheim,2 - 0,1 - 0,1,2,Yok
2023-10-20,2023,Bundesliga,Borussia Dortmund,Werder Bremen,1 - 0,0 - 0,1,1,Yok
2023-10-21,2023,Bundesliga,SC Freiburg,Vfl Bochum,2 - 1,2 - 1,1,3,Evet
2023-10-21,2023,Bundesliga,VfL Wolfsburg,Bayer Leverkusen,1 - 2,1 - 1,2,3,Evet
2023-10-21,2023,Bundesliga,1899 Hoffenheim,Eintracht Frankfurt,1 - 3,1 - 3,2,4,Evet
2023-10-21,2023,Bundesliga,SV Darmstadt 98,RB Leipzig,1 - 3,1 - 2,2,4,Evet
2023-10-21,2023,Bundesliga,Union Berlin,VfB Stuttgart,0 - 3,0 - 1,2,3,Yok
2023-10-21,2023,Bundesliga,FSV Mainz 05,Bayern Munich,1 - 3,1 - 2,2,4,Evet
2023-10-22,2023,Bundesliga,1. FC Köln,Borussia Monchengladbach,3 - 1,1 - 0,1,4,Evet
2023-10-22,2023,Bundesliga,FC Heidenheim,FC Augsburg,2 - 5,2 - 3,2,7,Evet
2023-10-27,2023,Bundesliga,Vfl Bochum,FSV Mainz 05,2 - 2,1 - 0,X,4,Evet
2023-10-28,2023,Bundesliga,Bayern Munich,SV Darmstadt 98,8 - 0,0 - 0,1,8,Yok
2023-10-28,2023,Bundesliga,Werder Bremen,Union Berlin,2 - 0,1 - 0,1,2,Yok
2023-10-28,2023,Bundesliga,Borussia Monchengladbach,FC Heidenheim,2 - 1,1 - 1,1,3,Evet
2023-10-28,2023,Bundesliga,FC Augsburg,VfL Wolfsburg,3 - 2,1 - 2,1,5,Evet
2023-10-28,2023,Bundesliga,VfB Stuttgart,1899 Hoffenheim,2 - 3,0 - 2,2,5,Evet
2023-10-28,2023,Bundesliga,RB Leipzig,1. FC Köln,6 - 0,4 - 0,1,6,Yok
2023-10-29,2023,Bundesliga,Eintracht Frankfurt,Borussia Dortmund,3 - 3,2 - 1,X,6,Evet
2023-10-29,2023,Bundesliga,Bayer Leverkusen,SC Freiburg,2 - 1,1 - 0,1,3,Evet
2023-11-03,2023,Bundesliga,SV Darmstadt 98,Vfl Bochum,1 - 2,1 - 1,2,3,Evet
2023-11-04,2023,Bundesliga,SC Freiburg,Borussia Monchengladbach,3 - 3,1 - 3,X,6,Evet
2023-11-04,2023,Bundesliga,FSV Mainz 05,RB Leipzig,2 - 0,0 - 0,1,2,Yok
2023-11-04,2023,Bundesliga,1899 Hoffenheim,Bayer Leverkusen,2 - 3,0 - 2,2,5,Evet
2023-11-04,2023,Bundesliga,Union Berlin,Eintracht Frankfurt,0 - 3,0 - 2,2,3,Yok
2023-11-04,2023,Bundesliga,1. FC Köln,FC Augsburg,1 - 1,1 - 1,X,2,Evet
2023-11-04,2023,Bundesliga,Borussia Dortmund,Bayern Munich,0 - 4,0 - 2,2,4,Yok
2023-11-05,2023,Bundesliga,VfL Wolfsburg,Werder Bremen,2 - 2,1 - 1,X,4,Evet
2023-11-05,2023,Bundesliga,FC Heidenheim,VfB Stuttgart,2 - 0,0 - 0,1,2,Yok
2023-11-10,2023,Bundesliga,Borussia Monchengladbach,VfL Wolfsburg,4 - 0,2 - 0,1,4,Yok
2023-11-11,2023,Bundesliga,Bayern Munich,FC Heidenheim,4 - 2,2 - 0,1,6,Evet
2023-11-11,2023,Bundesliga,FC Augsburg,1899 Hoffenheim,1 - 1,0 - 1,X,2,Evet
2023-11-11,2023,Bundesliga,VfB Stuttgart,Borussia Dortmund,2 - 1,1 - 1,1,3,Evet
2023-11-11,2023,Bundesliga,SV Darmstadt 98,FSV Mainz 05,0 - 0,0 - 0,X,0,Yok
2023-11-11,2023,Bundesliga,Vfl Bochum,1. FC Köln,1 - 1,1 - 0,X,2,Evet
2023-11-12,2023,Bundesliga,Bayer Leverkusen,Union Berlin,4 - 0,1 - 0,1,4,Yok
2023-11-12,2023,Bundesliga,Werder Bremen,Eintracht Frankfurt,2 - 2,1 - 0,X,4,Evet
2023-11-12,2023,Bundesliga,RB Leipzig,SC Freiburg,3 - 1,1 - 1,1,4,Evet
2023-11-24,2023,Bundesliga,1. FC Köln,Bayern Munich,0 - 1,0 - 1,2,1,Yok
2023-11-25,2023,Bundesliga,SC Freiburg,SV Darmstadt 98,1 - 1,1 - 1,X,2,Evet
2023-11-25,2023,Bundesliga,VfL Wolfsburg,RB Leipzig,2 - 1,1 - 0,1,3,Evet
2023-11-25,2023,Bundesliga,Werder Bremen,Bayer Leverkusen,0 - 3,0 - 2,2,3,Yok
2023-11-25,2023,Bundesliga,Borussia Dortmund,Borussia Monchengladbach,4 - 2,3 - 2,1,6,Evet
2023-11-25,2023,Bundesliga,Union Berlin,FC Augsburg,1 - 1,0 - 1,X,2,Evet
2023-11-25,2023,Bundesliga,Eintracht Frankfurt,VfB Stuttgart,1 - 2,1 - 2,2,3,Evet
2023-11-26,2023,Bundesliga,FC Heidenheim,Vfl Bochum,0 - 0,0 - 0,X,0,Yok
2023-11-26,2023,Bundesliga,1899 Hoffenheim,FSV Mainz 05,1 - 1,0 - 1,X,2,Evet
2023-12-01,2023,Bundesliga,SV Darmstadt 98,1. FC Köln,0 - 1,0 - 0,2,1,Yok
2023-12-02,2023,Bundesliga,Borussia Monchengladbach,1899 Hoffenheim,2 - 1,0 - 0,1,3,Evet
2023-12-02,2023,Bundesliga,RB Leipzig,FC Heidenheim,2 - 1,2 - 1,1,3,Evet
2023-12-02,2023,Bundesliga,Vfl Bochum,VfL Wolfsburg,3 - 1,2 - 1,1,4,Evet
2023-12-02,2023,Bundesliga,VfB Stuttgart,Werder Bremen,2 - 0,1 - 0,1,2,Yok
2023-12-03,2023,Bundesliga,FSV Mainz 05,SC Freiburg,0 - 1,0 - 0,2,1,Yok
2023-12-03,2023,Bundesliga,Bayer Leverkusen,Borussia Dortmund,1 - 1,0 - 1,X,2,Evet
2023-12-03,2023,Bundesliga,FC Augsburg,Eintracht Frankfurt,2 - 1,1 - 0,1,3,Evet
2023-12-08,2023,Bundesliga,1899 Hoffenheim,Vfl Bochum,3 - 1,2 - 0,1,4,Evet
2023-12-09,2023,Bundesliga,VfL Wolfsburg,SC Freiburg,0 - 1,0 - 0,2,1,Yok
2023-12-09,2023,Bundesliga,Werder Bremen,FC Augsburg,2 - 0,1 - 0,1,2,Yok
2023-12-09,2023,Bundesliga,Eintracht Frankfurt,Bayern Munich,5 - 1,3 - 1,1,6,Evet
2023-12-09,2023,Bundesliga,FC Heidenheim,SV Darmstadt 98,3 - 2,1 - 0,1,5,Evet
2023-12-09,2023,Bundesliga,Union Berlin,Borussia Monchengladbach,3 - 1,1 - 0,1,4,Evet
2023-12-09,2023,Bundesliga,Borussia Dortmund,RB Leipzig,2 - 3,1 - 1,2,5,Evet
2023-12-10,2023,Bundesliga,VfB Stuttgart,Bayer Leverkusen,1 - 1,1 - 0,X,2,Evet
2023-12-10,2023,Bundesliga,1. FC Köln,FSV Mainz 05,0 - 0,0 - 0,X,0,Yok
2023-12-15,2023,Bundesliga,Borussia Monchengladbach,Werder Bremen,2 - 2,1 - 1,X,4,Evet
2023-12-16,2023,Bundesliga,FSV Mainz 05,FC Heidenheim,0 - 1,0 - 1,2,1,Yok
2023-12-16,2023,Bundesliga,FC Augsburg,Borussia Dortmund,1 - 1,1 - 1,X,2,Evet
2023-12-16,2023,Bundesliga,Vfl Bochum,Union Berlin,3 - 0,1 - 0,1,3,Yok
2023-12-16,2023,Bundesliga,SV Darmstadt 98,VfL Wolfsburg,0 - 1,0 - 0,2,1,Yok
2023-12-16,2023,Bundesliga,RB Leipzig,1899 Hoffenheim,3 - 1,1 - 1,1,4,Evet
2023-12-17,2023,Bundesliga,SC Freiburg,1. FC Köln,2 - 0,0 - 0,1,2,Yok
2023-12-17,2023,Bundesliga,Bayer Leverkusen,Eintracht Frankfurt,3 - 0,1 - 0,1,3,Yok
2023-12-17,2023,Bundesliga,Bayern Munich,VfB Stuttgart,3 - 0,1 - 0,1,3,Yok
2023-12-19,2023,Bundesliga,Werder Bremen,RB Leipzig,1 - 1,0 - 0,X,2,Evet
2023-12-19,2023,Bundesliga,Borussia Dortmund,FSV Mainz 05,1 - 1,1 - 1,X,2,Evet
2023-12-19,2023,Bundesliga,1899 Hoffenheim,SV Darmstadt 98,3 - 3,2 - 1,X,6,Evet
2023-12-20,2023,Bundesliga,Union Berlin,1. FC Köln,2 - 0,0 - 0,1,2,Yok
2023-12-20,2023,Bundesliga,VfL Wolfsburg,Bayern Munich,1 - 2,1 - 2,2,3,Evet
2023-12-20,2023,Bundesliga,Bayer Leverkusen,Vfl Bochum,4 - 0,3 - 0,1,4,Yok
2023-12-20,2023,Bundesliga,Eintracht Frankfurt,Borussia Monchengladbach,2 - 1,0 - 1,1,3,Evet
2023-12-20,2023,Bundesliga,VfB Stuttgart,FC Augsburg,3 - 0,2 - 0,1,3,Yok
2023-12-20,2023,Bundesliga,FC Heidenheim,SC Freiburg,3 - 2,0 - 1,1,5,Evet
2024-01-12,2023,Bundesliga,Bayern Munich,1899 Hoffenheim,3 - 0,1 - 0,1,3,Yok
2024-01-13,2023,Bundesliga,SC Freiburg,Union Berlin,0 - 0,0 - 0,X,0,Yok
2024-01-13,2023,Bundesliga,FSV Mainz 05,VfL Wolfsburg,1 - 1,0 - 1,X,2,Evet
2024-01-13,2023,Bundesliga,FC Augsburg,Bayer Leverkusen,0 - 1,0 - 0,2,1,Yok
2024-01-13,2023,Bundesliga,RB Leipzig,Eintracht Frankfurt,0 - 1,0 - 1,2,1,Yok
2024-01-13,2023,Bundesliga,1. FC Köln,FC Heidenheim,1 - 1,1 - 0,X,2,Evet
2024-01-13,2023,Bundesliga,SV Darmstadt 98,Borussia Dortmund,0 - 3,0 - 1,2,3,Yok
2024-01-14,2023,Bundesliga,Vfl Bochum,Werder Bremen,1 - 1,0 - 0,X,2,Evet
2024-01-14,2023,Bundesliga,Borussia Monchengladbach,VfB Stuttgart,3 - 1,2 - 0,1,4,Evet
2024-01-20,2023,Bundesliga,SC Freiburg,1899 Hoffenheim,3 - 2,1 - 0,1,5,Evet
2024-01-20,2023,Bundesliga,Vfl Bochum,VfB Stuttgart,1 - 0,0 - 0,1,1,Yok
2024-01-20,2023,Bundesliga,FC Heidenheim,VfL Wolfsburg,1 - 1,1 - 1,X,2,Evet
2024-01-20,2023,Bundesliga,SV Darmstadt 98,Eintracht Frankfurt,2 - 2,0 - 1,X,4,Evet
2024-01-20,2023,Bundesliga,1. FC Köln,Borussia Dortmund,0 - 4,0 - 1,2,4,Yok
2024-01-20,2023,Bundesliga,RB Leipzig,Bayer Leverkusen,2 - 3,1 - 0,2,5,Evet
2024-01-21,2023,Bundesliga,Bayern Munich,Werder Bremen,0 - 1,0 - 0,2,1,Yok
2024-01-21,2023,Bundesliga,Borussia Monchengladbach,FC Augsburg,1 - 2,1 - 0,2,3,Evet
2024-01-24,2023,Bundesliga,Bayern Munich,Union Berlin,1 - 0,0 - 0,1,1,Yok
2024-01-26,2023,Bundesliga,Eintracht Frankfurt,FSV Mainz 05,1 - 0,0 - 0,1,1,Yok
2024-01-27,2023,Bundesliga,VfL Wolfsburg,1. FC Köln,1 - 1,1 - 1,X,2,Evet
2024-01-27,2023,Bundesliga,Werder Bremen,SC Freiburg,3 - 1,1 - 1,1,4,Evet
2024-01-27,2023,Bundesliga,1899 Hoffenheim,FC Heidenheim,1 - 1,1 - 1,X,2,Evet
2024-01-27,2023,Bundesliga,FC Augsburg,Bayern Munich,2 - 3,0 - 2,2,5,Evet
2024-01-27,2023,Bundesliga,VfB Stuttgart,RB Leipzig,5 - 2,2 - 1,1,7,Evet
2024-01-27,2023,Bundesliga,Bayer Leverkusen,Borussia Monchengladbach,0 - 0,0 - 0,X,0,Yok
2024-01-28,2023,Bundesliga,Union Berlin,SV Darmstadt 98,1 - 0,0 - 0,1,1,Yok
2024-01-28,2023,Bundesliga,Borussia Dortmund,Vfl Bochum,3 - 1,1 - 1,1,4,Evet
2024-02-02,2023,Bundesliga,FC Heidenheim,Borussia Dortmund,0 - 0,0 - 0,X,0,Yok
2024-02-03,2023,Bundesliga,Bayern Munich,Borussia Monchengladbach,3 - 1,1 - 1,1,4,Evet
2024-02-03,2023,Bundesliga,SC Freiburg,VfB Stuttgart,1 - 3,1 - 2,2,4,Evet
2024-02-03,2023,Bundesliga,FSV Mainz 05,Werder Bremen,0 - 1,0 - 1,2,1,Yok
2024-02-03,2023,Bundesliga,Vfl Bochum,FC Augsburg,1 - 1,1 - 0,X,2,Evet
2024-02-03,2023,Bundesliga,SV Darmstadt 98,Bayer Leverkusen,0 - 2,0 - 1,2,2,Yok
2024-02-03,2023,Bundesliga,1. FC Köln,Eintracht Frankfurt,2 - 0,0 - 0,1,2,Yok
2024-02-04,2023,Bundesliga,VfL Wolfsburg,1899 Hoffenheim,2 - 2,0 - 1,X,4,Evet
2024-02-04,2023,Bundesliga,RB Leipzig,Union Berlin,2 - 0,1 - 0,1,2,Yok
2024-02-07,2023,Bundesliga,FSV Mainz 05,Union Berlin,1 - 1,1 - 1,X,2,Evet
2024-02-09,2023,Bundesliga,Borussia Dortmund,SC Freiburg,3 - 0,2 - 0,1,3,Yok
2024-02-10,2023,Bundesliga,Werder Bremen,FC Heidenheim,1 - 2,1 - 2,2,3,Evet
2024-02-10,2023,Bundesliga,Borussia Monchengladbach,SV Darmstadt 98,0 - 0,0 - 0,X,0,Yok
2024-02-10,2023,Bundesliga,Eintracht Frankfurt,Vfl Bochum,1 - 1,1 - 1,X,2,Evet
2024-02-10,2023,Bundesliga,FC Augsburg,RB Leipzig,2 - 2,1 - 1,X,4,Evet
2024-02-10,2023,Bundesliga,Union Berlin,VfL Wolfsburg,1 - 0,1 - 0,1,1,Yok
2024-02-10,2023,Bundesliga,Bayer Leverkusen,Bayern Munich,3 - 0,1 - 0,1,3,Yok
2024-02-11,2023,Bundesliga,VfB Stuttgart,FSV Mainz 05,3 - 1,2 - 0,1,4,Evet
2024-02-11,2023,Bundesliga,1899 Hoffenheim,1. FC Köln,1 - 1,0 - 0,X,2,Evet
2024-02-16,2023,Bundesliga,1. FC Köln,Werder Bremen,0 - 1,0 - 0,2,1,Yok
2024-02-17,2023,Bundesliga,VfL Wolfsburg,Borussia Dortmund,1 - 1,0 - 1,X,2,Evet
2024-02-17,2023,Bundesliga,FSV Mainz 05,FC Augsburg,1 - 0,1 - 0,1,1,Yok
2024-02-17,2023,Bundesliga,1899 Hoffenheim,Union Berlin,0 - 1,0 - 0,2,1,Yok
2024-02-17,2023,Bundesliga,FC Heidenheim,Bayer Leverkusen,1 - 2,0 - 1,2,3,Evet
2024-02-17,2023,Bundesliga,SV Darmstadt 98,VfB Stuttgart,1 - 2,0 - 1,2,3,Evet
2024-02-17,2023,Bundesliga,RB Leipzig,Borussia Monchengladbach,2 - 0,1 - 0,1,2,Yok
2024-02-18,2023,Bundesliga,SC Freiburg,Eintracht Frankfurt,3 - 3,2 - 2,X,6,Evet
2024-02-18,2023,Bundesliga,Vfl Bochum,Bayern Munich,3 - 2,2 - 1,1,5,Evet
2024-02-23,2023,Bundesliga,Bayer Leverkusen,FSV Mainz 05,2 - 1,1 - 1,1,3,Evet
2024-02-24,2023,Bundesliga,Werder Bremen,SV Darmstadt 98,1 - 1,1 - 1,X,2,Evet
2024-02-24,2023,Bundesliga,Borussia Monchengladbach,Vfl Bochum,5 - 2,2 - 0,1,7,Evet
2024-02-24,2023,Bundesliga,VfB Stuttgart,1. FC Köln,1 - 1,0 - 0,X,2,Evet
2024-02-24,2023,Bundesliga,Union Berlin,FC Heidenheim,2 - 2,2 - 1,X,4,Evet
2024-02-24,2023,Bundesliga,Bayern Munich,RB Leipzig,2 - 1,0 - 0,1,3,Evet
2024-02-25,2023,Bundesliga,Eintracht Frankfurt,VfL Wolfsburg,2 - 2,1 - 2,X,4,Evet
2024-02-25,2023,Bundesliga,Borussia Dortmund,1899 Hoffenheim,2 - 3,2 - 1,2,5,Evet
2024-02-25,2023,Bundesliga,FC Augsburg,SC Freiburg,2 - 1,0 - 1,1,3,Evet
2024-03-01,2023,Bundesliga,SC Freiburg,Bayern Munich,2 - 2,1 - 1,X,4,Evet
2024-03-02,2023,Bundesliga,FSV Mainz 05,Borussia Monchengladbach,1 - 1,1 - 0,X,2,Evet
2024-03-02,2023,Bundesliga,Vfl Bochum,RB Leipzig,1 - 4,1 - 1,2,5,Evet
2024-03-02,2023,Bundesliga,FC Heidenheim,Eintracht Frankfurt,1 - 2,0 - 1,2,3,Evet
2024-03-02,2023,Bundesliga,SV Darmstadt 98,FC Augsburg,0 - 6,0 - 5,2,6,Yok
2024-03-02,2023,Bundesliga,Union Berlin,Borussia Dortmund,0 - 2,0 - 1,2,2,Yok
2024-03-02,2023,Bundesliga,VfL Wolfsburg,VfB Stuttgart,2 - 3,0 - 1,2,5,Evet
2024-03-03,2023,Bundesliga,1. FC Köln,Bayer Leverkusen,0 - 2,0 - 1,2,2,Yok
2024-03-03,2023,Bundesliga,1899 Hoffenheim,Werder Bremen,2 - 1,2 - 0,1,3,Evet
2024-03-08,2023,Bundesliga,VfB Stuttgart,Union Berlin,2 - 0,1 - 0,1,2,Yok
2024-03-09,2023,Bundesliga,Bayern Munich,FSV Mainz 05,8 - 1,3 - 1,1,9,Evet
2024-03-09,2023,Bundesliga,Borussia Monchengladbach,1. FC Köln,3 - 3,1 - 1,X,6,Evet
2024-03-09,2023,Bundesliga,FC Augsburg,FC Heidenheim,1 - 0,1 - 0,1,1,Yok
2024-03-09,2023,Bundesliga,RB Leipzig,SV Darmstadt 98,2 - 0,1 - 0,1,2,Yok
2024-03-09,2023,Bundesliga,Werder Bremen,Borussia Dortmund,1 - 2,0 - 2,2,3,Evet
2024-03-10,2023,Bundesliga,Vfl Bochum,SC Freiburg,1 - 2,0 - 1,2,3,Evet
2024-03-10,2023,Bundesliga,Eintracht Frankfurt,1899 Hoffenheim,3 - 1,1 - 1,1,4,Evet
2024-03-10,2023,Bundesliga,Bayer Leverkusen,VfL Wolfsburg,2 - 0,1 - 0,1,2,Yok
2024-03-15,2023,Bundesliga,1. FC Köln,RB Leipzig,1 - 5,1 - 1,2,6,Evet
2024-03-16,2023,Bundesliga,VfL Wolfsburg,FC Augsburg,1 - 3,1 - 1,2,4,Evet
2024-03-16,2023,Bundesliga,FSV Mainz 05,Vfl Bochum,2 - 0,1 - 0,1,2,Yok
2024-03-16,2023,Bundesliga,FC Heidenheim,Borussia Monchengladbach,1 - 1,0 - 1,X,2,Evet
2024-03-16,2023,Bundesliga,SV Darmstadt 98,Bayern Munich,2 - 5,1 - 2,2,7,Evet
2024-03-16,2023,Bundesliga,Union Berlin,Werder Bremen,2 - 1,0 - 0,1,3,Evet
2024-03-16,2023,Bundesliga,1899 Hoffenheim,VfB Stuttgart,0 - 3,0 - 2,2,3,Yok
2024-03-17,2023,Bundesliga,SC Freiburg,Bayer Leverkusen,2 - 3,1 - 2,2,5,Evet
2024-03-17,2023,Bundesliga,Borussia Dortmund,Eintracht Frankfurt,3 - 1,1 - 1,1,4,Evet
2024-03-30,2023,Bundesliga,Werder Bremen,VfL Wolfsburg,0 - 2,0 - 1,2,2,Yok
2024-03-30,2023,Bundesliga,Borussia Monchengladbach,SC Freiburg,0 - 3,0 - 1,2,3,Yok
2024-03-30,2023,Bundesliga,Bayer Leverkusen,1899 Hoffenheim,2 - 1,0 - 1,1,3,Evet
2024-03-30,2023,Bundesliga,Eintracht Frankfurt,Union Berlin,0 - 0,0 - 0,X,0,Yok
2024-03-30,2023,Bundesliga,RB Leipzig,FSV Mainz 05,0 - 0,0 - 0,X,0,Yok
2024-03-30,2023,Bundesliga,Bayern Munich,Borussia Dortmund,0 - 2,0 - 1,2,2,Yok
2024-03-31,2023,Bundesliga,FC Augsburg,1. FC Köln,1 - 1,1 - 1,X,2,Evet
2024-03-31,2023,Bundesliga,VfB Stuttgart,FC Heidenheim,3 - 3,1 - 0,X,6,Evet
2024-03-31,2023,Bundesliga,Vfl Bochum,SV Darmstadt 98,2 - 2,1 - 0,X,4,Evet
2024-04-05,2023,Bundesliga,Eintracht Frankfurt,Werder Bremen,1 - 1,0 - 0,X,2,Evet
2024-04-06,2023,Bundesliga,SC Freiburg,RB Leipzig,1 - 4,0 - 3,2,5,Evet
2024-04-06,2023,Bundesliga,FSV Mainz 05,SV Darmstadt 98,4 - 0,1 - 0,1,4,Yok
2024-04-06,2023,Bundesliga,FC Heidenheim,Bayern Munich,3 - 2,0 - 2,1,5,Evet
2024-04-06,2023,Bundesliga,Union Berlin,Bayer Leverkusen,0 - 1,0 - 1,2,1,Yok
2024-04-06,2023,Bundesliga,1. FC Köln,Vfl Bochum,2 - 1,0 - 0,1,3,Evet
2024-04-06,2023,Bundesliga,Borussia Dortmund,VfB Stuttgart,0 - 1,0 - 0,2,1,Yok
2024-04-07,2023,Bundesliga,1899 Hoffenheim,FC Augsburg,3 - 1,2 - 0,1,4,Evet
2024-04-07,2023,Bundesliga,VfL Wolfsburg,Borussia Monchengladbach,1 - 3,1 - 0,2,4,Evet
2024-04-12,2023,Bundesliga,FC Augsburg,Union Berlin,2 - 0,0 - 0,1,2,Yok
2024-04-13,2023,Bundesliga,Bayern Munich,1. FC Köln,2 - 0,0 - 0,1,2,Yok
2024-04-13,2023,Bundesliga,Borussia Monchengladbach,Borussia Dortmund,1 - 2,1 - 2,2,3,Evet
2024-04-13,2023,Bundesliga,FSV Mainz 05,1899 Hoffenheim,4 - 1,0 - 1,1,5,Evet
2024-04-13,2023,Bundesliga,RB Leipzig,VfL Wolfsburg,3 - 0,1 - 0,1,3,Yok
2024-04-13,2023,Bundesliga,Vfl Bochum,FC Heidenheim,1 - 1,0 - 0,X,2,Evet
2024-04-13,2023,Bundesliga,VfB Stuttgart,Eintracht Frankfurt,3 - 0,3 - 0,1,3,Yok
2024-04-14,2023,Bundesliga,SV Darmstadt 98,SC Freiburg,0 - 1,0 - 1,2,1,Yok
2024-04-14,2023,Bundesliga,Bayer Leverkusen,Werder Bremen,5 - 0,1 - 0,1,5,Yok
2024-04-19,2023,Bundesliga,Eintracht Frankfurt,FC Augsburg,3 - 1,0 - 1,1,4,Evet
2024-04-20,2023,Bundesliga,VfL Wolfsburg,Vfl Bochum,1 - 0,1 - 0,1,1,Yok
2024-04-20,2023,Bundesliga,1899 Hoffenheim,Borussia Monchengladbach,4 - 3,1 - 1,1,7,Evet
2024-04-20,2023,Bundesliga,FC Heidenheim,RB Leipzig,1 - 2,0 - 1,2,3,Evet
2024-04-20,2023,Bundesliga,1. FC Köln,SV Darmstadt 98,0 - 2,0 - 0,2,2,Yok
2024-04-20,2023,Bundesliga,Union Berlin,Bayern Munich,1 - 5,0 - 2,2,6,Evet
2024-04-21,2023,Bundesliga,Werder Bremen,VfB Stuttgart,2 - 1,1 - 0,1,3,Evet
2024-04-21,2023,Bundesliga,Borussia Dortmund,Bayer Leverkusen,1 - 1,0 - 0,X,2,Evet
2024-04-21,2023,Bundesliga,SC Freiburg,FSV Mainz 05,1 - 1,1 - 1,X,2,Evet
2024-04-26,2023,Bundesliga,Vfl Bochum,1899 Hoffenheim,3 - 2,2 - 0,1,5,Evet
2024-04-27,2023,Bundesliga,Bayern Munich,Eintracht Frankfurt,2 - 1,1 - 1,1,3,Evet
2024-04-27,2023,Bundesliga,SC Freiburg,VfL Wolfsburg,1 - 2,1 - 0,2,3,Evet
2024-04-27,2023,Bundesliga,FC Augsburg,Werder Bremen,0 - 3,0 - 0,2,3,Yok
2024-04-27,2023,Bundesliga,RB Leipzig,Borussia Dortmund,4 - 1,2 - 1,1,5,Evet
2024-04-27,2023,Bundesliga,Bayer Leverkusen,VfB Stuttgart,2 - 2,0 - 0,X,4,Evet
2024-04-28,2023,Bundesliga,Borussia Monchengladbach,Union Berlin,0 - 0,0 - 0,X,0,Yok
2024-04-28,2023,Bundesliga,FSV Mainz 05,1. FC Köln,1 - 1,1 - 0,X,2,Evet
2024-04-28,2023,Bundesliga,SV Darmstadt 98,FC Heidenheim,0 - 1,0 - 0,2,1,Yok
2024-05-03,2023,Bundesliga,1899 Hoffenheim,RB Leipzig,1 - 1,0 - 1,X,2,Evet
2024-05-04,2023,Bundesliga,VfL Wolfsburg,SV Darmstadt 98,3 - 0,2 - 0,1,3,Yok
2024-05-04,2023,Bundesliga,Werder Bremen,Borussia Monchengladbach,2 - 2,1 - 1,X,4,Evet
2024-05-04,2023,Bundesliga,Borussia Dortmund,FC Augsburg,5 - 1,4 - 1,1,6,Evet
2024-05-04,2023,Bundesliga,VfB Stuttgart,Bayern Munich,3 - 1,1 - 1,1,4,Evet
2024-05-04,2023,Bundesliga,1. FC Köln,SC Freiburg,0 - 0,0 - 0,X,0,Yok
2024-05-05,2023,Bundesliga,Union Berlin,Vfl Bochum,3 - 4,0 - 3,2,7,Evet
2024-05-05,2023,Bundesliga,Eintracht Frankfurt,Bayer Leverkusen,1 - 5,1 - 2,2,6,Evet
2024-05-05,2023,Bundesliga,FC Heidenheim,FSV Mainz 05,1 - 1,0 - 1,X,2,Evet
2024-05-10,2023,Bundesliga,FC Augsburg,VfB Stuttgart,0 - 1,0 - 0,2,1,Yok
2024-05-11,2023,Bundesliga,SC Freiburg,FC Heidenheim,1 - 1,1 - 1,X,2,Evet
2024-05-11,2023,Bundesliga,Borussia Monchengladbach,Eintracht Frankfurt,1 - 1,1 - 1,X,2,Evet
2024-05-11,2023,Bundesliga,RB Leipzig,Werder Bremen,1 - 1,0 - 1,X,2,Evet
2024-05-11,2023,Bundesliga,1. FC Köln,Union Berlin,3 - 2,1 - 2,1,5,Evet
2024-05-11,2023,Bundesliga,FSV Mainz 05,Borussia Dortmund,3 - 0,3 - 0,1,3,Yok
2024-05-12,2023,Bundesliga,SV Darmstadt 98,1899 Hoffenheim,0 - 6,0 - 5,2,6,Yok
2024-05-12,2023,Bundesliga,Bayern Munich,VfL Wolfsburg,2 - 0,2 - 0,1,2,Yok
2024-05-12,2023,Bundesliga,Vfl Bochum,Bayer Leverkusen,0 - 5,0 - 2,2,5,Yok
2024-05-18,2023,Bundesliga,VfL Wolfsburg,FSV Mainz 05,1 - 3,1 - 1,2,4,Evet
2024-05-18,2023,Bundesliga,Werder Bremen,Vfl Bochum,4 - 1,1 - 0,1,5,Evet
2024-05-18,2023,Bundesliga,Borussia Dortmund,SV Darmstadt 98,4 - 0,2 - 0,1,4,Yok
2024-05-18,2023,Bundesliga,1899 Hoffenheim,Bayern Munich,4 - 2,1 - 2,1,6,Evet
2024-05-18,2023,Bundesliga,Bayer Leverkusen,FC Augsburg,2 - 1,2 - 0,1,3,Evet
2024-05-18,2023,Bundesliga,Eintracht Frankfurt,RB Leipzig,2 - 2,0 - 1,X,4,Evet
2024-05-18,2023,Bundesliga,VfB Stuttgart,Borussia Monchengladbach,4 - 0,2 - 0,1,4,Yok
2024-05-18,2023,Bundesliga,FC Heidenheim,1. FC Köln,4 - 1,3 - 0,1,5,Evet
2024-05-18,2023,Bundesliga,Union Berlin,SC Freiburg,2 - 1,0 - 0,1,3,Evet
2024-05-23,2023,Bundesliga,Vfl Bochum,Fortuna Dusseldorf,0 - 3,0 - 1,2,3,Yok
2024-05-27,2023,Bundesliga,Fortuna Dusseldorf,Vfl Bochum,0 - 3,0 - 1,2,3,Yok
2022-08-05,2022,Bundesliga,Eintracht Frankfurt,Bayern Munich,1 - 6,0 - 5,2,7,Evet
2022-08-06,2022,Bundesliga,VfL Wolfsburg,Werder Bremen,2 - 2,1 - 2,X,4,Evet
2022-08-06,2022,Bundesliga,Borussia Monchengladbach,1899 Hoffenheim,3 - 1,1 - 1,1,4,Evet
2022-08-06,2022,Bundesliga,FC Augsburg,SC Freiburg,0 - 4,0 - 0,2,4,Yok
2022-08-06,2022,Bundesliga,Vfl Bochum,FSV Mainz 05,1 - 2,1 - 1,2,3,Evet
2022-08-06,2022,Bundesliga,Union Berlin,Hertha Berlin,3 - 1,1 - 0,1,4,Evet
2022-08-06,2022,Bundesliga,Borussia Dortmund,Bayer Leverkusen,1 - 0,1 - 0,1,1,Yok
2022-08-07,2022,Bundesliga,VfB Stuttgart,RB Leipzig,1 - 1,1 - 1,X,2,Evet
2022-08-07,2022,Bundesliga,1. FC Köln,FC Schalke 04,3 - 1,0 - 0,1,4,Evet
2022-08-12,2022,Bundesliga,SC Freiburg,Borussia Dortmund,1 - 3,1 - 0,2,4,Evet
2022-08-13,2022,Bundesliga,Hertha Berlin,Eintracht Frankfurt,1 - 1,1 - 0,X,2,Evet
2022-08-13,2022,Bundesliga,Werder Bremen,VfB Stuttgart,2 - 2,1 - 1,X,4,Evet
2022-08-13,2022,Bundesliga,1899 Hoffenheim,Vfl Bochum,3 - 2,2 - 2,1,5,Evet
2022-08-13,2022,Bundesliga,Bayer Leverkusen,FC Augsburg,1 - 2,1 - 1,2,3,Evet
2022-08-13,2022,Bundesliga,RB Leipzig,1. FC Köln,2 - 2,1 - 1,X,4,Evet
2022-08-13,2022,Bundesliga,FC Schalke 04,Borussia Monchengladbach,2 - 2,1 - 0,X,4,Evet
2022-08-14,2022,Bundesliga,FSV Mainz 05,Union Berlin,0 - 0,0 - 0,X,0,Yok
2022-08-14,2022,Bundesliga,Bayern Munich,VfL Wolfsburg,2 - 0,2 - 0,1,2,Yok
2022-08-19,2022,Bundesliga,Borussia Monchengladbach,Hertha Berlin,1 - 0,1 - 0,1,1,Yok
2022-08-20,2022,Bundesliga,VfL Wolfsburg,FC Schalke 04,0 - 0,0 - 0,X,0,Yok
2022-08-20,2022,Bundesliga,Borussia Dortmund,Werder Bremen,2 - 3,1 - 0,2,5,Evet
2022-08-20,2022,Bundesliga,Bayer Leverkusen,1899 Hoffenheim,0 - 3,0 - 2,2,3,Yok
2022-08-20,2022,Bundesliga,FC Augsburg,FSV Mainz 05,1 - 2,1 - 1,2,3,Evet
2022-08-20,2022,Bundesliga,VfB Stuttgart,SC Freiburg,0 - 1,0 - 1,2,1,Yok
2022-08-20,2022,Bundesliga,Union Berlin,RB Leipzig,2 - 1,2 - 0,1,3,Evet
2022-08-21,2022,Bundesliga,Eintracht Frankfurt,1. FC Köln,1 - 1,0 - 0,X,2,Evet
2022-08-21,2022,Bundesliga,Vfl Bochum,Bayern Munich,0 - 7,0 - 4,2,7,Yok
2022-08-26,2022,Bundesliga,SC Freiburg,Vfl Bochum,1 - 0,0 - 0,1,1,Yok
2022-08-27,2022,Bundesliga,Hertha Berlin,Borussia Dortmund,0 - 1,0 - 1,2,1,Yok
2022-08-27,2022,Bundesliga,FSV Mainz 05,Bayer Leverkusen,0 - 3,0 - 3,2,3,Yok
2022-08-27,2022,Bundesliga,1899 Hoffenheim,FC Augsburg,1 - 0,1 - 0,1,1,Yok
2022-08-27,2022,Bundesliga,RB Leipzig,VfL Wolfsburg,2 - 0,1 - 0,1,2,Yok
2022-08-27,2022,Bundesliga,FC Schalke 04,Union Berlin,1 - 6,1 - 3,2,7,Evet
2022-08-27,2022,Bundesliga,Bayern Munich,Borussia Monchengladbach,1 - 1,0 - 1,X,2,Evet
2022-08-28,2022,Bundesliga,1. FC Köln,VfB Stuttgart,0 - 0,0 - 0,X,0,Yok
2022-08-28,2022,Bundesliga,Werder Bremen,Eintracht Frankfurt,3 - 4,2 - 3,2,7,Evet
2022-09-02,2022,Bundesliga,Borussia Dortmund,1899 Hoffenheim,1 - 0,1 - 0,1,1,Yok
2022-09-03,2022,Bundesliga,VfL Wolfsburg,1. FC Köln,2 - 4,1 - 3,2,6,Evet
2022-09-03,2022,Bundesliga,Bayer Leverkusen,SC Freiburg,2 - 3,1 - 0,2,5,Evet
2022-09-03,2022,Bundesliga,VfB Stuttgart,FC Schalke 04,1 - 1,1 - 1,X,2,Evet
2022-09-03,2022,Bundesliga,Vfl Bochum,Werder Bremen,0 - 2,0 - 0,2,2,Yok
2022-09-03,2022,Bundesliga,Union Berlin,Bayern Munich,1 - 1,1 - 1,X,2,Evet
2022-09-03,2022,Bundesliga,Eintracht Frankfurt,RB Leipzig,4 - 0,2 - 0,1,4,Yok
2022-09-04,2022,Bundesliga,FC Augsburg,Hertha Berlin,0 - 2,0 - 0,2,2,Yok
2022-09-04,2022,Bundesliga,Borussia Monchengladbach,FSV Mainz 05,0 - 1,0 - 0,2,1,Yok
2022-09-09,2022,Bundesliga,Werder Bremen,FC Augsburg,0 - 1,0 - 0,2,1,Yok
2022-09-10,2022,Bundesliga,Bayern Munich,VfB Stuttgart,2 - 2,1 - 0,X,4,Evet
2022-09-10,2022,Bundesliga,Hertha Berlin,Bayer Leverkusen,2 - 2,0 - 0,X,4,Evet
2022-09-10,2022,Bundesliga,1899 Hoffenheim,FSV Mainz 05,4 - 1,0 - 0,1,5,Evet
2022-09-10,2022,Bundesliga,Eintracht Frankfurt,VfL Wolfsburg,0 - 1,0 - 0,2,1,Yok
2022-09-10,2022,Bundesliga,RB Leipzig,Borussia Dortmund,3 - 0,2 - 0,1,3,Yok
2022-09-10,2022,Bundesliga,FC Schalke 04,Vfl Bochum,3 - 1,1 - 0,1,4,Evet
2022-09-11,2022,Bundesliga,1. FC Köln,Union Berlin,0 - 1,0 - 1,2,1,Yok
2022-09-11,2022,Bundesliga,SC Freiburg,Borussia Monchengladbach,0 - 0,0 - 0,X,0,Yok
2022-09-16,2022,Bundesliga,FSV Mainz 05,Hertha Berlin,1 - 1,0 - 1,X,2,Evet
2022-09-17,2022,Bundesliga,Borussia Dortmund,FC Schalke 04,1 - 0,0 - 0,1,1,Yok
2022-09-17,2022,Bundesliga,Bayer Leverkusen,Werder Bremen,1 - 1,0 - 0,X,2,Evet
2022-09-17,2022,Bundesliga,FC Augsburg,Bayern Munich,1 - 0,0 - 0,1,1,Yok
2022-09-17,2022,Bundesliga,VfB Stuttgart,Eintracht Frankfurt,1 - 3,0 - 1,2,4,Evet
2022-09-17,2022,Bundesliga,Borussia Monchengladbach,RB Leipzig,3 - 0,2 - 0,1,3,Yok
2022-09-18,2022,Bundesliga,Union Berlin,VfL Wolfsburg,2 - 0,0 - 0,1,2,Yok
2022-09-18,2022,Bundesliga,Vfl Bochum,1. FC Köln,1 - 1,1 - 0,X,2,Evet
2022-09-18,2022,Bundesliga,1899 Hoffenheim,SC Freiburg,0 - 0,0 - 0,X,0,Yok
2022-09-30,2022,Bundesliga,Bayern Munich,Bayer Leverkusen,4 - 0,3 - 0,1,4,Yok
2022-10-01,2022,Bundesliga,SC Freiburg,FSV Mainz 05,2 - 1,2 - 0,1,3,Evet
2022-10-01,2022,Bundesliga,VfL Wolfsburg,VfB Stuttgart,3 - 2,2 - 2,1,5,Evet
2022-10-01,2022,Bundesliga,Eintracht Frankfurt,Union Berlin,2 - 0,2 - 0,1,2,Yok
2022-10-01,2022,Bundesliga,RB Leipzig,Vfl Bochum,4 - 0,2 - 0,1,4,Yok
2022-10-01,2022,Bundesliga,1. FC Köln,Borussia Dortmund,3 - 2,0 - 1,1,5,Evet
2022-10-01,2022,Bundesliga,Werder Bremen,Borussia Monchengladbach,5 - 1,4 - 0,1,6,Evet
2022-10-02,2022,Bundesliga,Hertha Berlin,1899 Hoffenheim,1 - 1,1 - 1,X,2,Evet
2022-10-02,2022,Bundesliga,FC Schalke 04,FC Augsburg,2 - 3,1 - 2,2,5,Evet
2022-10-07,2022,Bundesliga,1899 Hoffenheim,Werder Bremen,1 - 2,1 - 1,2,3,Evet
2022-10-08,2022,Bundesliga,FSV Mainz 05,RB Leipzig,1 - 1,1 - 0,X,2,Evet
2022-10-08,2022,Bundesliga,Bayer Leverkusen,FC Schalke 04,4 - 0,2 - 0,1,4,Yok
2022-10-08,2022,Bundesliga,FC Augsburg,VfL Wolfsburg,1 - 1,0 - 1,X,2,Evet
2022-10-08,2022,Bundesliga,Vfl Bochum,Eintracht Frankfurt,3 - 0,0 - 0,1,3,Yok
2022-10-08,2022,Bundesliga,Borussia Dortmund,Bayern Munich,2 - 2,0 - 1,X,4,Evet
2022-10-09,2022,Bundesliga,Borussia Monchengladbach,1. FC Köln,5 - 2,2 - 1,1,7,Evet
2022-10-09,2022,Bundesliga,Hertha Berlin,SC Freiburg,2 - 2,1 - 1,X,4,Evet
2022-10-09,2022,Bundesliga,VfB Stuttgart,Union Berlin,0 - 1,0 - 0,2,1,Yok
2022-10-14,2022,Bundesliga,FC Schalke 04,1899 Hoffenheim,0 - 3,0 - 2,2,3,Yok
2022-10-15,2022,Bundesliga,VfL Wolfsburg,Borussia Monchengladbach,2 - 2,1 - 1,X,4,Evet
2022-10-15,2022,Bundesliga,Werder Bremen,FSV Mainz 05,0 - 2,0 - 1,2,2,Yok
2022-10-15,2022,Bundesliga,Eintracht Frankfurt,Bayer Leverkusen,5 - 1,1 - 0,1,6,Evet
2022-10-15,2022,Bundesliga,VfB Stuttgart,Vfl Bochum,4 - 1,2 - 1,1,5,Evet
2022-10-15,2022,Bundesliga,RB Leipzig,Hertha Berlin,3 - 2,3 - 0,1,5,Evet
2022-10-16,2022,Bundesliga,1. FC Köln,FC Augsburg,3 - 2,0 - 1,1,5,Evet
2022-10-16,2022,Bundesliga,Union Berlin,Borussia Dortmund,2 - 0,2 - 0,1,2,Yok
2022-10-16,2022,Bundesliga,Bayern Munich,SC Freiburg,5 - 0,2 - 0,1,5,Yok
2022-10-21,2022,Bundesliga,FSV Mainz 05,1. FC Köln,5 - 0,3 - 0,1,5,Yok
2022-10-22,2022,Bundesliga,SC Freiburg,Werder Bremen,2 - 0,0 - 0,1,2,Yok
2022-10-22,2022,Bundesliga,Borussia Dortmund,VfB Stuttgart,5 - 0,3 - 0,1,5,Yok
2022-10-22,2022,Bundesliga,1899 Hoffenheim,Bayern Munich,0 - 2,0 - 2,2,2,Yok
2022-10-22,2022,Bundesliga,Bayer Leverkusen,VfL Wolfsburg,2 - 2,1 - 1,X,4,Evet
2022-10-22,2022,Bundesliga,FC Augsburg,RB Leipzig,3 - 3,1 - 0,X,6,Evet
2022-10-22,2022,Bundesliga,Borussia Monchengladbach,Eintracht Frankfurt,1 - 3,0 - 3,2,4,Evet
2022-10-23,2022,Bundesliga,Vfl Bochum,Union Berlin,2 - 1,1 - 0,1,3,Evet
2022-10-23,2022,Bundesliga,Hertha Berlin,FC Schalke 04,2 - 1,0 - 0,1,3,Evet
2022-10-28,2022,Bundesliga,Werder Bremen,Hertha Berlin,1 - 0,0 - 0,1,1,Yok
2022-10-29,2022,Bundesliga,Bayern Munich,FSV Mainz 05,6 - 2,3 - 1,1,8,Evet
2022-10-29,2022,Bundesliga,VfL Wolfsburg,Vfl Bochum,4 - 0,2 - 0,1,4,Yok
2022-10-29,2022,Bundesliga,VfB Stuttgart,FC Augsburg,2 - 1,1 - 1,1,3,Evet
2022-10-29,2022,Bundesliga,RB Leipzig,Bayer Leverkusen,2 - 0,1 - 0,1,2,Yok
2022-10-29,2022,Bundesliga,Eintracht Frankfurt,Borussia Dortmund,1 - 2,1 - 1,2,3,Evet
2022-10-30,2022,Bundesliga,Union Berlin,Borussia Monchengladbach,2 - 1,0 - 1,1,3,Evet
2022-10-30,2022,Bundesliga,FC Schalke 04,SC Freiburg,0 - 2,0 - 1,2,2,Yok
2022-10-30,2022,Bundesliga,1. FC Köln,1899 Hoffenheim,1 - 1,1 - 1,X,2,Evet
2022-11-04,2022,Bundesliga,Borussia Monchengladbach,VfB Stuttgart,3 - 1,2 - 1,1,4,Evet
2022-11-05,2022,Bundesliga,Hertha Berlin,Bayern Munich,2 - 3,2 - 3,2,5,Evet
2022-11-05,2022,Bundesliga,FSV Mainz 05,VfL Wolfsburg,0 - 3,0 - 1,2,3,Yok
2022-11-05,2022,Bundesliga,Borussia Dortmund,Vfl Bochum,3 - 0,3 - 0,1,3,Yok
2022-11-05,2022,Bundesliga,1899 Hoffenheim,RB Leipzig,1 - 3,0 - 1,2,4,Evet
2022-11-05,2022,Bundesliga,FC Augsburg,Eintracht Frankfurt,1 - 2,1 - 1,2,3,Evet
2022-11-05,2022,Bundesliga,Werder Bremen,FC Schalke 04,2 - 1,1 - 0,1,3,Evet
2022-11-06,2022,Bundesliga,Bayer Leverkusen,Union Berlin,5 - 0,0 - 0,1,5,Yok
2022-11-06,2022,Bundesliga,SC Freiburg,1. FC Köln,2 - 0,0 - 0,1,2,Yok
2022-11-08,2022,Bundesliga,VfL Wolfsburg,Borussia Dortmund,2 - 0,1 - 0,1,2,Yok
2022-11-08,2022,Bundesliga,Bayern Munich,Werder Bremen,6 - 1,4 - 1,1,7,Evet
2022-11-08,2022,Bundesliga,VfB Stuttgart,Hertha Berlin,2 - 1,1 - 1,1,3,Evet
2022-11-08,2022,Bundesliga,Vfl Bochum,Borussia Monchengladbach,2 - 1,2 - 0,1,3,Evet
2022-11-09,2022,Bundesliga,1. FC Köln,Bayer Leverkusen,1 - 2,1 - 0,2,3,Evet
2022-11-09,2022,Bundesliga,Eintracht Frankfurt,1899 Hoffenheim,4 - 2,3 - 1,1,6,Evet
2022-11-09,2022,Bundesliga,RB Leipzig,SC Freiburg,3 - 1,0 - 0,1,4,Evet
2022-11-09,2022,Bundesliga,FC Schalke 04,FSV Mainz 05,1 - 0,1 - 0,1,1,Yok
2022-11-09,2022,Bundesliga,Union Berlin,FC Augsburg,2 - 2,2 - 2,X,4,Evet
2022-11-11,2022,Bundesliga,Borussia Monchengladbach,Borussia Dortmund,4 - 2,3 - 2,1,6,Evet
2022-11-12,2022,Bundesliga,Hertha Berlin,1. FC Köln,2 - 0,1 - 0,1,2,Yok
2022-11-12,2022,Bundesliga,Werder Bremen,RB Leipzig,1 - 2,0 - 1,2,3,Evet
2022-11-12,2022,Bundesliga,1899 Hoffenheim,VfL Wolfsburg,1 - 2,1 - 1,2,3,Evet
2022-11-12,2022,Bundesliga,Bayer Leverkusen,VfB Stuttgart,2 - 0,1 - 0,1,2,Yok
2022-11-12,2022,Bundesliga,FC Augsburg,Vfl Bochum,0 - 1,0 - 0,2,1,Yok
2022-11-12,2022,Bundesliga,FC Schalke 04,Bayern Munich,0 - 2,0 - 1,2,2,Yok
2022-11-13,2022,Bundesliga,FSV Mainz 05,Eintracht Frankfurt,1 - 1,1 - 0,X,2,Evet
2022-11-13,2022,Bundesliga,SC Freiburg,Union Berlin,4 - 1,4 - 0,1,5,Evet
2023-01-20,2022,Bundesliga,RB Leipzig,Bayern Munich,1 - 1,0 - 1,X,2,Evet
2023-01-21,2022,Bundesliga,VfL Wolfsburg,SC Freiburg,6 - 0,3 - 0,1,6,Yok
2023-01-21,2022,Bundesliga,Eintracht Frankfurt,FC Schalke 04,3 - 0,1 - 0,1,3,Yok
2023-01-21,2022,Bundesliga,VfB Stuttgart,FSV Mainz 05,1 - 1,1 - 1,X,2,Evet
2023-01-21,2022,Bundesliga,Vfl Bochum,Hertha Berlin,3 - 1,2 - 0,1,4,Evet
2023-01-21,2022,Bundesliga,Union Berlin,1899 Hoffenheim,3 - 1,0 - 1,1,4,Evet
2023-01-21,2022,Bundesliga,1. FC Köln,Werder Bremen,7 - 1,5 - 1,1,8,Evet
2023-01-22,2022,Bundesliga,Borussia Dortmund,FC Augsburg,4 - 3,2 - 2,1,7,Evet
2023-01-22,2022,Bundesliga,Borussia Monchengladbach,Bayer Leverkusen,2 - 3,0 - 2,2,5,Evet
2023-01-24,2022,Bundesliga,FC Schalke 04,RB Leipzig,1 - 6,0 - 4,2,7,Evet
2023-01-24,2022,Bundesliga,Bayern Munich,1. FC Köln,1 - 1,0 - 1,X,2,Evet
2023-01-24,2022,Bundesliga,Hertha Berlin,VfL Wolfsburg,0 - 5,0 - 3,2,5,Yok
2023-01-24,2022,Bundesliga,1899 Hoffenheim,VfB Stuttgart,2 - 2,1 - 1,X,4,Evet
2023-01-25,2022,Bundesliga,FSV Mainz 05,Borussia Dortmund,1 - 2,1 - 1,2,3,Evet
2023-01-25,2022,Bundesliga,SC Freiburg,Eintracht Frankfurt,1 - 1,0 - 1,X,2,Evet
2023-01-25,2022,Bundesliga,Werder Bremen,Union Berlin,1 - 2,1 - 1,2,3,Evet
2023-01-25,2022,Bundesliga,Bayer Leverkusen,Vfl Bochum,2 - 0,1 - 0,1,2,Yok
2023-01-25,2022,Bundesliga,FC Augsburg,Borussia Monchengladbach,1 - 0,0 - 0,1,1,Yok
2023-01-27,2022,Bundesliga,RB Leipzig,VfB Stuttgart,2 - 1,1 - 0,1,3,Evet
2023-01-28,2022,Bundesliga,Hertha Berlin,Union Berlin,0 - 2,0 - 1,2,2,Yok
2023-01-28,2022,Bundesliga,SC Freiburg,FC Augsburg,3 - 1,2 - 1,1,4,Evet
2023-01-28,2022,Bundesliga,Werder Bremen,VfL Wolfsburg,2 - 1,1 - 0,1,3,Evet
2023-01-28,2022,Bundesliga,FSV Mainz 05,Vfl Bochum,5 - 2,3 - 0,1,7,Evet
2023-01-28,2022,Bundesliga,1899 Hoffenheim,Borussia Monchengladbach,1 - 4,0 - 2,2,5,Evet
2023-01-28,2022,Bundesliga,Bayern Munich,Eintracht Frankfurt,1 - 1,1 - 0,X,2,Evet
2023-01-29,2022,Bundesliga,FC Schalke 04,1. FC Köln,0 - 0,0 - 0,X,0,Yok
2023-01-29,2022,Bundesliga,Bayer Leverkusen,Borussia Dortmund,0 - 2,0 - 1,2,2,Yok
2023-02-03,2022,Bundesliga,FC Augsburg,Bayer Leverkusen,1 - 0,0 - 0,1,1,Yok
2023-02-04,2022,Bundesliga,Borussia Dortmund,SC Freiburg,5 - 1,1 - 1,1,6,Evet
2023-02-04,2022,Bundesliga,Eintracht Frankfurt,Hertha Berlin,3 - 0,2 - 0,1,3,Yok
2023-02-04,2022,Bundesliga,Vfl Bochum,1899 Hoffenheim,5 - 2,3 - 0,1,7,Evet
2023-02-04,2022,Bundesliga,Union Berlin,FSV Mainz 05,2 - 1,1 - 0,1,3,Evet
2023-02-04,2022,Bundesliga,1. FC Köln,RB Leipzig,0 - 0,0 - 0,X,0,Yok
2023-02-04,2022,Bundesliga,Borussia Monchengladbach,FC Schalke 04,0 - 0,0 - 0,X,0,Yok
2023-02-05,2022,Bundesliga,VfB Stuttgart,Werder Bremen,0 - 2,0 - 0,2,2,Yok
2023-02-05,2022,Bundesliga,VfL Wolfsburg,Bayern Munich,2 - 4,1 - 3,2,6,Evet
2023-02-10,2022,Bundesliga,FC Schalke 04,VfL Wolfsburg,0 - 0,0 - 0,X,0,Yok
2023-02-11,2022,Bundesliga,Bayern Munich,Vfl Bochum,3 - 0,1 - 0,1,3,Yok
2023-02-11,2022,Bundesliga,SC Freiburg,VfB Stuttgart,2 - 1,0 - 1,1,3,Evet
2023-02-11,2022,Bundesliga,Werder Bremen,Borussia Dortmund,0 - 2,0 - 0,2,2,Yok
2023-02-11,2022,Bundesliga,FSV Mainz 05,FC Augsburg,3 - 1,2 - 1,1,4,Evet
2023-02-11,2022,Bundesliga,1899 Hoffenheim,Bayer Leverkusen,1 - 3,0 - 1,2,4,Evet
2023-02-11,2022,Bundesliga,RB Leipzig,Union Berlin,1 - 2,1 - 0,2,3,Evet
2023-02-12,2022,Bundesliga,Hertha Berlin,Borussia Monchengladbach,4 - 1,1 - 1,1,5,Evet
2023-02-12,2022,Bundesliga,1. FC Köln,Eintracht Frankfurt,3 - 0,0 - 0,1,3,Yok
2023-02-17,2022,Bundesliga,FC Augsburg,1899 Hoffenheim,1 - 0,0 - 0,1,1,Yok
2023-02-18,2022,Bundesliga,VfL Wolfsburg,RB Leipzig,0 - 3,0 - 1,2,3,Yok
2023-02-18,2022,Bundesliga,Borussia Monchengladbach,Bayern Munich,3 - 2,1 - 1,1,5,Evet
2023-02-18,2022,Bundesliga,VfB Stuttgart,1. FC Köln,3 - 0,1 - 0,1,3,Yok
2023-02-18,2022,Bundesliga,Vfl Bochum,SC Freiburg,0 - 2,0 - 1,2,2,Yok
2023-02-18,2022,Bundesliga,Eintracht Frankfurt,Werder Bremen,2 - 0,1 - 0,1,2,Yok
2023-02-19,2022,Bundesliga,Union Berlin,FC Schalke 04,0 - 0,0 - 0,X,0,Yok
2023-02-19,2022,Bundesliga,Borussia Dortmund,Hertha Berlin,4 - 1,2 - 0,1,5,Evet
2023-02-19,2022,Bundesliga,Bayer Leverkusen,FSV Mainz 05,2 - 3,1 - 2,2,5,Evet
2023-02-24,2022,Bundesliga,FSV Mainz 05,Borussia Monchengladbach,4 - 0,1 - 0,1,4,Yok
2023-02-25,2022,Bundesliga,Hertha Berlin,FC Augsburg,2 - 0,0 - 0,1,2,Yok
2023-02-25,2022,Bundesliga,Werder Bremen,Vfl Bochum,3 - 0,2 - 0,1,3,Yok
2023-02-25,2022,Bundesliga,1899 Hoffenheim,Borussia Dortmund,0 - 1,0 - 1,2,1,Yok
2023-02-25,2022,Bundesliga,RB Leipzig,Eintracht Frankfurt,2 - 1,2 - 0,1,3,Evet
2023-02-25,2022,Bundesliga,1. FC Köln,VfL Wolfsburg,0 - 2,0 - 1,2,2,Yok
2023-02-25,2022,Bundesliga,FC Schalke 04,VfB Stuttgart,2 - 1,2 - 0,1,3,Evet
2023-02-26,2022,Bundesliga,SC Freiburg,Bayer Leverkusen,1 - 1,1 - 0,X,2,Evet
2023-02-26,2022,Bundesliga,Bayern Munich,Union Berlin,3 - 0,3 - 0,1,3,Yok
2023-03-03,2022,Bundesliga,Borussia Dortmund,RB Leipzig,2 - 1,2 - 0,1,3,Evet
2023-03-04,2022,Bundesliga,Borussia Monchengladbach,SC Freiburg,0 - 0,0 - 0,X,0,Yok
2023-03-04,2022,Bundesliga,FSV Mainz 05,1899 Hoffenheim,1 - 0,1 - 0,1,1,Yok
2023-03-04,2022,Bundesliga,FC Augsburg,Werder Bremen,2 - 1,1 - 1,1,3,Evet
2023-03-04,2022,Bundesliga,Vfl Bochum,FC Schalke 04,0 - 2,0 - 1,2,2,Yok
2023-03-04,2022,Bundesliga,Union Berlin,1. FC Köln,0 - 0,0 - 0,X,0,Yok
2023-03-04,2022,Bundesliga,VfB Stuttgart,Bayern Munich,1 - 2,0 - 1,2,3,Evet
2023-03-05,2022,Bundesliga,Bayer Leverkusen,Hertha Berlin,4 - 1,2 - 0,1,5,Evet
2023-03-05,2022,Bundesliga,VfL Wolfsburg,Eintracht Frankfurt,2 - 2,2 - 2,X,4,Evet
2023-03-10,2022,Bundesliga,1. FC Köln,Vfl Bochum,0 - 2,0 - 1,2,2,Yok
2023-03-11,2022,Bundesliga,Bayern Munich,FC Augsburg,5 - 3,4 - 1,1,8,Evet
2023-03-11,2022,Bundesliga,Hertha Berlin,FSV Mainz 05,1 - 1,1 - 0,X,2,Evet
2023-03-11,2022,Bundesliga,Eintracht Frankfurt,VfB Stuttgart,1 - 1,0 - 0,X,2,Evet
2023-03-11,2022,Bundesliga,RB Leipzig,Borussia Monchengladbach,3 - 0,0 - 0,1,3,Yok
2023-03-11,2022,Bundesliga,FC Schalke 04,Borussia Dortmund,2 - 2,0 - 1,X,4,Evet
2023-03-12,2022,Bundesliga,SC Freiburg,1899 Hoffenheim,2 - 1,1 - 0,1,3,Evet
2023-03-12,2022,Bundesliga,Werder Bremen,Bayer Leverkusen,2 - 3,1 - 1,2,5,Evet
2023-03-12,2022,Bundesliga,VfL Wolfsburg,Union Berlin,1 - 1,0 - 0,X,2,Evet
2023-03-17,2022,Bundesliga,Borussia Monchengladbach,Werder Bremen,2 - 2,0 - 0,X,4,Evet
2023-03-18,2022,Bundesliga,1899 Hoffenheim,Hertha Berlin,3 - 1,2 - 0,1,4,Evet
2023-03-18,2022,Bundesliga,FC Augsburg,FC Schalke 04,1 - 1,0 - 0,X,2,Evet
2023-03-18,2022,Bundesliga,VfB Stuttgart,VfL Wolfsburg,0 - 1,0 - 0,2,1,Yok
2023-03-18,2022,Bundesliga,Vfl Bochum,RB Leipzig,1 - 0,0 - 0,1,1,Yok
2023-03-18,2022,Bundesliga,Borussia Dortmund,1. FC Köln,6 - 1,4 - 1,1,7,Evet
2023-03-19,2022,Bundesliga,Union Berlin,Eintracht Frankfurt,2 - 0,0 - 0,1,2,Yok
2023-03-19,2022,Bundesliga,Bayer Leverkusen,Bayern Munich,2 - 1,0 - 1,1,3,Evet
2023-03-19,2022,Bundesliga,FSV Mainz 05,SC Freiburg,1 - 1,0 - 0,X,2,Evet
2023-03-31,2022,Bundesliga,Eintracht Frankfurt,Vfl Bochum,1 - 1,1 - 1,X,2,Evet
2023-04-01,2022,Bundesliga,SC Freiburg,Hertha Berlin,1 - 1,0 - 0,X,2,Evet
2023-04-01,2022,Bundesliga,VfL Wolfsburg,FC Augsburg,2 - 2,0 - 2,X,4,Evet
2023-04-01,2022,Bundesliga,RB Leipzig,FSV Mainz 05,0 - 3,0 - 1,2,3,Yok
2023-04-01,2022,Bundesliga,FC Schalke 04,Bayer Leverkusen,0 - 3,0 - 0,2,3,Yok
2023-04-01,2022,Bundesliga,Union Berlin,VfB Stuttgart,3 - 0,0 - 0,1,3,Yok
2023-04-01,2022,Bundesliga,Bayern Munich,Borussia Dortmund,4 - 2,3 - 0,1,6,Evet
2023-04-02,2022,Bundesliga,1. FC Köln,Borussia Monchengladbach,0 - 0,0 - 0,X,0,Yok
2023-04-02,2022,Bundesliga,Werder Bremen,1899 Hoffenheim,1 - 2,0 - 0,2,3,Evet
2023-04-08,2022,Bundesliga,SC Freiburg,Bayern Munich,0 - 1,0 - 0,2,1,Yok
2023-04-08,2022,Bundesliga,FSV Mainz 05,Werder Bremen,2 - 2,0 - 0,X,4,Evet
2023-04-08,2022,Bundesliga,Borussia Dortmund,Union Berlin,2 - 1,1 - 0,1,3,Evet
2023-04-08,2022,Bundesliga,Bayer Leverkusen,Eintracht Frankfurt,3 - 1,2 - 0,1,4,Evet
2023-04-08,2022,Bundesliga,FC Augsburg,1. FC Köln,1 - 3,1 - 2,2,4,Evet
2023-04-08,2022,Bundesliga,Hertha Berlin,RB Leipzig,0 - 1,0 - 1,2,1,Yok
2023-04-09,2022,Bundesliga,Borussia Monchengladbach,VfL Wolfsburg,2 - 0,1 - 0,1,2,Yok
2023-04-09,2022,Bundesliga,Vfl Bochum,VfB Stuttgart,2 - 3,0 - 1,2,5,Evet
2023-04-09,2022,Bundesliga,1899 Hoffenheim,FC Schalke 04,2 - 0,1 - 0,1,2,Yok
2023-04-14,2022,Bundesliga,FC Schalke 04,Hertha Berlin,5 - 2,2 - 1,1,7,Evet
2023-04-15,2022,Bundesliga,Bayern Munich,1899 Hoffenheim,1 - 1,1 - 0,X,2,Evet
2023-04-15,2022,Bundesliga,VfB Stuttgart,Borussia Dortmund,3 - 3,0 - 2,X,6,Evet
2023-04-15,2022,Bundesliga,RB Leipzig,FC Augsburg,3 - 2,3 - 1,1,5,Evet
2023-04-15,2022,Bundesliga,1. FC Köln,FSV Mainz 05,1 - 1,0 - 1,X,2,Evet
2023-04-15,2022,Bundesliga,Eintracht Frankfurt,Borussia Monchengladbach,1 - 1,0 - 1,X,2,Evet
2023-04-16,2022,Bundesliga,Werder Bremen,SC Freiburg,1 - 2,0 - 0,2,3,Evet
2023-04-16,2022,Bundesliga,Union Berlin,Vfl Bochum,1 - 1,1 - 0,X,2,Evet
2023-04-16,2022,Bundesliga,VfL Wolfsburg,Bayer Leverkusen,0 - 0,0 - 0,X,0,Yok
2023-04-21,2022,Bundesliga,FC Augsburg,VfB Stuttgart,1 - 1,1 - 0,X,2,Evet
2023-04-22,2022,Bundesliga,Hertha Berlin,Werder Bremen,2 - 4,0 - 2,2,6,Evet
2023-04-22,2022,Bundesliga,FSV Mainz 05,Bayern Munich,3 - 1,0 - 1,1,4,Evet
2023-04-22,2022,Bundesliga,1899 Hoffenheim,1. FC Köln,1 - 3,0 - 2,2,4,Evet
2023-04-22,2022,Bundesliga,Vfl Bochum,VfL Wolfsburg,1 - 5,0 - 3,2,6,Evet
2023-04-22,2022,Bundesliga,Borussia Dortmund,Eintracht Frankfurt,4 - 0,3 - 0,1,4,Yok
2023-04-23,2022,Bundesliga,SC Freiburg,FC Schalke 04,4 - 0,2 - 0,1,4,Yok
2023-04-23,2022,Bundesliga,Bayer Leverkusen,RB Leipzig,2 - 0,1 - 0,1,2,Yok
2023-04-23,2022,Bundesliga,Borussia Monchengladbach,Union Berlin,0 - 1,0 - 0,2,1,Yok
2023-04-28,2022,Bundesliga,Vfl Bochum,Borussia Dortmund,1 - 1,1 - 1,X,2,Evet
2023-04-29,2022,Bundesliga,Eintracht Frankfurt,FC Augsburg,1 - 1,1 - 0,X,2,Evet
2023-04-29,2022,Bundesliga,VfB Stuttgart,Borussia Monchengladbach,2 - 1,1 - 0,1,3,Evet
2023-04-29,2022,Bundesliga,RB Leipzig,1899 Hoffenheim,1 - 0,1 - 0,1,1,Yok
2023-04-29,2022,Bundesliga,Union Berlin,Bayer Leverkusen,0 - 0,0 - 0,X,0,Yok
2023-04-29,2022,Bundesliga,1. FC Köln,SC Freiburg,0 - 1,0 - 0,2,1,Yok
2023-04-29,2022,Bundesliga,FC Schalke 04,Werder Bremen,2 - 1,0 - 1,1,3,Evet
2023-04-30,2022,Bundesliga,Bayern Munich,Hertha Berlin,2 - 0,0 - 0,1,2,Yok
2023-04-30,2022,Bundesliga,VfL Wolfsburg,FSV Mainz 05,3 - 0,3 - 0,1,3,Yok
2023-05-05,2022,Bundesliga,FSV Mainz 05,FC Schalke 04,2 - 3,0 - 1,2,5,Evet
2023-05-05,2022,Bundesliga,Bayer Leverkusen,1. FC Köln,1 - 2,1 - 2,2,3,Evet
2023-05-06,2022,Bundesliga,Hertha Berlin,VfB Stuttgart,2 - 1,2 - 1,1,3,Evet
2023-05-06,2022,Bundesliga,SC Freiburg,RB Leipzig,0 - 1,0 - 0,2,1,Yok
2023-05-06,2022,Bundesliga,Borussia Monchengladbach,Vfl Bochum,2 - 0,1 - 0,1,2,Yok
2023-05-06,2022,Bundesliga,1899 Hoffenheim,Eintracht Frankfurt,3 - 1,3 - 0,1,4,Evet
2023-05-06,2022,Bundesliga,FC Augsburg,Union Berlin,1 - 0,0 - 0,1,1,Yok
2023-05-06,2022,Bundesliga,Werder Bremen,Bayern Munich,1 - 2,0 - 0,2,3,Evet
2023-05-07,2022,Bundesliga,Borussia Dortmund,VfL Wolfsburg,6 - 0,3 - 0,1,6,Yok
2023-05-12,2022,Bundesliga,1. FC Köln,Hertha Berlin,5 - 2,3 - 2,1,7,Evet
2023-05-13,2022,Bundesliga,Bayern Munich,FC Schalke 04,6 - 0,2 - 0,1,6,Yok
2023-05-13,2022,Bundesliga,VfL Wolfsburg,1899 Hoffenheim,2 - 1,1 - 0,1,3,Evet
2023-05-13,2022,Bundesliga,Eintracht Frankfurt,FSV Mainz 05,3 - 0,2 - 0,1,3,Yok
2023-05-13,2022,Bundesliga,Vfl Bochum,FC Augsburg,3 - 2,1 - 1,1,5,Evet
2023-05-13,2022,Bundesliga,Union Berlin,SC Freiburg,4 - 2,3 - 0,1,6,Evet
2023-05-13,2022,Bundesliga,Borussia Dortmund,Borussia Monchengladbach,5 - 2,4 - 0,1,7,Evet
2023-05-14,2022,Bundesliga,VfB Stuttgart,Bayer Leverkusen,1 - 1,0 - 0,X,2,Evet
2023-05-14,2022,Bundesliga,RB Leipzig,Werder Bremen,2 - 1,0 - 0,1,3,Evet
2023-05-19,2022,Bundesliga,SC Freiburg,VfL Wolfsburg,2 - 0,0 - 0,1,2,Yok
2023-05-20,2022,Bundesliga,Hertha Berlin,Vfl Bochum,1 - 1,0 - 0,X,2,Evet
2023-05-20,2022,Bundesliga,Werder Bremen,1. FC Köln,1 - 1,0 - 1,X,2,Evet
2023-05-20,2022,Bundesliga,1899 Hoffenheim,Union Berlin,4 - 2,2 - 1,1,6,Evet
2023-05-20,2022,Bundesliga,FC Schalke 04,Eintracht Frankfurt,2 - 2,1 - 1,X,4,Evet
2023-05-20,2022,Bundesliga,Bayern Munich,RB Leipzig,1 - 3,1 - 0,2,4,Evet
2023-05-21,2022,Bundesliga,FSV Mainz 05,VfB Stuttgart,1 - 4,1 - 1,2,5,Evet
2023-05-21,2022,Bundesliga,FC Augsburg,Borussia Dortmund,0 - 3,0 - 0,2,3,Yok
2023-05-21,2022,Bundesliga,Bayer Leverkusen,Borussia Monchengladbach,2 - 2,2 - 0,X,4,Evet
2023-05-27,2022,Bundesliga,VfL Wolfsburg,Hertha Berlin,1 - 2,1 - 0,2,3,Evet
2023-05-27,2022,Bundesliga,Borussia Monchengladbach,FC Augsburg,2 - 0,2 - 0,1,2,Yok
2023-05-27,2022,Bundesliga,Borussia Dortmund,FSV Mainz 05,2 - 2,0 - 2,X,4,Evet
2023-05-27,2022,Bundesliga,Eintracht Frankfurt,SC Freiburg,2 - 1,0 - 1,1,3,Evet
2023-05-27,2022,Bundesliga,VfB Stuttgart,1899 Hoffenheim,1 - 1,0 - 0,X,2,Evet
2023-05-27,2022,Bundesliga,RB Leipzig,FC Schalke 04,4 - 2,2 - 1,1,6,Evet
2023-05-27,2022,Bundesliga,Vfl Bochum,Bayer Leverkusen,3 - 0,2 - 0,1,3,Yok
2023-05-27,2022,Bundesliga,Union Berlin,Werder Bremen,1 - 0,0 - 0,1,1,Yok
2023-05-27,2022,Bundesliga,1. FC Köln,Bayern Munich,1 - 2,0 - 1,2,3,Evet
2023-06-01,2022,Bundesliga,VfB Stuttgart,Hamburger SV,3 - 0,1 - 0,1,3,Yok
2023-06-05,2022,Bundesliga,Hamburger SV,VfB Stuttgart,1 - 3,1 - 0,2,4,Evet
2021-08-13,2021,Bundesliga,Borussia Monchengladbach,Bayern Munich,1 - 1,1 - 1,X,2,Evet
2021-08-14,2021,Bundesliga,VfL Wolfsburg,Vfl Bochum,1 - 0,1 - 0,1,1,Yok
2021-08-14,2021,Bundesliga,FC Augsburg,1899 Hoffenheim,0 - 4,0 - 1,2,4,Yok
2021-08-14,2021,Bundesliga,VfB Stuttgart,SpVgg Greuther Furth,5 - 1,2 - 0,1,6,Evet
2021-08-14,2021,Bundesliga,Union Berlin,Bayer Leverkusen,1 - 1,1 - 1,X,2,Evet
2021-08-14,2021,Bundesliga,Arminia Bielefeld,SC Freiburg,0 - 0,0 - 0,X,0,Yok
2021-08-14,2021,Bundesliga,Borussia Dortmund,Eintracht Frankfurt,5 - 2,3 - 1,1,7,Evet
2021-08-15,2021,Bundesliga,FSV Mainz 05,RB Leipzig,1 - 0,1 - 0,1,1,Yok
2021-08-15,2021,Bundesliga,1. FC Köln,Hertha Berlin,3 - 1,1 - 1,1,4,Evet
2021-08-20,2021,Bundesliga,RB Leipzig,VfB Stuttgart,4 - 0,1 - 0,1,4,Yok
2021-08-21,2021,Bundesliga,Hertha Berlin,VfL Wolfsburg,1 - 2,0 - 0,2,3,Evet
2021-08-21,2021,Bundesliga,SC Freiburg,Borussia Dortmund,2 - 1,1 - 0,1,3,Evet
2021-08-21,2021,Bundesliga,Eintracht Frankfurt,FC Augsburg,0 - 0,0 - 0,X,0,Yok
2021-08-21,2021,Bundesliga,Vfl Bochum,FSV Mainz 05,2 - 0,1 - 0,1,2,Yok
2021-08-21,2021,Bundesliga,SpVgg Greuther Furth,Arminia Bielefeld,1 - 1,0 - 1,X,2,Evet
2021-08-21,2021,Bundesliga,Bayer Leverkusen,Borussia Monchengladbach,4 - 0,2 - 0,1,4,Yok
2021-08-22,2021,Bundesliga,1899 Hoffenheim,Union Berlin,2 - 2,2 - 1,X,4,Evet
2021-08-22,2021,Bundesliga,Bayern Munich,1. FC Köln,3 - 2,0 - 0,1,5,Evet
2021-08-27,2021,Bundesliga,Borussia Dortmund,1899 Hoffenheim,3 - 2,0 - 0,1,5,Evet
2021-08-28,2021,Bundesliga,FSV Mainz 05,SpVgg Greuther Furth,3 - 0,2 - 0,1,3,Yok
2021-08-28,2021,Bundesliga,FC Augsburg,Bayer Leverkusen,1 - 4,1 - 2,2,5,Evet
2021-08-28,2021,Bundesliga,VfB Stuttgart,SC Freiburg,2 - 3,2 - 3,2,5,Evet
2021-08-28,2021,Bundesliga,Arminia Bielefeld,Eintracht Frankfurt,1 - 1,0 - 1,X,2,Evet
2021-08-28,2021,Bundesliga,1. FC Köln,Vfl Bochum,2 - 1,0 - 0,1,3,Evet
2021-08-28,2021,Bundesliga,Bayern Munich,Hertha Berlin,5 - 0,2 - 0,1,5,Yok
2021-08-29,2021,Bundesliga,Union Berlin,Borussia Monchengladbach,2 - 1,2 - 0,1,3,Evet
2021-08-29,2021,Bundesliga,VfL Wolfsburg,RB Leipzig,1 - 0,0 - 0,1,1,Yok
2021-09-11,2021,Bundesliga,SC Freiburg,1. FC Köln,1 - 1,0 - 1,X,2,Evet
2021-09-11,2021,Bundesliga,1899 Hoffenheim,FSV Mainz 05,0 - 2,0 - 1,2,2,Yok
2021-09-11,2021,Bundesliga,Bayer Leverkusen,Borussia Dortmund,3 - 4,2 - 1,2,7,Evet
2021-09-11,2021,Bundesliga,SpVgg Greuther Furth,VfL Wolfsburg,0 - 2,0 - 1,2,2,Yok
2021-09-11,2021,Bundesliga,Union Berlin,FC Augsburg,0 - 0,0 - 0,X,0,Yok
2021-09-11,2021,Bundesliga,RB Leipzig,Bayern Munich,1 - 4,0 - 1,2,5,Evet
2021-09-12,2021,Bundesliga,Eintracht Frankfurt,VfB Stuttgart,1 - 1,0 - 0,X,2,Evet
2021-09-12,2021,Bundesliga,Vfl Bochum,Hertha Berlin,1 - 3,0 - 2,2,4,Evet
2021-09-12,2021,Bundesliga,Borussia Monchengladbach,Arminia Bielefeld,3 - 1,1 - 1,1,4,Evet
2021-09-17,2021,Bundesliga,Hertha Berlin,SpVgg Greuther Furth,2 - 1,0 - 0,1,3,Evet
2021-09-18,2021,Bundesliga,Bayern Munich,Vfl Bochum,7 - 0,4 - 0,1,7,Yok
2021-09-18,2021,Bundesliga,FSV Mainz 05,SC Freiburg,0 - 0,0 - 0,X,0,Yok
2021-09-18,2021,Bundesliga,FC Augsburg,Borussia Monchengladbach,1 - 0,0 - 0,1,1,Yok
2021-09-18,2021,Bundesliga,Arminia Bielefeld,1899 Hoffenheim,0 - 0,0 - 0,X,0,Yok
2021-09-18,2021,Bundesliga,1. FC Köln,RB Leipzig,1 - 1,0 - 0,X,2,Evet
2021-09-19,2021,Bundesliga,VfB Stuttgart,Bayer Leverkusen,1 - 3,1 - 2,2,4,Evet
2021-09-19,2021,Bundesliga,Borussia Dortmund,Union Berlin,4 - 2,2 - 0,1,6,Evet
2021-09-19,2021,Bundesliga,VfL Wolfsburg,Eintracht Frankfurt,1 - 1,0 - 1,X,2,Evet
2021-09-24,2021,Bundesliga,SpVgg Greuther Furth,Bayern Munich,1 - 3,0 - 2,2,4,Evet
2021-09-25,2021,Bundesliga,1899 Hoffenheim,VfL Wolfsburg,3 - 1,1 - 1,1,4,Evet
2021-09-25,2021,Bundesliga,Bayer Leverkusen,FSV Mainz 05,1 - 0,0 - 0,1,1,Yok
2021-09-25,2021,Bundesliga,Eintracht Frankfurt,1. FC Köln,1 - 1,1 - 1,X,2,Evet
2021-09-25,2021,Bundesliga,RB Leipzig,Hertha Berlin,6 - 0,3 - 0,1,6,Yok
2021-09-25,2021,Bundesliga,Union Berlin,Arminia Bielefeld,1 - 0,0 - 0,1,1,Yok
2021-09-25,2021,Bundesliga,Borussia Monchengladbach,Borussia Dortmund,1 - 0,1 - 0,1,1,Yok
2021-09-26,2021,Bundesliga,Vfl Bochum,VfB Stuttgart,0 - 0,0 - 0,X,0,Yok
2021-09-26,2021,Bundesliga,SC Freiburg,FC Augsburg,3 - 0,3 - 0,1,3,Yok
2021-10-01,2021,Bundesliga,1. FC Köln,SpVgg Greuther Furth,3 - 1,0 - 1,1,4,Evet
2021-10-02,2021,Bundesliga,Hertha Berlin,SC Freiburg,1 - 2,0 - 1,2,3,Evet
2021-10-02,2021,Bundesliga,VfL Wolfsburg,Borussia Monchengladbach,1 - 3,1 - 2,2,4,Evet
2021-10-02,2021,Bundesliga,Borussia Dortmund,FC Augsburg,2 - 1,1 - 1,1,3,Evet
2021-10-02,2021,Bundesliga,VfB Stuttgart,1899 Hoffenheim,3 - 1,1 - 0,1,4,Evet
2021-10-02,2021,Bundesliga,RB Leipzig,Vfl Bochum,3 - 0,0 - 0,1,3,Yok
2021-10-03,2021,Bundesliga,FSV Mainz 05,Union Berlin,1 - 2,1 - 0,2,3,Evet
2021-10-03,2021,Bundesliga,Bayern Munich,Eintracht Frankfurt,1 - 2,1 - 1,2,3,Evet
2021-10-03,2021,Bundesliga,Arminia Bielefeld,Bayer Leverkusen,0 - 4,0 - 2,2,4,Yok
2021-10-15,2021,Bundesliga,1899 Hoffenheim,1. FC Köln,5 - 0,1 - 0,1,5,Yok
2021-10-16,2021,Bundesliga,SC Freiburg,RB Leipzig,1 - 1,0 - 1,X,2,Evet
2021-10-16,2021,Bundesliga,Borussia Dortmund,FSV Mainz 05,3 - 1,1 - 0,1,4,Evet
2021-10-16,2021,Bundesliga,Eintracht Frankfurt,Hertha Berlin,1 - 2,0 - 1,2,3,Evet
2021-10-16,2021,Bundesliga,SpVgg Greuther Furth,Vfl Bochum,0 - 1,0 - 0,2,1,Yok
2021-10-16,2021,Bundesliga,Union Berlin,VfL Wolfsburg,2 - 0,0 - 0,1,2,Yok
2021-10-16,2021,Bundesliga,Borussia Monchengladbach,VfB Stuttgart,1 - 1,1 - 1,X,2,Evet
2021-10-17,2021,Bundesliga,Bayer Leverkusen,Bayern Munich,1 - 5,0 - 5,2,6,Evet
2021-10-17,2021,Bundesliga,FC Augsburg,Arminia Bielefeld,1 - 1,1 - 0,X,2,Evet
2021-10-22,2021,Bundesliga,FSV Mainz 05,FC Augsburg,4 - 1,3 - 0,1,5,Evet
2021-10-23,2021,Bundesliga,Bayern Munich,1899 Hoffenheim,4 - 0,2 - 0,1,4,Yok
2021-10-23,2021,Bundesliga,VfL Wolfsburg,SC Freiburg,0 - 2,0 - 1,2,2,Yok
2021-10-23,2021,Bundesliga,RB Leipzig,SpVgg Greuther Furth,4 - 1,0 - 1,1,5,Evet
2021-10-23,2021,Bundesliga,Arminia Bielefeld,Borussia Dortmund,1 - 3,0 - 2,2,4,Evet
2021-10-23,2021,Bundesliga,Hertha Berlin,Borussia Monchengladbach,1 - 0,1 - 0,1,1,Yok
2021-10-24,2021,Bundesliga,1. FC Köln,Bayer Leverkusen,2 - 2,0 - 2,X,4,Evet
2021-10-24,2021,Bundesliga,VfB Stuttgart,Union Berlin,1 - 1,0 - 1,X,2,Evet
2021-10-24,2021,Bundesliga,Vfl Bochum,Eintracht Frankfurt,2 - 0,1 - 0,1,2,Yok
2021-10-29,2021,Bundesliga,1899 Hoffenheim,Hertha Berlin,2 - 0,2 - 0,1,2,Yok
2021-10-30,2021,Bundesliga,SC Freiburg,SpVgg Greuther Furth,3 - 1,2 - 0,1,4,Evet
2021-10-30,2021,Bundesliga,Borussia Dortmund,1. FC Köln,2 - 0,1 - 0,1,2,Yok
2021-10-30,2021,Bundesliga,Bayer Leverkusen,VfL Wolfsburg,0 - 2,0 - 0,2,2,Yok
2021-10-30,2021,Bundesliga,Union Berlin,Bayern Munich,2 - 5,1 - 3,2,7,Evet
2021-10-30,2021,Bundesliga,Arminia Bielefeld,FSV Mainz 05,1 - 2,1 - 1,2,3,Evet
2021-10-30,2021,Bundesliga,Eintracht Frankfurt,RB Leipzig,1 - 1,0 - 1,X,2,Evet
2021-10-31,2021,Bundesliga,FC Augsburg,VfB Stuttgart,4 - 1,1 - 1,1,5,Evet
2021-10-31,2021,Bundesliga,Borussia Monchengladbach,Vfl Bochum,2 - 1,2 - 0,1,3,Evet
2021-11-05,2021,Bundesliga,FSV Mainz 05,Borussia Monchengladbach,1 - 1,0 - 1,X,2,Evet
2021-11-06,2021,Bundesliga,Bayern Munich,SC Freiburg,2 - 1,1 - 0,1,3,Evet
2021-11-06,2021,Bundesliga,VfL Wolfsburg,FC Augsburg,1 - 0,1 - 0,1,1,Yok
2021-11-06,2021,Bundesliga,VfB Stuttgart,Arminia Bielefeld,0 - 1,0 - 1,2,1,Yok
2021-11-06,2021,Bundesliga,Vfl Bochum,1899 Hoffenheim,2 - 0,0 - 0,1,2,Yok
2021-11-06,2021,Bundesliga,RB Leipzig,Borussia Dortmund,2 - 1,1 - 0,1,3,Evet
2021-11-07,2021,Bundesliga,Hertha Berlin,Bayer Leverkusen,1 - 1,1 - 0,X,2,Evet
2021-11-07,2021,Bundesliga,1. FC Köln,Union Berlin,2 - 2,1 - 2,X,4,Evet
2021-11-07,2021,Bundesliga,SpVgg Greuther Furth,Eintracht Frankfurt,1 - 2,0 - 0,2,3,Evet
2021-11-19,2021,Bundesliga,FC Augsburg,Bayern Munich,2 - 1,2 - 1,1,3,Evet
2021-11-20,2021,Bundesliga,Borussia Monchengladbach,SpVgg Greuther Furth,4 - 0,3 - 0,1,4,Yok
2021-11-20,2021,Bundesliga,Borussia Dortmund,VfB Stuttgart,2 - 1,0 - 0,1,3,Evet
2021-11-20,2021,Bundesliga,1899 Hoffenheim,RB Leipzig,2 - 0,1 - 0,1,2,Yok
2021-11-20,2021,Bundesliga,Bayer Leverkusen,Vfl Bochum,1 - 0,1 - 0,1,1,Yok
2021-11-20,2021,Bundesliga,Arminia Bielefeld,VfL Wolfsburg,2 - 2,1 - 0,X,4,Evet
2021-11-20,2021,Bundesliga,Union Berlin,Hertha Berlin,2 - 0,2 - 0,1,2,Yok
2021-11-21,2021,Bundesliga,SC Freiburg,Eintracht Frankfurt,0 - 2,0 - 2,2,2,Yok
2021-11-21,2021,Bundesliga,FSV Mainz 05,1. FC Köln,1 - 1,1 - 0,X,2,Evet
2021-11-26,2021,Bundesliga,VfB Stuttgart,FSV Mainz 05,2 - 1,1 - 1,1,3,Evet
2021-11-27,2021,Bundesliga,Hertha Berlin,FC Augsburg,1 - 1,1 - 0,X,2,Evet
2021-11-27,2021,Bundesliga,VfL Wolfsburg,Borussia Dortmund,1 - 3,1 - 1,2,4,Evet
2021-11-27,2021,Bundesliga,Vfl Bochum,SC Freiburg,2 - 1,0 - 0,1,3,Evet
2021-11-27,2021,Bundesliga,SpVgg Greuther Furth,1899 Hoffenheim,3 - 6,1 - 2,2,9,Evet
2021-11-27,2021,Bundesliga,1. FC Köln,Borussia Monchengladbach,4 - 1,0 - 0,1,5,Evet
2021-11-27,2021,Bundesliga,Bayern Munich,Arminia Bielefeld,1 - 0,0 - 0,1,1,Yok
2021-11-28,2021,Bundesliga,Eintracht Frankfurt,Union Berlin,2 - 1,1 - 0,1,3,Evet
2021-11-28,2021,Bundesliga,RB Leipzig,Bayer Leverkusen,1 - 3,0 - 2,2,4,Evet
2021-12-03,2021,Bundesliga,Union Berlin,RB Leipzig,2 - 1,1 - 1,1,3,Evet
2021-12-04,2021,Bundesliga,FSV Mainz 05,VfL Wolfsburg,3 - 0,2 - 0,1,3,Yok
2021-12-04,2021,Bundesliga,1899 Hoffenheim,Eintracht Frankfurt,3 - 2,2 - 1,1,5,Evet
2021-12-04,2021,Bundesliga,Bayer Leverkusen,SpVgg Greuther Furth,7 - 1,3 - 1,1,8,Evet
2021-12-04,2021,Bundesliga,FC Augsburg,Vfl Bochum,2 - 3,0 - 3,2,5,Evet
2021-12-04,2021,Bundesliga,Arminia Bielefeld,1. FC Köln,1 - 1,0 - 1,X,2,Evet
2021-12-04,2021,Bundesliga,Borussia Dortmund,Bayern Munich,2 - 3,1 - 2,2,5,Evet
2021-12-05,2021,Bundesliga,VfB Stuttgart,Hertha Berlin,2 - 2,2 - 1,X,4,Evet
2021-12-05,2021,Bundesliga,Borussia Monchengladbach,SC Freiburg,0 - 6,0 - 6,2,6,Yok
2021-12-10,2021,Bundesliga,1. FC Köln,FC Augsburg,0 - 2,0 - 0,2,2,Yok
2021-12-11,2021,Bundesliga,Bayern Munich,FSV Mainz 05,2 - 1,0 - 1,1,3,Evet
2021-12-11,2021,Bundesliga,Hertha Berlin,Arminia Bielefeld,2 - 0,0 - 0,1,2,Yok
2021-12-11,2021,Bundesliga,SC Freiburg,1899 Hoffenheim,1 - 2,1 - 1,2,3,Evet
2021-12-11,2021,Bundesliga,RB Leipzig,Borussia Monchengladbach,4 - 1,2 - 0,1,5,Evet
2021-12-11,2021,Bundesliga,Vfl Bochum,Borussia Dortmund,1 - 1,1 - 0,X,2,Evet
2021-12-11,2021,Bundesliga,VfL Wolfsburg,VfB Stuttgart,0 - 2,0 - 1,2,2,Yok
2021-12-12,2021,Bundesliga,SpVgg Greuther Furth,Union Berlin,1 - 0,0 - 0,1,1,Yok
2021-12-12,2021,Bundesliga,Eintracht Frankfurt,Bayer Leverkusen,5 - 2,2 - 2,1,7,Evet
2021-12-14,2021,Bundesliga,VfB Stuttgart,Bayern Munich,0 - 5,0 - 1,2,5,Yok
2021-12-14,2021,Bundesliga,VfL Wolfsburg,1. FC Köln,2 - 3,1 - 1,2,5,Evet
2021-12-14,2021,Bundesliga,FSV Mainz 05,Hertha Berlin,4 - 0,2 - 0,1,4,Yok
2021-12-14,2021,Bundesliga,Arminia Bielefeld,Vfl Bochum,2 - 0,0 - 0,1,2,Yok
2021-12-15,2021,Bundesliga,Borussia Monchengladbach,Eintracht Frankfurt,2 - 3,1 - 1,2,5,Evet
2021-12-15,2021,Bundesliga,Borussia Dortmund,SpVgg Greuther Furth,3 - 0,1 - 0,1,3,Yok
2021-12-15,2021,Bundesliga,Bayer Leverkusen,1899 Hoffenheim,2 - 2,1 - 0,X,4,Evet
2021-12-15,2021,Bundesliga,FC Augsburg,RB Leipzig,1 - 1,0 - 1,X,2,Evet
2021-12-15,2021,Bundesliga,Union Berlin,SC Freiburg,0 - 0,0 - 0,X,0,Yok
2021-12-17,2021,Bundesliga,Bayern Munich,VfL Wolfsburg,4 - 0,1 - 0,1,4,Yok
2021-12-18,2021,Bundesliga,1899 Hoffenheim,Borussia Monchengladbach,1 - 1,0 - 1,X,2,Evet
2021-12-18,2021,Bundesliga,Eintracht Frankfurt,FSV Mainz 05,1 - 0,1 - 0,1,1,Yok
2021-12-18,2021,Bundesliga,RB Leipzig,Arminia Bielefeld,0 - 2,0 - 0,2,2,Yok
2021-12-18,2021,Bundesliga,Vfl Bochum,Union Berlin,0 - 1,0 - 1,2,1,Yok
2021-12-18,2021,Bundesliga,SpVgg Greuther Furth,FC Augsburg,0 - 0,0 - 0,X,0,Yok
2021-12-18,2021,Bundesliga,Hertha Berlin,Borussia Dortmund,3 - 2,0 - 1,1,5,Evet
2021-12-19,2021,Bundesliga,SC Freiburg,Bayer Leverkusen,2 - 1,1 - 1,1,3,Evet
2021-12-19,2021,Bundesliga,1. FC Köln,VfB Stuttgart,1 - 0,0 - 0,1,1,Yok
2022-01-07,2021,Bundesliga,Bayern Munich,Borussia Monchengladbach,1 - 2,1 - 2,2,3,Evet
2022-01-08,2021,Bundesliga,SC Freiburg,Arminia Bielefeld,2 - 2,1 - 0,X,4,Evet
2022-01-08,2021,Bundesliga,1899 Hoffenheim,FC Augsburg,3 - 1,2 - 1,1,4,Evet
2022-01-08,2021,Bundesliga,Bayer Leverkusen,Union Berlin,2 - 2,1 - 1,X,4,Evet
2022-01-08,2021,Bundesliga,RB Leipzig,FSV Mainz 05,4 - 1,1 - 0,1,5,Evet
2022-01-08,2021,Bundesliga,SpVgg Greuther Furth,VfB Stuttgart,0 - 0,0 - 0,X,0,Yok
2022-01-08,2021,Bundesliga,Eintracht Frankfurt,Borussia Dortmund,2 - 3,2 - 0,2,5,Evet
2022-01-09,2021,Bundesliga,Hertha Berlin,1. FC Köln,1 - 3,0 - 2,2,4,Evet
2022-01-09,2021,Bundesliga,Vfl Bochum,VfL Wolfsburg,1 - 0,0 - 0,1,1,Yok
2022-01-14,2021,Bundesliga,Borussia Dortmund,SC Freiburg,5 - 1,3 - 0,1,6,Evet
2022-01-15,2021,Bundesliga,VfL Wolfsburg,Hertha Berlin,0 - 0,0 - 0,X,0,Yok
2022-01-15,2021,Bundesliga,FSV Mainz 05,Vfl Bochum,1 - 0,0 - 0,1,1,Yok
2022-01-15,2021,Bundesliga,VfB Stuttgart,RB Leipzig,0 - 2,0 - 1,2,2,Yok
2022-01-15,2021,Bundesliga,Union Berlin,1899 Hoffenheim,2 - 1,1 - 1,1,3,Evet
2022-01-15,2021,Bundesliga,1. FC Köln,Bayern Munich,0 - 4,0 - 2,2,4,Yok
2022-01-15,2021,Bundesliga,Borussia Monchengladbach,Bayer Leverkusen,1 - 2,0 - 0,2,3,Evet
2022-01-16,2021,Bundesliga,FC Augsburg,Eintracht Frankfurt,1 - 1,1 - 1,X,2,Evet
2022-01-16,2021,Bundesliga,Arminia Bielefeld,SpVgg Greuther Furth,2 - 2,1 - 1,X,4,Evet
2022-01-21,2021,Bundesliga,Eintracht Frankfurt,Arminia Bielefeld,0 - 2,0 - 2,2,2,Yok
2022-01-22,2021,Bundesliga,SC Freiburg,VfB Stuttgart,2 - 0,1 - 0,1,2,Yok
2022-01-22,2021,Bundesliga,Borussia Monchengladbach,Union Berlin,1 - 2,1 - 1,2,3,Evet
2022-01-22,2021,Bundesliga,1899 Hoffenheim,Borussia Dortmund,2 - 3,1 - 1,2,5,Evet
2022-01-22,2021,Bundesliga,Bayer Leverkusen,FC Augsburg,5 - 1,2 - 0,1,6,Evet
2022-01-22,2021,Bundesliga,SpVgg Greuther Furth,FSV Mainz 05,2 - 1,1 - 0,1,3,Evet
2022-01-22,2021,Bundesliga,Vfl Bochum,1. FC Köln,2 - 2,1 - 2,X,4,Evet
2022-01-23,2021,Bundesliga,RB Leipzig,VfL Wolfsburg,2 - 0,0 - 0,1,2,Yok
2022-01-23,2021,Bundesliga,Hertha Berlin,Bayern Munich,1 - 4,0 - 2,2,5,Evet
2022-02-04,2021,Bundesliga,Hertha Berlin,Vfl Bochum,1 - 1,1 - 0,X,2,Evet
2022-02-05,2021,Bundesliga,FSV Mainz 05,1899 Hoffenheim,2 - 0,0 - 0,1,2,Yok
2022-02-05,2021,Bundesliga,FC Augsburg,Union Berlin,2 - 0,1 - 0,1,2,Yok
2022-02-05,2021,Bundesliga,VfB Stuttgart,Eintracht Frankfurt,2 - 3,1 - 1,2,5,Evet
2022-02-05,2021,Bundesliga,Arminia Bielefeld,Borussia Monchengladbach,1 - 1,1 - 1,X,2,Evet
2022-02-05,2021,Bundesliga,1. FC Köln,SC Freiburg,1 - 0,1 - 0,1,1,Yok
2022-02-05,2021,Bundesliga,Bayern Munich,RB Leipzig,3 - 2,2 - 1,1,5,Evet
2022-02-06,2021,Bundesliga,Borussia Dortmund,Bayer Leverkusen,2 - 5,1 - 3,2,7,Evet
2022-02-06,2021,Bundesliga,VfL Wolfsburg,SpVgg Greuther Furth,4 - 1,1 - 1,1,5,Evet
2022-02-11,2021,Bundesliga,RB Leipzig,1. FC Köln,3 - 1,1 - 0,1,4,Evet
2022-02-12,2021,Bundesliga,SC Freiburg,FSV Mainz 05,1 - 1,0 - 1,X,2,Evet
2022-02-12,2021,Bundesliga,Borussia Monchengladbach,FC Augsburg,3 - 2,1 - 0,1,5,Evet
2022-02-12,2021,Bundesliga,Eintracht Frankfurt,VfL Wolfsburg,0 - 2,0 - 1,2,2,Yok
2022-02-12,2021,Bundesliga,Vfl Bochum,Bayern Munich,4 - 2,4 - 1,1,6,Evet
2022-02-12,2021,Bundesliga,SpVgg Greuther Furth,Hertha Berlin,2 - 1,1 - 0,1,3,Evet
2022-02-12,2021,Bundesliga,Bayer Leverkusen,VfB Stuttgart,4 - 2,1 - 0,1,6,Evet
2022-02-13,2021,Bundesliga,Union Berlin,Borussia Dortmund,0 - 3,0 - 2,2,3,Yok
2022-02-13,2021,Bundesliga,1899 Hoffenheim,Arminia Bielefeld,2 - 0,1 - 0,1,2,Yok
2022-02-18,2021,Bundesliga,FSV Mainz 05,Bayer Leverkusen,3 - 2,0 - 1,1,5,Evet
2022-02-19,2021,Bundesliga,VfL Wolfsburg,1899 Hoffenheim,1 - 2,1 - 0,2,3,Evet
2022-02-19,2021,Bundesliga,FC Augsburg,SC Freiburg,1 - 2,1 - 2,2,3,Evet
2022-02-19,2021,Bundesliga,VfB Stuttgart,Vfl Bochum,1 - 1,0 - 0,X,2,Evet
2022-02-19,2021,Bundesliga,Arminia Bielefeld,Union Berlin,1 - 0,0 - 0,1,1,Yok
2022-02-19,2021,Bundesliga,1. FC Köln,Eintracht Frankfurt,1 - 0,0 - 0,1,1,Yok
2022-02-20,2021,Bundesliga,Bayern Munich,SpVgg Greuther Furth,4 - 1,0 - 1,1,5,Evet
2022-02-20,2021,Bundesliga,Borussia Dortmund,Borussia Monchengladbach,6 - 0,2 - 0,1,6,Yok
2022-02-20,2021,Bundesliga,Hertha Berlin,RB Leipzig,1 - 6,0 - 1,2,7,Evet
2022-02-25,2021,Bundesliga,1899 Hoffenheim,VfB Stuttgart,2 - 1,0 - 0,1,3,Evet
2022-02-26,2021,Bundesliga,SC Freiburg,Hertha Berlin,3 - 0,1 - 0,1,3,Yok
2022-02-26,2021,Bundesliga,Borussia Monchengladbach,VfL Wolfsburg,2 - 2,1 - 2,X,4,Evet
2022-02-26,2021,Bundesliga,Bayer Leverkusen,Arminia Bielefeld,3 - 0,1 - 0,1,3,Yok
2022-02-26,2021,Bundesliga,SpVgg Greuther Furth,1. FC Köln,1 - 1,0 - 0,X,2,Evet
2022-02-26,2021,Bundesliga,Union Berlin,FSV Mainz 05,3 - 1,1 - 0,1,4,Evet
2022-02-26,2021,Bundesliga,Eintracht Frankfurt,Bayern Munich,0 - 1,0 - 0,2,1,Yok
2022-02-27,2021,Bundesliga,Vfl Bochum,RB Leipzig,0 - 1,0 - 0,2,1,Yok
2022-02-27,2021,Bundesliga,FC Augsburg,Borussia Dortmund,1 - 1,0 - 1,X,2,Evet
2022-03-04,2021,Bundesliga,Arminia Bielefeld,FC Augsburg,0 - 1,0 - 0,2,1,Yok
2022-03-05,2021,Bundesliga,Bayern Munich,Bayer Leverkusen,1 - 1,1 - 1,X,2,Evet
2022-03-05,2021,Bundesliga,Hertha Berlin,Eintracht Frankfurt,1 - 4,0 - 1,2,5,Evet
2022-03-05,2021,Bundesliga,VfL Wolfsburg,Union Berlin,1 - 0,1 - 0,1,1,Yok
2022-03-05,2021,Bundesliga,RB Leipzig,SC Freiburg,1 - 1,0 - 1,X,2,Evet
2022-03-05,2021,Bundesliga,Vfl Bochum,SpVgg Greuther Furth,2 - 1,1 - 0,1,3,Evet
2022-03-05,2021,Bundesliga,VfB Stuttgart,Borussia Monchengladbach,3 - 2,1 - 2,1,5,Evet
2022-03-06,2021,Bundesliga,1. FC Köln,1899 Hoffenheim,0 - 1,0 - 0,2,1,Yok
2022-03-12,2021,Bundesliga,SC Freiburg,VfL Wolfsburg,3 - 2,2 - 0,1,5,Evet
2022-03-12,2021,Bundesliga,1899 Hoffenheim,Bayern Munich,1 - 1,1 - 1,X,2,Evet
2022-03-12,2021,Bundesliga,Union Berlin,VfB Stuttgart,1 - 1,1 - 0,X,2,Evet
2022-03-12,2021,Bundesliga,Borussia Monchengladbach,Hertha Berlin,2 - 0,1 - 0,1,2,Yok
2022-03-13,2021,Bundesliga,Bayer Leverkusen,1. FC Köln,0 - 1,0 - 0,2,1,Yok
2022-03-13,2021,Bundesliga,Borussia Dortmund,Arminia Bielefeld,1 - 0,1 - 0,1,1,Yok
2022-03-13,2021,Bundesliga,Eintracht Frankfurt,Vfl Bochum,2 - 1,0 - 1,1,3,Evet
2022-03-13,2021,Bundesliga,SpVgg Greuther Furth,RB Leipzig,1 - 6,1 - 4,2,7,Evet
2022-03-16,2021,Bundesliga,FSV Mainz 05,Borussia Dortmund,0 - 1,0 - 0,2,1,Yok
2022-03-18,2021,Bundesliga,Vfl Bochum,Borussia Monchengladbach,0 - 2,0 - 0,2,2,Yok
2022-03-19,2021,Bundesliga,Hertha Berlin,1899 Hoffenheim,3 - 0,1 - 0,1,3,Yok
2022-03-19,2021,Bundesliga,FSV Mainz 05,Arminia Bielefeld,4 - 0,1 - 0,1,4,Yok
2022-03-19,2021,Bundesliga,VfB Stuttgart,FC Augsburg,3 - 2,1 - 2,1,5,Evet
2022-03-19,2021,Bundesliga,SpVgg Greuther Furth,SC Freiburg,0 - 0,0 - 0,X,0,Yok
2022-03-19,2021,Bundesliga,Bayern Munich,Union Berlin,4 - 0,3 - 0,1,4,Yok
2022-03-20,2021,Bundesliga,RB Leipzig,Eintracht Frankfurt,0 - 0,0 - 0,X,0,Yok
2022-03-20,2021,Bundesliga,VfL Wolfsburg,Bayer Leverkusen,0 - 2,0 - 0,2,2,Yok
2022-03-20,2021,Bundesliga,1. FC Köln,Borussia Dortmund,1 - 1,1 - 1,X,2,Evet
2022-04-01,2021,Bundesliga,Union Berlin,1. FC Köln,1 - 0,0 - 0,1,1,Yok
2022-04-02,2021,Bundesliga,SC Freiburg,Bayern Munich,1 - 4,0 - 0,2,5,Evet
2022-04-02,2021,Bundesliga,1899 Hoffenheim,Vfl Bochum,1 - 2,0 - 1,2,3,Evet
2022-04-02,2021,Bundesliga,Bayer Leverkusen,Hertha Berlin,2 - 1,2 - 1,1,3,Evet
2022-04-02,2021,Bundesliga,Eintracht Frankfurt,SpVgg Greuther Furth,0 - 0,0 - 0,X,0,Yok
2022-04-02,2021,Bundesliga,Arminia Bielefeld,VfB Stuttgart,1 - 1,0 - 1,X,2,Evet
2022-04-02,2021,Bundesliga,Borussia Dortmund,RB Leipzig,1 - 4,0 - 2,2,5,Evet
2022-04-03,2021,Bundesliga,FC Augsburg,VfL Wolfsburg,3 - 0,1 - 0,1,3,Yok
2022-04-03,2021,Bundesliga,Borussia Monchengladbach,FSV Mainz 05,1 - 1,1 - 0,X,2,Evet
2022-04-06,2021,Bundesliga,FC Augsburg,FSV Mainz 05,2 - 1,1 - 0,1,3,Evet
2022-04-08,2021,Bundesliga,VfB Stuttgart,Borussia Dortmund,0 - 2,0 - 1,2,2,Yok
2022-04-09,2021,Bundesliga,Bayern Munich,FC Augsburg,1 - 0,0 - 0,1,1,Yok
2022-04-09,2021,Bundesliga,VfL Wolfsburg,Arminia Bielefeld,4 - 0,2 - 0,1,4,Yok
2022-04-09,2021,Bundesliga,SpVgg Greuther Furth,Borussia Monchengladbach,0 - 2,0 - 2,2,2,Yok
2022-04-09,2021,Bundesliga,1. FC Köln,FSV Mainz 05,3 - 2,0 - 1,1,5,Evet
2022-04-09,2021,Bundesliga,Hertha Berlin,Union Berlin,1 - 4,0 - 1,2,5,Evet
2022-04-10,2021,Bundesliga,Vfl Bochum,Bayer Leverkusen,0 - 0,0 - 0,X,0,Yok
2022-04-10,2021,Bundesliga,Eintracht Frankfurt,SC Freiburg,1 - 2,0 - 1,2,3,Evet
2022-04-10,2021,Bundesliga,RB Leipzig,1899 Hoffenheim,3 - 0,3 - 0,1,3,Yok
2022-04-16,2021,Bundesliga,SC Freiburg,Vfl Bochum,3 - 0,2 - 0,1,3,Yok
2022-04-16,2021,Bundesliga,FSV Mainz 05,VfB Stuttgart,0 - 0,0 - 0,X,0,Yok
2022-04-16,2021,Bundesliga,Borussia Dortmund,VfL Wolfsburg,6 - 1,5 - 0,1,7,Evet
2022-04-16,2021,Bundesliga,FC Augsburg,Hertha Berlin,0 - 1,0 - 0,2,1,Yok
2022-04-16,2021,Bundesliga,Borussia Monchengladbach,1. FC Köln,1 - 3,0 - 3,2,4,Evet
2022-04-17,2021,Bundesliga,Arminia Bielefeld,Bayern Munich,0 - 3,0 - 2,2,3,Yok
2022-04-17,2021,Bundesliga,1899 Hoffenheim,SpVgg Greuther Furth,0 - 0,0 - 0,X,0,Yok
2022-04-17,2021,Bundesliga,Union Berlin,Eintracht Frankfurt,2 - 0,2 - 0,1,2,Yok
2022-04-17,2021,Bundesliga,Bayer Leverkusen,RB Leipzig,0 - 1,0 - 0,2,1,Yok
2022-04-22,2021,Bundesliga,VfL Wolfsburg,FSV Mainz 05,5 - 0,5 - 0,1,5,Yok
2022-04-23,2021,Bundesliga,SC Freiburg,Borussia Monchengladbach,3 - 3,0 - 2,X,6,Evet
2022-04-23,2021,Bundesliga,Eintracht Frankfurt,1899 Hoffenheim,2 - 2,1 - 1,X,4,Evet
2022-04-23,2021,Bundesliga,RB Leipzig,Union Berlin,1 - 2,0 - 0,2,3,Evet
2022-04-23,2021,Bundesliga,SpVgg Greuther Furth,Bayer Leverkusen,1 - 4,1 - 2,2,5,Evet
2022-04-23,2021,Bundesliga,1. FC Köln,Arminia Bielefeld,3 - 1,2 - 1,1,4,Evet
2022-04-23,2021,Bundesliga,Bayern Munich,Borussia Dortmund,3 - 1,2 - 0,1,4,Evet
2022-04-24,2021,Bundesliga,Vfl Bochum,FC Augsburg,0 - 2,0 - 2,2,2,Yok
2022-04-24,2021,Bundesliga,Hertha Berlin,VfB Stuttgart,2 - 0,1 - 0,1,2,Yok
2022-04-29,2021,Bundesliga,Union Berlin,SpVgg Greuther Furth,1 - 1,0 - 1,X,2,Evet
2022-04-30,2021,Bundesliga,FSV Mainz 05,Bayern Munich,3 - 1,2 - 1,1,4,Evet
2022-04-30,2021,Bundesliga,Borussia Dortmund,Vfl Bochum,3 - 4,2 - 2,2,7,Evet
2022-04-30,2021,Bundesliga,FC Augsburg,1. FC Köln,1 - 4,0 - 2,2,5,Evet
2022-04-30,2021,Bundesliga,VfB Stuttgart,VfL Wolfsburg,1 - 1,0 - 1,X,2,Evet
2022-04-30,2021,Bundesliga,Arminia Bielefeld,Hertha Berlin,1 - 1,0 - 0,X,2,Evet
2022-04-30,2021,Bundesliga,1899 Hoffenheim,SC Freiburg,3 - 4,1 - 1,2,7,Evet
2022-05-02,2021,Bundesliga,Borussia Monchengladbach,RB Leipzig,3 - 1,2 - 1,1,4,Evet
2022-05-02,2021,Bundesliga,Bayer Leverkusen,Eintracht Frankfurt,2 - 0,1 - 0,1,2,Yok
2022-05-06,2021,Bundesliga,Vfl Bochum,Arminia Bielefeld,2 - 1,1 - 1,1,3,Evet
2022-05-07,2021,Bundesliga,SC Freiburg,Union Berlin,1 - 4,0 - 3,2,5,Evet
2022-05-07,2021,Bundesliga,1899 Hoffenheim,Bayer Leverkusen,2 - 4,2 - 1,2,6,Evet
2022-05-07,2021,Bundesliga,SpVgg Greuther Furth,Borussia Dortmund,1 - 3,0 - 1,2,4,Evet
2022-05-07,2021,Bundesliga,1. FC Köln,VfL Wolfsburg,0 - 1,0 - 1,2,1,Yok
2022-05-07,2021,Bundesliga,Hertha Berlin,FSV Mainz 05,1 - 2,1 - 1,2,3,Evet
2022-05-08,2021,Bundesliga,Eintracht Frankfurt,Borussia Monchengladbach,1 - 1,0 - 1,X,2,Evet
2022-05-08,2021,Bundesliga,Bayern Munich,VfB Stuttgart,2 - 2,2 - 1,X,4,Evet
2022-05-08,2021,Bundesliga,RB Leipzig,FC Augsburg,4 - 0,1 - 0,1,4,Yok
2022-05-14,2021,Bundesliga,VfL Wolfsburg,Bayern Munich,2 - 2,1 - 2,X,4,Evet
2022-05-14,2021,Bundesliga,Borussia Monchengladbach,1899 Hoffenheim,5 - 1,3 - 1,1,6,Evet
2022-05-14,2021,Bundesliga,FSV Mainz 05,Eintracht Frankfurt,2 - 2,1 - 2,X,4,Evet
2022-05-14,2021,Bundesliga,Borussia Dortmund,Hertha Berlin,2 - 1,0 - 1,1,3,Evet
2022-05-14,2021,Bundesliga,Bayer Leverkusen,SC Freiburg,2 - 1,0 - 0,1,3,Evet
2022-05-14,2021,Bundesliga,FC Augsburg,SpVgg Greuther Furth,2 - 1,1 - 1,1,3,Evet
2022-05-14,2021,Bundesliga,VfB Stuttgart,1. FC Köln,2 - 1,1 - 0,1,3,Evet
2022-05-14,2021,Bundesliga,Union Berlin,Vfl Bochum,3 - 2,2 - 0,1,5,Evet
2022-05-14,2021,Bundesliga,Arminia Bielefeld,RB Leipzig,1 - 1,0 - 0,X,2,Evet
2022-05-19,2021,Bundesliga,Hertha Berlin,Hamburger SV,0 - 1,0 - 0,2,1,Yok
2022-05-23,2021,Bundesliga,Hamburger SV,Hertha Berlin,0 - 2,0 - 1,2,2,Yok
