Tarih,Sezon,Lig,Ev Sahibi,Deplasman,MS Skor,IY Skor,MS Sonucu,Toplam Gol,KG Var
2026-07-25,2026,Czech Liga,Plzen,Slovan Liberec,1 - 3,0 - 1,2,4,Evet
2026-07-25,2026,Czech Liga,Zlin,Baník Ostrava,0 - 1,0 - 0,2,1,Yok
2026-07-25,2026,Czech Liga,Teplice,Bohemians 1905,3 - 1,1 - 0,1,4,Evet
2026-07-25,2026,Czech Liga,Zbrojovka Brno,Sparta Praha,3 - 1,1 - 0,1,4,Evet
2026-07-26,2026,Czech Liga,Slavia Praha,Slovácko,5 - 1,4 - 1,1,6,Evet
2026-07-26,2026,Czech Liga,FK Jablonec,Sigma Olomouc,2 - 1,0 - 1,1,3,Evet
2026-07-26,2026,Czech Liga,Hradec Králové,Pardubice,2 - 1,1 - 0,1,3,Evet
2026-07-27,2026,Czech Liga,Artis,Mlada Boleslav,2 - 4,1 - 2,2,6,Evet
2026-07-31,2026,Czech Liga,Sparta Praha,Zlin,3 - 1,1 - 0,1,4,Evet
2026-08-01,2026,Czech Liga,Slovan Liberec,Teplice,0 - 1,0 - 0,2,1,Yok
2026-08-01,2026,Czech Liga,Baník Ostrava,Slavia Praha,0 - 4,0 - 3,2,4,Yok
2026-08-01,2026,Czech Liga,Slovácko,Artis,1 - 1,0 - 0,X,2,Evet
2026-08-01,2026,Czech Liga,Plzen,Zbrojovka Brno,1 - 1,1 - 0,X,2,Evet
2026-08-02,2026,Czech Liga,Sigma Olomouc,Mlada Boleslav,2 - 2,1 - 1,X,4,Evet
2026-08-02,2026,Czech Liga,Bohemians 1905,Hradec Králové,0 - 0,0 - 0,X,0,Yok
2026-08-02,2026,Czech Liga,Pardubice,FK Jablonec,0 - 2,0 - 2,2,2,Yok
2026-08-07,2026,Czech Liga,Zbrojovka Brno,Slovan Liberec,0 - 1,0 - 0,2,1,Yok
2026-08-08,2026,Czech Liga,Zlin,Bohemians 1905,0 - 2,0 - 1,2,2,Yok
2026-08-08,2026,Czech Liga,Teplice,Plzen,5 - 5,3 - 4,X,10,Evet
2026-08-08,2026,Czech Liga,Mlada Boleslav,Sparta Praha,2 - 0,2 - 0,1,2,Yok
2026-08-09,2026,Czech Liga,Slavia Praha,Pardubice,2 - 1,0 - 0,1,3,Evet
2026-08-09,2026,Czech Liga,FK Jablonec,Slovácko,1 - 0,0 - 0,1,1,Yok
2026-08-09,2026,Czech Liga,Hradec Králové,Baník Ostrava,2 - 1,1 - 0,1,3,Evet
2026-08-09,2026,Czech Liga,Artis,Sigma Olomouc,1 - 2,0 - 1,2,3,Evet
2026-08-15,2026,Czech Liga,Sparta Praha,Teplice,4 - 1,3 - 1,1,5,Evet
2026-08-15,2026,Czech Liga,Slovácko,Sigma Olomouc,1 - 2,0 - 1,2,3,Evet
2026-08-15,2026,Czech Liga,Pardubice,Mlada Boleslav,1 - 1,1 - 0,X,2,Evet
2026-08-15,2026,Czech Liga,Plzen,Zlin,3 - 2,2 - 1,1,5,Evet
2026-08-16,2026,Czech Liga,Baník Ostrava,Artis,1 - 0,1 - 0,1,1,Yok
2026-08-16,2026,Czech Liga,Slovan Liberec,Slavia Praha,1 - 1,0 - 1,X,2,Evet
2026-08-22,2026,Czech Liga,Zlin,Slovan Liberec,0 - 1,0 - 0,2,1,Yok
2026-08-22,2026,Czech Liga,Mlada Boleslav,Slovácko,2 - 1,1 - 0,1,3,Evet
2026-08-22,2026,Czech Liga,Artis,Sparta Praha,0 - 4,0 - 2,2,4,Yok
2026-08-22,2026,Czech Liga,Slavia Praha,Bohemians 1905,2 - 2,1 - 1,X,4,Evet
2026-08-23,2026,Czech Liga,Teplice,Zbrojovka Brno,0 - 2,0 - 1,2,2,Yok
2026-08-23,2026,Czech Liga,Sigma Olomouc,Pardubice,3 - 1,1 - 0,1,4,Evet
2026-08-29,2026,Czech Liga,Pardubice,Artis,1 - 2,1 - 0,2,3,Evet
2026-08-29,2026,Czech Liga,Zbrojovka Brno,Zlin,3 - 2,1 - 0,1,5,Evet
2026-08-29,2026,Czech Liga,Baník Ostrava,Sigma Olomouc,1 - 0,1 - 0,1,1,Yok
2026-08-30,2026,Czech Liga,Slovan Liberec,Hradec Králové,2 - 0,1 - 0,1,2,Yok
2026-08-30,2026,Czech Liga,Plzen,Slovácko,1 - 1,0 - 0,X,2,Evet
2026-08-30,2026,Czech Liga,Teplice,FK Jablonec,2 - 0,0 - 0,1,2,Yok
2026-08-30,2026,Czech Liga,Sparta Praha,Slavia Praha,0 - 3,0 - 1,2,3,Yok
2026-09-02,2026,Czech Liga,Zbrojovka Brno,Hradec Králové,1 - 0,0 - 0,1,1,Yok
2026-09-02,2026,Czech Liga,Bohemians 1905,FK Jablonec,1 - 1,0 - 1,X,2,Evet
2026-09-05,2026,Czech Liga,Slavia Praha,Zbrojovka Brno,4 - 0,1 - 0,1,4,Yok
2026-09-05,2026,Czech Liga,Sigma Olomouc,Bohemians 1905,3 - 0,2 - 0,1,3,Yok
2026-09-05,2026,Czech Liga,Slovácko,Pardubice,0 - 0,0 - 0,X,0,Yok
2026-09-05,2026,Czech Liga,Artis,Plzen,0 - 3,0 - 3,2,3,Yok
2026-09-06,2026,Czech Liga,Mlada Boleslav,Baník Ostrava,4 - 0,2 - 0,1,4,Yok
2026-09-06,2026,Czech Liga,Zlin,Teplice,1 - 3,0 - 1,2,4,Evet
2026-09-06,2026,Czech Liga,FK Jablonec,Slovan Liberec,1 - 2,0 - 0,2,3,Evet
2026-09-06,2026,Czech Liga,Hradec Králové,Sparta Praha,2 - 1,2 - 1,1,3,Evet
2026-09-09,2026,Czech Liga,FK Jablonec,Baník Ostrava,3 - 0,1 - 0,1,3,Yok
2026-09-09,2026,Czech Liga,Hradec Králové,Plzen,0 - 0,0 - 0,X,0,Yok
2026-09-12,2026,Czech Liga,Slovan Liberec,Mlada Boleslav,3 - 0,1 - 0,1,3,Yok
2026-09-12,2026,Czech Liga,Bohemians 1905,Slovácko,2 - 0,1 - 0,1,2,Yok
2026-09-12,2026,Czech Liga,Zbrojovka Brno,Artis,2 - 1,2 - 0,1,3,Evet
2026-09-12,2026,Czech Liga,Sparta Praha,FK Jablonec,2 - 0,1 - 0,1,2,Yok
2026-09-13,2026,Czech Liga,Baník Ostrava,Pardubice,1 - 2,0 - 1,2,3,Evet
2026-09-13,2026,Czech Liga,Plzen,Sigma Olomouc,2 - 3,1 - 2,2,5,Evet
2026-09-13,2026,Czech Liga,Zlin,Hradec Králové,1 - 2,1 - 1,2,3,Evet
2026-09-13,2026,Czech Liga,Teplice,Slavia Praha,0 - 2,0 - 1,2,2,Yok
2026-09-19,2026,Czech Liga,Mlada Boleslav,Zbrojovka Brno,2 - 0,1 - 0,1,2,Yok
2026-09-19,2026,Czech Liga,Pardubice,Bohemians 1905,2 - 1,1 - 1,1,3,Evet
2026-09-19,2026,Czech Liga,Artis,Slovan Liberec,0 - 0,0 - 0,X,0,Yok
2026-09-19,2026,Czech Liga,Slovácko,Baník Ostrava,2 - 2,0 - 1,X,4,Evet
2026-09-20,2026,Czech Liga,Hradec Králové,Teplice,0 - 2,0 - 1,2,2,Yok
2026-09-20,2026,Czech Liga,FK Jablonec,Zlin,1 - 1,0 - 1,X,2,Evet
2026-09-20,2026,Czech Liga,Sigma Olomouc,Sparta Praha,0 - 3,0 - 1,2,3,Yok
2026-09-20,2026,Czech Liga,Slavia Praha,Plzen,2 - 1,0 - 0,1,3,Evet
2025-07-18,2025,Czech Liga,Pardubice,Plzen,1 - 5,1 - 3,2,6,Evet
2025-07-19,2025,Czech Liga,Bohemians 1905,Baník Ostrava,1 - 0,1 - 0,1,1,Yok
2025-07-19,2025,Czech Liga,Karviná,Dukla Praha,2 - 0,1 - 0,1,2,Yok
2025-07-19,2025,Czech Liga,Teplice,Zlin,1 - 3,1 - 0,2,4,Evet
2025-07-19,2025,Czech Liga,FK Jablonec,Sparta Praha,1 - 1,1 - 0,X,2,Evet
2025-07-20,2025,Czech Liga,Slovácko,Sigma Olomouc,0 - 1,0 - 0,2,1,Yok
2025-07-20,2025,Czech Liga,Mlada Boleslav,Slovan Liberec,3 - 3,1 - 1,X,6,Evet
2025-07-20,2025,Czech Liga,Slavia Praha,Hradec Králové,2 - 2,0 - 1,X,4,Evet
2025-07-26,2025,Czech Liga,Plzen,FK Jablonec,1 - 1,1 - 0,X,2,Evet
2025-07-26,2025,Czech Liga,Zlin,Slovácko,1 - 1,1 - 1,X,2,Evet
2025-07-26,2025,Czech Liga,Sigma Olomouc,Dukla Praha,0 - 0,0 - 0,X,0,Yok
2025-07-26,2025,Czech Liga,Hradec Králové,Karviná,1 - 2,1 - 1,2,3,Evet
2025-07-26,2025,Czech Liga,Bohemians 1905,Slavia Praha,0 - 2,0 - 1,2,2,Yok
2025-07-27,2025,Czech Liga,Slovan Liberec,Pardubice,2 - 1,0 - 0,1,3,Evet
2025-07-27,2025,Czech Liga,Sparta Praha,Mlada Boleslav,3 - 2,1 - 1,1,5,Evet
2025-08-02,2025,Czech Liga,FK Jablonec,Hradec Králové,2 - 0,1 - 0,1,2,Yok
2025-08-02,2025,Czech Liga,Karviná,Zlin,0 - 1,0 - 1,2,1,Yok
2025-08-02,2025,Czech Liga,Teplice,Bohemians 1905,3 - 0,1 - 0,1,3,Yok
2025-08-02,2025,Czech Liga,Sigma Olomouc,Slovan Liberec,2 - 1,0 - 0,1,3,Evet
2025-08-03,2025,Czech Liga,Slovácko,Slavia Praha,0 - 1,0 - 0,2,1,Yok
2025-08-03,2025,Czech Liga,Dukla Praha,Baník Ostrava,1 - 1,1 - 1,X,2,Evet
2025-08-03,2025,Czech Liga,Pardubice,Sparta Praha,1 - 3,0 - 1,2,4,Evet
2025-08-09,2025,Czech Liga,Plzen,Slovácko,1 - 1,1 - 0,X,2,Evet
2025-08-09,2025,Czech Liga,Zlin,Mlada Boleslav,3 - 2,2 - 1,1,5,Evet
2025-08-09,2025,Czech Liga,Slovan Liberec,Dukla Praha,2 - 0,1 - 0,1,2,Yok
2025-08-09,2025,Czech Liga,Slavia Praha,Teplice,3 - 0,1 - 0,1,3,Yok
2025-08-10,2025,Czech Liga,Bohemians 1905,FK Jablonec,0 - 1,0 - 1,2,1,Yok
2025-08-10,2025,Czech Liga,Hradec Králové,Pardubice,1 - 1,1 - 0,X,2,Evet
2025-08-10,2025,Czech Liga,Baník Ostrava,Karviná,1 - 2,0 - 0,2,3,Evet
2025-08-10,2025,Czech Liga,Sparta Praha,Sigma Olomouc,1 - 0,0 - 0,1,1,Yok
2025-08-16,2025,Czech Liga,Mlada Boleslav,Hradec Králové,3 - 2,2 - 1,1,5,Evet
2025-08-16,2025,Czech Liga,Sigma Olomouc,Zlin,1 - 0,0 - 0,1,1,Yok
2025-08-16,2025,Czech Liga,Dukla Praha,Plzen,2 - 0,2 - 0,1,2,Yok
2025-08-16,2025,Czech Liga,Slovácko,Teplice,2 - 1,0 - 1,1,3,Evet
2025-08-16,2025,Czech Liga,FK Jablonec,Slavia Praha,1 - 1,1 - 0,X,2,Evet
2025-08-17,2025,Czech Liga,Karviná,Bohemians 1905,1 - 2,1 - 1,2,3,Evet
2025-08-17,2025,Czech Liga,Slovan Liberec,Sparta Praha,0 - 2,0 - 1,2,2,Yok
2025-08-19,2025,Czech Liga,Mlada Boleslav,Plzen,0 - 5,0 - 2,2,5,Yok
2025-08-23,2025,Czech Liga,Plzen,Karviná,2 - 1,1 - 0,1,3,Evet
2025-08-23,2025,Czech Liga,Zlin,Slovan Liberec,1 - 0,1 - 0,1,1,Yok
2025-08-23,2025,Czech Liga,Teplice,FK Jablonec,0 - 1,0 - 1,2,1,Yok
2025-08-23,2025,Czech Liga,Slavia Praha,Pardubice,3 - 1,1 - 1,1,4,Evet
2025-08-24,2025,Czech Liga,Hradec Králové,Sigma Olomouc,1 - 0,1 - 0,1,1,Yok
2025-08-24,2025,Czech Liga,Baník Ostrava,Slovácko,2 - 0,0 - 0,1,2,Yok
2025-08-24,2025,Czech Liga,Sparta Praha,Dukla Praha,3 - 2,1 - 2,1,5,Evet
2025-08-30,2025,Czech Liga,Dukla Praha,Hradec Králové,1 - 1,0 - 1,X,2,Evet
2025-08-30,2025,Czech Liga,Karviná,Teplice,4 - 1,2 - 0,1,5,Evet
2025-08-30,2025,Czech Liga,Slovácko,FK Jablonec,0 - 2,0 - 1,2,2,Yok
2025-08-30,2025,Czech Liga,Pardubice,Bohemians 1905,1 - 1,1 - 0,X,2,Evet
2025-08-30,2025,Czech Liga,Mlada Boleslav,Slavia Praha,1 - 3,0 - 1,2,4,Evet
2025-08-31,2025,Czech Liga,Slovan Liberec,Plzen,1 - 1,0 - 1,X,2,Evet
2025-08-31,2025,Czech Liga,Sigma Olomouc,Baník Ostrava,1 - 0,1 - 0,1,1,Yok
2025-08-31,2025,Czech Liga,Sparta Praha,Zlin,3 - 1,1 - 0,1,4,Evet
2025-09-13,2025,Czech Liga,Plzen,Sigma Olomouc,1 - 0,1 - 0,1,1,Yok
2025-09-13,2025,Czech Liga,Zlin,Dukla Praha,1 - 1,0 - 1,X,2,Evet
2025-09-13,2025,Czech Liga,Baník Ostrava,Slovan Liberec,0 - 2,0 - 2,2,2,Yok
2025-09-13,2025,Czech Liga,Teplice,Mlada Boleslav,2 - 3,2 - 3,2,5,Evet
2025-09-13,2025,Czech Liga,Slavia Praha,Karviná,3 - 1,1 - 1,1,4,Evet
2025-09-14,2025,Czech Liga,FK Jablonec,Pardubice,3 - 2,3 - 0,1,5,Evet
2025-09-14,2025,Czech Liga,Bohemians 1905,Slovácko,1 - 0,1 - 0,1,1,Yok
2025-09-14,2025,Czech Liga,Hradec Králové,Sparta Praha,2 - 1,2 - 1,1,3,Evet
2025-09-17,2025,Czech Liga,Baník Ostrava,Teplice,1 - 1,1 - 0,X,2,Evet
2025-09-20,2025,Czech Liga,Zlin,Hradec Králové,1 - 2,1 - 2,2,3,Evet
2025-09-20,2025,Czech Liga,Sigma Olomouc,Teplice,0 - 0,0 - 0,X,0,Yok
2025-09-20,2025,Czech Liga,Karviná,FK Jablonec,1 - 2,0 - 1,2,3,Evet
2025-09-20,2025,Czech Liga,Pardubice,Slovácko,1 - 1,0 - 1,X,2,Evet
2025-09-20,2025,Czech Liga,Sparta Praha,Plzen,2 - 1,0 - 0,1,3,Evet
2025-09-21,2025,Czech Liga,Dukla Praha,Bohemians 1905,0 - 2,0 - 1,2,2,Yok
2025-09-21,2025,Czech Liga,Slovan Liberec,Slavia Praha,1 - 1,1 - 0,X,2,Evet
2025-09-21,2025,Czech Liga,Mlada Boleslav,Baník Ostrava,1 - 1,0 - 1,X,2,Evet
2025-09-26,2025,Czech Liga,Slavia Praha,Dukla Praha,2 - 0,2 - 0,1,2,Yok
2025-09-27,2025,Czech Liga,Baník Ostrava,Sparta Praha,0 - 3,0 - 3,2,3,Yok
2025-09-27,2025,Czech Liga,Bohemians 1905,Sigma Olomouc,2 - 2,1 - 2,X,4,Evet
2025-09-27,2025,Czech Liga,Slovácko,Karviná,1 - 2,1 - 2,2,3,Evet
2025-09-27,2025,Czech Liga,Hradec Králové,Slovan Liberec,2 - 3,2 - 1,2,5,Evet
2025-09-28,2025,Czech Liga,Teplice,Pardubice,0 - 0,0 - 0,X,0,Yok
2025-09-28,2025,Czech Liga,FK Jablonec,Mlada Boleslav,2 - 0,1 - 0,1,2,Yok
2025-09-28,2025,Czech Liga,Plzen,Zlin,0 - 1,0 - 1,2,1,Yok
2025-10-01,2025,Czech Liga,Pardubice,Baník Ostrava,0 - 1,0 - 0,2,1,Yok
2025-10-04,2025,Czech Liga,Mlada Boleslav,Slovácko,0 - 0,0 - 0,X,0,Yok
2025-10-04,2025,Czech Liga,Dukla Praha,Teplice,1 - 3,1 - 1,2,4,Evet
2025-10-04,2025,Czech Liga,Pardubice,Karviná,2 - 1,0 - 1,1,3,Evet
2025-10-04,2025,Czech Liga,Slovan Liberec,Bohemians 1905,0 - 0,0 - 0,X,0,Yok
2025-10-05,2025,Czech Liga,Zlin,Baník Ostrava,1 - 1,1 - 0,X,2,Evet
2025-10-05,2025,Czech Liga,Plzen,Hradec Králové,3 - 3,1 - 1,X,6,Evet
2025-10-05,2025,Czech Liga,Sigma Olomouc,FK Jablonec,2 - 0,2 - 0,1,2,Yok
2025-10-05,2025,Czech Liga,Sparta Praha,Slavia Praha,1 - 1,1 - 1,X,2,Evet
2025-10-18,2025,Czech Liga,Bohemians 1905,Plzen,0 - 1,0 - 1,2,1,Yok
2025-10-18,2025,Czech Liga,Karviná,Sigma Olomouc,1 - 1,1 - 1,X,2,Evet
2025-10-18,2025,Czech Liga,Teplice,Slovan Liberec,1 - 1,0 - 0,X,2,Evet
2025-10-18,2025,Czech Liga,Pardubice,Mlada Boleslav,2 - 1,1 - 1,1,3,Evet
2025-10-18,2025,Czech Liga,Slavia Praha,Zlin,0 - 0,0 - 0,X,0,Yok
2025-10-19,2025,Czech Liga,Baník Ostrava,Hradec Králové,0 - 1,0 - 0,2,1,Yok
2025-10-19,2025,Czech Liga,Slovácko,Sparta Praha,0 - 0,0 - 0,X,0,Yok
2025-10-19,2025,Czech Liga,FK Jablonec,Dukla Praha,0 - 0,0 - 0,X,0,Yok
2025-10-22,2025,Czech Liga,Bohemians 1905,Mlada Boleslav,1 - 1,0 - 0,X,2,Evet
2025-10-25,2025,Czech Liga,Zlin,Pardubice,2 - 2,0 - 0,X,4,Evet
2025-10-25,2025,Czech Liga,Mlada Boleslav,Karviná,2 - 4,0 - 1,2,6,Evet
2025-10-25,2025,Czech Liga,Dukla Praha,Slovácko,1 - 0,1 - 0,1,1,Yok
2025-10-25,2025,Czech Liga,Hradec Králové,Teplice,0 - 0,0 - 0,X,0,Yok
2025-10-25,2025,Czech Liga,Slovan Liberec,FK Jablonec,0 - 2,0 - 0,2,2,Yok
2025-10-26,2025,Czech Liga,Sigma Olomouc,Slavia Praha,0 - 0,0 - 0,X,0,Yok
2025-10-26,2025,Czech Liga,Plzen,Baník Ostrava,2 - 0,1 - 0,1,2,Yok
2025-10-28,2025,Czech Liga,Sparta Praha,Bohemians 1905,2 - 1,0 - 1,1,3,Evet
2025-11-01,2025,Czech Liga,FK Jablonec,Zlin,1 - 3,0 - 3,2,4,Evet
2025-11-01,2025,Czech Liga,Slovácko,Slovan Liberec,0 - 3,0 - 1,2,3,Yok
2025-11-01,2025,Czech Liga,Pardubice,Dukla Praha,1 - 1,1 - 0,X,2,Evet
2025-11-01,2025,Czech Liga,Slavia Praha,Baník Ostrava,2 - 0,0 - 0,1,2,Yok
2025-11-02,2025,Czech Liga,Mlada Boleslav,Sigma Olomouc,1 - 4,0 - 2,2,5,Evet
2025-11-02,2025,Czech Liga,Bohemians 1905,Hradec Králové,1 - 2,0 - 0,2,3,Evet
2025-11-02,2025,Czech Liga,Karviná,Sparta Praha,2 - 1,0 - 0,1,3,Evet
2025-11-02,2025,Czech Liga,Teplice,Plzen,1 - 2,1 - 0,2,3,Evet
2025-11-08,2025,Czech Liga,Zlin,Bohemians 1905,0 - 1,0 - 0,2,1,Yok
2025-11-08,2025,Czech Liga,Dukla Praha,Mlada Boleslav,0 - 1,0 - 1,2,1,Yok
2025-11-08,2025,Czech Liga,Hradec Králové,Slovácko,4 - 0,1 - 0,1,4,Yok
2025-11-08,2025,Czech Liga,Baník Ostrava,FK Jablonec,0 - 1,0 - 1,2,1,Yok
2025-11-09,2025,Czech Liga,Slovan Liberec,Karviná,6 - 0,4 - 0,1,6,Yok
2025-11-09,2025,Czech Liga,Sparta Praha,Teplice,2 - 2,1 - 1,X,4,Evet
2025-11-09,2025,Czech Liga,Sigma Olomouc,Pardubice,2 - 0,0 - 0,1,2,Yok
2025-11-09,2025,Czech Liga,Plzen,Slavia Praha,3 - 5,1 - 3,2,8,Evet
2025-11-22,2025,Czech Liga,Mlada Boleslav,Sparta Praha,1 - 2,0 - 2,2,3,Evet
2025-11-22,2025,Czech Liga,Dukla Praha,Sigma Olomouc,2 - 2,1 - 1,X,4,Evet
2025-11-22,2025,Czech Liga,Teplice,Baník Ostrava,1 - 0,1 - 0,1,1,Yok
2025-11-22,2025,Czech Liga,Pardubice,Slovan Liberec,0 - 4,0 - 2,2,4,Yok
2025-11-22,2025,Czech Liga,Slavia Praha,Bohemians 1905,3 - 1,2 - 0,1,4,Evet
2025-11-23,2025,Czech Liga,Karviná,Hradec Králové,4 - 3,2 - 1,1,7,Evet
2025-11-23,2025,Czech Liga,FK Jablonec,Plzen,3 - 3,2 - 2,X,6,Evet
2025-11-23,2025,Czech Liga,Slovácko,Zlin,2 - 0,2 - 0,1,2,Yok
2025-11-29,2025,Czech Liga,Zlin,Karviná,1 - 3,0 - 0,2,4,Evet
2025-11-29,2025,Czech Liga,Baník Ostrava,Dukla Praha,3 - 1,2 - 0,1,4,Evet
2025-11-29,2025,Czech Liga,Hradec Králové,FK Jablonec,2 - 0,0 - 0,1,2,Yok
2025-11-29,2025,Czech Liga,Slavia Praha,Slovácko,3 - 0,2 - 0,1,3,Yok
2025-11-30,2025,Czech Liga,Bohemians 1905,Teplice,0 - 1,0 - 0,2,1,Yok
2025-11-30,2025,Czech Liga,Plzen,Mlada Boleslav,2 - 1,0 - 0,1,3,Evet
2025-11-30,2025,Czech Liga,Slovan Liberec,Sigma Olomouc,1 - 0,0 - 0,1,1,Yok
2025-11-30,2025,Czech Liga,Sparta Praha,Pardubice,2 - 4,0 - 2,2,6,Evet
2025-12-05,2025,Czech Liga,Teplice,Slavia Praha,1 - 2,0 - 0,2,3,Evet
2025-12-06,2025,Czech Liga,Mlada Boleslav,Zlin,3 - 1,3 - 1,1,4,Evet
2025-12-06,2025,Czech Liga,Dukla Praha,Slovan Liberec,1 - 1,1 - 0,X,2,Evet
2025-12-06,2025,Czech Liga,Slovácko,Plzen,3 - 0,2 - 0,1,3,Yok
2025-12-06,2025,Czech Liga,Sigma Olomouc,Sparta Praha,0 - 1,0 - 0,2,1,Yok
2025-12-07,2025,Czech Liga,FK Jablonec,Bohemians 1905,1 - 0,1 - 0,1,1,Yok
2025-12-07,2025,Czech Liga,Karviná,Baník Ostrava,0 - 0,0 - 0,X,0,Yok
2025-12-07,2025,Czech Liga,Pardubice,Hradec Králové,1 - 0,0 - 0,1,1,Yok
2025-12-13,2025,Czech Liga,Baník Ostrava,Pardubice,1 - 4,1 - 2,2,5,Evet
2025-12-13,2025,Czech Liga,Teplice,Slovácko,1 - 0,0 - 0,1,1,Yok
2025-12-13,2025,Czech Liga,Hradec Králové,Mlada Boleslav,1 - 1,0 - 1,X,2,Evet
2025-12-13,2025,Czech Liga,Slavia Praha,FK Jablonec,4 - 3,2 - 2,1,7,Evet
2025-12-14,2025,Czech Liga,Bohemians 1905,Karviná,0 - 3,0 - 0,2,3,Yok
2025-12-14,2025,Czech Liga,Plzen,Dukla Praha,2 - 0,1 - 0,1,2,Yok
2025-12-14,2025,Czech Liga,Zlin,Sigma Olomouc,5 - 0,2 - 0,1,5,Yok
2025-12-14,2025,Czech Liga,Sparta Praha,Slovan Liberec,2 - 2,1 - 1,X,4,Evet
2026-01-31,2025,Czech Liga,Mlada Boleslav,Bohemians 1905,2 - 2,0 - 1,X,4,Evet
2026-01-31,2025,Czech Liga,FK Jablonec,Teplice,1 - 0,1 - 0,1,1,Yok
2026-01-31,2025,Czech Liga,Sigma Olomouc,Hradec Králové,1 - 0,0 - 0,1,1,Yok
2026-01-31,2025,Czech Liga,Dukla Praha,Sparta Praha,0 - 3,0 - 1,2,3,Yok
2026-02-01,2025,Czech Liga,Slovácko,Baník Ostrava,2 - 2,0 - 1,X,4,Evet
2026-02-01,2025,Czech Liga,Slovan Liberec,Zlin,2 - 0,1 - 0,1,2,Yok
2026-02-01,2025,Czech Liga,Karviná,Plzen,0 - 2,0 - 1,2,2,Yok
2026-02-01,2025,Czech Liga,Pardubice,Slavia Praha,1 - 1,0 - 1,X,2,Evet
2026-02-07,2025,Czech Liga,FK Jablonec,Slovácko,0 - 0,0 - 0,X,0,Yok
2026-02-07,2025,Czech Liga,Baník Ostrava,Sigma Olomouc,2 - 0,0 - 0,1,2,Yok
2026-02-07,2025,Czech Liga,Teplice,Karviná,2 - 0,1 - 0,1,2,Yok
2026-02-07,2025,Czech Liga,Slavia Praha,Mlada Boleslav,4 - 0,2 - 0,1,4,Yok
2026-02-08,2025,Czech Liga,Hradec Králové,Dukla Praha,3 - 0,2 - 0,1,3,Yok
2026-02-08,2025,Czech Liga,Zlin,Sparta Praha,0 - 3,0 - 0,2,3,Yok
2026-02-08,2025,Czech Liga,Bohemians 1905,Pardubice,1 - 2,0 - 0,2,3,Evet
2026-02-08,2025,Czech Liga,Plzen,Slovan Liberec,3 - 1,2 - 0,1,4,Evet
2026-02-14,2025,Czech Liga,Dukla Praha,Zlin,0 - 0,0 - 0,X,0,Yok
2026-02-14,2025,Czech Liga,Karviná,Slavia Praha,1 - 3,1 - 1,2,4,Evet
2026-02-14,2025,Czech Liga,Slovácko,Bohemians 1905,1 - 2,0 - 2,2,3,Evet
2026-02-14,2025,Czech Liga,Sigma Olomouc,Plzen,1 - 2,1 - 2,2,3,Evet
2026-02-15,2025,Czech Liga,Pardubice,FK Jablonec,0 - 2,0 - 0,2,2,Yok
2026-02-15,2025,Czech Liga,Mlada Boleslav,Teplice,0 - 0,0 - 0,X,0,Yok
2026-02-15,2025,Czech Liga,Slovan Liberec,Baník Ostrava,1 - 0,0 - 0,1,1,Yok
2026-02-15,2025,Czech Liga,Sparta Praha,Hradec Králové,2 - 0,1 - 0,1,2,Yok
2026-02-21,2025,Czech Liga,FK Jablonec,Karviná,1 - 0,0 - 0,1,1,Yok
2026-02-21,2025,Czech Liga,Slovácko,Pardubice,2 - 0,1 - 0,1,2,Yok
2026-02-21,2025,Czech Liga,Hradec Králové,Zlin,0 - 0,0 - 0,X,0,Yok
2026-02-21,2025,Czech Liga,Slavia Praha,Slovan Liberec,1 - 0,0 - 0,1,1,Yok
2026-02-22,2025,Czech Liga,Bohemians 1905,Dukla Praha,1 - 0,0 - 0,1,1,Yok
2026-02-22,2025,Czech Liga,Baník Ostrava,Mlada Boleslav,0 - 0,0 - 0,X,0,Yok
2026-02-22,2025,Czech Liga,Teplice,Sigma Olomouc,1 - 3,0 - 3,2,4,Evet
2026-02-22,2025,Czech Liga,Plzen,Sparta Praha,0 - 0,0 - 0,X,0,Yok
2026-02-27,2025,Czech Liga,Dukla Praha,Slavia Praha,0 - 2,0 - 2,2,2,Yok
2026-02-28,2025,Czech Liga,Mlada Boleslav,FK Jablonec,3 - 0,0 - 0,1,3,Yok
2026-02-28,2025,Czech Liga,Slovan Liberec,Hradec Králové,0 - 1,0 - 1,2,1,Yok
2026-02-28,2025,Czech Liga,Pardubice,Teplice,1 - 1,1 - 1,X,2,Evet
2026-02-28,2025,Czech Liga,Sparta Praha,Baník Ostrava,5 - 2,2 - 1,1,7,Evet
2026-03-01,2025,Czech Liga,Karviná,Slovácko,0 - 2,0 - 1,2,2,Yok
2026-03-01,2025,Czech Liga,Zlin,Plzen,3 - 0,1 - 0,1,3,Yok
2026-03-01,2025,Czech Liga,Sigma Olomouc,Bohemians 1905,1 - 0,1 - 0,1,1,Yok
2026-03-07,2025,Czech Liga,Bohemians 1905,Slovan Liberec,0 - 0,0 - 0,X,0,Yok
2026-03-07,2025,Czech Liga,Slovácko,Mlada Boleslav,2 - 2,1 - 1,X,4,Evet
2026-03-07,2025,Czech Liga,Teplice,Dukla Praha,0 - 0,0 - 0,X,0,Yok
2026-03-07,2025,Czech Liga,FK Jablonec,Sigma Olomouc,1 - 2,0 - 1,2,3,Evet
2026-03-08,2025,Czech Liga,Baník Ostrava,Zlin,6 - 2,3 - 0,1,8,Evet
2026-03-08,2025,Czech Liga,Karviná,Pardubice,1 - 2,0 - 2,2,3,Evet
2026-03-08,2025,Czech Liga,Hradec Králové,Plzen,0 - 3,0 - 1,2,3,Yok
2026-03-08,2025,Czech Liga,Slavia Praha,Sparta Praha,3 - 1,0 - 1,1,4,Evet
2026-03-14,2025,Czech Liga,Mlada Boleslav,Pardubice,2 - 0,1 - 0,1,2,Yok
2026-03-14,2025,Czech Liga,Dukla Praha,FK Jablonec,2 - 0,2 - 0,1,2,Yok
2026-03-14,2025,Czech Liga,Hradec Králové,Baník Ostrava,1 - 0,0 - 0,1,1,Yok
2026-03-14,2025,Czech Liga,Zlin,Slavia Praha,1 - 3,0 - 1,2,4,Evet
2026-03-15,2025,Czech Liga,Slovan Liberec,Teplice,1 - 1,0 - 0,X,2,Evet
2026-03-15,2025,Czech Liga,Plzen,Bohemians 1905,2 - 0,1 - 0,1,2,Yok
2026-03-15,2025,Czech Liga,Sigma Olomouc,Karviná,2 - 2,0 - 2,X,4,Evet
2026-03-15,2025,Czech Liga,Sparta Praha,Slovácko,5 - 2,2 - 1,1,7,Evet
2026-04-04,2025,Czech Liga,Zlin,FK Jablonec,0 - 3,0 - 2,2,3,Yok
2026-04-04,2025,Czech Liga,Slovan Liberec,Slovácko,2 - 1,1 - 1,1,3,Evet
2026-04-04,2025,Czech Liga,Sigma Olomouc,Mlada Boleslav,2 - 4,0 - 1,2,6,Evet
2026-04-04,2025,Czech Liga,Dukla Praha,Pardubice,0 - 2,0 - 0,2,2,Yok
2026-04-04,2025,Czech Liga,Plzen,Teplice,2 - 2,0 - 0,X,4,Evet
2026-04-05,2025,Czech Liga,Hradec Králové,Bohemians 1905,2 - 0,1 - 0,1,2,Yok
2026-04-05,2025,Czech Liga,Baník Ostrava,Slavia Praha,0 - 2,0 - 2,2,2,Yok
2026-04-05,2025,Czech Liga,Sparta Praha,Karviná,2 - 0,1 - 0,1,2,Yok
2026-04-11,2025,Czech Liga,FK Jablonec,Baník Ostrava,4 - 1,2 - 1,1,5,Evet
2026-04-11,2025,Czech Liga,Bohemians 1905,Zlin,2 - 1,1 - 1,1,3,Evet
2026-04-11,2025,Czech Liga,Slovácko,Hradec Králové,1 - 3,1 - 1,2,4,Evet
2026-04-12,2025,Czech Liga,Karviná,Slovan Liberec,3 - 1,1 - 1,1,4,Evet
2026-04-12,2025,Czech Liga,Mlada Boleslav,Dukla Praha,1 - 1,0 - 1,X,2,Evet
2026-04-12,2025,Czech Liga,Teplice,Sparta Praha,0 - 1,0 - 1,2,1,Yok
2026-04-12,2025,Czech Liga,Pardubice,Sigma Olomouc,2 - 1,1 - 1,1,3,Evet
2026-04-12,2025,Czech Liga,Slavia Praha,Plzen,0 - 0,0 - 0,X,0,Yok
2026-04-18,2025,Czech Liga,Zlin,Teplice,3 - 2,3 - 1,1,5,Evet
2026-04-18,2025,Czech Liga,Slovan Liberec,Mlada Boleslav,0 - 0,0 - 0,X,0,Yok
2026-04-18,2025,Czech Liga,Baník Ostrava,Bohemians 1905,0 - 2,0 - 2,2,2,Yok
2026-04-18,2025,Czech Liga,Dukla Praha,Karviná,1 - 2,0 - 2,2,3,Evet
2026-04-18,2025,Czech Liga,Sparta Praha,FK Jablonec,3 - 1,2 - 1,1,4,Evet
2026-04-19,2025,Czech Liga,Sigma Olomouc,Slovácko,2 - 1,2 - 1,1,3,Evet
2026-04-19,2025,Czech Liga,Hradec Králové,Slavia Praha,2 - 1,1 - 1,1,3,Evet
2026-04-19,2025,Czech Liga,Plzen,Pardubice,0 - 1,0 - 0,2,1,Yok
2026-04-25,2025,Czech Liga,Slavia Praha,Sigma Olomouc,2 - 1,0 - 1,1,3,Evet
2026-04-25,2025,Czech Liga,FK Jablonec,Slovan Liberec,1 - 2,0 - 1,2,3,Evet
2026-04-25,2025,Czech Liga,Baník Ostrava,Plzen,0 - 1,0 - 1,2,1,Yok
2026-04-25,2025,Czech Liga,Bohemians 1905,Sparta Praha,2 - 0,0 - 0,1,2,Yok
2026-04-25,2025,Czech Liga,Karviná,Mlada Boleslav,0 - 3,0 - 1,2,3,Yok
2026-04-25,2025,Czech Liga,Slovácko,Dukla Praha,1 - 2,1 - 1,2,3,Evet
2026-04-25,2025,Czech Liga,Teplice,Hradec Králové,0 - 1,0 - 0,2,1,Yok
2026-04-25,2025,Czech Liga,Pardubice,Zlin,3 - 1,1 - 0,1,4,Evet
2026-05-02,2025,Czech Liga,Zlin,Dukla Praha,2 - 1,1 - 1,1,3,Evet
2026-05-02,2025,Czech Liga,Baník Ostrava,Mlada Boleslav,0 - 0,0 - 0,X,0,Yok
2026-05-02,2025,Czech Liga,Bohemians 1905,Sigma Olomouc,1 - 3,0 - 1,2,4,Evet
2026-05-02,2025,Czech Liga,Karviná,Pardubice,1 - 2,1 - 1,2,3,Evet
2026-05-02,2025,Czech Liga,Slovan Liberec,Slavia Praha,1 - 2,0 - 2,2,3,Evet
2026-05-03,2025,Czech Liga,Teplice,Slovácko,1 - 1,1 - 0,X,2,Evet
2026-05-03,2025,Czech Liga,Plzen,Hradec Králové,3 - 1,1 - 1,1,4,Evet
2026-05-03,2025,Czech Liga,Sparta Praha,FK Jablonec,2 - 0,1 - 0,1,2,Yok
2026-05-09,2025,Czech Liga,Mlada Boleslav,Zlin,1 - 1,1 - 0,X,2,Evet
2026-05-09,2025,Czech Liga,Dukla Praha,Slovácko,0 - 1,0 - 0,2,1,Yok
2026-05-09,2025,Czech Liga,Teplice,Baník Ostrava,2 - 1,2 - 0,1,3,Evet
2026-05-09,2025,Czech Liga,Plzen,Slovan Liberec,2 - 0,1 - 0,1,2,Yok
2026-05-10,2025,Czech Liga,Sigma Olomouc,Bohemians 1905,1 - 2,0 - 1,2,3,Evet
2026-05-10,2025,Czech Liga,Pardubice,Karviná,1 - 3,1 - 1,2,4,Evet
2026-05-10,2025,Czech Liga,FK Jablonec,Hradec Králové,1 - 1,0 - 1,X,2,Evet
2026-05-12,2025,Czech Liga,Zlin,Teplice,2 - 4,2 - 1,2,6,Evet
2026-05-12,2025,Czech Liga,Mlada Boleslav,Dukla Praha,1 - 2,0 - 1,2,3,Evet
2026-05-12,2025,Czech Liga,Slovácko,Baník Ostrava,2 - 1,0 - 0,1,3,Evet
2026-05-12,2025,Czech Liga,Sparta Praha,Plzen,0 - 0,0 - 0,X,0,Yok
2026-05-13,2025,Czech Liga,Hradec Králové,Slovan Liberec,1 - 0,1 - 0,1,1,Yok
2026-05-13,2025,Czech Liga,Slavia Praha,FK Jablonec,5 - 1,3 - 0,1,6,Evet
2026-05-16,2025,Czech Liga,Baník Ostrava,Zlin,2 - 0,1 - 0,1,2,Yok
2026-05-16,2025,Czech Liga,Karviná,Sigma Olomouc,1 - 3,1 - 1,2,4,Evet
2026-05-16,2025,Czech Liga,Slovácko,Mlada Boleslav,0 - 3,0 - 2,2,3,Yok
2026-05-16,2025,Czech Liga,Teplice,Dukla Praha,2 - 0,0 - 0,1,2,Yok
2026-05-17,2025,Czech Liga,Plzen,FK Jablonec,5 - 0,4 - 0,1,5,Yok
2026-05-17,2025,Czech Liga,Slovan Liberec,Sparta Praha,0 - 2,0 - 0,2,2,Yok
2026-05-17,2025,Czech Liga,Hradec Králové,Slavia Praha,3 - 1,1 - 0,1,4,Evet
2026-05-23,2025,Czech Liga,Zlin,Slovácko,1 - 0,1 - 0,1,1,Yok
2026-05-23,2025,Czech Liga,Mlada Boleslav,Teplice,0 - 2,0 - 0,2,2,Yok
2026-05-23,2025,Czech Liga,Sigma Olomouc,Karviná,4 - 0,2 - 0,1,4,Yok
2026-05-23,2025,Czech Liga,Dukla Praha,Baník Ostrava,0 - 3,0 - 1,2,3,Yok
2026-05-24,2025,Czech Liga,Slavia Praha,Plzen,3 - 0,3 - 0,1,3,Yok
2026-05-24,2025,Czech Liga,Sparta Praha,Hradec Králové,2 - 1,1 - 1,1,3,Evet
2026-05-24,2025,Czech Liga,FK Jablonec,Slovan Liberec,2 - 1,1 - 0,1,3,Evet
2026-05-26,2025,Czech Liga,Baník Ostrava,Táborsko,3 - 0,0 - 0,1,3,Yok
2026-05-27,2025,Czech Liga,Artis,Slovácko,1 - 4,1 - 1,2,5,Evet
2026-05-30,2025,Czech Liga,Táborsko,Baník Ostrava,0 - 5,0 - 2,2,5,Yok
2026-05-31,2025,Czech Liga,Slovácko,Artis,3 - 0,3 - 0,1,3,Yok
2024-07-19,2024,Czech Liga,Sparta Praha,Pardubice,2 - 1,1 - 1,1,3,Evet
2024-07-20,2024,Czech Liga,FK Jablonec,Mlada Boleslav,2 - 0,1 - 0,1,2,Yok
2024-07-20,2024,Czech Liga,Bohemians 1905,Baník Ostrava,2 - 1,0 - 0,1,3,Evet
2024-07-20,2024,Czech Liga,České Budějovice,Sigma Olomouc,0 - 2,0 - 0,2,2,Yok
2024-07-20,2024,Czech Liga,Dukla Praha,Plzen,1 - 3,0 - 2,2,4,Evet
2024-07-21,2024,Czech Liga,Karviná,Slovan Liberec,1 - 3,1 - 2,2,4,Evet
2024-07-21,2024,Czech Liga,Slovácko,Slavia Praha,0 - 0,0 - 0,X,0,Yok
2024-07-21,2024,Czech Liga,Hradec Králové,Teplice,1 - 0,0 - 0,1,1,Yok
2024-07-27,2024,Czech Liga,Dukla Praha,Bohemians 1905,1 - 0,0 - 0,1,1,Yok
2024-07-27,2024,Czech Liga,Teplice,Sparta Praha,1 - 4,0 - 0,2,5,Evet
2024-07-27,2024,Czech Liga,Pardubice,Karviná,0 - 1,0 - 1,2,1,Yok
2024-07-27,2024,Czech Liga,Slavia Praha,České Budějovice,4 - 0,2 - 0,1,4,Yok
2024-07-28,2024,Czech Liga,Slovan Liberec,Sigma Olomouc,1 - 1,1 - 0,X,2,Evet
2024-07-28,2024,Czech Liga,Mlada Boleslav,Slovácko,3 - 0,2 - 0,1,3,Yok
2024-07-28,2024,Czech Liga,Baník Ostrava,FK Jablonec,1 - 0,0 - 0,1,1,Yok
2024-07-28,2024,Czech Liga,Plzen,Hradec Králové,1 - 0,0 - 0,1,1,Yok
2024-08-02,2024,Czech Liga,Slovan Liberec,Slavia Praha,0 - 1,0 - 1,2,1,Yok
2024-08-02,2024,Czech Liga,Sparta Praha,Dukla Praha,2 - 0,1 - 0,1,2,Yok
2024-08-03,2024,Czech Liga,Slovácko,Bohemians 1905,0 - 0,0 - 0,X,0,Yok
2024-08-03,2024,Czech Liga,FK Jablonec,Plzen,0 - 0,0 - 0,X,0,Yok
2024-08-03,2024,Czech Liga,Sigma Olomouc,Teplice,2 - 1,1 - 1,1,3,Evet
2024-08-04,2024,Czech Liga,České Budějovice,Pardubice,1 - 3,0 - 3,2,4,Evet
2024-08-04,2024,Czech Liga,Hradec Králové,Mlada Boleslav,2 - 1,1 - 1,1,3,Evet
2024-08-10,2024,Czech Liga,Dukla Praha,FK Jablonec,0 - 2,0 - 1,2,2,Yok
2024-08-10,2024,Czech Liga,Bohemians 1905,Sparta Praha,1 - 2,1 - 1,2,3,Evet
2024-08-10,2024,Czech Liga,Teplice,Slovan Liberec,2 - 1,1 - 0,1,3,Evet
2024-08-10,2024,Czech Liga,Slavia Praha,Sigma Olomouc,2 - 0,1 - 0,1,2,Yok
2024-08-11,2024,Czech Liga,Pardubice,Slovácko,0 - 1,0 - 0,2,1,Yok
2024-08-11,2024,Czech Liga,Mlada Boleslav,České Budějovice,4 - 0,1 - 0,1,4,Yok
2024-08-11,2024,Czech Liga,Baník Ostrava,Hradec Králové,1 - 0,0 - 0,1,1,Yok
2024-08-11,2024,Czech Liga,Plzen,Karviná,5 - 0,2 - 0,1,5,Yok
2024-08-17,2024,Czech Liga,Hradec Králové,Dukla Praha,1 - 0,1 - 0,1,1,Yok
2024-08-17,2024,Czech Liga,Slavia Praha,Teplice,2 - 1,0 - 0,1,3,Evet
2024-08-17,2024,Czech Liga,Karviná,Bohemians 1905,1 - 2,1 - 2,2,3,Evet
2024-08-17,2024,Czech Liga,FK Jablonec,Sparta Praha,1 - 2,0 - 1,2,3,Evet
2024-08-18,2024,Czech Liga,Sigma Olomouc,Mlada Boleslav,3 - 2,2 - 1,1,5,Evet
2024-08-18,2024,Czech Liga,Slovan Liberec,Pardubice,3 - 0,2 - 0,1,3,Yok
2024-08-18,2024,Czech Liga,České Budějovice,Plzen,0 - 3,0 - 1,2,3,Yok
2024-08-18,2024,Czech Liga,Slovácko,Baník Ostrava,1 - 0,1 - 0,1,1,Yok
2024-08-24,2024,Czech Liga,Bohemians 1905,FK Jablonec,1 - 2,1 - 1,2,3,Evet
2024-08-24,2024,Czech Liga,Sparta Praha,Slovácko,2 - 2,1 - 2,X,4,Evet
2024-08-24,2024,Czech Liga,Teplice,Karviná,1 - 3,0 - 1,2,4,Evet
2024-08-24,2024,Czech Liga,Pardubice,Hradec Králové,2 - 1,0 - 0,1,3,Evet
2024-08-25,2024,Czech Liga,Baník Ostrava,Slovan Liberec,2 - 0,0 - 0,1,2,Yok
2024-08-25,2024,Czech Liga,Dukla Praha,České Budějovice,3 - 0,0 - 0,1,3,Yok
2024-08-28,2024,Czech Liga,Karviná,Baník Ostrava,0 - 0,0 - 0,X,0,Yok
2024-08-31,2024,Czech Liga,České Budějovice,Bohemians 1905,0 - 0,0 - 0,X,0,Yok
2024-08-31,2024,Czech Liga,Slovácko,FK Jablonec,0 - 0,0 - 0,X,0,Yok
2024-08-31,2024,Czech Liga,Hradec Králové,Sparta Praha,0 - 2,0 - 2,2,2,Yok
2024-09-01,2024,Czech Liga,Sigma Olomouc,Baník Ostrava,2 - 2,1 - 1,X,4,Evet
2024-09-01,2024,Czech Liga,Karviná,Dukla Praha,0 - 0,0 - 0,X,0,Yok
2024-09-01,2024,Czech Liga,Slavia Praha,Pardubice,2 - 0,1 - 0,1,2,Yok
2024-09-01,2024,Czech Liga,Teplice,Mlada Boleslav,1 - 2,1 - 1,2,3,Evet
2024-09-01,2024,Czech Liga,Slovan Liberec,Plzen,1 - 1,0 - 0,X,2,Evet
2024-09-17,2024,Czech Liga,Plzen,Sigma Olomouc,2 - 1,1 - 0,1,3,Evet
2024-09-17,2024,Czech Liga,Mlada Boleslav,Slavia Praha,0 - 2,0 - 2,2,2,Yok
2024-09-21,2024,Czech Liga,Hradec Králové,Slovácko,3 - 0,1 - 0,1,3,Yok
2024-09-21,2024,Czech Liga,Karviná,FK Jablonec,1 - 0,1 - 0,1,1,Yok
2024-09-21,2024,Czech Liga,Teplice,Baník Ostrava,2 - 3,1 - 1,2,5,Evet
2024-09-21,2024,Czech Liga,Slavia Praha,Plzen,3 - 0,3 - 0,1,3,Yok
2024-09-22,2024,Czech Liga,Mlada Boleslav,Pardubice,2 - 2,1 - 1,X,4,Evet
2024-09-22,2024,Czech Liga,Sigma Olomouc,Dukla Praha,2 - 1,1 - 0,1,3,Evet
2024-09-22,2024,Czech Liga,České Budějovice,Sparta Praha,0 - 2,0 - 1,2,2,Yok
2024-09-22,2024,Czech Liga,Slovan Liberec,Bohemians 1905,2 - 2,2 - 1,X,4,Evet
2024-09-27,2024,Czech Liga,Sparta Praha,Sigma Olomouc,2 - 3,1 - 0,2,5,Evet
2024-09-28,2024,Czech Liga,Dukla Praha,Slovan Liberec,1 - 4,1 - 0,2,5,Evet
2024-09-28,2024,Czech Liga,Slovácko,Karviná,2 - 1,1 - 0,1,3,Evet
2024-09-28,2024,Czech Liga,Pardubice,Teplice,0 - 1,0 - 0,2,1,Yok
2024-09-28,2024,Czech Liga,FK Jablonec,Hradec Králové,2 - 0,0 - 0,1,2,Yok
2024-09-29,2024,Czech Liga,Baník Ostrava,České Budějovice,2 - 1,1 - 0,1,3,Evet
2024-09-29,2024,Czech Liga,Plzen,Mlada Boleslav,1 - 1,1 - 1,X,2,Evet
2024-09-29,2024,Czech Liga,Bohemians 1905,Slavia Praha,0 - 4,0 - 3,2,4,Yok
2024-10-05,2024,Czech Liga,Karviná,Hradec Králové,0 - 0,0 - 0,X,0,Yok
2024-10-05,2024,Czech Liga,Teplice,Dukla Praha,1 - 1,1 - 0,X,2,Evet
2024-10-05,2024,Czech Liga,České Budějovice,Slovácko,0 - 2,0 - 1,2,2,Yok
2024-10-05,2024,Czech Liga,Slovan Liberec,FK Jablonec,0 - 5,0 - 1,2,5,Yok
2024-10-06,2024,Czech Liga,Plzen,Pardubice,2 - 0,0 - 0,1,2,Yok
2024-10-06,2024,Czech Liga,Mlada Boleslav,Baník Ostrava,0 - 0,0 - 0,X,0,Yok
2024-10-06,2024,Czech Liga,Sigma Olomouc,Bohemians 1905,1 - 3,0 - 2,2,4,Evet
2024-10-06,2024,Czech Liga,Slavia Praha,Sparta Praha,2 - 1,2 - 0,1,3,Evet
2024-10-19,2024,Czech Liga,Hradec Králové,Sigma Olomouc,1 - 1,0 - 1,X,2,Evet
2024-10-19,2024,Czech Liga,Baník Ostrava,Plzen,1 - 3,0 - 2,2,4,Evet
2024-10-19,2024,Czech Liga,Dukla Praha,Pardubice,2 - 1,0 - 1,1,3,Evet
2024-10-19,2024,Czech Liga,Sparta Praha,Slovan Liberec,2 - 1,1 - 0,1,3,Evet
2024-10-20,2024,Czech Liga,Bohemians 1905,Mlada Boleslav,2 - 2,0 - 1,X,4,Evet
2024-10-20,2024,Czech Liga,Karviná,České Budějovice,4 - 1,2 - 0,1,5,Evet
2024-10-20,2024,Czech Liga,Slovácko,Teplice,0 - 2,0 - 1,2,2,Yok
2024-10-20,2024,Czech Liga,FK Jablonec,Slavia Praha,1 - 2,0 - 1,2,3,Evet
2024-10-26,2024,Czech Liga,Slovan Liberec,Slovácko,4 - 0,3 - 0,1,4,Yok
2024-10-26,2024,Czech Liga,Pardubice,Baník Ostrava,2 - 3,1 - 0,2,5,Evet
2024-10-26,2024,Czech Liga,České Budějovice,Hradec Králové,0 - 2,0 - 1,2,2,Yok
2024-10-26,2024,Czech Liga,Sigma Olomouc,FK Jablonec,0 - 0,0 - 0,X,0,Yok
2024-10-27,2024,Czech Liga,Teplice,Bohemians 1905,1 - 2,0 - 2,2,3,Evet
2024-10-27,2024,Czech Liga,Slavia Praha,Dukla Praha,3 - 0,1 - 0,1,3,Yok
2024-10-27,2024,Czech Liga,Mlada Boleslav,Karviná,1 - 1,1 - 0,X,2,Evet
2024-10-27,2024,Czech Liga,Plzen,Sparta Praha,1 - 0,1 - 0,1,1,Yok
2024-11-02,2024,Czech Liga,Dukla Praha,Mlada Boleslav,0 - 1,0 - 0,2,1,Yok
2024-11-02,2024,Czech Liga,FK Jablonec,Teplice,3 - 0,2 - 0,1,3,Yok
2024-11-02,2024,Czech Liga,Karviná,Sigma Olomouc,2 - 1,0 - 1,1,3,Evet
2024-11-02,2024,Czech Liga,Sparta Praha,Baník Ostrava,1 - 3,1 - 2,2,4,Evet
2024-11-03,2024,Czech Liga,České Budějovice,Slovan Liberec,0 - 0,0 - 0,X,0,Yok
2024-11-03,2024,Czech Liga,Bohemians 1905,Pardubice,0 - 0,0 - 0,X,0,Yok
2024-11-03,2024,Czech Liga,Slovácko,Plzen,1 - 0,0 - 0,1,1,Yok
2024-11-03,2024,Czech Liga,Hradec Králové,Slavia Praha,1 - 1,0 - 0,X,2,Evet
2024-11-09,2024,Czech Liga,Baník Ostrava,Dukla Praha,6 - 0,3 - 0,1,6,Yok
2024-11-09,2024,Czech Liga,Slovan Liberec,Hradec Králové,0 - 0,0 - 0,X,0,Yok
2024-11-09,2024,Czech Liga,Pardubice,FK Jablonec,2 - 0,0 - 0,1,2,Yok
2024-11-10,2024,Czech Liga,Teplice,České Budějovice,5 - 2,2 - 1,1,7,Evet
2024-11-10,2024,Czech Liga,Plzen,Bohemians 1905,2 - 0,2 - 0,1,2,Yok
2024-11-10,2024,Czech Liga,Mlada Boleslav,Sparta Praha,2 - 2,1 - 1,X,4,Evet
2024-11-10,2024,Czech Liga,Slavia Praha,Karviná,5 - 1,1 - 0,1,6,Evet
2024-11-23,2024,Czech Liga,FK Jablonec,Baník Ostrava,3 - 1,1 - 1,1,4,Evet
2024-11-23,2024,Czech Liga,Sparta Praha,Teplice,1 - 1,0 - 0,X,2,Evet
2024-11-23,2024,Czech Liga,Slovácko,Mlada Boleslav,1 - 1,1 - 1,X,2,Evet
2024-11-23,2024,Czech Liga,Hradec Králové,Plzen,0 - 1,0 - 0,2,1,Yok
2024-11-24,2024,Czech Liga,Bohemians 1905,Dukla Praha,3 - 1,0 - 0,1,4,Evet
2024-11-24,2024,Czech Liga,Karviná,Pardubice,1 - 0,1 - 0,1,1,Yok
2024-11-24,2024,Czech Liga,České Budějovice,Slavia Praha,0 - 4,0 - 2,2,4,Yok
2024-11-24,2024,Czech Liga,Sigma Olomouc,Slovan Liberec,1 - 4,0 - 2,2,5,Evet
2024-11-27,2024,Czech Liga,Sigma Olomouc,Slovácko,2 - 1,0 - 1,1,3,Evet
2024-11-30,2024,Czech Liga,Bohemians 1905,Slovácko,3 - 3,2 - 1,X,6,Evet
2024-11-30,2024,Czech Liga,Baník Ostrava,Karviná,2 - 1,0 - 1,1,3,Evet
2024-11-30,2024,Czech Liga,Teplice,Sigma Olomouc,1 - 0,0 - 0,1,1,Yok
2024-11-30,2024,Czech Liga,Dukla Praha,Sparta Praha,1 - 1,0 - 1,X,2,Evet
2024-12-01,2024,Czech Liga,Slavia Praha,Slovan Liberec,1 - 0,1 - 0,1,1,Yok
2024-12-01,2024,Czech Liga,Mlada Boleslav,Hradec Králové,3 - 0,1 - 0,1,3,Yok
2024-12-01,2024,Czech Liga,Pardubice,České Budějovice,0 - 0,0 - 0,X,0,Yok
2024-12-01,2024,Czech Liga,Plzen,FK Jablonec,3 - 2,0 - 2,1,5,Evet
2024-12-03,2024,Czech Liga,Sparta Praha,Karviná,4 - 1,3 - 1,1,5,Evet
2024-12-04,2024,Czech Liga,FK Jablonec,České Budějovice,5 - 0,4 - 0,1,5,Yok
2024-12-04,2024,Czech Liga,Dukla Praha,Slovácko,1 - 2,1 - 0,2,3,Evet
2024-12-04,2024,Czech Liga,Pardubice,Sigma Olomouc,2 - 2,0 - 1,X,4,Evet
2024-12-04,2024,Czech Liga,Bohemians 1905,Hradec Králové,0 - 3,0 - 2,2,3,Yok
2024-12-05,2024,Czech Liga,Mlada Boleslav,Slovan Liberec,1 - 0,0 - 0,1,1,Yok
2024-12-05,2024,Czech Liga,Baník Ostrava,Slavia Praha,0 - 1,0 - 1,2,1,Yok
2024-12-05,2024,Czech Liga,Plzen,Teplice,1 - 1,0 - 0,X,2,Evet
2024-12-07,2024,Czech Liga,Slovácko,Pardubice,1 - 1,1 - 1,X,2,Evet
2024-12-07,2024,Czech Liga,FK Jablonec,Dukla Praha,2 - 1,2 - 1,1,3,Evet
2024-12-07,2024,Czech Liga,Sparta Praha,Bohemians 1905,1 - 0,0 - 0,1,1,Yok
2024-12-08,2024,Czech Liga,Karviná,Plzen,1 - 2,1 - 0,2,3,Evet
2024-12-08,2024,Czech Liga,České Budějovice,Mlada Boleslav,0 - 4,0 - 0,2,4,Yok
2024-12-08,2024,Czech Liga,Slovan Liberec,Teplice,3 - 0,1 - 0,1,3,Yok
2024-12-08,2024,Czech Liga,Sigma Olomouc,Slavia Praha,1 - 2,1 - 0,2,3,Evet
2024-12-08,2024,Czech Liga,Hradec Králové,Baník Ostrava,0 - 1,0 - 0,2,1,Yok
2024-12-14,2024,Czech Liga,Dukla Praha,Hradec Králové,1 - 2,0 - 2,2,3,Evet
2024-12-14,2024,Czech Liga,Bohemians 1905,Karviná,3 - 3,1 - 3,X,6,Evet
2024-12-14,2024,Czech Liga,Pardubice,Slovan Liberec,1 - 1,0 - 0,X,2,Evet
2024-12-14,2024,Czech Liga,Baník Ostrava,Slovácko,3 - 1,2 - 0,1,4,Evet
2024-12-15,2024,Czech Liga,Sparta Praha,FK Jablonec,2 - 1,0 - 1,1,3,Evet
2024-12-15,2024,Czech Liga,Mlada Boleslav,Sigma Olomouc,1 - 3,0 - 2,2,4,Evet
2024-12-15,2024,Czech Liga,Teplice,Slavia Praha,1 - 0,0 - 0,1,1,Yok
2024-12-15,2024,Czech Liga,Plzen,České Budějovice,7 - 2,4 - 1,1,9,Evet
2025-02-01,2024,Czech Liga,Karviná,Teplice,1 - 1,1 - 1,X,2,Evet
2025-02-01,2024,Czech Liga,Slovan Liberec,Baník Ostrava,0 - 1,0 - 1,2,1,Yok
2025-02-01,2024,Czech Liga,České Budějovice,Dukla Praha,0 - 0,0 - 0,X,0,Yok
2025-02-01,2024,Czech Liga,Hradec Králové,Pardubice,3 - 0,2 - 0,1,3,Yok
2025-02-02,2024,Czech Liga,Slovácko,Sparta Praha,0 - 2,0 - 2,2,2,Yok
2025-02-02,2024,Czech Liga,FK Jablonec,Bohemians 1905,0 - 1,0 - 0,2,1,Yok
2025-02-02,2024,Czech Liga,Slavia Praha,Mlada Boleslav,1 - 0,0 - 0,1,1,Yok
2025-02-03,2024,Czech Liga,Sigma Olomouc,Plzen,2 - 1,2 - 1,1,3,Evet
2025-02-08,2024,Czech Liga,Mlada Boleslav,Teplice,2 - 1,1 - 0,1,3,Evet
2025-02-08,2024,Czech Liga,Pardubice,Slavia Praha,0 - 2,0 - 0,2,2,Yok
2025-02-08,2024,Czech Liga,Plzen,Slovan Liberec,3 - 2,2 - 1,1,5,Evet
2025-02-09,2024,Czech Liga,FK Jablonec,Slovácko,4 - 2,1 - 0,1,6,Evet
2025-02-09,2024,Czech Liga,Baník Ostrava,Sigma Olomouc,1 - 0,1 - 0,1,1,Yok
2025-02-09,2024,Czech Liga,Bohemians 1905,České Budějovice,1 - 0,1 - 0,1,1,Yok
2025-02-09,2024,Czech Liga,Sparta Praha,Hradec Králové,3 - 0,1 - 0,1,3,Yok
2025-02-15,2024,Czech Liga,Sigma Olomouc,Pardubice,4 - 0,1 - 0,1,4,Yok
2025-02-15,2024,Czech Liga,Slovácko,Dukla Praha,0 - 0,0 - 0,X,0,Yok
2025-02-15,2024,Czech Liga,České Budějovice,FK Jablonec,2 - 3,0 - 1,2,5,Evet
2025-02-15,2024,Czech Liga,Karviná,Sparta Praha,2 - 3,2 - 2,2,5,Evet
2025-02-16,2024,Czech Liga,Hradec Králové,Bohemians 1905,2 - 2,2 - 2,X,4,Evet
2025-02-16,2024,Czech Liga,Slovan Liberec,Mlada Boleslav,3 - 1,2 - 0,1,4,Evet
2025-02-16,2024,Czech Liga,Teplice,Plzen,0 - 2,0 - 2,2,2,Yok
2025-02-16,2024,Czech Liga,Slavia Praha,Baník Ostrava,1 - 0,1 - 0,1,1,Yok
2025-02-22,2024,Czech Liga,Dukla Praha,Sigma Olomouc,1 - 3,0 - 1,2,4,Evet
2025-02-22,2024,Czech Liga,Baník Ostrava,Teplice,2 - 0,0 - 0,1,2,Yok
2025-02-22,2024,Czech Liga,Pardubice,Mlada Boleslav,0 - 3,0 - 2,2,3,Yok
2025-02-22,2024,Czech Liga,Sparta Praha,České Budějovice,2 - 1,0 - 0,1,3,Evet
2025-02-23,2024,Czech Liga,Bohemians 1905,Slovan Liberec,0 - 0,0 - 0,X,0,Yok
2025-02-23,2024,Czech Liga,FK Jablonec,Karviná,5 - 0,2 - 0,1,5,Yok
2025-02-23,2024,Czech Liga,Plzen,Slavia Praha,1 - 3,1 - 2,2,4,Evet
2025-03-01,2024,Czech Liga,České Budějovice,Baník Ostrava,0 - 4,0 - 2,2,4,Yok
2025-03-01,2024,Czech Liga,Sigma Olomouc,Sparta Praha,1 - 2,1 - 1,2,3,Evet
2025-03-01,2024,Czech Liga,Hradec Králové,FK Jablonec,1 - 1,0 - 1,X,2,Evet
2025-03-01,2024,Czech Liga,Teplice,Pardubice,2 - 0,1 - 0,1,2,Yok
2025-03-02,2024,Czech Liga,Slovan Liberec,Dukla Praha,1 - 1,1 - 0,X,2,Evet
2025-03-02,2024,Czech Liga,Mlada Boleslav,Plzen,0 - 2,0 - 1,2,2,Yok
2025-03-02,2024,Czech Liga,Karviná,Slovácko,2 - 0,0 - 0,1,2,Yok
2025-03-02,2024,Czech Liga,Slavia Praha,Bohemians 1905,2 - 0,0 - 0,1,2,Yok
2025-03-08,2024,Czech Liga,Dukla Praha,Teplice,1 - 1,1 - 0,X,2,Evet
2025-03-08,2024,Czech Liga,FK Jablonec,Slovan Liberec,0 - 0,0 - 0,X,0,Yok
2025-03-08,2024,Czech Liga,Slovácko,České Budějovice,2 - 1,1 - 1,1,3,Evet
2025-03-08,2024,Czech Liga,Sparta Praha,Slavia Praha,2 - 0,0 - 0,1,2,Yok
2025-03-09,2024,Czech Liga,Baník Ostrava,Mlada Boleslav,2 - 1,2 - 1,1,3,Evet
2025-03-09,2024,Czech Liga,Bohemians 1905,Sigma Olomouc,0 - 1,0 - 1,2,1,Yok
2025-03-09,2024,Czech Liga,Hradec Králové,Karviná,1 - 1,1 - 1,X,2,Evet
2025-03-09,2024,Czech Liga,Pardubice,Plzen,0 - 0,0 - 0,X,0,Yok
2025-03-12,2024,Czech Liga,Dukla Praha,Karviná,0 - 0,0 - 0,X,0,Yok
2025-03-15,2024,Czech Liga,Mlada Boleslav,Bohemians 1905,1 - 2,0 - 2,2,3,Evet
2025-03-15,2024,Czech Liga,Teplice,Slovácko,1 - 0,0 - 0,1,1,Yok
2025-03-15,2024,Czech Liga,Pardubice,Dukla Praha,0 - 1,0 - 0,2,1,Yok
2025-03-15,2024,Czech Liga,Slovan Liberec,Sparta Praha,1 - 0,0 - 0,1,1,Yok
2025-03-16,2024,Czech Liga,Sigma Olomouc,Hradec Králové,1 - 2,0 - 2,2,3,Evet
2025-03-16,2024,Czech Liga,Plzen,Baník Ostrava,0 - 1,0 - 1,2,1,Yok
2025-03-16,2024,Czech Liga,České Budějovice,Karviná,2 - 3,2 - 1,2,5,Evet
2025-03-16,2024,Czech Liga,Slavia Praha,FK Jablonec,3 - 0,3 - 0,1,3,Yok
2025-03-29,2024,Czech Liga,FK Jablonec,Sigma Olomouc,0 - 0,0 - 0,X,0,Yok
2025-03-29,2024,Czech Liga,Baník Ostrava,Pardubice,5 - 2,2 - 1,1,7,Evet
2025-03-29,2024,Czech Liga,Bohemians 1905,Teplice,1 - 1,0 - 1,X,2,Evet
2025-03-29,2024,Czech Liga,Dukla Praha,Slavia Praha,0 - 0,0 - 0,X,0,Yok
2025-03-30,2024,Czech Liga,Slovácko,Slovan Liberec,0 - 4,0 - 4,2,4,Yok
2025-03-30,2024,Czech Liga,Karviná,Mlada Boleslav,3 - 1,1 - 1,1,4,Evet
2025-03-30,2024,Czech Liga,Hradec Králové,České Budějovice,1 - 0,1 - 0,1,1,Yok
2025-03-30,2024,Czech Liga,Sparta Praha,Plzen,2 - 4,1 - 2,2,6,Evet
2025-04-05,2024,Czech Liga,Sigma Olomouc,Karviná,1 - 2,1 - 1,2,3,Evet
2025-04-05,2024,Czech Liga,Pardubice,Bohemians 1905,2 - 0,1 - 0,1,2,Yok
2025-04-05,2024,Czech Liga,Slovan Liberec,České Budějovice,2 - 0,1 - 0,1,2,Yok
2025-04-05,2024,Czech Liga,Baník Ostrava,Sparta Praha,1 - 1,1 - 0,X,2,Evet
2025-04-05,2024,Czech Liga,Slavia Praha,Hradec Králové,2 - 1,1 - 1,1,3,Evet
2025-04-06,2024,Czech Liga,Teplice,FK Jablonec,0 - 1,0 - 1,2,1,Yok
2025-04-06,2024,Czech Liga,Mlada Boleslav,Dukla Praha,0 - 1,0 - 0,2,1,Yok
2025-04-06,2024,Czech Liga,Plzen,Slovácko,2 - 0,2 - 0,1,2,Yok
2025-04-09,2024,Czech Liga,Slovácko,Hradec Králové,1 - 5,0 - 3,2,6,Evet
2025-04-12,2024,Czech Liga,Karviná,Slavia Praha,0 - 4,0 - 2,2,4,Yok
2025-04-12,2024,Czech Liga,Dukla Praha,Baník Ostrava,1 - 2,1 - 1,2,3,Evet
2025-04-13,2024,Czech Liga,FK Jablonec,Pardubice,1 - 0,0 - 0,1,1,Yok
2025-04-13,2024,Czech Liga,České Budějovice,Teplice,1 - 1,1 - 0,X,2,Evet
2025-04-13,2024,Czech Liga,Sparta Praha,Mlada Boleslav,2 - 0,1 - 0,1,2,Yok
2025-04-13,2024,Czech Liga,Slovácko,Sigma Olomouc,2 - 2,1 - 1,X,4,Evet
2025-04-13,2024,Czech Liga,Bohemians 1905,Plzen,1 - 2,0 - 1,2,3,Evet
2025-04-13,2024,Czech Liga,Hradec Králové,Slovan Liberec,0 - 2,0 - 1,2,2,Yok
2025-04-19,2024,Czech Liga,Slavia Praha,Slovácko,2 - 0,1 - 0,1,2,Yok
2025-04-19,2024,Czech Liga,Plzen,Dukla Praha,4 - 2,2 - 1,1,6,Evet
2025-04-19,2024,Czech Liga,Mlada Boleslav,FK Jablonec,0 - 1,0 - 1,2,1,Yok
2025-04-19,2024,Czech Liga,Slovan Liberec,Karviná,2 - 3,1 - 1,2,5,Evet
2025-04-19,2024,Czech Liga,Sigma Olomouc,České Budějovice,3 - 0,1 - 0,1,3,Yok
2025-04-19,2024,Czech Liga,Baník Ostrava,Bohemians 1905,1 - 0,1 - 0,1,1,Yok
2025-04-19,2024,Czech Liga,Teplice,Hradec Králové,1 - 0,0 - 0,1,1,Yok
2025-04-19,2024,Czech Liga,Pardubice,Sparta Praha,1 - 2,0 - 1,2,3,Evet
2025-04-26,2024,Czech Liga,České Budějovice,Mlada Boleslav,1 - 2,0 - 0,2,3,Evet
2025-04-26,2024,Czech Liga,Slovácko,Pardubice,1 - 0,0 - 0,1,1,Yok
2025-04-26,2024,Czech Liga,Sigma Olomouc,Slavia Praha,0 - 5,0 - 1,2,5,Yok
2025-04-27,2024,Czech Liga,Teplice,Dukla Praha,2 - 2,1 - 2,X,4,Evet
2025-04-27,2024,Czech Liga,Baník Ostrava,FK Jablonec,1 - 2,0 - 2,2,3,Evet
2025-04-27,2024,Czech Liga,Plzen,Sparta Praha,2 - 0,1 - 0,1,2,Yok
2025-05-03,2024,Czech Liga,Dukla Praha,Pardubice,2 - 0,0 - 0,1,2,Yok
2025-05-03,2024,Czech Liga,Hradec Králové,Karviná,1 - 0,0 - 0,1,1,Yok
2025-05-03,2024,Czech Liga,Slavia Praha,Plzen,4 - 3,1 - 2,1,7,Evet
2025-05-03,2024,Czech Liga,Baník Ostrava,Sigma Olomouc,0 - 0,0 - 0,X,0,Yok
2025-05-04,2024,Czech Liga,Slovácko,České Budějovice,0 - 0,0 - 0,X,0,Yok
2025-05-04,2024,Czech Liga,Mlada Boleslav,Teplice,1 - 0,0 - 0,1,1,Yok
2025-05-04,2024,Czech Liga,Bohemians 1905,Slovan Liberec,4 - 1,3 - 0,1,5,Evet
2025-05-04,2024,Czech Liga,Sparta Praha,FK Jablonec,1 - 3,0 - 2,2,4,Evet
2025-05-10,2024,Czech Liga,Pardubice,České Budějovice,1 - 0,0 - 0,1,1,Yok
2025-05-10,2024,Czech Liga,FK Jablonec,Sigma Olomouc,4 - 0,2 - 0,1,4,Yok
2025-05-10,2024,Czech Liga,Karviná,Hradec Králové,0 - 4,0 - 3,2,4,Yok
2025-05-10,2024,Czech Liga,Slavia Praha,Sparta Praha,2 - 1,1 - 0,1,3,Evet
2025-05-11,2024,Czech Liga,Teplice,Slovácko,1 - 0,0 - 0,1,1,Yok
2025-05-11,2024,Czech Liga,Mlada Boleslav,Dukla Praha,2 - 3,1 - 1,2,5,Evet
2025-05-11,2024,Czech Liga,Slovan Liberec,Bohemians 1905,1 - 0,0 - 0,1,1,Yok
2025-05-11,2024,Czech Liga,Plzen,Baník Ostrava,1 - 2,0 - 0,2,3,Evet
2025-05-17,2024,Czech Liga,Slovácko,Dukla Praha,3 - 2,0 - 1,1,5,Evet
2025-05-17,2024,Czech Liga,Pardubice,Mlada Boleslav,2 - 1,1 - 1,1,3,Evet
2025-05-17,2024,Czech Liga,České Budějovice,Teplice,0 - 3,0 - 1,2,3,Yok
2025-05-18,2024,Czech Liga,Bohemians 1905,Hradec Králové,1 - 0,1 - 0,1,1,Yok
2025-05-18,2024,Czech Liga,FK Jablonec,Slavia Praha,3 - 2,0 - 1,1,5,Evet
2025-05-18,2024,Czech Liga,Sigma Olomouc,Plzen,1 - 2,1 - 0,2,3,Evet
2025-05-18,2024,Czech Liga,Baník Ostrava,Sparta Praha,3 - 2,3 - 0,1,5,Evet
2025-05-24,2024,Czech Liga,Slavia Praha,Baník Ostrava,3 - 0,2 - 0,1,3,Yok
2025-05-24,2024,Czech Liga,Plzen,FK Jablonec,4 - 1,3 - 0,1,5,Evet
2025-05-24,2024,Czech Liga,Sparta Praha,Sigma Olomouc,1 - 1,0 - 0,X,2,Evet
2025-05-25,2024,Czech Liga,Hradec Králové,Bohemians 1905,2 - 0,1 - 0,1,2,Yok
2025-05-25,2024,Czech Liga,Mlada Boleslav,Slovácko,2 - 2,0 - 0,X,4,Evet
2025-05-25,2024,Czech Liga,Dukla Praha,České Budějovice,2 - 1,2 - 1,1,3,Evet
2025-05-25,2024,Czech Liga,Teplice,Pardubice,3 - 0,1 - 0,1,3,Yok
2025-05-28,2024,Czech Liga,Pardubice,Chrudim,2 - 0,0 - 0,1,2,Yok
2025-05-28,2024,Czech Liga,Vyškov,Dukla Praha,0 - 0,0 - 0,X,0,Yok
2025-06-01,2024,Czech Liga,Dukla Praha,Vyškov,1 - 1,0 - 1,X,2,Evet
2025-06-01,2024,Czech Liga,Chrudim,Pardubice,1 - 0,0 - 0,1,1,Yok
2023-07-22,2023,Czech Liga,Karviná,Zlin,4 - 1,3 - 0,1,5,Evet
2023-07-22,2023,Czech Liga,Teplice,Plzen,1 - 0,1 - 0,1,1,Yok
2023-07-22,2023,Czech Liga,Pardubice,Bohemians 1905,0 - 1,0 - 1,2,1,Yok
2023-07-22,2023,Czech Liga,Slavia Praha,Hradec Králové,2 - 0,1 - 0,1,2,Yok
2023-07-23,2023,Czech Liga,Mlada Boleslav,FK Jablonec,3 - 1,1 - 0,1,4,Evet
2023-07-23,2023,Czech Liga,Slovan Liberec,Baník Ostrava,3 - 1,2 - 0,1,4,Evet
2023-07-23,2023,Czech Liga,Slovácko,České Budějovice,4 - 1,2 - 0,1,5,Evet
2023-07-23,2023,Czech Liga,Sparta Praha,Sigma Olomouc,2 - 0,1 - 0,1,2,Yok
2023-07-29,2023,Czech Liga,Zlin,Sparta Praha,0 - 1,0 - 0,2,1,Yok
2023-07-29,2023,Czech Liga,Sigma Olomouc,Karviná,3 - 1,2 - 1,1,4,Evet
2023-07-29,2023,Czech Liga,Pardubice,FK Jablonec,0 - 0,0 - 0,X,0,Yok
2023-07-29,2023,Czech Liga,Baník Ostrava,Slovácko,0 - 0,0 - 0,X,0,Yok
2023-07-30,2023,Czech Liga,Mlada Boleslav,Slovan Liberec,2 - 2,0 - 2,X,4,Evet
2023-07-30,2023,Czech Liga,Bohemians 1905,Teplice,1 - 2,0 - 1,2,3,Evet
2023-07-30,2023,Czech Liga,České Budějovice,Slavia Praha,1 - 3,0 - 1,2,4,Evet
2023-07-30,2023,Czech Liga,Plzen,Hradec Králové,1 - 1,0 - 0,X,2,Evet
2023-08-05,2023,Czech Liga,Sparta Praha,Pardubice,5 - 2,3 - 0,1,7,Evet
2023-08-05,2023,Czech Liga,Karviná,Mlada Boleslav,1 - 2,0 - 2,2,3,Evet
2023-08-05,2023,Czech Liga,Slovácko,Sigma Olomouc,0 - 2,0 - 1,2,2,Yok
2023-08-05,2023,Czech Liga,Hradec Králové,České Budějovice,5 - 1,3 - 0,1,6,Evet
2023-08-06,2023,Czech Liga,Plzen,Baník Ostrava,3 - 1,2 - 1,1,4,Evet
2023-08-06,2023,Czech Liga,Slovan Liberec,Bohemians 1905,0 - 1,0 - 0,2,1,Yok
2023-08-06,2023,Czech Liga,Teplice,FK Jablonec,0 - 0,0 - 0,X,0,Yok
2023-08-06,2023,Czech Liga,Slavia Praha,Zlin,2 - 1,0 - 0,1,3,Evet
2023-08-12,2023,Czech Liga,Zlin,Slovan Liberec,1 - 1,1 - 1,X,2,Evet
2023-08-12,2023,Czech Liga,Baník Ostrava,Hradec Králové,2 - 0,0 - 0,1,2,Yok
2023-08-12,2023,Czech Liga,FK Jablonec,Sparta Praha,1 - 5,0 - 5,2,6,Evet
2023-08-13,2023,Czech Liga,Mlada Boleslav,Slavia Praha,0 - 1,0 - 0,2,1,Yok
2023-08-13,2023,Czech Liga,Sigma Olomouc,Teplice,2 - 1,0 - 0,1,3,Evet
2023-08-13,2023,Czech Liga,Bohemians 1905,Slovácko,0 - 1,0 - 1,2,1,Yok
2023-08-13,2023,Czech Liga,Pardubice,Karviná,2 - 1,1 - 0,1,3,Evet
2023-08-13,2023,Czech Liga,České Budějovice,Plzen,2 - 5,1 - 2,2,7,Evet
2023-08-19,2023,Czech Liga,Slovan Liberec,Pardubice,1 - 0,1 - 0,1,1,Yok
2023-08-19,2023,Czech Liga,Karviná,FK Jablonec,1 - 1,0 - 0,X,2,Evet
2023-08-19,2023,Czech Liga,Slovácko,Mlada Boleslav,2 - 2,1 - 1,X,4,Evet
2023-08-19,2023,Czech Liga,Teplice,Sparta Praha,1 - 1,0 - 1,X,2,Evet
2023-08-20,2023,Czech Liga,Plzen,Sigma Olomouc,2 - 1,2 - 1,1,3,Evet
2023-08-20,2023,Czech Liga,Hradec Králové,Zlin,2 - 0,1 - 0,1,2,Yok
2023-08-20,2023,Czech Liga,České Budějovice,Bohemians 1905,3 - 0,1 - 0,1,3,Yok
2023-08-20,2023,Czech Liga,Slavia Praha,Baník Ostrava,1 - 0,0 - 0,1,1,Yok
2023-08-26,2023,Czech Liga,Zlin,Teplice,2 - 1,0 - 0,1,3,Evet
2023-08-26,2023,Czech Liga,Pardubice,Slovácko,0 - 1,0 - 1,2,1,Yok
2023-08-26,2023,Czech Liga,Baník Ostrava,České Budějovice,2 - 0,0 - 0,1,2,Yok
2023-08-27,2023,Czech Liga,FK Jablonec,Slavia Praha,1 - 1,1 - 0,X,2,Evet
2023-08-27,2023,Czech Liga,Sigma Olomouc,Slovan Liberec,2 - 0,0 - 0,1,2,Yok
2023-08-27,2023,Czech Liga,Bohemians 1905,Hradec Králové,2 - 1,1 - 0,1,3,Evet
2023-08-27,2023,Czech Liga,Sparta Praha,Karviná,3 - 1,2 - 0,1,4,Evet
2023-09-02,2023,Czech Liga,Slovácko,Zlin,1 - 0,0 - 0,1,1,Yok
2023-09-02,2023,Czech Liga,Teplice,Pardubice,0 - 1,0 - 0,2,1,Yok
2023-09-02,2023,Czech Liga,České Budějovice,FK Jablonec,2 - 1,1 - 1,1,3,Evet
2023-09-02,2023,Czech Liga,Baník Ostrava,Mlada Boleslav,2 - 0,0 - 0,1,2,Yok
2023-09-03,2023,Czech Liga,Plzen,Bohemians 1905,2 - 0,2 - 0,1,2,Yok
2023-09-03,2023,Czech Liga,Slovan Liberec,Sparta Praha,0 - 2,0 - 0,2,2,Yok
2023-09-03,2023,Czech Liga,Slavia Praha,Karviná,5 - 1,3 - 1,1,6,Evet
2023-09-03,2023,Czech Liga,Hradec Králové,Sigma Olomouc,1 - 3,1 - 1,2,4,Evet
2023-09-16,2023,Czech Liga,Mlada Boleslav,Hradec Králové,5 - 1,3 - 0,1,6,Evet
2023-09-16,2023,Czech Liga,Sigma Olomouc,České Budějovice,2 - 1,2 - 1,1,3,Evet
2023-09-16,2023,Czech Liga,Bohemians 1905,Baník Ostrava,1 - 1,0 - 0,X,2,Evet
2023-09-16,2023,Czech Liga,Karviná,Teplice,0 - 1,0 - 0,2,1,Yok
2023-09-16,2023,Czech Liga,Pardubice,Slavia Praha,0 - 1,0 - 1,2,1,Yok
2023-09-17,2023,Czech Liga,Zlin,Plzen,1 - 7,1 - 4,2,8,Evet
2023-09-17,2023,Czech Liga,FK Jablonec,Slovan Liberec,1 - 1,0 - 1,X,2,Evet
2023-09-17,2023,Czech Liga,Sparta Praha,Slovácko,5 - 0,3 - 0,1,5,Yok
2023-09-23,2023,Czech Liga,Slovan Liberec,Teplice,3 - 3,3 - 2,X,6,Evet
2023-09-23,2023,Czech Liga,Baník Ostrava,Zlin,5 - 1,1 - 1,1,6,Evet
2023-09-23,2023,Czech Liga,Slovácko,Karviná,2 - 0,2 - 0,1,2,Yok
2023-09-23,2023,Czech Liga,České Budějovice,Mlada Boleslav,1 - 2,0 - 1,2,3,Evet
2023-09-23,2023,Czech Liga,Bohemians 1905,Sigma Olomouc,3 - 2,1 - 2,1,5,Evet
2023-09-24,2023,Czech Liga,Plzen,Pardubice,6 - 2,3 - 1,1,8,Evet
2023-09-24,2023,Czech Liga,Hradec Králové,FK Jablonec,1 - 0,1 - 0,1,1,Yok
2023-09-24,2023,Czech Liga,Slavia Praha,Sparta Praha,1 - 1,0 - 0,X,2,Evet
2023-09-30,2023,Czech Liga,Zlin,České Budějovice,1 - 1,0 - 1,X,2,Evet
2023-09-30,2023,Czech Liga,FK Jablonec,Slovácko,2 - 0,2 - 0,1,2,Yok
2023-09-30,2023,Czech Liga,Sigma Olomouc,Baník Ostrava,0 - 3,0 - 2,2,3,Yok
2023-09-30,2023,Czech Liga,Karviná,Slovan Liberec,5 - 2,3 - 1,1,7,Evet
2023-09-30,2023,Czech Liga,Sparta Praha,Plzen,2 - 1,2 - 1,1,3,Evet
2023-10-01,2023,Czech Liga,Mlada Boleslav,Bohemians 1905,2 - 1,1 - 0,1,3,Evet
2023-10-01,2023,Czech Liga,Teplice,Slavia Praha,0 - 0,0 - 0,X,0,Yok
2023-10-01,2023,Czech Liga,Pardubice,Hradec Králové,1 - 1,1 - 0,X,2,Evet
2023-10-07,2023,Czech Liga,Sigma Olomouc,Mlada Boleslav,4 - 0,1 - 0,1,4,Yok
2023-10-07,2023,Czech Liga,Bohemians 1905,Zlin,0 - 0,0 - 0,X,0,Yok
2023-10-07,2023,Czech Liga,Slovácko,Teplice,2 - 0,0 - 0,1,2,Yok
2023-10-07,2023,Czech Liga,České Budějovice,Karviná,1 - 0,0 - 0,1,1,Yok
2023-10-07,2023,Czech Liga,Baník Ostrava,Pardubice,1 - 1,0 - 1,X,2,Evet
2023-10-08,2023,Czech Liga,Hradec Králové,Sparta Praha,1 - 3,0 - 2,2,4,Evet
2023-10-08,2023,Czech Liga,Plzen,FK Jablonec,3 - 2,2 - 2,1,5,Evet
2023-10-08,2023,Czech Liga,Slovan Liberec,Slavia Praha,2 - 3,2 - 1,2,5,Evet
2023-10-21,2023,Czech Liga,Zlin,Mlada Boleslav,5 - 9,2 - 1,2,14,Evet
2023-10-21,2023,Czech Liga,Slovan Liberec,Plzen,3 - 0,1 - 0,1,3,Yok
2023-10-21,2023,Czech Liga,Karviná,Hradec Králové,1 - 0,0 - 0,1,1,Yok
2023-10-21,2023,Czech Liga,Pardubice,Sigma Olomouc,1 - 1,1 - 0,X,2,Evet
2023-10-21,2023,Czech Liga,Slavia Praha,Slovácko,2 - 0,0 - 0,1,2,Yok
2023-10-22,2023,Czech Liga,Sparta Praha,České Budějovice,4 - 0,2 - 0,1,4,Yok
2023-10-22,2023,Czech Liga,Teplice,Baník Ostrava,0 - 1,0 - 0,2,1,Yok
2023-10-22,2023,Czech Liga,FK Jablonec,Bohemians 1905,0 - 1,0 - 1,2,1,Yok
2023-10-28,2023,Czech Liga,Sigma Olomouc,Zlin,0 - 0,0 - 0,X,0,Yok
2023-10-28,2023,Czech Liga,Slovácko,Slovan Liberec,1 - 1,1 - 1,X,2,Evet
2023-10-28,2023,Czech Liga,Hradec Králové,Teplice,1 - 0,1 - 0,1,1,Yok
2023-10-28,2023,Czech Liga,České Budějovice,Pardubice,0 - 1,0 - 1,2,1,Yok
2023-10-28,2023,Czech Liga,Baník Ostrava,FK Jablonec,0 - 1,0 - 0,2,1,Yok
2023-10-29,2023,Czech Liga,Plzen,Karviná,0 - 1,0 - 0,2,1,Yok
2023-10-29,2023,Czech Liga,Mlada Boleslav,Sparta Praha,3 - 1,2 - 1,1,4,Evet
2023-10-29,2023,Czech Liga,Bohemians 1905,Slavia Praha,0 - 2,0 - 1,2,2,Yok
2023-11-04,2023,Czech Liga,FK Jablonec,Sigma Olomouc,1 - 1,1 - 1,X,2,Evet
2023-11-04,2023,Czech Liga,Slovácko,Hradec Králové,0 - 0,0 - 0,X,0,Yok
2023-11-04,2023,Czech Liga,Teplice,Mlada Boleslav,1 - 0,0 - 0,1,1,Yok
2023-11-04,2023,Czech Liga,Pardubice,Zlin,0 - 1,0 - 1,2,1,Yok
2023-11-04,2023,Czech Liga,Sparta Praha,Bohemians 1905,2 - 0,0 - 0,1,2,Yok
2023-11-05,2023,Czech Liga,Slovan Liberec,České Budějovice,1 - 0,0 - 0,1,1,Yok
2023-11-05,2023,Czech Liga,Karviná,Baník Ostrava,1 - 3,1 - 0,2,4,Evet
2023-11-05,2023,Czech Liga,Slavia Praha,Plzen,1 - 2,1 - 0,2,3,Evet
2023-11-11,2023,Czech Liga,Zlin,FK Jablonec,1 - 1,1 - 0,X,2,Evet
2023-11-11,2023,Czech Liga,Mlada Boleslav,Pardubice,1 - 0,0 - 0,1,1,Yok
2023-11-11,2023,Czech Liga,Hradec Králové,Slovan Liberec,1 - 1,1 - 1,X,2,Evet
2023-11-11,2023,Czech Liga,České Budějovice,Teplice,0 - 1,0 - 1,2,1,Yok
2023-11-11,2023,Czech Liga,Bohemians 1905,Karviná,1 - 0,0 - 0,1,1,Yok
2023-11-12,2023,Czech Liga,Plzen,Slovácko,1 - 4,1 - 1,2,5,Evet
2023-11-12,2023,Czech Liga,Baník Ostrava,Sparta Praha,0 - 1,0 - 0,2,1,Yok
2023-11-12,2023,Czech Liga,Sigma Olomouc,Slavia Praha,1 - 3,1 - 2,2,4,Evet
2023-11-25,2023,Czech Liga,Slovan Liberec,Mlada Boleslav,2 - 1,1 - 1,1,3,Evet
2023-11-25,2023,Czech Liga,Karviná,Sigma Olomouc,0 - 2,0 - 1,2,2,Yok
2023-11-25,2023,Czech Liga,Teplice,Bohemians 1905,1 - 1,1 - 0,X,2,Evet
2023-11-25,2023,Czech Liga,Hradec Králové,Plzen,1 - 1,1 - 0,X,2,Evet
2023-11-25,2023,Czech Liga,Slavia Praha,České Budějovice,2 - 1,1 - 1,1,3,Evet
2023-11-26,2023,Czech Liga,FK Jablonec,Pardubice,2 - 1,1 - 1,1,3,Evet
2023-11-26,2023,Czech Liga,Slovácko,Baník Ostrava,2 - 0,1 - 0,1,2,Yok
2023-11-26,2023,Czech Liga,Sparta Praha,Zlin,2 - 0,2 - 0,1,2,Yok
2023-12-02,2023,Czech Liga,Sigma Olomouc,Slovácko,1 - 1,1 - 0,X,2,Evet
2023-12-03,2023,Czech Liga,Pardubice,Sparta Praha,1 - 2,1 - 1,2,3,Evet
2023-12-06,2023,Czech Liga,Mlada Boleslav,Plzen,1 - 3,1 - 1,2,4,Evet
2023-12-06,2023,Czech Liga,FK Jablonec,Teplice,3 - 2,2 - 1,1,5,Evet
2023-12-09,2023,Czech Liga,Sparta Praha,FK Jablonec,3 - 0,3 - 0,1,3,Yok
2023-12-09,2023,Czech Liga,Slovan Liberec,Zlin,5 - 3,2 - 1,1,8,Evet
2023-12-09,2023,Czech Liga,Slovácko,Bohemians 1905,5 - 2,2 - 2,1,7,Evet
2023-12-09,2023,Czech Liga,Hradec Králové,Baník Ostrava,2 - 3,2 - 1,2,5,Evet
2023-12-10,2023,Czech Liga,Plzen,České Budějovice,5 - 0,2 - 0,1,5,Yok
2023-12-10,2023,Czech Liga,Slavia Praha,Mlada Boleslav,2 - 0,0 - 0,1,2,Yok
2023-12-13,2023,Czech Liga,Mlada Boleslav,Karviná,2 - 2,1 - 2,X,4,Evet
2023-12-13,2023,Czech Liga,České Budějovice,Hradec Králové,0 - 2,0 - 2,2,2,Yok
2023-12-13,2023,Czech Liga,Bohemians 1905,Slovan Liberec,0 - 0,0 - 0,X,0,Yok
2023-12-16,2023,Czech Liga,Zlin,Hradec Králové,4 - 0,4 - 0,1,4,Yok
2023-12-16,2023,Czech Liga,Mlada Boleslav,Slovácko,0 - 1,0 - 0,2,1,Yok
2023-12-16,2023,Czech Liga,FK Jablonec,Karviná,0 - 0,0 - 0,X,0,Yok
2023-12-16,2023,Czech Liga,Pardubice,Slovan Liberec,2 - 0,1 - 0,1,2,Yok
2023-12-16,2023,Czech Liga,Bohemians 1905,České Budějovice,0 - 0,0 - 0,X,0,Yok
2023-12-17,2023,Czech Liga,Sigma Olomouc,Plzen,1 - 3,1 - 2,2,4,Evet
2023-12-17,2023,Czech Liga,Baník Ostrava,Slavia Praha,2 - 3,2 - 2,2,5,Evet
2023-12-17,2023,Czech Liga,Sparta Praha,Teplice,2 - 1,0 - 1,1,3,Evet
2024-02-10,2023,Czech Liga,Slovan Liberec,Sigma Olomouc,2 - 0,0 - 0,1,2,Yok
2024-02-10,2023,Czech Liga,Karviná,Sparta Praha,0 - 3,0 - 1,2,3,Yok
2024-02-10,2023,Czech Liga,Slovácko,Pardubice,1 - 2,0 - 1,2,3,Evet
2024-02-10,2023,Czech Liga,České Budějovice,Baník Ostrava,3 - 0,0 - 0,1,3,Yok
2024-02-10,2023,Czech Liga,Plzen,Mlada Boleslav,1 - 1,0 - 0,X,2,Evet
2024-02-11,2023,Czech Liga,Teplice,Zlin,2 - 1,1 - 0,1,3,Evet
2024-02-11,2023,Czech Liga,Hradec Králové,Bohemians 1905,2 - 2,1 - 0,X,4,Evet
2024-02-11,2023,Czech Liga,Slavia Praha,FK Jablonec,4 - 3,3 - 2,1,7,Evet
2024-02-13,2023,Czech Liga,Baník Ostrava,Plzen,0 - 1,0 - 0,2,1,Yok
2024-02-14,2023,Czech Liga,Karviná,Pardubice,0 - 3,0 - 1,2,3,Yok
2024-02-14,2023,Czech Liga,Zlin,Slavia Praha,1 - 1,0 - 1,X,2,Evet
2024-02-17,2023,Czech Liga,Mlada Boleslav,Baník Ostrava,1 - 3,1 - 3,2,4,Evet
2024-02-17,2023,Czech Liga,FK Jablonec,České Budějovice,5 - 2,1 - 1,1,7,Evet
2024-02-17,2023,Czech Liga,Sigma Olomouc,Hradec Králové,0 - 0,0 - 0,X,0,Yok
2024-02-17,2023,Czech Liga,Pardubice,Teplice,1 - 1,1 - 0,X,2,Evet
2024-02-17,2023,Czech Liga,Bohemians 1905,Plzen,0 - 2,0 - 2,2,2,Yok
2024-02-18,2023,Czech Liga,Zlin,Slovácko,2 - 1,0 - 1,1,3,Evet
2024-02-18,2023,Czech Liga,Karviná,Slavia Praha,0 - 3,0 - 2,2,3,Yok
2024-02-18,2023,Czech Liga,Sparta Praha,Slovan Liberec,2 - 1,0 - 0,1,3,Evet
2024-02-21,2023,Czech Liga,Teplice,Sigma Olomouc,2 - 0,1 - 0,1,2,Yok
2024-02-24,2023,Czech Liga,Slovan Liberec,FK Jablonec,3 - 3,0 - 1,X,6,Evet
2024-02-24,2023,Czech Liga,Baník Ostrava,Bohemians 1905,1 - 1,1 - 0,X,2,Evet
2024-02-24,2023,Czech Liga,Teplice,Karviná,2 - 2,0 - 1,X,4,Evet
2024-02-24,2023,Czech Liga,Hradec Králové,Mlada Boleslav,0 - 0,0 - 0,X,0,Yok
2024-02-24,2023,Czech Liga,Plzen,Zlin,3 - 0,1 - 0,1,3,Yok
2024-02-25,2023,Czech Liga,Slavia Praha,Pardubice,3 - 0,0 - 0,1,3,Yok
2024-02-25,2023,Czech Liga,České Budějovice,Sigma Olomouc,2 - 1,0 - 0,1,3,Evet
2024-02-25,2023,Czech Liga,Slovácko,Sparta Praha,1 - 3,1 - 1,2,4,Evet
2024-03-02,2023,Czech Liga,Mlada Boleslav,České Budějovice,3 - 1,2 - 1,1,4,Evet
2024-03-02,2023,Czech Liga,FK Jablonec,Hradec Králové,1 - 1,1 - 1,X,2,Evet
2024-03-02,2023,Czech Liga,Sigma Olomouc,Bohemians 1905,2 - 2,2 - 2,X,4,Evet
2024-03-02,2023,Czech Liga,Karviná,Slovácko,1 - 3,1 - 1,2,4,Evet
2024-03-02,2023,Czech Liga,Pardubice,Plzen,2 - 3,0 - 1,2,5,Evet
2024-03-03,2023,Czech Liga,Teplice,Slovan Liberec,2 - 0,2 - 0,1,2,Yok
2024-03-03,2023,Czech Liga,Zlin,Baník Ostrava,0 - 1,0 - 1,2,1,Yok
2024-03-03,2023,Czech Liga,Sparta Praha,Slavia Praha,0 - 0,0 - 0,X,0,Yok
2024-03-09,2023,Czech Liga,Slovan Liberec,Karviná,1 - 0,0 - 0,1,1,Yok
2024-03-09,2023,Czech Liga,Bohemians 1905,Mlada Boleslav,0 - 0,0 - 0,X,0,Yok
2024-03-09,2023,Czech Liga,Slovácko,FK Jablonec,0 - 1,0 - 0,2,1,Yok
2024-03-09,2023,Czech Liga,Hradec Králové,Pardubice,2 - 0,0 - 0,1,2,Yok
2024-03-09,2023,Czech Liga,Baník Ostrava,Sigma Olomouc,1 - 2,0 - 2,2,3,Evet
2024-03-10,2023,Czech Liga,Slavia Praha,Teplice,4 - 0,2 - 0,1,4,Yok
2024-03-10,2023,Czech Liga,České Budějovice,Zlin,2 - 2,1 - 1,X,4,Evet
2024-03-10,2023,Czech Liga,Plzen,Sparta Praha,4 - 0,1 - 0,1,4,Yok
2024-03-16,2023,Czech Liga,Zlin,Bohemians 1905,2 - 2,0 - 1,X,4,Evet
2024-03-16,2023,Czech Liga,Mlada Boleslav,Sigma Olomouc,2 - 1,1 - 0,1,3,Evet
2024-03-16,2023,Czech Liga,Karviná,České Budějovice,2 - 1,1 - 1,1,3,Evet
2024-03-16,2023,Czech Liga,Teplice,Slovácko,1 - 1,1 - 1,X,2,Evet
2024-03-17,2023,Czech Liga,Slavia Praha,Slovan Liberec,3 - 0,1 - 0,1,3,Yok
2024-03-17,2023,Czech Liga,FK Jablonec,Plzen,1 - 2,0 - 1,2,3,Evet
2024-03-17,2023,Czech Liga,Pardubice,Baník Ostrava,0 - 1,0 - 0,2,1,Yok
2024-03-17,2023,Czech Liga,Sparta Praha,Hradec Králové,2 - 1,1 - 0,1,3,Evet
2024-03-30,2023,Czech Liga,Plzen,Slovan Liberec,1 - 3,0 - 0,2,4,Evet
2024-03-30,2023,Czech Liga,Sigma Olomouc,Pardubice,0 - 2,0 - 1,2,2,Yok
2024-03-30,2023,Czech Liga,Bohemians 1905,FK Jablonec,2 - 0,2 - 0,1,2,Yok
2024-03-30,2023,Czech Liga,Slovácko,Slavia Praha,1 - 3,1 - 2,2,4,Evet
2024-03-31,2023,Czech Liga,Mlada Boleslav,Zlin,3 - 2,2 - 1,1,5,Evet
2024-03-31,2023,Czech Liga,Baník Ostrava,Teplice,4 - 1,2 - 0,1,5,Evet
2024-03-31,2023,Czech Liga,Hradec Králové,Karviná,2 - 1,1 - 1,1,3,Evet
2024-03-31,2023,Czech Liga,České Budějovice,Sparta Praha,0 - 1,0 - 1,2,1,Yok
2024-04-06,2023,Czech Liga,Zlin,Sigma Olomouc,3 - 2,1 - 0,1,5,Evet
2024-04-06,2023,Czech Liga,Slovan Liberec,Slovácko,4 - 1,2 - 0,1,5,Evet
2024-04-06,2023,Czech Liga,Karviná,Plzen,0 - 0,0 - 0,X,0,Yok
2024-04-06,2023,Czech Liga,Slavia Praha,Bohemians 1905,2 - 1,0 - 0,1,3,Evet
2024-04-07,2023,Czech Liga,FK Jablonec,Baník Ostrava,2 - 3,1 - 2,2,5,Evet
2024-04-07,2023,Czech Liga,Teplice,Hradec Králové,0 - 1,0 - 1,2,1,Yok
2024-04-07,2023,Czech Liga,Pardubice,České Budějovice,1 - 1,1 - 0,X,2,Evet
2024-04-07,2023,Czech Liga,Sparta Praha,Mlada Boleslav,1 - 1,1 - 1,X,2,Evet
2024-04-13,2023,Czech Liga,Mlada Boleslav,Teplice,1 - 2,0 - 0,2,3,Evet
2024-04-13,2023,Czech Liga,Bohemians 1905,Sparta Praha,1 - 3,1 - 1,2,4,Evet
2024-04-13,2023,Czech Liga,České Budějovice,Slovan Liberec,3 - 2,1 - 1,1,5,Evet
2024-04-13,2023,Czech Liga,Hradec Králové,Slovácko,1 - 0,0 - 0,1,1,Yok
2024-04-14,2023,Czech Liga,Zlin,Pardubice,1 - 1,1 - 0,X,2,Evet
2024-04-14,2023,Czech Liga,Sigma Olomouc,FK Jablonec,1 - 0,0 - 0,1,1,Yok
2024-04-14,2023,Czech Liga,Baník Ostrava,Karviná,2 - 2,1 - 0,X,4,Evet
2024-04-14,2023,Czech Liga,Plzen,Slavia Praha,1 - 0,0 - 0,1,1,Yok
2024-04-20,2023,Czech Liga,Sparta Praha,Baník Ostrava,4 - 3,1 - 0,1,7,Evet
2024-04-20,2023,Czech Liga,FK Jablonec,Zlin,0 - 0,0 - 0,X,0,Yok
2024-04-20,2023,Czech Liga,Karviná,Bohemians 1905,1 - 1,0 - 0,X,2,Evet
2024-04-20,2023,Czech Liga,Teplice,České Budějovice,2 - 2,2 - 1,X,4,Evet
2024-04-21,2023,Czech Liga,Slavia Praha,Sigma Olomouc,2 - 2,0 - 0,X,4,Evet
2024-04-21,2023,Czech Liga,Slovan Liberec,Hradec Králové,0 - 0,0 - 0,X,0,Yok
2024-04-21,2023,Czech Liga,Pardubice,Mlada Boleslav,1 - 2,0 - 2,2,3,Evet
2024-04-21,2023,Czech Liga,Slovácko,Plzen,1 - 1,0 - 1,X,2,Evet
2024-04-28,2023,Czech Liga,Plzen,Teplice,3 - 0,0 - 0,1,3,Yok
2024-04-28,2023,Czech Liga,Zlin,Karviná,0 - 1,0 - 1,2,1,Yok
2024-04-28,2023,Czech Liga,FK Jablonec,Mlada Boleslav,1 - 1,1 - 0,X,2,Evet
2024-04-28,2023,Czech Liga,Sigma Olomouc,Sparta Praha,1 - 4,0 - 2,2,5,Evet
2024-04-28,2023,Czech Liga,Baník Ostrava,Slovan Liberec,2 - 2,1 - 0,X,4,Evet
2024-04-28,2023,Czech Liga,Bohemians 1905,Pardubice,2 - 1,1 - 0,1,3,Evet
2024-04-28,2023,Czech Liga,Hradec Králové,Slavia Praha,1 - 2,0 - 2,2,3,Evet
2024-04-28,2023,Czech Liga,České Budějovice,Slovácko,2 - 2,1 - 1,X,4,Evet
2024-05-04,2023,Czech Liga,FK Jablonec,Karviná,3 - 2,1 - 1,1,5,Evet
2024-05-04,2023,Czech Liga,Pardubice,Zlin,2 - 0,0 - 0,1,2,Yok
2024-05-04,2023,Czech Liga,České Budějovice,Bohemians 1905,2 - 1,1 - 1,1,3,Evet
2024-05-04,2023,Czech Liga,Slavia Praha,Baník Ostrava,5 - 0,1 - 0,1,5,Yok
2024-05-05,2023,Czech Liga,Plzen,Mlada Boleslav,3 - 0,2 - 0,1,3,Yok
2024-05-05,2023,Czech Liga,Teplice,Slovan Liberec,2 - 0,0 - 0,1,2,Yok
2024-05-05,2023,Czech Liga,Hradec Králové,Sigma Olomouc,3 - 1,3 - 1,1,4,Evet
2024-05-05,2023,Czech Liga,Slovácko,Sparta Praha,2 - 4,1 - 2,2,6,Evet
2024-05-11,2023,Czech Liga,Plzen,Slovácko,4 - 2,2 - 1,1,6,Evet
2024-05-11,2023,Czech Liga,Baník Ostrava,Mlada Boleslav,0 - 1,0 - 1,2,1,Yok
2024-05-11,2023,Czech Liga,Sparta Praha,Slavia Praha,0 - 0,0 - 0,X,0,Yok
2024-05-12,2023,Czech Liga,Slovan Liberec,Teplice,1 - 2,0 - 0,2,3,Evet
2024-05-12,2023,Czech Liga,Sigma Olomouc,Hradec Králové,1 - 3,0 - 2,2,4,Evet
2024-05-12,2023,Czech Liga,Bohemians 1905,FK Jablonec,1 - 1,0 - 1,X,2,Evet
2024-05-12,2023,Czech Liga,Pardubice,České Budějovice,3 - 2,1 - 1,1,5,Evet
2024-05-12,2023,Czech Liga,Karviná,Zlin,2 - 2,2 - 0,X,4,Evet
2024-05-14,2023,Czech Liga,Mlada Boleslav,Slovácko,0 - 1,0 - 1,2,1,Yok
2024-05-14,2023,Czech Liga,Sparta Praha,Baník Ostrava,2 - 1,1 - 0,1,3,Evet
2024-05-15,2023,Czech Liga,Slavia Praha,Plzen,3 - 0,2 - 0,1,3,Yok
2024-05-16,2023,Czech Liga,Zlin,České Budějovice,1 - 1,0 - 0,X,2,Evet
2024-05-16,2023,Czech Liga,FK Jablonec,Pardubice,3 - 0,0 - 0,1,3,Yok
2024-05-16,2023,Czech Liga,Bohemians 1905,Karviná,1 - 3,1 - 0,2,4,Evet
2024-05-18,2023,Czech Liga,Plzen,Baník Ostrava,1 - 1,0 - 0,X,2,Evet
2024-05-18,2023,Czech Liga,Mlada Boleslav,Sparta Praha,0 - 5,0 - 3,2,5,Yok
2024-05-18,2023,Czech Liga,Slovácko,Slavia Praha,1 - 2,0 - 0,2,3,Evet
2024-05-19,2023,Czech Liga,Teplice,Hradec Králové,0 - 1,0 - 0,2,1,Yok
2024-05-19,2023,Czech Liga,Zlin,Bohemians 1905,1 - 2,1 - 1,2,3,Evet
2024-05-19,2023,Czech Liga,Pardubice,Karviná,4 - 0,2 - 0,1,4,Yok
2024-05-19,2023,Czech Liga,České Budějovice,FK Jablonec,2 - 2,2 - 2,X,4,Evet
2024-05-25,2023,Czech Liga,FK Jablonec,Zlin,1 - 0,1 - 0,1,1,Yok
2024-05-25,2023,Czech Liga,Bohemians 1905,Pardubice,0 - 1,0 - 0,2,1,Yok
2024-05-25,2023,Czech Liga,Karviná,České Budějovice,1 - 0,1 - 0,1,1,Yok
2024-05-25,2023,Czech Liga,Hradec Králové,Teplice,2 - 0,0 - 0,1,2,Yok
2024-05-26,2023,Czech Liga,Slavia Praha,Mlada Boleslav,4 - 0,2 - 0,1,4,Yok
2024-05-26,2023,Czech Liga,Sparta Praha,Plzen,1 - 1,1 - 0,X,2,Evet
2024-05-26,2023,Czech Liga,Baník Ostrava,Slovácko,6 - 0,3 - 0,1,6,Yok
2024-05-30,2023,Czech Liga,České Budějovice,Táborsko,2 - 1,0 - 1,1,3,Evet
2024-05-30,2023,Czech Liga,Vyškov,Karviná,0 - 1,0 - 1,2,1,Yok
2024-05-31,2023,Czech Liga,Mlada Boleslav,Hradec Králové,3 - 1,2 - 0,1,4,Evet
2024-06-02,2023,Czech Liga,Karviná,Vyškov,1 - 0,0 - 0,1,1,Yok
2024-06-02,2023,Czech Liga,Táborsko,České Budějovice,1 - 1,0 - 1,X,2,Evet
2022-07-30,2022,Czech Liga,Zlin,Mlada Boleslav,0 - 0,0 - 0,X,0,Yok
2022-07-30,2022,Czech Liga,Baník Ostrava,Sigma Olomouc,0 - 3,0 - 1,2,3,Yok
2022-07-30,2022,Czech Liga,Zbrojovka Brno,Slovácko,2 - 2,2 - 1,X,4,Evet
2022-07-30,2022,Czech Liga,Teplice,Plzen,2 - 2,1 - 0,X,4,Evet
2022-07-31,2022,Czech Liga,FK Jablonec,Bohemians 1905,0 - 3,0 - 1,2,3,Yok
2022-07-31,2022,Czech Liga,Hradec Králové,Slavia Praha,1 - 0,0 - 0,1,1,Yok
2022-07-31,2022,Czech Liga,Pardubice,České Budějovice,0 - 2,0 - 1,2,2,Yok
2022-07-31,2022,Czech Liga,Sparta Praha,Slovan Liberec,1 - 2,0 - 2,2,3,Evet
2022-08-06,2022,Czech Liga,Plzen,Pardubice,2 - 1,1 - 0,1,3,Evet
2022-08-06,2022,Czech Liga,Slovan Liberec,Teplice,5 - 1,3 - 1,1,6,Evet
2022-08-06,2022,Czech Liga,Sigma Olomouc,Zbrojovka Brno,0 - 2,0 - 1,2,2,Yok
2022-08-06,2022,Czech Liga,Bohemians 1905,Baník Ostrava,3 - 3,3 - 1,X,6,Evet
2022-08-07,2022,Czech Liga,Mlada Boleslav,FK Jablonec,2 - 2,1 - 2,X,4,Evet
2022-08-07,2022,Czech Liga,Slovácko,Hradec Králové,1 - 0,0 - 0,1,1,Yok
2022-08-07,2022,Czech Liga,České Budějovice,Sparta Praha,0 - 2,0 - 2,2,2,Yok
2022-08-07,2022,Czech Liga,Slavia Praha,Zlin,4 - 1,2 - 0,1,5,Evet
2022-08-13,2022,Czech Liga,Baník Ostrava,Zlin,3 - 1,3 - 0,1,4,Evet
2022-08-13,2022,Czech Liga,Teplice,Bohemians 1905,0 - 1,0 - 0,2,1,Yok
2022-08-13,2022,Czech Liga,Zbrojovka Brno,Mlada Boleslav,3 - 1,0 - 1,1,4,Evet
2022-08-13,2022,Czech Liga,Hradec Králové,Plzen,1 - 2,1 - 1,2,3,Evet
2022-08-14,2022,Czech Liga,FK Jablonec,Slavia Praha,2 - 3,0 - 1,2,5,Evet
2022-08-14,2022,Czech Liga,Pardubice,Slovan Liberec,2 - 1,2 - 0,1,3,Evet
2022-08-14,2022,Czech Liga,České Budějovice,Slovácko,2 - 2,1 - 1,X,4,Evet
2022-08-14,2022,Czech Liga,Sparta Praha,Sigma Olomouc,2 - 0,1 - 0,1,2,Yok
2022-08-20,2022,Czech Liga,Baník Ostrava,Teplice,1 - 2,1 - 1,2,3,Evet
2022-08-20,2022,Czech Liga,Mlada Boleslav,Sparta Praha,1 - 3,1 - 0,2,4,Evet
2022-08-21,2022,Czech Liga,Zlin,FK Jablonec,2 - 2,1 - 1,X,4,Evet
2022-08-21,2022,Czech Liga,Slovan Liberec,České Budějovice,1 - 1,1 - 0,X,2,Evet
2022-08-21,2022,Czech Liga,Sigma Olomouc,Slovácko,1 - 2,1 - 0,2,3,Evet
2022-08-21,2022,Czech Liga,Slavia Praha,Pardubice,7 - 0,2 - 0,1,7,Yok
2022-08-22,2022,Czech Liga,Bohemians 1905,Hradec Králové,1 - 2,1 - 2,2,3,Evet
2022-08-27,2022,Czech Liga,FK Jablonec,Baník Ostrava,1 - 1,0 - 0,X,2,Evet
2022-08-27,2022,Czech Liga,Teplice,Zlin,0 - 0,0 - 0,X,0,Yok
2022-08-27,2022,Czech Liga,Pardubice,Mlada Boleslav,0 - 3,0 - 3,2,3,Yok
2022-08-27,2022,Czech Liga,České Budějovice,Plzen,0 - 1,0 - 0,2,1,Yok
2022-08-27,2022,Czech Liga,Sparta Praha,Bohemians 1905,1 - 1,0 - 1,X,2,Evet
2022-08-28,2022,Czech Liga,Slovácko,Slovan Liberec,1 - 2,0 - 1,2,3,Evet
2022-08-28,2022,Czech Liga,Hradec Králové,Sigma Olomouc,1 - 0,0 - 0,1,1,Yok
2022-08-28,2022,Czech Liga,Zbrojovka Brno,Slavia Praha,0 - 4,0 - 3,2,4,Yok
2022-08-30,2022,Czech Liga,Zlin,Pardubice,2 - 1,1 - 0,1,3,Evet
2022-08-30,2022,Czech Liga,Bohemians 1905,České Budějovice,1 - 2,0 - 1,2,3,Evet
2022-08-30,2022,Czech Liga,FK Jablonec,Sparta Praha,1 - 1,1 - 1,X,2,Evet
2022-08-31,2022,Czech Liga,Plzen,Slovácko,3 - 0,2 - 0,1,3,Yok
2022-08-31,2022,Czech Liga,Mlada Boleslav,Hradec Králové,1 - 2,0 - 1,2,3,Evet
2022-08-31,2022,Czech Liga,Sigma Olomouc,Slovan Liberec,1 - 1,1 - 0,X,2,Evet
2022-08-31,2022,Czech Liga,Baník Ostrava,Zbrojovka Brno,1 - 2,0 - 0,2,3,Evet
2022-08-31,2022,Czech Liga,Slavia Praha,Teplice,6 - 0,2 - 0,1,6,Yok
2022-09-03,2022,Czech Liga,Slovan Liberec,Plzen,0 - 1,0 - 1,2,1,Yok
2022-09-03,2022,Czech Liga,Teplice,FK Jablonec,3 - 2,1 - 2,1,5,Evet
2022-09-03,2022,Czech Liga,České Budějovice,Mlada Boleslav,0 - 2,0 - 0,2,2,Yok
2022-09-03,2022,Czech Liga,Sparta Praha,Zlin,0 - 0,0 - 0,X,0,Yok
2022-09-04,2022,Czech Liga,Hradec Králové,Baník Ostrava,0 - 0,0 - 0,X,0,Yok
2022-09-04,2022,Czech Liga,Pardubice,Sigma Olomouc,0 - 2,0 - 1,2,2,Yok
2022-09-04,2022,Czech Liga,Zbrojovka Brno,Bohemians 1905,1 - 2,0 - 2,2,3,Evet
2022-09-04,2022,Czech Liga,Slovácko,Slavia Praha,1 - 1,1 - 0,X,2,Evet
2022-09-10,2022,Czech Liga,Zlin,Zbrojovka Brno,2 - 3,0 - 1,2,5,Evet
2022-09-10,2022,Czech Liga,Sigma Olomouc,Plzen,2 - 3,1 - 2,2,5,Evet
2022-09-10,2022,Czech Liga,Teplice,Sparta Praha,2 - 2,1 - 2,X,4,Evet
2022-09-11,2022,Czech Liga,Mlada Boleslav,Slovácko,1 - 1,0 - 1,X,2,Evet
2022-09-11,2022,Czech Liga,FK Jablonec,Hradec Králové,3 - 0,0 - 0,1,3,Yok
2022-09-11,2022,Czech Liga,Baník Ostrava,Pardubice,3 - 0,1 - 0,1,3,Yok
2022-09-11,2022,Czech Liga,Bohemians 1905,Slovan Liberec,0 - 2,0 - 1,2,2,Yok
2022-09-11,2022,Czech Liga,Slavia Praha,České Budějovice,6 - 1,3 - 0,1,7,Evet
2022-09-17,2022,Czech Liga,Slovan Liberec,Mlada Boleslav,1 - 3,1 - 0,2,4,Evet
2022-09-17,2022,Czech Liga,Zbrojovka Brno,Teplice,2 - 2,2 - 2,X,4,Evet
2022-09-17,2022,Czech Liga,České Budějovice,Sigma Olomouc,0 - 3,0 - 2,2,3,Yok
2022-09-17,2022,Czech Liga,Sparta Praha,Baník Ostrava,1 - 1,1 - 0,X,2,Evet
2022-09-18,2022,Czech Liga,Slovácko,FK Jablonec,0 - 2,0 - 0,2,2,Yok
2022-09-18,2022,Czech Liga,Hradec Králové,Zlin,0 - 0,0 - 0,X,0,Yok
2022-09-18,2022,Czech Liga,Pardubice,Bohemians 1905,0 - 1,0 - 0,2,1,Yok
2022-09-18,2022,Czech Liga,Plzen,Slavia Praha,3 - 0,2 - 0,1,3,Yok
2022-10-01,2022,Czech Liga,Mlada Boleslav,Sigma Olomouc,1 - 1,1 - 0,X,2,Evet
2022-10-01,2022,Czech Liga,Baník Ostrava,České Budějovice,1 - 2,0 - 1,2,3,Evet
2022-10-01,2022,Czech Liga,Bohemians 1905,Plzen,1 - 1,0 - 1,X,2,Evet
2022-10-01,2022,Czech Liga,Sparta Praha,Hradec Králové,2 - 1,0 - 1,1,3,Evet
2022-10-02,2022,Czech Liga,Zlin,Slovácko,0 - 2,0 - 0,2,2,Yok
2022-10-02,2022,Czech Liga,FK Jablonec,Zbrojovka Brno,3 - 1,1 - 0,1,4,Evet
2022-10-02,2022,Czech Liga,Teplice,Pardubice,5 - 1,2 - 0,1,6,Evet
2022-10-02,2022,Czech Liga,Slavia Praha,Slovan Liberec,3 - 0,3 - 0,1,3,Yok
2022-10-08,2022,Czech Liga,Hradec Králové,Teplice,4 - 1,1 - 1,1,5,Evet
2022-10-08,2022,Czech Liga,Pardubice,FK Jablonec,1 - 0,0 - 0,1,1,Yok
2022-10-08,2022,Czech Liga,Zbrojovka Brno,Sparta Praha,0 - 4,0 - 2,2,4,Yok
2022-10-08,2022,Czech Liga,Plzen,Mlada Boleslav,2 - 0,0 - 0,1,2,Yok
2022-10-09,2022,Czech Liga,Slovan Liberec,Baník Ostrava,0 - 0,0 - 0,X,0,Yok
2022-10-09,2022,Czech Liga,Slovácko,Bohemians 1905,2 - 4,0 - 2,2,6,Evet
2022-10-09,2022,Czech Liga,České Budějovice,Zlin,2 - 2,2 - 1,X,4,Evet
2022-10-09,2022,Czech Liga,Sigma Olomouc,Slavia Praha,2 - 0,1 - 0,1,2,Yok
2022-10-15,2022,Czech Liga,Bohemians 1905,Sigma Olomouc,1 - 1,0 - 1,X,2,Evet
2022-10-15,2022,Czech Liga,Teplice,České Budějovice,0 - 2,0 - 0,2,2,Yok
2022-10-15,2022,Czech Liga,Hradec Králové,Zbrojovka Brno,2 - 1,1 - 1,1,3,Evet
2022-10-15,2022,Czech Liga,Sparta Praha,Pardubice,5 - 2,2 - 1,1,7,Evet
2022-10-16,2022,Czech Liga,Baník Ostrava,Slovácko,3 - 1,2 - 0,1,4,Evet
2022-10-16,2022,Czech Liga,Zlin,Slovan Liberec,2 - 1,1 - 0,1,3,Evet
2022-10-16,2022,Czech Liga,FK Jablonec,Plzen,0 - 3,0 - 1,2,3,Yok
2022-10-16,2022,Czech Liga,Slavia Praha,Mlada Boleslav,2 - 1,2 - 1,1,3,Evet
2022-10-22,2022,Czech Liga,Slovan Liberec,FK Jablonec,2 - 0,1 - 0,1,2,Yok
2022-10-22,2022,Czech Liga,Sigma Olomouc,Zlin,2 - 1,0 - 1,1,3,Evet
2022-10-22,2022,Czech Liga,Pardubice,Zbrojovka Brno,1 - 3,0 - 1,2,4,Evet
2022-10-22,2022,Czech Liga,Plzen,Baník Ostrava,3 - 1,2 - 0,1,4,Evet
2022-10-23,2022,Czech Liga,České Budějovice,Hradec Králové,0 - 3,0 - 0,2,3,Yok
2022-10-23,2022,Czech Liga,Mlada Boleslav,Bohemians 1905,4 - 3,1 - 1,1,7,Evet
2022-10-23,2022,Czech Liga,Slovácko,Teplice,2 - 1,0 - 1,1,3,Evet
2022-10-23,2022,Czech Liga,Slavia Praha,Sparta Praha,4 - 0,4 - 0,1,4,Yok
2022-10-29,2022,Czech Liga,FK Jablonec,České Budějovice,3 - 0,1 - 0,1,3,Yok
2022-10-29,2022,Czech Liga,Baník Ostrava,Mlada Boleslav,3 - 1,1 - 0,1,4,Evet
2022-10-29,2022,Czech Liga,Hradec Králové,Pardubice,1 - 3,0 - 0,2,4,Evet
2022-10-29,2022,Czech Liga,Zlin,Plzen,0 - 3,0 - 1,2,3,Yok
2022-10-30,2022,Czech Liga,Bohemians 1905,Slavia Praha,1 - 4,1 - 2,2,5,Evet
2022-10-30,2022,Czech Liga,Teplice,Sigma Olomouc,2 - 1,1 - 1,1,3,Evet
2022-10-30,2022,Czech Liga,Zbrojovka Brno,Slovan Liberec,3 - 0,0 - 0,1,3,Yok
2022-11-05,2022,Czech Liga,Sigma Olomouc,FK Jablonec,3 - 0,1 - 0,1,3,Yok
2022-11-05,2022,Czech Liga,Bohemians 1905,Zlin,3 - 2,0 - 2,1,5,Evet
2022-11-05,2022,Czech Liga,České Budějovice,Zbrojovka Brno,3 - 2,1 - 0,1,5,Evet
2022-11-05,2022,Czech Liga,Plzen,Sparta Praha,0 - 1,0 - 0,2,1,Yok
2022-11-06,2022,Czech Liga,Mlada Boleslav,Teplice,3 - 0,1 - 0,1,3,Yok
2022-11-06,2022,Czech Liga,Slovan Liberec,Hradec Králové,2 - 0,1 - 0,1,2,Yok
2022-11-06,2022,Czech Liga,Slovácko,Pardubice,1 - 0,0 - 0,1,1,Yok
2022-11-06,2022,Czech Liga,Slavia Praha,Baník Ostrava,3 - 1,0 - 0,1,4,Evet
2022-11-09,2022,Czech Liga,Plzen,Zbrojovka Brno,4 - 0,1 - 0,1,4,Yok
2022-11-09,2022,Czech Liga,Sparta Praha,Slovácko,4 - 0,2 - 0,1,4,Yok
2022-11-12,2022,Czech Liga,FK Jablonec,Mlada Boleslav,1 - 2,1 - 1,2,3,Evet
2022-11-12,2022,Czech Liga,Baník Ostrava,Bohemians 1905,4 - 1,2 - 0,1,5,Evet
2022-11-12,2022,Czech Liga,Teplice,Slovan Liberec,2 - 1,1 - 1,1,3,Evet
2022-11-12,2022,Czech Liga,Sparta Praha,České Budějovice,1 - 0,1 - 0,1,1,Yok
2022-11-13,2022,Czech Liga,Hradec Králové,Slovácko,1 - 2,1 - 0,2,3,Evet
2022-11-13,2022,Czech Liga,Pardubice,Plzen,1 - 1,0 - 0,X,2,Evet
2022-11-13,2022,Czech Liga,Zbrojovka Brno,Sigma Olomouc,2 - 3,1 - 2,2,5,Evet
2022-11-13,2022,Czech Liga,Zlin,Slavia Praha,0 - 4,0 - 3,2,4,Yok
2023-01-28,2022,Czech Liga,Plzen,Hradec Králové,1 - 2,1 - 1,2,3,Evet
2023-01-28,2022,Czech Liga,Bohemians 1905,Teplice,2 - 0,0 - 0,1,2,Yok
2023-01-28,2022,Czech Liga,Slovácko,České Budějovice,1 - 0,0 - 0,1,1,Yok
2023-01-28,2022,Czech Liga,Sigma Olomouc,Sparta Praha,1 - 1,1 - 1,X,2,Evet
2023-01-29,2022,Czech Liga,Slavia Praha,FK Jablonec,5 - 1,1 - 1,1,6,Evet
2023-01-29,2022,Czech Liga,Mlada Boleslav,Zbrojovka Brno,0 - 0,0 - 0,X,0,Yok
2023-01-29,2022,Czech Liga,Slovan Liberec,Pardubice,1 - 1,1 - 0,X,2,Evet
2023-01-29,2022,Czech Liga,Zlin,Baník Ostrava,1 - 1,0 - 1,X,2,Evet
2023-02-04,2022,Czech Liga,FK Jablonec,Zlin,2 - 2,0 - 1,X,4,Evet
2023-02-04,2022,Czech Liga,Slovácko,Sigma Olomouc,0 - 0,0 - 0,X,0,Yok
2023-02-04,2022,Czech Liga,Teplice,Baník Ostrava,0 - 5,0 - 0,2,5,Yok
2023-02-04,2022,Czech Liga,Pardubice,Slavia Praha,0 - 2,0 - 1,2,2,Yok
2023-02-05,2022,Czech Liga,Hradec Králové,Bohemians 1905,0 - 2,0 - 2,2,2,Yok
2023-02-05,2022,Czech Liga,Zbrojovka Brno,Plzen,1 - 3,1 - 0,2,4,Evet
2023-02-05,2022,Czech Liga,České Budějovice,Slovan Liberec,0 - 2,0 - 1,2,2,Yok
2023-02-05,2022,Czech Liga,Sparta Praha,Mlada Boleslav,4 - 1,2 - 1,1,5,Evet
2023-02-11,2022,Czech Liga,Zlin,Teplice,2 - 1,2 - 0,1,3,Evet
2023-02-11,2022,Czech Liga,Slovan Liberec,Slovácko,0 - 1,0 - 0,2,1,Yok
2023-02-11,2022,Czech Liga,Baník Ostrava,FK Jablonec,1 - 2,0 - 1,2,3,Evet
2023-02-11,2022,Czech Liga,Slavia Praha,Zbrojovka Brno,2 - 0,0 - 0,1,2,Yok
2023-02-12,2022,Czech Liga,Plzen,České Budějovice,2 - 1,1 - 0,1,3,Evet
2023-02-12,2022,Czech Liga,Mlada Boleslav,Pardubice,0 - 1,0 - 1,2,1,Yok
2023-02-12,2022,Czech Liga,Sigma Olomouc,Hradec Králové,2 - 2,1 - 1,X,4,Evet
2023-02-12,2022,Czech Liga,Bohemians 1905,Sparta Praha,2 - 6,0 - 1,2,8,Evet
2023-02-18,2022,Czech Liga,Slovan Liberec,Sigma Olomouc,2 - 2,1 - 1,X,4,Evet
2023-02-18,2022,Czech Liga,Hradec Králové,Mlada Boleslav,0 - 1,0 - 0,2,1,Yok
2023-02-18,2022,Czech Liga,Zbrojovka Brno,Baník Ostrava,2 - 1,1 - 0,1,3,Evet
2023-02-18,2022,Czech Liga,Teplice,Slavia Praha,1 - 1,1 - 0,X,2,Evet
2023-02-19,2022,Czech Liga,Slovácko,Plzen,2 - 0,1 - 0,1,2,Yok
2023-02-19,2022,Czech Liga,Pardubice,Zlin,2 - 1,1 - 0,1,3,Evet
2023-02-19,2022,Czech Liga,České Budějovice,Bohemians 1905,1 - 0,0 - 0,1,1,Yok
2023-02-19,2022,Czech Liga,Sparta Praha,FK Jablonec,3 - 0,1 - 0,1,3,Yok
2023-02-25,2022,Czech Liga,Zlin,Sparta Praha,2 - 3,0 - 2,2,5,Evet
2023-02-25,2022,Czech Liga,Mlada Boleslav,České Budějovice,2 - 2,1 - 1,X,4,Evet
2023-02-25,2022,Czech Liga,Bohemians 1905,Zbrojovka Brno,1 - 1,0 - 0,X,2,Evet
2023-02-25,2022,Czech Liga,Plzen,Slovan Liberec,2 - 1,1 - 0,1,3,Evet
2023-02-26,2022,Czech Liga,Slavia Praha,Slovácko,2 - 0,1 - 0,1,2,Yok
2023-02-26,2022,Czech Liga,FK Jablonec,Teplice,4 - 1,2 - 0,1,5,Evet
2023-02-26,2022,Czech Liga,Sigma Olomouc,Pardubice,2 - 2,0 - 0,X,4,Evet
2023-02-26,2022,Czech Liga,Baník Ostrava,Hradec Králové,0 - 2,0 - 1,2,2,Yok
2023-03-04,2022,Czech Liga,Plzen,Sigma Olomouc,1 - 1,0 - 0,X,2,Evet
2023-03-04,2022,Czech Liga,Hradec Králové,FK Jablonec,1 - 4,1 - 0,2,5,Evet
2023-03-04,2022,Czech Liga,Pardubice,Baník Ostrava,1 - 1,1 - 1,X,2,Evet
2023-03-04,2022,Czech Liga,Zbrojovka Brno,Zlin,1 - 1,0 - 1,X,2,Evet
2023-03-04,2022,Czech Liga,Sparta Praha,Teplice,4 - 1,2 - 0,1,5,Evet
2023-03-05,2022,Czech Liga,Slovan Liberec,Bohemians 1905,1 - 3,0 - 2,2,4,Evet
2023-03-05,2022,Czech Liga,Slovácko,Mlada Boleslav,2 - 1,1 - 1,1,3,Evet
2023-03-05,2022,Czech Liga,České Budějovice,Slavia Praha,1 - 0,0 - 0,1,1,Yok
2023-03-11,2022,Czech Liga,Zlin,Hradec Králové,2 - 2,2 - 1,X,4,Evet
2023-03-11,2022,Czech Liga,Sigma Olomouc,České Budějovice,3 - 0,0 - 0,1,3,Yok
2023-03-11,2022,Czech Liga,Baník Ostrava,Sparta Praha,0 - 3,0 - 2,2,3,Yok
2023-03-11,2022,Czech Liga,Slavia Praha,Plzen,2 - 1,0 - 1,1,3,Evet
2023-03-12,2022,Czech Liga,Mlada Boleslav,Slovan Liberec,4 - 0,3 - 0,1,4,Yok
2023-03-12,2022,Czech Liga,Teplice,Zbrojovka Brno,1 - 1,0 - 0,X,2,Evet
2023-03-12,2022,Czech Liga,Bohemians 1905,Pardubice,2 - 0,1 - 0,1,2,Yok
2023-03-18,2022,Czech Liga,Sigma Olomouc,Mlada Boleslav,2 - 0,1 - 0,1,2,Yok
2023-03-18,2022,Czech Liga,Hradec Králové,Sparta Praha,0 - 2,0 - 1,2,2,Yok
2023-03-18,2022,Czech Liga,České Budějovice,Baník Ostrava,2 - 1,1 - 1,1,3,Evet
2023-03-18,2022,Czech Liga,Slovan Liberec,Slavia Praha,2 - 2,1 - 1,X,4,Evet
2023-03-19,2022,Czech Liga,Slovácko,Zlin,3 - 0,1 - 0,1,3,Yok
2023-03-19,2022,Czech Liga,Pardubice,Teplice,3 - 1,2 - 1,1,4,Evet
2023-03-19,2022,Czech Liga,Zbrojovka Brno,FK Jablonec,1 - 2,1 - 0,2,3,Evet
2023-03-19,2022,Czech Liga,Plzen,Bohemians 1905,1 - 2,1 - 0,2,3,Evet
2023-04-01,2022,Czech Liga,Zlin,České Budějovice,5 - 1,2 - 0,1,6,Evet
2023-04-01,2022,Czech Liga,Mlada Boleslav,Plzen,0 - 0,0 - 0,X,0,Yok
2023-04-01,2022,Czech Liga,Baník Ostrava,Slovan Liberec,0 - 0,0 - 0,X,0,Yok
2023-04-01,2022,Czech Liga,Slavia Praha,Sigma Olomouc,4 - 0,1 - 0,1,4,Yok
2023-04-02,2022,Czech Liga,Sparta Praha,Zbrojovka Brno,3 - 1,2 - 1,1,4,Evet
2023-04-02,2022,Czech Liga,FK Jablonec,Pardubice,1 - 0,0 - 0,1,1,Yok
2023-04-02,2022,Czech Liga,Teplice,Hradec Králové,1 - 0,1 - 0,1,1,Yok
2023-04-02,2022,Czech Liga,Bohemians 1905,Slovácko,1 - 0,0 - 0,1,1,Yok
2023-04-05,2022,Czech Liga,FK Jablonec,Slovácko,1 - 1,0 - 1,X,2,Evet
2023-04-08,2022,Czech Liga,Slovan Liberec,Zlin,2 - 1,0 - 0,1,3,Evet
2023-04-08,2022,Czech Liga,Slovácko,Baník Ostrava,0 - 1,0 - 1,2,1,Yok
2023-04-08,2022,Czech Liga,Zbrojovka Brno,Hradec Králové,1 - 2,1 - 1,2,3,Evet
2023-04-08,2022,Czech Liga,Plzen,FK Jablonec,3 - 2,1 - 0,1,5,Evet
2023-04-09,2022,Czech Liga,Mlada Boleslav,Slavia Praha,1 - 1,1 - 1,X,2,Evet
2023-04-09,2022,Czech Liga,Sigma Olomouc,Bohemians 1905,2 - 2,1 - 1,X,4,Evet
2023-04-09,2022,Czech Liga,České Budějovice,Teplice,0 - 3,0 - 1,2,3,Yok
2023-04-09,2022,Czech Liga,Pardubice,Sparta Praha,0 - 2,0 - 2,2,2,Yok
2023-04-15,2022,Czech Liga,Zlin,Sigma Olomouc,0 - 1,0 - 1,2,1,Yok
2023-04-15,2022,Czech Liga,FK Jablonec,Slovan Liberec,1 - 1,0 - 0,X,2,Evet
2023-04-15,2022,Czech Liga,Teplice,Slovácko,1 - 3,0 - 1,2,4,Evet
2023-04-15,2022,Czech Liga,Sparta Praha,Slavia Praha,3 - 3,0 - 1,X,6,Evet
2023-04-16,2022,Czech Liga,Bohemians 1905,Mlada Boleslav,4 - 0,1 - 0,1,4,Yok
2023-04-16,2022,Czech Liga,Hradec Králové,České Budějovice,2 - 1,2 - 0,1,3,Evet
2023-04-16,2022,Czech Liga,Zbrojovka Brno,Pardubice,2 - 1,0 - 0,1,3,Evet
2023-04-16,2022,Czech Liga,Baník Ostrava,Plzen,2 - 1,1 - 0,1,3,Evet
2023-04-22,2022,Czech Liga,Mlada Boleslav,Baník Ostrava,1 - 0,1 - 0,1,1,Yok
2023-04-22,2022,Czech Liga,Sigma Olomouc,Teplice,1 - 2,0 - 1,2,3,Evet
2023-04-22,2022,Czech Liga,Slovácko,Sparta Praha,1 - 1,1 - 0,X,2,Evet
2023-04-22,2022,Czech Liga,Pardubice,Hradec Králové,1 - 0,0 - 0,1,1,Yok
2023-04-22,2022,Czech Liga,Slavia Praha,Bohemians 1905,3 - 0,3 - 0,1,3,Yok
2023-04-23,2022,Czech Liga,Slovan Liberec,Zbrojovka Brno,3 - 1,3 - 0,1,4,Evet
2023-04-23,2022,Czech Liga,České Budějovice,FK Jablonec,5 - 1,3 - 0,1,6,Evet
2023-04-23,2022,Czech Liga,Plzen,Zlin,4 - 0,1 - 0,1,4,Yok
2023-04-25,2022,Czech Liga,Teplice,Mlada Boleslav,1 - 1,1 - 0,X,2,Evet
2023-04-25,2022,Czech Liga,Pardubice,Slovácko,3 - 1,0 - 1,1,4,Evet
2023-04-25,2022,Czech Liga,Baník Ostrava,Slavia Praha,0 - 2,0 - 0,2,2,Yok
2023-04-26,2022,Czech Liga,Zlin,Bohemians 1905,4 - 1,1 - 0,1,5,Evet
2023-04-26,2022,Czech Liga,FK Jablonec,Sigma Olomouc,2 - 2,2 - 0,X,4,Evet
2023-04-26,2022,Czech Liga,Hradec Králové,Slovan Liberec,1 - 2,0 - 0,2,3,Evet
2023-04-26,2022,Czech Liga,Zbrojovka Brno,České Budějovice,1 - 1,1 - 0,X,2,Evet
2023-04-26,2022,Czech Liga,Sparta Praha,Plzen,2 - 1,1 - 1,1,3,Evet
2023-04-30,2022,Czech Liga,Slavia Praha,Hradec Králové,1 - 1,1 - 1,X,2,Evet
2023-04-30,2022,Czech Liga,Plzen,Teplice,1 - 1,0 - 0,X,2,Evet
2023-04-30,2022,Czech Liga,Mlada Boleslav,Zlin,1 - 1,1 - 0,X,2,Evet
2023-04-30,2022,Czech Liga,Slovan Liberec,Sparta Praha,1 - 3,1 - 0,2,4,Evet
2023-04-30,2022,Czech Liga,Sigma Olomouc,Baník Ostrava,1 - 4,1 - 2,2,5,Evet
2023-04-30,2022,Czech Liga,Bohemians 1905,FK Jablonec,4 - 1,2 - 0,1,5,Evet
2023-04-30,2022,Czech Liga,Slovácko,Zbrojovka Brno,1 - 0,1 - 0,1,1,Yok
2023-04-30,2022,Czech Liga,České Budějovice,Pardubice,3 - 1,1 - 0,1,4,Evet
2023-05-06,2022,Czech Liga,Zlin,FK Jablonec,1 - 1,0 - 0,X,2,Evet
2023-05-06,2022,Czech Liga,Baník Ostrava,Zbrojovka Brno,4 - 0,3 - 0,1,4,Yok
2023-05-06,2022,Czech Liga,Teplice,Pardubice,1 - 0,1 - 0,1,1,Yok
2023-05-06,2022,Czech Liga,Plzen,Slovácko,2 - 2,0 - 0,X,4,Evet
2023-05-07,2022,Czech Liga,Mlada Boleslav,Hradec Králové,0 - 0,0 - 0,X,0,Yok
2023-05-07,2022,Czech Liga,Sigma Olomouc,Sparta Praha,0 - 1,0 - 1,2,1,Yok
2023-05-07,2022,Czech Liga,České Budějovice,Slovan Liberec,3 - 2,2 - 2,1,5,Evet
2023-05-07,2022,Czech Liga,Slavia Praha,Bohemians 1905,6 - 0,1 - 0,1,6,Yok
2023-05-13,2022,Czech Liga,Plzen,Sigma Olomouc,1 - 3,1 - 1,2,4,Evet
2023-05-13,2022,Czech Liga,Slovan Liberec,České Budějovice,4 - 0,1 - 0,1,4,Yok
2023-05-13,2022,Czech Liga,Hradec Králové,Mlada Boleslav,2 - 0,2 - 0,1,2,Yok
2023-05-13,2022,Czech Liga,Sparta Praha,Slavia Praha,3 - 2,1 - 1,1,5,Evet
2023-05-14,2022,Czech Liga,FK Jablonec,Baník Ostrava,1 - 1,1 - 0,X,2,Evet
2023-05-14,2022,Czech Liga,Teplice,Zlin,2 - 1,1 - 0,1,3,Evet
2023-05-14,2022,Czech Liga,Zbrojovka Brno,Pardubice,0 - 2,0 - 1,2,2,Yok
2023-05-14,2022,Czech Liga,Bohemians 1905,Slovácko,0 - 0,0 - 0,X,0,Yok
2023-05-20,2022,Czech Liga,Sparta Praha,Bohemians 1905,2 - 1,0 - 0,1,3,Evet
2023-05-20,2022,Czech Liga,Slovácko,Sigma Olomouc,2 - 2,1 - 0,X,4,Evet
2023-05-20,2022,Czech Liga,Slavia Praha,Plzen,2 - 1,1 - 0,1,3,Evet
2023-05-21,2022,Czech Liga,FK Jablonec,Zbrojovka Brno,1 - 0,1 - 0,1,1,Yok
2023-05-21,2022,Czech Liga,Baník Ostrava,Teplice,2 - 1,0 - 0,1,3,Evet
2023-05-21,2022,Czech Liga,Hradec Králové,Slovan Liberec,0 - 4,0 - 3,2,4,Yok
2023-05-21,2022,Czech Liga,Pardubice,Zlin,1 - 2,1 - 1,2,3,Evet
2023-05-23,2022,Czech Liga,Plzen,Bohemians 1905,0 - 2,0 - 2,2,2,Yok
2023-05-23,2022,Czech Liga,Sigma Olomouc,Slavia Praha,2 - 3,2 - 2,2,5,Evet
2023-05-23,2022,Czech Liga,Slovácko,Sparta Praha,0 - 0,0 - 0,X,0,Yok
2023-05-24,2022,Czech Liga,Zlin,Baník Ostrava,2 - 1,0 - 0,1,3,Evet
2023-05-24,2022,Czech Liga,Teplice,Zbrojovka Brno,1 - 1,0 - 1,X,2,Evet
2023-05-24,2022,Czech Liga,Pardubice,FK Jablonec,2 - 0,2 - 0,1,2,Yok
2023-05-26,2022,Czech Liga,Slovan Liberec,Hradec Králové,2 - 3,1 - 0,2,5,Evet
2023-05-27,2022,Czech Liga,Slavia Praha,Slovácko,4 - 0,2 - 0,1,4,Yok
2023-05-27,2022,Czech Liga,Sparta Praha,Plzen,0 - 1,0 - 0,2,1,Yok
2023-05-27,2022,Czech Liga,Bohemians 1905,Sigma Olomouc,0 - 1,0 - 0,2,1,Yok
2023-05-28,2022,Czech Liga,FK Jablonec,Teplice,0 - 2,0 - 1,2,2,Yok
2023-05-28,2022,Czech Liga,Baník Ostrava,Pardubice,2 - 4,1 - 1,2,6,Evet
2023-05-28,2022,Czech Liga,Zbrojovka Brno,Zlin,0 - 0,0 - 0,X,0,Yok
2023-06-01,2022,Czech Liga,Zlin,Vyškov,1 - 0,0 - 0,1,1,Yok
2023-06-01,2022,Czech Liga,Příbram,Pardubice,0 - 2,0 - 0,2,2,Yok
2023-06-04,2022,Czech Liga,Pardubice,Příbram,0 - 0,0 - 0,X,0,Yok
2023-06-04,2022,Czech Liga,Vyškov,Zlin,0 - 0,0 - 0,X,0,Yok
2021-07-24,2021,Czech Liga,FK Jablonec,Baník Ostrava,1 - 0,0 - 0,1,1,Yok
2021-07-24,2021,Czech Liga,Hradec Králové,Bohemians 1905,1 - 1,1 - 0,X,2,Evet
2021-07-24,2021,Czech Liga,Pardubice,Karviná,2 - 2,0 - 1,X,4,Evet
2021-07-24,2021,Czech Liga,Sparta Praha,Sigma Olomouc,3 - 2,1 - 1,1,5,Evet
2021-07-25,2021,Czech Liga,Plzen,Mlada Boleslav,2 - 1,2 - 0,1,3,Evet
2021-07-25,2021,Czech Liga,Slovan Liberec,Slovácko,0 - 1,0 - 1,2,1,Yok
2021-07-25,2021,Czech Liga,České Budějovice,Teplice,1 - 0,0 - 0,1,1,Yok
2021-07-25,2021,Czech Liga,Zlin,Slavia Praha,0 - 1,0 - 0,2,1,Yok
2021-07-30,2021,Czech Liga,Teplice,Slavia Praha,1 - 3,1 - 2,2,4,Evet
2021-07-31,2021,Czech Liga,Mlada Boleslav,FK Jablonec,3 - 0,2 - 0,1,3,Yok
2021-07-31,2021,Czech Liga,Sigma Olomouc,Pardubice,3 - 2,2 - 1,1,5,Evet
2021-07-31,2021,Czech Liga,Karviná,Hradec Králové,1 - 1,1 - 1,X,2,Evet
2021-07-31,2021,Czech Liga,Slovan Liberec,Sparta Praha,0 - 5,0 - 1,2,5,Yok
2021-08-01,2021,Czech Liga,Baník Ostrava,Zlin,5 - 1,4 - 0,1,6,Evet
2021-08-01,2021,Czech Liga,Slovácko,České Budějovice,1 - 0,0 - 0,1,1,Yok
2021-08-01,2021,Czech Liga,Bohemians 1905,Plzen,1 - 2,1 - 0,2,3,Evet
2021-08-07,2021,Czech Liga,Zlin,Teplice,3 - 0,1 - 0,1,3,Yok
2021-08-07,2021,Czech Liga,Sparta Praha,Karviná,2 - 0,1 - 0,1,2,Yok
2021-08-07,2021,Czech Liga,Hradec Králové,Slovan Liberec,1 - 1,0 - 1,X,2,Evet
2021-08-07,2021,Czech Liga,České Budějovice,Baník Ostrava,1 - 3,0 - 1,2,4,Evet
2021-08-08,2021,Czech Liga,FK Jablonec,Bohemians 1905,2 - 2,0 - 1,X,4,Evet
2021-08-08,2021,Czech Liga,Pardubice,Mlada Boleslav,1 - 1,1 - 0,X,2,Evet
2021-08-08,2021,Czech Liga,Plzen,Slovácko,2 - 1,0 - 1,1,3,Evet
2021-08-14,2021,Czech Liga,Sigma Olomouc,České Budějovice,3 - 3,0 - 2,X,6,Evet
2021-08-14,2021,Czech Liga,Mlada Boleslav,Slavia Praha,0 - 2,0 - 1,2,2,Yok
2021-08-14,2021,Czech Liga,Karviná,Zlin,2 - 3,1 - 0,2,5,Evet
2021-08-14,2021,Czech Liga,Bohemians 1905,Sparta Praha,1 - 1,1 - 0,X,2,Evet
2021-08-15,2021,Czech Liga,Baník Ostrava,Pardubice,3 - 1,0 - 0,1,4,Evet
2021-08-15,2021,Czech Liga,Slovácko,Hradec Králové,1 - 0,0 - 0,1,1,Yok
2021-08-15,2021,Czech Liga,Teplice,FK Jablonec,1 - 0,1 - 0,1,1,Yok
2021-08-15,2021,Czech Liga,Slovan Liberec,Plzen,0 - 1,0 - 0,2,1,Yok
2021-08-21,2021,Czech Liga,Zlin,Sigma Olomouc,1 - 4,0 - 1,2,5,Evet
2021-08-21,2021,Czech Liga,Mlada Boleslav,Teplice,3 - 1,2 - 1,1,4,Evet
2021-08-21,2021,Czech Liga,Pardubice,Bohemians 1905,3 - 0,1 - 0,1,3,Yok
2021-08-21,2021,Czech Liga,Sparta Praha,Hradec Králové,4 - 0,0 - 0,1,4,Yok
2021-08-22,2021,Czech Liga,Plzen,Karviná,2 - 0,1 - 0,1,2,Yok
2021-08-22,2021,Czech Liga,FK Jablonec,Slovácko,1 - 1,0 - 1,X,2,Evet
2021-08-22,2021,Czech Liga,České Budějovice,Slovan Liberec,1 - 0,1 - 0,1,1,Yok
2021-08-22,2021,Czech Liga,Slavia Praha,Baník Ostrava,4 - 0,2 - 0,1,4,Yok
2021-08-28,2021,Czech Liga,Slovan Liberec,Zlin,0 - 1,0 - 0,2,1,Yok
2021-08-28,2021,Czech Liga,Baník Ostrava,Mlada Boleslav,1 - 0,1 - 0,1,1,Yok
2021-08-28,2021,Czech Liga,Slovácko,Pardubice,2 - 1,2 - 0,1,3,Evet
2021-08-28,2021,Czech Liga,Sparta Praha,České Budějovice,1 - 0,1 - 0,1,1,Yok
2021-08-29,2021,Czech Liga,Sigma Olomouc,FK Jablonec,4 - 0,1 - 0,1,4,Yok
2021-08-29,2021,Czech Liga,Bohemians 1905,Teplice,4 - 2,2 - 1,1,6,Evet
2021-08-29,2021,Czech Liga,Hradec Králové,Plzen,1 - 0,0 - 0,1,1,Yok
2021-08-29,2021,Czech Liga,Karviná,Slavia Praha,3 - 3,1 - 2,X,6,Evet
2021-09-11,2021,Czech Liga,Zlin,Bohemians 1905,1 - 3,0 - 1,2,4,Evet
2021-09-11,2021,Czech Liga,Teplice,Baník Ostrava,1 - 2,0 - 0,2,3,Evet
2021-09-11,2021,Czech Liga,Pardubice,Slovan Liberec,2 - 2,0 - 2,X,4,Evet
2021-09-11,2021,Czech Liga,Plzen,Sparta Praha,3 - 2,2 - 1,1,5,Evet
2021-09-12,2021,Czech Liga,České Budějovice,Hradec Králové,0 - 1,0 - 0,2,1,Yok
2021-09-12,2021,Czech Liga,Mlada Boleslav,Sigma Olomouc,3 - 3,1 - 2,X,6,Evet
2021-09-12,2021,Czech Liga,FK Jablonec,Karviná,1 - 0,1 - 0,1,1,Yok
2021-09-12,2021,Czech Liga,Slavia Praha,Slovácko,2 - 1,1 - 0,1,3,Evet
2021-09-17,2021,Czech Liga,Sigma Olomouc,Baník Ostrava,1 - 1,1 - 0,X,2,Evet
2021-09-17,2021,Czech Liga,Hradec Králové,Pardubice,2 - 0,1 - 0,1,2,Yok
2021-09-18,2021,Czech Liga,Slovan Liberec,Mlada Boleslav,2 - 1,0 - 1,1,3,Evet
2021-09-18,2021,Czech Liga,Slovácko,Zlin,3 - 0,0 - 0,1,3,Yok
2021-09-18,2021,Czech Liga,Plzen,České Budějovice,2 - 1,0 - 0,1,3,Evet
2021-09-19,2021,Czech Liga,Sparta Praha,FK Jablonec,1 - 1,1 - 0,X,2,Evet
2021-09-19,2021,Czech Liga,Karviná,Teplice,1 - 1,0 - 0,X,2,Evet
2021-09-19,2021,Czech Liga,Bohemians 1905,Slavia Praha,1 - 5,1 - 0,2,6,Evet
2021-09-25,2021,Czech Liga,Baník Ostrava,Bohemians 1905,4 - 1,1 - 1,1,5,Evet
2021-09-25,2021,Czech Liga,Pardubice,Plzen,0 - 1,0 - 0,2,1,Yok
2021-09-25,2021,Czech Liga,České Budějovice,Karviná,3 - 1,2 - 1,1,4,Evet
2021-09-25,2021,Czech Liga,Zlin,Sparta Praha,2 - 5,1 - 2,2,7,Evet
2021-09-26,2021,Czech Liga,Mlada Boleslav,Slovácko,3 - 5,1 - 3,2,8,Evet
2021-09-26,2021,Czech Liga,FK Jablonec,Slovan Liberec,0 - 1,0 - 1,2,1,Yok
2021-09-26,2021,Czech Liga,Teplice,Sigma Olomouc,0 - 0,0 - 0,X,0,Yok
2021-09-26,2021,Czech Liga,Slavia Praha,Hradec Králové,4 - 1,2 - 0,1,5,Evet
2021-10-02,2021,Czech Liga,Bohemians 1905,Sigma Olomouc,2 - 0,2 - 0,1,2,Yok
2021-10-02,2021,Czech Liga,Slovácko,Teplice,3 - 2,1 - 1,1,5,Evet
2021-10-02,2021,Czech Liga,České Budějovice,Pardubice,3 - 1,2 - 1,1,4,Evet
2021-10-02,2021,Czech Liga,Plzen,Zlin,2 - 1,1 - 1,1,3,Evet
2021-10-03,2021,Czech Liga,Slovan Liberec,Baník Ostrava,0 - 2,0 - 1,2,2,Yok
2021-10-03,2021,Czech Liga,Karviná,Mlada Boleslav,0 - 1,0 - 0,2,1,Yok
2021-10-03,2021,Czech Liga,Hradec Králové,FK Jablonec,2 - 2,1 - 1,X,4,Evet
2021-10-03,2021,Czech Liga,Sparta Praha,Slavia Praha,1 - 0,1 - 0,1,1,Yok
2021-10-16,2021,Czech Liga,Mlada Boleslav,Bohemians 1905,4 - 1,0 - 0,1,5,Evet
2021-10-16,2021,Czech Liga,FK Jablonec,České Budějovice,2 - 2,1 - 2,X,4,Evet
2021-10-16,2021,Czech Liga,Baník Ostrava,Slovácko,1 - 2,1 - 1,2,3,Evet
2021-10-16,2021,Czech Liga,Slavia Praha,Slovan Liberec,3 - 1,1 - 0,1,4,Evet
2021-10-17,2021,Czech Liga,Zlin,Hradec Králové,2 - 3,0 - 1,2,5,Evet
2021-10-17,2021,Czech Liga,Sigma Olomouc,Karviná,2 - 0,1 - 0,1,2,Yok
2021-10-17,2021,Czech Liga,Teplice,Plzen,0 - 1,0 - 1,2,1,Yok
2021-10-17,2021,Czech Liga,Pardubice,Sparta Praha,2 - 4,0 - 3,2,6,Evet
2021-10-23,2021,Czech Liga,Slovan Liberec,Sigma Olomouc,2 - 0,1 - 0,1,2,Yok
2021-10-23,2021,Czech Liga,Slovácko,Bohemians 1905,1 - 0,0 - 0,1,1,Yok
2021-10-23,2021,Czech Liga,Pardubice,Zlin,0 - 0,0 - 0,X,0,Yok
2021-10-24,2021,Czech Liga,Plzen,FK Jablonec,5 - 0,2 - 0,1,5,Yok
2021-10-24,2021,Czech Liga,Hradec Králové,Teplice,3 - 0,2 - 0,1,3,Yok
2021-10-24,2021,Czech Liga,České Budějovice,Slavia Praha,2 - 2,2 - 0,X,4,Evet
2021-10-24,2021,Czech Liga,Sparta Praha,Mlada Boleslav,1 - 0,0 - 0,1,1,Yok
2021-10-27,2021,Czech Liga,Slavia Praha,Sigma Olomouc,1 - 0,1 - 0,1,1,Yok
2021-10-30,2021,Czech Liga,Zlin,České Budějovice,2 - 0,1 - 0,1,2,Yok
2021-10-30,2021,Czech Liga,Teplice,Slovan Liberec,1 - 2,1 - 1,2,3,Evet
2021-10-30,2021,Czech Liga,Sigma Olomouc,Slovácko,0 - 3,0 - 0,2,3,Yok
2021-10-31,2021,Czech Liga,Mlada Boleslav,Hradec Králové,3 - 2,2 - 1,1,5,Evet
2021-10-31,2021,Czech Liga,FK Jablonec,Pardubice,1 - 1,1 - 1,X,2,Evet
2021-10-31,2021,Czech Liga,Baník Ostrava,Sparta Praha,2 - 2,0 - 1,X,4,Evet
2021-10-31,2021,Czech Liga,Slavia Praha,Plzen,2 - 0,0 - 0,1,2,Yok
2021-11-06,2021,Czech Liga,Slovan Liberec,Bohemians 1905,2 - 1,0 - 0,1,3,Evet
2021-11-06,2021,Czech Liga,Hradec Králové,Baník Ostrava,1 - 1,0 - 0,X,2,Evet
2021-11-06,2021,Czech Liga,České Budějovice,Mlada Boleslav,2 - 1,1 - 1,1,3,Evet
2021-11-06,2021,Czech Liga,Plzen,Sigma Olomouc,0 - 0,0 - 0,X,0,Yok
2021-11-07,2021,Czech Liga,Zlin,FK Jablonec,0 - 0,0 - 0,X,0,Yok
2021-11-07,2021,Czech Liga,Karviná,Slovácko,2 - 2,1 - 1,X,4,Evet
2021-11-07,2021,Czech Liga,Pardubice,Slavia Praha,0 - 5,0 - 0,2,5,Yok
2021-11-07,2021,Czech Liga,Sparta Praha,Teplice,4 - 2,2 - 1,1,6,Evet
2021-11-20,2021,Czech Liga,Mlada Boleslav,Zlin,1 - 0,1 - 0,1,1,Yok
2021-11-20,2021,Czech Liga,Sigma Olomouc,Hradec Králové,2 - 2,1 - 0,X,4,Evet
2021-11-20,2021,Czech Liga,Bohemians 1905,České Budějovice,3 - 1,2 - 0,1,4,Evet
2021-11-20,2021,Czech Liga,Baník Ostrava,Plzen,2 - 2,0 - 2,X,4,Evet
2021-11-21,2021,Czech Liga,Karviná,Slovan Liberec,1 - 2,1 - 1,2,3,Evet
2021-11-21,2021,Czech Liga,Slovácko,Sparta Praha,4 - 0,2 - 0,1,4,Yok
2021-11-21,2021,Czech Liga,Teplice,Pardubice,1 - 2,0 - 1,2,3,Evet
2021-11-21,2021,Czech Liga,Slavia Praha,FK Jablonec,5 - 0,3 - 0,1,5,Yok
2021-11-24,2021,Czech Liga,Karviná,Baník Ostrava,1 - 2,0 - 0,2,3,Evet
2021-11-27,2021,Czech Liga,Zlin,Baník Ostrava,2 - 2,1 - 1,X,4,Evet
2021-11-27,2021,Czech Liga,Pardubice,Sigma Olomouc,1 - 5,1 - 2,2,6,Evet
2021-11-27,2021,Czech Liga,České Budějovice,Slovácko,3 - 2,0 - 1,1,5,Evet
2021-11-27,2021,Czech Liga,Plzen,Bohemians 1905,6 - 0,3 - 0,1,6,Yok
2021-11-28,2021,Czech Liga,Slavia Praha,Teplice,3 - 0,2 - 0,1,3,Yok
2021-11-28,2021,Czech Liga,FK Jablonec,Mlada Boleslav,0 - 1,0 - 0,2,1,Yok
2021-11-28,2021,Czech Liga,Hradec Králové,Karviná,1 - 0,1 - 0,1,1,Yok
2021-11-28,2021,Czech Liga,Sparta Praha,Slovan Liberec,2 - 1,1 - 1,1,3,Evet
2021-12-01,2021,Czech Liga,Bohemians 1905,Karviná,3 - 0,2 - 0,1,3,Yok
2021-12-04,2021,Czech Liga,Slovan Liberec,Hradec Králové,1 - 0,1 - 0,1,1,Yok
2021-12-04,2021,Czech Liga,Karviná,Sparta Praha,1 - 2,0 - 0,2,3,Evet
2021-12-04,2021,Czech Liga,Teplice,Zlin,4 - 1,0 - 0,1,5,Evet
2021-12-04,2021,Czech Liga,Sigma Olomouc,Slavia Praha,0 - 1,0 - 0,2,1,Yok
2021-12-05,2021,Czech Liga,Mlada Boleslav,Pardubice,2 - 3,0 - 3,2,5,Evet
2021-12-05,2021,Czech Liga,Baník Ostrava,České Budějovice,4 - 1,3 - 0,1,5,Evet
2021-12-05,2021,Czech Liga,Bohemians 1905,FK Jablonec,1 - 2,0 - 2,2,3,Evet
2021-12-05,2021,Czech Liga,Slovácko,Plzen,1 - 2,0 - 1,2,3,Evet
2021-12-11,2021,Czech Liga,Zlin,Karviná,2 - 1,1 - 1,1,3,Evet
2021-12-11,2021,Czech Liga,Hradec Králové,Slovácko,2 - 2,0 - 1,X,4,Evet
2021-12-11,2021,Czech Liga,Pardubice,Baník Ostrava,0 - 3,0 - 2,2,3,Yok
2021-12-11,2021,Czech Liga,Plzen,Slovan Liberec,2 - 0,2 - 0,1,2,Yok
2021-12-12,2021,Czech Liga,Slavia Praha,Mlada Boleslav,2 - 0,2 - 0,1,2,Yok
2021-12-12,2021,Czech Liga,FK Jablonec,Teplice,0 - 2,0 - 1,2,2,Yok
2021-12-12,2021,Czech Liga,České Budějovice,Sigma Olomouc,2 - 1,1 - 0,1,3,Evet
2021-12-12,2021,Czech Liga,Sparta Praha,Bohemians 1905,5 - 1,4 - 0,1,6,Evet
2021-12-18,2021,Czech Liga,Bohemians 1905,Pardubice,1 - 2,0 - 1,2,3,Evet
2021-12-18,2021,Czech Liga,Karviná,Plzen,0 - 1,0 - 1,2,1,Yok
2021-12-18,2021,Czech Liga,Slovácko,FK Jablonec,2 - 1,1 - 1,1,3,Evet
2021-12-18,2021,Czech Liga,Hradec Králové,Sparta Praha,0 - 1,0 - 0,2,1,Yok
2021-12-19,2021,Czech Liga,Slovan Liberec,České Budějovice,0 - 0,0 - 0,X,0,Yok
2021-12-19,2021,Czech Liga,Sigma Olomouc,Zlin,1 - 1,1 - 0,X,2,Evet
2021-12-19,2021,Czech Liga,Teplice,Mlada Boleslav,0 - 1,0 - 1,2,1,Yok
2021-12-19,2021,Czech Liga,Baník Ostrava,Slavia Praha,3 - 3,0 - 2,X,6,Evet
2022-02-05,2021,Czech Liga,Slavia Praha,Karviná,0 - 1,0 - 0,2,1,Yok
2022-02-05,2021,Czech Liga,FK Jablonec,Sigma Olomouc,1 - 0,0 - 0,1,1,Yok
2022-02-05,2021,Czech Liga,Teplice,Bohemians 1905,1 - 0,1 - 0,1,1,Yok
2022-02-05,2021,Czech Liga,České Budějovice,Sparta Praha,0 - 0,0 - 0,X,0,Yok
2022-02-06,2021,Czech Liga,Mlada Boleslav,Baník Ostrava,2 - 3,1 - 2,2,5,Evet
2022-02-06,2021,Czech Liga,Plzen,Hradec Králové,1 - 0,1 - 0,1,1,Yok
2022-02-12,2021,Czech Liga,Bohemians 1905,Zlin,1 - 0,1 - 0,1,1,Yok
2022-02-12,2021,Czech Liga,Hradec Králové,České Budějovice,2 - 2,1 - 1,X,4,Evet
2022-02-12,2021,Czech Liga,Baník Ostrava,Teplice,2 - 4,1 - 1,2,6,Evet
2022-02-13,2021,Czech Liga,Sigma Olomouc,Mlada Boleslav,2 - 1,0 - 0,1,3,Evet
2022-02-13,2021,Czech Liga,Karviná,FK Jablonec,1 - 1,0 - 0,X,2,Evet
2022-02-13,2021,Czech Liga,Slovácko,Slavia Praha,0 - 1,0 - 1,2,1,Yok
2022-02-13,2021,Czech Liga,Sparta Praha,Plzen,2 - 2,0 - 1,X,4,Evet
2022-02-15,2021,Czech Liga,Zlin,Slovan Liberec,2 - 0,0 - 0,1,2,Yok
2022-02-19,2021,Czech Liga,Zlin,Slovácko,1 - 0,0 - 0,1,1,Yok
2022-02-19,2021,Czech Liga,Baník Ostrava,Sigma Olomouc,1 - 0,0 - 0,1,1,Yok
2022-02-19,2021,Czech Liga,Pardubice,Hradec Králové,0 - 0,0 - 0,X,0,Yok
2022-02-19,2021,Czech Liga,České Budějovice,Plzen,0 - 1,0 - 0,2,1,Yok
2022-02-20,2021,Czech Liga,Mlada Boleslav,Slovan Liberec,3 - 3,1 - 2,X,6,Evet
2022-02-20,2021,Czech Liga,Teplice,Karviná,1 - 0,1 - 0,1,1,Yok
2022-02-20,2021,Czech Liga,Slavia Praha,Bohemians 1905,1 - 0,1 - 0,1,1,Yok
2022-02-22,2021,Czech Liga,Pardubice,Slovácko,0 - 0,0 - 0,X,0,Yok
2022-02-26,2021,Czech Liga,Slovan Liberec,FK Jablonec,1 - 1,0 - 0,X,2,Evet
2022-02-26,2021,Czech Liga,Bohemians 1905,Baník Ostrava,0 - 2,0 - 0,2,2,Yok
2022-02-26,2021,Czech Liga,Slovácko,Mlada Boleslav,2 - 1,0 - 1,1,3,Evet
2022-02-26,2021,Czech Liga,Plzen,Pardubice,4 - 0,2 - 0,1,4,Yok
2022-02-27,2021,Czech Liga,Sigma Olomouc,Teplice,0 - 0,0 - 0,X,0,Yok
2022-02-27,2021,Czech Liga,Karviná,České Budějovice,2 - 2,1 - 0,X,4,Evet
2022-02-27,2021,Czech Liga,Hradec Králové,Slavia Praha,1 - 5,0 - 4,2,6,Evet
2022-02-27,2021,Czech Liga,Sparta Praha,Zlin,2 - 0,0 - 0,1,2,Yok
2022-03-05,2021,Czech Liga,Zlin,Plzen,1 - 2,1 - 1,2,3,Evet
2022-03-05,2021,Czech Liga,Sigma Olomouc,Bohemians 1905,0 - 0,0 - 0,X,0,Yok
2022-03-05,2021,Czech Liga,Pardubice,České Budějovice,3 - 3,1 - 1,X,6,Evet
2022-03-05,2021,Czech Liga,Baník Ostrava,Slovan Liberec,1 - 1,1 - 0,X,2,Evet
2022-03-06,2021,Czech Liga,Mlada Boleslav,Karviná,1 - 0,1 - 0,1,1,Yok
2022-03-06,2021,Czech Liga,FK Jablonec,Hradec Králové,1 - 1,0 - 0,X,2,Evet
2022-03-06,2021,Czech Liga,Teplice,Slovácko,0 - 1,0 - 0,2,1,Yok
2022-03-06,2021,Czech Liga,Slavia Praha,Sparta Praha,2 - 0,1 - 0,1,2,Yok
2022-03-09,2021,Czech Liga,Slovan Liberec,Pardubice,4 - 1,3 - 1,1,5,Evet
2022-03-09,2021,Czech Liga,FK Jablonec,Sparta Praha,1 - 1,0 - 0,X,2,Evet
2022-03-12,2021,Czech Liga,Bohemians 1905,Mlada Boleslav,2 - 2,1 - 1,X,4,Evet
2022-03-12,2021,Czech Liga,Slovácko,Baník Ostrava,0 - 0,0 - 0,X,0,Yok
2022-03-12,2021,Czech Liga,Hradec Králové,Zlin,2 - 1,2 - 0,1,3,Evet
2022-03-12,2021,Czech Liga,Plzen,Teplice,1 - 0,1 - 0,1,1,Yok
2022-03-13,2021,Czech Liga,Slovan Liberec,Slavia Praha,1 - 0,1 - 0,1,1,Yok
2022-03-13,2021,Czech Liga,Karviná,Sigma Olomouc,1 - 2,0 - 1,2,3,Evet
2022-03-13,2021,Czech Liga,České Budějovice,FK Jablonec,2 - 0,2 - 0,1,2,Yok
2022-03-13,2021,Czech Liga,Sparta Praha,Pardubice,3 - 1,0 - 0,1,4,Evet
2022-03-19,2021,Czech Liga,Zlin,Pardubice,4 - 1,2 - 1,1,5,Evet
2022-03-19,2021,Czech Liga,Baník Ostrava,Karviná,1 - 3,0 - 3,2,4,Evet
2022-03-19,2021,Czech Liga,Bohemians 1905,Slovácko,1 - 2,1 - 1,2,3,Evet
2022-03-19,2021,Czech Liga,FK Jablonec,Plzen,0 - 0,0 - 0,X,0,Yok
2022-03-20,2021,Czech Liga,Mlada Boleslav,Sparta Praha,0 - 3,0 - 2,2,3,Yok
2022-03-20,2021,Czech Liga,Sigma Olomouc,Slovan Liberec,1 - 0,1 - 0,1,1,Yok
2022-03-20,2021,Czech Liga,Teplice,Hradec Králové,1 - 2,1 - 1,2,3,Evet
2022-03-20,2021,Czech Liga,Slavia Praha,České Budějovice,1 - 0,0 - 0,1,1,Yok
2022-04-02,2021,Czech Liga,Slovan Liberec,Teplice,0 - 1,0 - 0,2,1,Yok
2022-04-02,2021,Czech Liga,Slovácko,Sigma Olomouc,1 - 0,0 - 0,1,1,Yok
2022-04-02,2021,Czech Liga,České Budějovice,Zlin,2 - 2,1 - 1,X,4,Evet
2022-04-02,2021,Czech Liga,Sparta Praha,Baník Ostrava,2 - 1,2 - 1,1,3,Evet
2022-04-03,2021,Czech Liga,Karviná,Bohemians 1905,1 - 1,1 - 0,X,2,Evet
2022-04-03,2021,Czech Liga,Hradec Králové,Mlada Boleslav,2 - 2,1 - 1,X,4,Evet
2022-04-03,2021,Czech Liga,Pardubice,FK Jablonec,1 - 1,0 - 1,X,2,Evet
2022-04-03,2021,Czech Liga,Plzen,Slavia Praha,1 - 1,0 - 0,X,2,Evet
2022-04-09,2021,Czech Liga,Sigma Olomouc,Plzen,1 - 1,0 - 0,X,2,Evet
2022-04-09,2021,Czech Liga,Bohemians 1905,Slovan Liberec,0 - 0,0 - 0,X,0,Yok
2022-04-09,2021,Czech Liga,Slovácko,Karviná,3 - 1,1 - 0,1,4,Evet
2022-04-09,2021,Czech Liga,Teplice,Sparta Praha,0 - 3,0 - 0,2,3,Yok
2022-04-10,2021,Czech Liga,Mlada Boleslav,České Budějovice,2 - 0,1 - 0,1,2,Yok
2022-04-10,2021,Czech Liga,FK Jablonec,Zlin,1 - 1,0 - 1,X,2,Evet
2022-04-10,2021,Czech Liga,Baník Ostrava,Hradec Králové,0 - 0,0 - 0,X,0,Yok
2022-04-10,2021,Czech Liga,Slavia Praha,Pardubice,4 - 0,1 - 0,1,4,Yok
2022-04-17,2021,Czech Liga,Plzen,Baník Ostrava,2 - 1,1 - 0,1,3,Evet
2022-04-17,2021,Czech Liga,Zlin,Mlada Boleslav,1 - 2,0 - 1,2,3,Evet
2022-04-17,2021,Czech Liga,Sparta Praha,Slovácko,3 - 1,2 - 1,1,4,Evet
2022-04-17,2021,Czech Liga,Slovan Liberec,Karviná,2 - 1,1 - 1,1,3,Evet
2022-04-17,2021,Czech Liga,FK Jablonec,Slavia Praha,1 - 2,0 - 1,2,3,Evet
2022-04-17,2021,Czech Liga,Hradec Králové,Sigma Olomouc,3 - 0,1 - 0,1,3,Yok
2022-04-17,2021,Czech Liga,Pardubice,Teplice,2 - 0,1 - 0,1,2,Yok
2022-04-17,2021,Czech Liga,České Budějovice,Bohemians 1905,2 - 1,1 - 1,1,3,Evet
2022-04-20,2021,Czech Liga,Slavia Praha,Zlin,3 - 0,2 - 0,1,3,Yok
2022-04-20,2021,Czech Liga,Mlada Boleslav,Plzen,0 - 2,0 - 1,2,2,Yok
2022-04-20,2021,Czech Liga,Sigma Olomouc,Sparta Praha,2 - 0,2 - 0,1,2,Yok
2022-04-20,2021,Czech Liga,Baník Ostrava,FK Jablonec,1 - 0,1 - 0,1,1,Yok
2022-04-20,2021,Czech Liga,Bohemians 1905,Hradec Králové,1 - 1,0 - 0,X,2,Evet
2022-04-20,2021,Czech Liga,Karviná,Pardubice,3 - 2,1 - 1,1,5,Evet
2022-04-20,2021,Czech Liga,Slovácko,Slovan Liberec,2 - 0,1 - 0,1,2,Yok
2022-04-20,2021,Czech Liga,Teplice,České Budějovice,2 - 1,1 - 1,1,3,Evet
2022-04-23,2021,Czech Liga,FK Jablonec,Pardubice,0 - 1,0 - 0,2,1,Yok
2022-04-23,2021,Czech Liga,Karviná,Zlin,1 - 1,0 - 1,X,2,Evet
2022-04-23,2021,Czech Liga,Teplice,Bohemians 1905,2 - 2,0 - 1,X,4,Evet
2022-04-23,2021,Czech Liga,Sparta Praha,Baník Ostrava,3 - 1,1 - 0,1,4,Evet
2022-04-24,2021,Czech Liga,Plzen,Slovácko,3 - 1,2 - 1,1,4,Evet
2022-04-24,2021,Czech Liga,Sigma Olomouc,Slovan Liberec,1 - 0,1 - 0,1,1,Yok
2022-04-24,2021,Czech Liga,České Budějovice,Mlada Boleslav,2 - 3,1 - 3,2,5,Evet
2022-04-24,2021,Czech Liga,Hradec Králové,Slavia Praha,4 - 3,3 - 2,1,7,Evet
2022-04-30,2021,Czech Liga,Mlada Boleslav,České Budějovice,1 - 0,0 - 0,1,1,Yok
2022-04-30,2021,Czech Liga,Slovan Liberec,Sigma Olomouc,0 - 2,0 - 1,2,2,Yok
2022-04-30,2021,Czech Liga,Slovácko,Baník Ostrava,3 - 1,0 - 1,1,4,Evet
2022-04-30,2021,Czech Liga,Sparta Praha,Hradec Králové,1 - 1,0 - 0,X,2,Evet
2022-05-01,2021,Czech Liga,Zlin,Teplice,3 - 0,3 - 0,1,3,Yok
2022-05-01,2021,Czech Liga,FK Jablonec,Karviná,2 - 0,2 - 0,1,2,Yok
2022-05-01,2021,Czech Liga,Bohemians 1905,Pardubice,0 - 1,0 - 1,2,1,Yok
2022-05-01,2021,Czech Liga,Slavia Praha,Plzen,1 - 1,0 - 0,X,2,Evet
2022-05-06,2021,Czech Liga,Sigma Olomouc,Mlada Boleslav,1 - 2,0 - 1,2,3,Evet
2022-05-07,2021,Czech Liga,Zlin,Bohemians 1905,1 - 4,1 - 4,2,5,Evet
2022-05-07,2021,Czech Liga,Teplice,FK Jablonec,0 - 1,0 - 1,2,1,Yok
2022-05-07,2021,Czech Liga,Pardubice,Karviná,2 - 0,2 - 0,1,2,Yok
2022-05-07,2021,Czech Liga,Baník Ostrava,Hradec Králové,3 - 1,1 - 1,1,4,Evet
2022-05-08,2021,Czech Liga,Plzen,Sparta Praha,3 - 0,3 - 0,1,3,Yok
2022-05-08,2021,Czech Liga,Slavia Praha,Slovácko,3 - 0,1 - 0,1,3,Yok
2022-05-10,2021,Czech Liga,FK Jablonec,Bohemians 1905,1 - 1,1 - 0,X,2,Evet
2022-05-10,2021,Czech Liga,Karviná,Teplice,2 - 2,1 - 1,X,4,Evet
2022-05-10,2021,Czech Liga,Pardubice,Zlin,1 - 1,1 - 0,X,2,Evet
2022-05-11,2021,Czech Liga,Sparta Praha,Slovácko,1 - 2,1 - 0,2,3,Evet
2022-05-11,2021,Czech Liga,Baník Ostrava,Slavia Praha,1 - 1,1 - 1,X,2,Evet
2022-05-11,2021,Czech Liga,Hradec Králové,Plzen,0 - 2,0 - 1,2,2,Yok
2022-05-13,2021,Czech Liga,Mlada Boleslav,Sigma Olomouc,2 - 2,1 - 1,X,4,Evet
2022-05-14,2021,Czech Liga,Zlin,FK Jablonec,1 - 1,0 - 1,X,2,Evet
2022-05-14,2021,Czech Liga,Bohemians 1905,Karviná,4 - 0,2 - 0,1,4,Yok
2022-05-14,2021,Czech Liga,Teplice,Pardubice,0 - 2,0 - 1,2,2,Yok
2022-05-15,2021,Czech Liga,Slavia Praha,Sparta Praha,1 - 2,1 - 1,2,3,Evet
2022-05-15,2021,Czech Liga,Plzen,Baník Ostrava,1 - 0,1 - 0,1,1,Yok
2022-05-15,2021,Czech Liga,Slovácko,Hradec Králové,3 - 0,1 - 0,1,3,Yok
2022-05-19,2021,Czech Liga,Opava,Bohemians 1905,0 - 1,0 - 1,2,1,Yok
2022-05-19,2021,Czech Liga,Teplice,Vlašim,3 - 0,1 - 0,1,3,Yok
2022-05-22,2021,Czech Liga,Bohemians 1905,Opava,2 - 0,1 - 0,1,2,Yok
2022-05-22,2021,Czech Liga,Vlašim,Teplice,2 - 2,2 - 1,X,4,Evet
