Tarih,Sezon,Lig,Ev Sahibi,Deplasman,MS Skor,IY Skor,MS Sonucu,Toplam Gol,KG Var
2026-07-24,2026,Ekstraklasa,Radomiak Radom,Wieczysta Kraków,2 - 1,1 - 0,1,3,Evet
2026-07-24,2026,Ekstraklasa,Pogon Szczecin,Legia Warszawa,0 - 1,0 - 0,2,1,Yok
2026-07-25,2026,Ekstraklasa,Jagiellonia,Korona Kielce,1 - 0,0 - 0,1,1,Yok
2026-07-25,2026,Ekstraklasa,Gornik Zabrze,Slask Wroclaw,2 - 1,0 - 1,1,3,Evet
2026-07-25,2026,Ekstraklasa,Lech Poznan,Cracovia Krakow,0 - 0,0 - 0,X,0,Yok
2026-07-26,2026,Ekstraklasa,Raków Częstochowa,Wisla Plock,1 - 2,0 - 1,2,3,Evet
2026-07-26,2026,Ekstraklasa,Widzew Łódź,Motor Lublin,2 - 2,2 - 1,X,4,Evet
2026-07-26,2026,Ekstraklasa,Wisla Krakow,GKS Katowice,2 - 1,0 - 0,1,3,Evet
2026-07-27,2026,Ekstraklasa,Zaglebie Lubin,Piast Gliwice,2 - 0,0 - 0,1,2,Yok
2026-07-31,2026,Ekstraklasa,Wisla Plock,Widzew Łódź,0 - 0,0 - 0,X,0,Yok
2026-07-31,2026,Ekstraklasa,Motor Lublin,Jagiellonia,1 - 2,0 - 1,2,3,Evet
2026-08-01,2026,Ekstraklasa,Piast Gliwice,Wisla Krakow,4 - 3,2 - 1,1,7,Evet
2026-08-01,2026,Ekstraklasa,Wieczysta Kraków,Lech Poznan,1 - 2,0 - 2,2,3,Evet
2026-08-02,2026,Ekstraklasa,Legia Warszawa,Zaglebie Lubin,3 - 1,1 - 1,1,4,Evet
2026-08-02,2026,Ekstraklasa,Slask Wroclaw,Raków Częstochowa,2 - 1,0 - 0,1,3,Evet
2026-08-02,2026,Ekstraklasa,GKS Katowice,Radomiak Radom,3 - 1,0 - 1,1,4,Evet
2026-08-03,2026,Ekstraklasa,Cracovia Krakow,Pogon Szczecin,0 - 2,0 - 0,2,2,Yok
2026-08-07,2026,Ekstraklasa,Wisla Krakow,Wisla Plock,2 - 1,2 - 1,1,3,Evet
2026-08-08,2026,Ekstraklasa,Radomiak Radom,Gornik Zabrze,1 - 3,0 - 2,2,4,Evet
2026-08-08,2026,Ekstraklasa,Pogon Szczecin,Motor Lublin,3 - 1,2 - 0,1,4,Evet
2026-08-08,2026,Ekstraklasa,Korona Kielce,Legia Warszawa,1 - 1,0 - 1,X,2,Evet
2026-08-09,2026,Ekstraklasa,Slask Wroclaw,Cracovia Krakow,0 - 0,0 - 0,X,0,Yok
2026-08-09,2026,Ekstraklasa,Lech Poznan,Piast Gliwice,3 - 0,0 - 0,1,3,Yok
2026-08-09,2026,Ekstraklasa,Jagiellonia,Widzew Łódź,0 - 2,0 - 0,2,2,Yok
2026-08-14,2026,Ekstraklasa,Legia Warszawa,Radomiak Radom,5 - 0,4 - 0,1,5,Yok
2026-08-15,2026,Ekstraklasa,Zaglebie Lubin,Slask Wroclaw,2 - 1,0 - 1,1,3,Evet
2026-08-15,2026,Ekstraklasa,Piast Gliwice,Wieczysta Kraków,3 - 4,0 - 1,2,7,Evet
2026-08-15,2026,Ekstraklasa,Widzew Łódź,Korona Kielce,1 - 2,1 - 2,2,3,Evet
2026-08-16,2026,Ekstraklasa,Motor Lublin,GKS Katowice,1 - 0,0 - 0,1,1,Yok
2026-08-16,2026,Ekstraklasa,Cracovia Krakow,Raków Częstochowa,2 - 1,0 - 1,1,3,Evet
2026-08-16,2026,Ekstraklasa,Gornik Zabrze,Wisla Krakow,2 - 1,1 - 0,1,3,Evet
2026-08-21,2026,Ekstraklasa,Cracovia Krakow,Wieczysta Kraków,3 - 2,1 - 1,1,5,Evet
2026-08-22,2026,Ekstraklasa,Korona Kielce,Motor Lublin,1 - 1,1 - 1,X,2,Evet
2026-08-22,2026,Ekstraklasa,Piast Gliwice,Legia Warszawa,1 - 1,0 - 1,X,2,Evet
2026-08-22,2026,Ekstraklasa,Slask Wroclaw,Widzew Łódź,3 - 3,0 - 2,X,6,Evet
2026-08-23,2026,Ekstraklasa,Radomiak Radom,Zaglebie Lubin,0 - 0,0 - 0,X,0,Yok
2026-08-23,2026,Ekstraklasa,GKS Katowice,Wisla Plock,5 - 0,2 - 0,1,5,Yok
2026-08-23,2026,Ekstraklasa,Pogon Szczecin,Wisla Krakow,2 - 2,2 - 2,X,4,Evet
2026-08-28,2026,Ekstraklasa,Wisla Plock,Korona Kielce,0 - 2,0 - 1,2,2,Yok
2026-08-28,2026,Ekstraklasa,Legia Warszawa,Slask Wroclaw,1 - 1,0 - 1,X,2,Evet
2026-08-29,2026,Ekstraklasa,Radomiak Radom,Cracovia Krakow,2 - 1,0 - 0,1,3,Evet
2026-08-29,2026,Ekstraklasa,Motor Lublin,Piast Gliwice,0 - 2,0 - 0,2,2,Yok
2026-08-29,2026,Ekstraklasa,Wisla Krakow,Wieczysta Kraków,2 - 0,0 - 0,1,2,Yok
2026-08-29,2026,Ekstraklasa,Zaglebie Lubin,Pogon Szczecin,0 - 0,0 - 0,X,0,Yok
2026-08-30,2026,Ekstraklasa,Raków Częstochowa,Jagiellonia,2 - 5,1 - 2,2,7,Evet
2026-08-30,2026,Ekstraklasa,Gornik Zabrze,GKS Katowice,2 - 3,0 - 1,2,5,Evet
2026-08-30,2026,Ekstraklasa,Widzew Łódź,Lech Poznan,2 - 3,1 - 2,2,5,Evet
2026-09-03,2026,Ekstraklasa,Raków Częstochowa,Gornik Zabrze,1 - 2,0 - 2,2,3,Evet
2026-09-03,2026,Ekstraklasa,Lech Poznan,Jagiellonia,2 - 1,1 - 1,1,3,Evet
2026-09-04,2026,Ekstraklasa,Piast Gliwice,GKS Katowice,3 - 0,2 - 0,1,3,Yok
2026-09-05,2026,Ekstraklasa,Widzew Łódź,Radomiak Radom,0 - 0,0 - 0,X,0,Yok
2026-09-05,2026,Ekstraklasa,Korona Kielce,Wisla Krakow,1 - 1,1 - 0,X,2,Evet
2026-09-05,2026,Ekstraklasa,Motor Lublin,Legia Warszawa,2 - 3,0 - 1,2,5,Evet
2026-09-06,2026,Ekstraklasa,Cracovia Krakow,Gornik Zabrze,0 - 1,0 - 0,2,1,Yok
2026-09-06,2026,Ekstraklasa,Lech Poznan,Raków Częstochowa,1 - 0,0 - 0,1,1,Yok
2026-09-06,2026,Ekstraklasa,Jagiellonia,Slask Wroclaw,2 - 1,2 - 0,1,3,Evet
2026-09-07,2026,Ekstraklasa,Wieczysta Kraków,Zaglebie Lubin,1 - 1,0 - 0,X,2,Evet
2026-09-07,2026,Ekstraklasa,Pogon Szczecin,Wisla Plock,1 - 1,0 - 0,X,2,Evet
2026-09-11,2026,Ekstraklasa,Raków Częstochowa,Motor Lublin,2 - 1,1 - 1,1,3,Evet
2026-09-11,2026,Ekstraklasa,Wisla Krakow,Jagiellonia,2 - 0,1 - 0,1,2,Yok
2026-09-12,2026,Ekstraklasa,Slask Wroclaw,Korona Kielce,1 - 2,0 - 1,2,3,Evet
2026-09-12,2026,Ekstraklasa,Gornik Zabrze,Lech Poznan,2 - 1,0 - 1,1,3,Evet
2026-09-12,2026,Ekstraklasa,Zaglebie Lubin,GKS Katowice,2 - 1,1 - 0,1,3,Evet
2026-09-13,2026,Ekstraklasa,Wisla Plock,Cracovia Krakow,3 - 1,1 - 0,1,4,Evet
2026-09-13,2026,Ekstraklasa,Pogon Szczecin,Wieczysta Kraków,2 - 0,0 - 0,1,2,Yok
2026-09-13,2026,Ekstraklasa,Legia Warszawa,Widzew Łódź,1 - 1,1 - 1,X,2,Evet
2026-09-14,2026,Ekstraklasa,Radomiak Radom,Piast Gliwice,0 - 2,0 - 1,2,2,Yok
2026-09-15,2026,Ekstraklasa,Raków Częstochowa,Zaglebie Lubin,2 - 3,1 - 0,2,5,Evet
2026-09-15,2026,Ekstraklasa,Korona Kielce,Gornik Zabrze,0 - 2,0 - 1,2,2,Yok
2026-09-18,2026,Ekstraklasa,Widzew Łódź,Wieczysta Kraków,2 - 2,1 - 1,X,4,Evet
2026-09-18,2026,Ekstraklasa,Wisla Krakow,Slask Wroclaw,2 - 1,1 - 0,1,3,Evet
2026-09-19,2026,Ekstraklasa,Korona Kielce,Raków Częstochowa,3 - 2,2 - 0,1,5,Evet
2026-09-19,2026,Ekstraklasa,GKS Katowice,Cracovia Krakow,3 - 2,0 - 0,1,5,Evet
2026-09-19,2026,Ekstraklasa,Motor Lublin,Gornik Zabrze,0 - 0,0 - 0,X,0,Yok
2026-09-20,2026,Ekstraklasa,Piast Gliwice,Pogon Szczecin,1 - 2,1 - 1,2,3,Evet
2026-09-20,2026,Ekstraklasa,Zaglebie Lubin,Wisla Plock,0 - 2,0 - 1,2,2,Yok
2026-09-20,2026,Ekstraklasa,Jagiellonia,Legia Warszawa,1 - 3,1 - 2,2,4,Evet
2026-09-20,2026,Ekstraklasa,Lech Poznan,Radomiak Radom,5 - 1,3 - 1,1,6,Evet
2025-07-18,2025,Ekstraklasa,Jagiellonia,Nieciecza,0 - 4,0 - 3,2,4,Yok
2025-07-18,2025,Ekstraklasa,Lech Poznan,Cracovia Krakow,1 - 4,1 - 2,2,5,Evet
2025-07-19,2025,Ekstraklasa,Widzew Łódź,Zaglebie Lubin,1 - 0,1 - 0,1,1,Yok
2025-07-19,2025,Ekstraklasa,Wisla Plock,Korona Kielce,2 - 0,1 - 0,1,2,Yok
2025-07-19,2025,Ekstraklasa,GKS Katowice,Raków Częstochowa,0 - 1,0 - 0,2,1,Yok
2025-07-20,2025,Ekstraklasa,Gornik Zabrze,Lechia Gdansk,2 - 1,1 - 0,1,3,Evet
2025-07-20,2025,Ekstraklasa,Motor Lublin,Arka Gdynia,1 - 0,0 - 0,1,1,Yok
2025-07-20,2025,Ekstraklasa,Radomiak Radom,Pogon Szczecin,5 - 1,1 - 0,1,6,Evet
2025-07-25,2025,Ekstraklasa,Cracovia Krakow,Nieciecza,2 - 0,1 - 0,1,2,Yok
2025-07-25,2025,Ekstraklasa,Arka Gdynia,Radomiak Radom,1 - 1,1 - 0,X,2,Evet
2025-07-26,2025,Ekstraklasa,Piast Gliwice,Gornik Zabrze,0 - 1,0 - 0,2,1,Yok
2025-07-26,2025,Ekstraklasa,Pogon Szczecin,Motor Lublin,4 - 1,2 - 1,1,5,Evet
2025-07-26,2025,Ekstraklasa,Lechia Gdansk,Lech Poznan,3 - 4,2 - 0,2,7,Evet
2025-07-27,2025,Ekstraklasa,Raków Częstochowa,Wisla Plock,1 - 2,1 - 1,2,3,Evet
2025-07-27,2025,Ekstraklasa,Jagiellonia,Widzew Łódź,3 - 2,1 - 1,1,5,Evet
2025-07-27,2025,Ekstraklasa,Korona Kielce,Legia Warszawa,0 - 2,0 - 1,2,2,Yok
2025-07-28,2025,Ekstraklasa,GKS Katowice,Zaglebie Lubin,2 - 2,0 - 2,X,4,Evet
2025-08-01,2025,Ekstraklasa,Zaglebie Lubin,Korona Kielce,1 - 1,0 - 0,X,2,Evet
2025-08-01,2025,Ekstraklasa,Wisla Plock,Piast Gliwice,2 - 0,1 - 0,1,2,Yok
2025-08-02,2025,Ekstraklasa,Nieciecza,Pogon Szczecin,1 - 1,1 - 0,X,2,Evet
2025-08-02,2025,Ekstraklasa,Widzew Łódź,GKS Katowice,3 - 0,1 - 0,1,3,Yok
2025-08-02,2025,Ekstraklasa,Lech Poznan,Gornik Zabrze,2 - 1,0 - 0,1,3,Evet
2025-08-03,2025,Ekstraklasa,Cracovia Krakow,Lechia Gdansk,2 - 2,1 - 1,X,4,Evet
2025-08-03,2025,Ekstraklasa,Radomiak Radom,Raków Częstochowa,3 - 1,0 - 0,1,4,Evet
2025-08-03,2025,Ekstraklasa,Legia Warszawa,Arka Gdynia,0 - 0,0 - 0,X,0,Yok
2025-08-08,2025,Ekstraklasa,Korona Kielce,Radomiak Radom,3 - 0,2 - 0,1,3,Yok
2025-08-08,2025,Ekstraklasa,Gornik Zabrze,Nieciecza,0 - 1,0 - 1,2,1,Yok
2025-08-09,2025,Ekstraklasa,Arka Gdynia,Pogon Szczecin,2 - 1,1 - 1,1,3,Evet
2025-08-09,2025,Ekstraklasa,Widzew Łódź,Wisla Plock,1 - 1,1 - 1,X,2,Evet
2025-08-10,2025,Ekstraklasa,Jagiellonia,Cracovia Krakow,5 - 2,1 - 2,1,7,Evet
2025-08-10,2025,Ekstraklasa,Legia Warszawa,GKS Katowice,3 - 1,1 - 0,1,4,Evet
2025-08-11,2025,Ekstraklasa,Lechia Gdansk,Motor Lublin,3 - 3,2 - 2,X,6,Evet
2025-08-15,2025,Ekstraklasa,Zaglebie Lubin,Lechia Gdansk,6 - 2,2 - 1,1,8,Evet
2025-08-15,2025,Ekstraklasa,Cracovia Krakow,Widzew Łódź,1 - 0,0 - 0,1,1,Yok
2025-08-16,2025,Ekstraklasa,Motor Lublin,Piast Gliwice,0 - 0,0 - 0,X,0,Yok
2025-08-16,2025,Ekstraklasa,GKS Katowice,Arka Gdynia,4 - 1,2 - 1,1,5,Evet
2025-08-16,2025,Ekstraklasa,Lech Poznan,Korona Kielce,1 - 1,0 - 0,X,2,Evet
2025-08-17,2025,Ekstraklasa,Pogon Szczecin,Gornik Zabrze,0 - 3,0 - 0,2,3,Yok
2025-08-17,2025,Ekstraklasa,Radomiak Radom,Jagiellonia,1 - 2,1 - 1,2,3,Evet
2025-08-17,2025,Ekstraklasa,Wisla Plock,Legia Warszawa,1 - 0,1 - 0,1,1,Yok
2025-08-17,2025,Ekstraklasa,Nieciecza,Raków Częstochowa,2 - 3,1 - 1,2,5,Evet
2025-08-22,2025,Ekstraklasa,Radomiak Radom,Nieciecza,1 - 1,1 - 1,X,2,Evet
2025-08-22,2025,Ekstraklasa,Widzew Łódź,Pogon Szczecin,1 - 2,1 - 1,2,3,Evet
2025-08-23,2025,Ekstraklasa,Korona Kielce,Motor Lublin,2 - 0,0 - 0,1,2,Yok
2025-08-23,2025,Ekstraklasa,Gornik Zabrze,GKS Katowice,3 - 0,1 - 0,1,3,Yok
2025-08-24,2025,Ekstraklasa,Piast Gliwice,Cracovia Krakow,0 - 0,0 - 0,X,0,Yok
2025-08-24,2025,Ekstraklasa,Lechia Gdansk,Arka Gdynia,1 - 0,0 - 0,1,1,Yok
2025-08-25,2025,Ekstraklasa,Wisla Plock,Zaglebie Lubin,2 - 1,0 - 1,1,3,Evet
2025-08-29,2025,Ekstraklasa,Arka Gdynia,Wisla Plock,1 - 0,0 - 0,1,1,Yok
2025-08-29,2025,Ekstraklasa,GKS Katowice,Radomiak Radom,3 - 2,2 - 2,1,5,Evet
2025-08-30,2025,Ekstraklasa,Nieciecza,Korona Kielce,1 - 3,1 - 0,2,4,Evet
2025-08-30,2025,Ekstraklasa,Zaglebie Lubin,Piast Gliwice,2 - 2,1 - 1,X,4,Evet
2025-08-30,2025,Ekstraklasa,Gornik Zabrze,Motor Lublin,0 - 1,0 - 0,2,1,Yok
2025-08-31,2025,Ekstraklasa,Jagiellonia,Lechia Gdansk,2 - 0,2 - 0,1,2,Yok
2025-08-31,2025,Ekstraklasa,Lech Poznan,Widzew Łódź,2 - 1,1 - 0,1,3,Evet
2025-08-31,2025,Ekstraklasa,Pogon Szczecin,Raków Częstochowa,2 - 0,0 - 0,1,2,Yok
2025-08-31,2025,Ekstraklasa,Cracovia Krakow,Legia Warszawa,2 - 1,1 - 0,1,3,Evet
2025-09-12,2025,Ekstraklasa,Lechia Gdansk,GKS Katowice,2 - 0,1 - 0,1,2,Yok
2025-09-12,2025,Ekstraklasa,Lech Poznan,Zaglebie Lubin,1 - 2,1 - 1,2,3,Evet
2025-09-13,2025,Ekstraklasa,Korona Kielce,Pogon Szczecin,1 - 0,1 - 0,1,1,Yok
2025-09-13,2025,Ekstraklasa,Piast Gliwice,Jagiellonia,1 - 1,0 - 0,X,2,Evet
2025-09-14,2025,Ekstraklasa,Motor Lublin,Nieciecza,1 - 1,1 - 0,X,2,Evet
2025-09-14,2025,Ekstraklasa,Legia Warszawa,Radomiak Radom,4 - 1,1 - 0,1,5,Evet
2025-09-14,2025,Ekstraklasa,Widzew Łódź,Arka Gdynia,2 - 0,1 - 0,1,2,Yok
2025-09-15,2025,Ekstraklasa,Raków Częstochowa,Gornik Zabrze,0 - 1,0 - 1,2,1,Yok
2025-09-19,2025,Ekstraklasa,GKS Katowice,Cracovia Krakow,0 - 3,0 - 2,2,3,Yok
2025-09-19,2025,Ekstraklasa,Wisla Plock,Jagiellonia,0 - 1,0 - 0,2,1,Yok
2025-09-20,2025,Ekstraklasa,Radomiak Radom,Piast Gliwice,1 - 0,0 - 0,1,1,Yok
2025-09-20,2025,Ekstraklasa,Arka Gdynia,Korona Kielce,0 - 0,0 - 0,X,0,Yok
2025-09-20,2025,Ekstraklasa,Nieciecza,Lech Poznan,0 - 2,0 - 1,2,2,Yok
2025-09-20,2025,Ekstraklasa,Raków Częstochowa,Legia Warszawa,1 - 1,1 - 1,X,2,Evet
2025-09-21,2025,Ekstraklasa,Zaglebie Lubin,Motor Lublin,2 - 2,1 - 0,X,4,Evet
2025-09-21,2025,Ekstraklasa,Pogon Szczecin,Lechia Gdansk,3 - 4,2 - 1,2,7,Evet
2025-09-21,2025,Ekstraklasa,Gornik Zabrze,Widzew Łódź,3 - 2,2 - 1,1,5,Evet
2025-09-24,2025,Ekstraklasa,Raków Częstochowa,Lech Poznan,2 - 2,0 - 2,X,4,Evet
2025-09-24,2025,Ekstraklasa,Legia Warszawa,Jagiellonia,0 - 0,0 - 0,X,0,Yok
2025-09-26,2025,Ekstraklasa,Wisla Plock,GKS Katowice,1 - 1,1 - 0,X,2,Evet
2025-09-27,2025,Ekstraklasa,Korona Kielce,Lechia Gdansk,3 - 0,1 - 0,1,3,Yok
2025-09-27,2025,Ekstraklasa,Piast Gliwice,Nieciecza,4 - 2,1 - 2,1,6,Evet
2025-09-27,2025,Ekstraklasa,Cracovia Krakow,Gornik Zabrze,1 - 1,0 - 0,X,2,Evet
2025-09-28,2025,Ekstraklasa,Widzew Łódź,Raków Częstochowa,0 - 1,0 - 0,2,1,Yok
2025-09-28,2025,Ekstraklasa,Lech Poznan,Jagiellonia,2 - 2,0 - 1,X,4,Evet
2025-09-28,2025,Ekstraklasa,Legia Warszawa,Pogon Szczecin,1 - 0,1 - 0,1,1,Yok
2025-09-29,2025,Ekstraklasa,Zaglebie Lubin,Arka Gdynia,4 - 0,4 - 0,1,4,Yok
2025-09-29,2025,Ekstraklasa,Motor Lublin,Radomiak Radom,2 - 2,0 - 1,X,4,Evet
2025-10-03,2025,Ekstraklasa,Lechia Gdansk,Wisla Plock,1 - 1,1 - 0,X,2,Evet
2025-10-03,2025,Ekstraklasa,Pogon Szczecin,Piast Gliwice,2 - 1,1 - 1,1,3,Evet
2025-10-04,2025,Ekstraklasa,Nieciecza,Widzew Łódź,2 - 4,1 - 1,2,6,Evet
2025-10-04,2025,Ekstraklasa,Radomiak Radom,Zaglebie Lubin,3 - 1,2 - 0,1,4,Evet
2025-10-04,2025,Ekstraklasa,Arka Gdynia,Cracovia Krakow,2 - 1,1 - 0,1,3,Evet
2025-10-05,2025,Ekstraklasa,Jagiellonia,Korona Kielce,3 - 1,1 - 0,1,4,Evet
2025-10-05,2025,Ekstraklasa,Raków Częstochowa,Motor Lublin,2 - 0,1 - 0,1,2,Yok
2025-10-05,2025,Ekstraklasa,GKS Katowice,Lech Poznan,0 - 1,0 - 1,2,1,Yok
2025-10-05,2025,Ekstraklasa,Gornik Zabrze,Legia Warszawa,3 - 1,2 - 0,1,4,Evet
2025-10-17,2025,Ekstraklasa,Motor Lublin,GKS Katowice,2 - 5,2 - 2,2,7,Evet
2025-10-17,2025,Ekstraklasa,Widzew Łódź,Radomiak Radom,3 - 2,2 - 1,1,5,Evet
2025-10-18,2025,Ekstraklasa,Korona Kielce,Gornik Zabrze,1 - 1,1 - 0,X,2,Evet
2025-10-18,2025,Ekstraklasa,Jagiellonia,Arka Gdynia,4 - 0,1 - 0,1,4,Yok
2025-10-18,2025,Ekstraklasa,Cracovia Krakow,Raków Częstochowa,2 - 0,1 - 0,1,2,Yok
2025-10-19,2025,Ekstraklasa,Piast Gliwice,Lechia Gdansk,1 - 2,0 - 1,2,3,Evet
2025-10-19,2025,Ekstraklasa,Lech Poznan,Pogon Szczecin,2 - 2,0 - 1,X,4,Evet
2025-10-19,2025,Ekstraklasa,Zaglebie Lubin,Legia Warszawa,3 - 1,2 - 0,1,4,Evet
2025-10-20,2025,Ekstraklasa,Wisla Plock,Nieciecza,3 - 1,3 - 0,1,4,Evet
2025-10-24,2025,Ekstraklasa,Nieciecza,Zaglebie Lubin,1 - 1,0 - 0,X,2,Evet
2025-10-24,2025,Ekstraklasa,Motor Lublin,Widzew Łódź,3 - 0,1 - 0,1,3,Yok
2025-10-25,2025,Ekstraklasa,Arka Gdynia,Piast Gliwice,2 - 1,2 - 1,1,3,Evet
2025-10-25,2025,Ekstraklasa,Pogon Szczecin,Cracovia Krakow,2 - 1,0 - 1,1,3,Evet
2025-10-25,2025,Ekstraklasa,GKS Katowice,Korona Kielce,1 - 0,0 - 0,1,1,Yok
2025-10-26,2025,Ekstraklasa,Raków Częstochowa,Lechia Gdansk,2 - 1,1 - 1,1,3,Evet
2025-10-26,2025,Ekstraklasa,Gornik Zabrze,Jagiellonia,2 - 1,1 - 1,1,3,Evet
2025-10-26,2025,Ekstraklasa,Legia Warszawa,Lech Poznan,0 - 0,0 - 0,X,0,Yok
2025-10-27,2025,Ekstraklasa,Radomiak Radom,Wisla Plock,1 - 1,1 - 1,X,2,Evet
2025-10-31,2025,Ekstraklasa,Nieciecza,GKS Katowice,0 - 3,0 - 1,2,3,Yok
2025-10-31,2025,Ekstraklasa,Piast Gliwice,Korona Kielce,0 - 0,0 - 0,X,0,Yok
2025-11-02,2025,Ekstraklasa,Gornik Zabrze,Arka Gdynia,5 - 1,1 - 0,1,6,Evet
2025-11-02,2025,Ekstraklasa,Lech Poznan,Motor Lublin,2 - 2,2 - 2,X,4,Evet
2025-11-02,2025,Ekstraklasa,Jagiellonia,Raków Częstochowa,1 - 2,0 - 1,2,3,Evet
2025-11-02,2025,Ekstraklasa,Widzew Łódź,Legia Warszawa,1 - 1,0 - 0,X,2,Evet
2025-11-03,2025,Ekstraklasa,Wisla Plock,Pogon Szczecin,2 - 0,1 - 0,1,2,Yok
2025-11-03,2025,Ekstraklasa,Lechia Gdansk,Radomiak Radom,1 - 2,0 - 1,2,3,Evet
2025-11-03,2025,Ekstraklasa,Cracovia Krakow,Zaglebie Lubin,0 - 0,0 - 0,X,0,Yok
2025-11-07,2025,Ekstraklasa,Radomiak Radom,Cracovia Krakow,3 - 0,0 - 0,1,3,Yok
2025-11-07,2025,Ekstraklasa,Zaglebie Lubin,Gornik Zabrze,2 - 0,1 - 0,1,2,Yok
2025-11-08,2025,Ekstraklasa,Lechia Gdansk,Widzew Łódź,2 - 1,0 - 0,1,3,Evet
2025-11-08,2025,Ekstraklasa,Motor Lublin,Wisla Plock,1 - 1,1 - 0,X,2,Evet
2025-11-08,2025,Ekstraklasa,GKS Katowice,Piast Gliwice,1 - 3,0 - 2,2,4,Evet
2025-11-09,2025,Ekstraklasa,Legia Warszawa,Nieciecza,1 - 2,0 - 1,2,3,Evet
2025-11-09,2025,Ekstraklasa,Korona Kielce,Raków Częstochowa,1 - 4,1 - 2,2,5,Evet
2025-11-09,2025,Ekstraklasa,Pogon Szczecin,Jagiellonia,1 - 2,1 - 1,2,3,Evet
2025-11-09,2025,Ekstraklasa,Arka Gdynia,Lech Poznan,3 - 1,0 - 1,1,4,Evet
2025-11-21,2025,Ekstraklasa,Nieciecza,Arka Gdynia,2 - 0,1 - 0,1,2,Yok
2025-11-21,2025,Ekstraklasa,Gornik Zabrze,Wisla Plock,1 - 1,0 - 0,X,2,Evet
2025-11-22,2025,Ekstraklasa,Cracovia Krakow,Motor Lublin,1 - 2,0 - 0,2,3,Evet
2025-11-22,2025,Ekstraklasa,Raków Częstochowa,Piast Gliwice,1 - 3,0 - 1,2,4,Evet
2025-11-22,2025,Ekstraklasa,Legia Warszawa,Lechia Gdansk,2 - 2,0 - 1,X,4,Evet
2025-11-23,2025,Ekstraklasa,Lech Poznan,Radomiak Radom,4 - 1,1 - 0,1,5,Evet
2025-11-23,2025,Ekstraklasa,Widzew Łódź,Korona Kielce,1 - 3,0 - 2,2,4,Evet
2025-11-24,2025,Ekstraklasa,Pogon Szczecin,Zaglebie Lubin,5 - 1,3 - 0,1,6,Evet
2025-11-28,2025,Ekstraklasa,Piast Gliwice,Widzew Łódź,0 - 2,0 - 1,2,2,Yok
2025-11-28,2025,Ekstraklasa,Radomiak Radom,Gornik Zabrze,4 - 0,2 - 0,1,4,Yok
2025-11-29,2025,Ekstraklasa,Lechia Gdansk,Nieciecza,5 - 1,2 - 1,1,6,Evet
2025-11-29,2025,Ekstraklasa,Korona Kielce,Cracovia Krakow,0 - 1,0 - 0,2,1,Yok
2025-11-29,2025,Ekstraklasa,GKS Katowice,Pogon Szczecin,2 - 0,2 - 0,1,2,Yok
2025-11-30,2025,Ekstraklasa,Arka Gdynia,Raków Częstochowa,1 - 4,0 - 3,2,5,Evet
2025-11-30,2025,Ekstraklasa,Zaglebie Lubin,Jagiellonia,0 - 0,0 - 0,X,0,Yok
2025-11-30,2025,Ekstraklasa,Wisla Plock,Lech Poznan,0 - 0,0 - 0,X,0,Yok
2025-12-01,2025,Ekstraklasa,Motor Lublin,Legia Warszawa,1 - 1,1 - 1,X,2,Evet
2025-12-04,2025,Ekstraklasa,Wisla Plock,Cracovia Krakow,0 - 0,0 - 0,X,0,Yok
2025-12-05,2025,Ekstraklasa,Lechia Gdansk,Gornik Zabrze,5 - 2,3 - 2,1,7,Evet
2025-12-06,2025,Ekstraklasa,Arka Gdynia,Motor Lublin,1 - 0,0 - 0,1,1,Yok
2025-12-06,2025,Ekstraklasa,Pogon Szczecin,Radomiak Radom,2 - 2,2 - 0,X,4,Evet
2025-12-06,2025,Ekstraklasa,Zaglebie Lubin,Widzew Łódź,2 - 1,0 - 1,1,3,Evet
2025-12-06,2025,Ekstraklasa,Piast Gliwice,Legia Warszawa,2 - 0,0 - 0,1,2,Yok
2025-12-07,2025,Ekstraklasa,Nieciecza,Jagiellonia,2 - 1,1 - 1,1,3,Evet
2025-12-07,2025,Ekstraklasa,Cracovia Krakow,Lech Poznan,2 - 2,1 - 1,X,4,Evet
2025-12-07,2025,Ekstraklasa,Raków Częstochowa,GKS Katowice,1 - 0,0 - 0,1,1,Yok
2025-12-08,2025,Ekstraklasa,Korona Kielce,Wisla Plock,1 - 1,0 - 1,X,2,Evet
2025-12-14,2025,Ekstraklasa,Raków Częstochowa,Zaglebie Lubin,0 - 1,0 - 0,2,1,Yok
2025-12-14,2025,Ekstraklasa,Motor Lublin,Jagiellonia,1 - 1,1 - 1,X,2,Evet
2025-12-14,2025,Ekstraklasa,Legia Warszawa,Piast Gliwice,0 - 1,0 - 0,2,1,Yok
2026-01-30,2025,Ekstraklasa,Zaglebie Lubin,GKS Katowice,0 - 2,0 - 1,2,2,Yok
2026-01-31,2025,Ekstraklasa,Gornik Zabrze,Piast Gliwice,2 - 1,1 - 1,1,3,Evet
2026-01-31,2025,Ekstraklasa,Widzew Łódź,Jagiellonia,1 - 3,0 - 1,2,4,Evet
2026-01-31,2025,Ekstraklasa,Lech Poznan,Lechia Gdansk,1 - 3,1 - 1,2,4,Evet
2026-02-01,2025,Ekstraklasa,Motor Lublin,Pogon Szczecin,2 - 1,2 - 1,1,3,Evet
2026-02-01,2025,Ekstraklasa,Wisla Plock,Raków Częstochowa,2 - 1,1 - 0,1,3,Evet
2026-02-01,2025,Ekstraklasa,Legia Warszawa,Korona Kielce,1 - 2,0 - 1,2,3,Evet
2026-02-02,2025,Ekstraklasa,Nieciecza,Cracovia Krakow,0 - 1,0 - 0,2,1,Yok
2026-02-03,2025,Ekstraklasa,Piast Gliwice,Lech Poznan,1 - 0,0 - 0,1,1,Yok
2026-02-06,2025,Ekstraklasa,Korona Kielce,Zaglebie Lubin,1 - 2,1 - 0,2,3,Evet
2026-02-06,2025,Ekstraklasa,Lechia Gdansk,Cracovia Krakow,1 - 1,1 - 0,X,2,Evet
2026-02-07,2025,Ekstraklasa,Arka Gdynia,Legia Warszawa,2 - 2,1 - 0,X,4,Evet
2026-02-07,2025,Ekstraklasa,Jagiellonia,Motor Lublin,4 - 1,1 - 1,1,5,Evet
2026-02-07,2025,Ekstraklasa,Gornik Zabrze,Lech Poznan,0 - 1,0 - 1,2,1,Yok
2026-02-08,2025,Ekstraklasa,Pogon Szczecin,Nieciecza,1 - 1,1 - 0,X,2,Evet
2026-02-08,2025,Ekstraklasa,Raków Częstochowa,Radomiak Radom,0 - 0,0 - 0,X,0,Yok
2026-02-08,2025,Ekstraklasa,GKS Katowice,Widzew Łódź,1 - 0,1 - 0,1,1,Yok
2026-02-09,2025,Ekstraklasa,Piast Gliwice,Wisla Plock,1 - 0,0 - 0,1,1,Yok
2026-02-13,2025,Ekstraklasa,Radomiak Radom,Korona Kielce,0 - 2,0 - 2,2,2,Yok
2026-02-13,2025,Ekstraklasa,GKS Katowice,Legia Warszawa,1 - 1,1 - 1,X,2,Evet
2026-02-14,2025,Ekstraklasa,Cracovia Krakow,Jagiellonia,0 - 0,0 - 0,X,0,Yok
2026-02-14,2025,Ekstraklasa,Zaglebie Lubin,Raków Częstochowa,0 - 0,0 - 0,X,0,Yok
2026-02-14,2025,Ekstraklasa,Wisla Plock,Widzew Łódź,0 - 2,0 - 1,2,2,Yok
2026-02-15,2025,Ekstraklasa,Motor Lublin,Lechia Gdansk,2 - 3,1 - 2,2,5,Evet
2026-02-15,2025,Ekstraklasa,Pogon Szczecin,Arka Gdynia,1 - 0,1 - 0,1,1,Yok
2026-02-15,2025,Ekstraklasa,Lech Poznan,Piast Gliwice,3 - 0,2 - 0,1,3,Yok
2026-02-16,2025,Ekstraklasa,Nieciecza,Gornik Zabrze,1 - 1,1 - 1,X,2,Evet
2026-02-20,2025,Ekstraklasa,Piast Gliwice,Motor Lublin,1 - 2,0 - 1,2,3,Evet
2026-02-20,2025,Ekstraklasa,Widzew Łódź,Cracovia Krakow,0 - 0,0 - 0,X,0,Yok
2026-02-21,2025,Ekstraklasa,Raków Częstochowa,Nieciecza,1 - 0,1 - 0,1,1,Yok
2026-02-21,2025,Ekstraklasa,Gornik Zabrze,Pogon Szczecin,0 - 1,0 - 0,2,1,Yok
2026-02-21,2025,Ekstraklasa,Legia Warszawa,Wisla Plock,2 - 1,1 - 0,1,3,Evet
2026-02-22,2025,Ekstraklasa,Arka Gdynia,GKS Katowice,2 - 1,2 - 1,1,3,Evet
2026-02-22,2025,Ekstraklasa,Jagiellonia,Radomiak Radom,1 - 1,0 - 0,X,2,Evet
2026-02-22,2025,Ekstraklasa,Korona Kielce,Lech Poznan,1 - 2,0 - 2,2,3,Evet
2026-02-23,2025,Ekstraklasa,Lechia Gdansk,Zaglebie Lubin,0 - 2,0 - 2,2,2,Yok
2026-02-27,2025,Ekstraklasa,Cracovia Krakow,Piast Gliwice,2 - 3,1 - 0,2,5,Evet
2026-02-27,2025,Ekstraklasa,Arka Gdynia,Lechia Gdansk,2 - 2,1 - 0,X,4,Evet
2026-02-28,2025,Ekstraklasa,Pogon Szczecin,Widzew Łódź,1 - 0,0 - 0,1,1,Yok
2026-02-28,2025,Ekstraklasa,Motor Lublin,Korona Kielce,2 - 0,2 - 0,1,2,Yok
2026-02-28,2025,Ekstraklasa,GKS Katowice,Gornik Zabrze,3 - 1,1 - 1,1,4,Evet
2026-03-01,2025,Ekstraklasa,Nieciecza,Radomiak Radom,1 - 1,0 - 0,X,2,Evet
2026-03-01,2025,Ekstraklasa,Jagiellonia,Legia Warszawa,2 - 2,2 - 1,X,4,Evet
2026-03-01,2025,Ekstraklasa,Lech Poznan,Raków Częstochowa,4 - 3,2 - 2,1,7,Evet
2026-03-02,2025,Ekstraklasa,Zaglebie Lubin,Wisla Plock,2 - 0,1 - 0,1,2,Yok
2026-03-05,2025,Ekstraklasa,Radomiak Radom,Arka Gdynia,3 - 1,2 - 0,1,4,Evet
2026-03-06,2025,Ekstraklasa,Lechia Gdansk,Jagiellonia,3 - 0,1 - 0,1,3,Yok
2026-03-07,2025,Ekstraklasa,Korona Kielce,Nieciecza,2 - 1,1 - 0,1,3,Evet
2026-03-07,2025,Ekstraklasa,Piast Gliwice,Zaglebie Lubin,1 - 3,1 - 1,2,4,Evet
2026-03-07,2025,Ekstraklasa,Widzew Łódź,Lech Poznan,2 - 1,1 - 1,1,3,Evet
2026-03-08,2025,Ekstraklasa,Motor Lublin,Gornik Zabrze,0 - 0,0 - 0,X,0,Yok
2026-03-08,2025,Ekstraklasa,Radomiak Radom,GKS Katowice,0 - 1,0 - 1,2,1,Yok
2026-03-08,2025,Ekstraklasa,Raków Częstochowa,Pogon Szczecin,2 - 0,1 - 0,1,2,Yok
2026-03-08,2025,Ekstraklasa,Legia Warszawa,Cracovia Krakow,1 - 0,1 - 0,1,1,Yok
2026-03-09,2025,Ekstraklasa,Wisla Plock,Arka Gdynia,0 - 3,0 - 0,2,3,Yok
2026-03-13,2025,Ekstraklasa,Nieciecza,Motor Lublin,1 - 2,1 - 2,2,3,Evet
2026-03-13,2025,Ekstraklasa,Radomiak Radom,Legia Warszawa,1 - 1,1 - 1,X,2,Evet
2026-03-14,2025,Ekstraklasa,Jagiellonia,Piast Gliwice,1 - 2,0 - 1,2,3,Evet
2026-03-14,2025,Ekstraklasa,GKS Katowice,Lechia Gdansk,2 - 0,1 - 0,1,2,Yok
2026-03-14,2025,Ekstraklasa,Cracovia Krakow,Wisla Plock,1 - 2,0 - 0,2,3,Evet
2026-03-15,2025,Ekstraklasa,Arka Gdynia,Widzew Łódź,0 - 0,0 - 0,X,0,Yok
2026-03-15,2025,Ekstraklasa,Zaglebie Lubin,Lech Poznan,0 - 1,0 - 1,2,1,Yok
2026-03-15,2025,Ekstraklasa,Gornik Zabrze,Raków Częstochowa,3 - 1,2 - 0,1,4,Evet
2026-03-16,2025,Ekstraklasa,Pogon Szczecin,Korona Kielce,2 - 1,0 - 1,1,3,Evet
2026-03-17,2025,Ekstraklasa,Jagiellonia,GKS Katowice,2 - 1,2 - 0,1,3,Evet
2026-03-20,2025,Ekstraklasa,Piast Gliwice,Radomiak Radom,3 - 1,1 - 0,1,4,Evet
2026-03-20,2025,Ekstraklasa,Motor Lublin,Zaglebie Lubin,1 - 0,0 - 0,1,1,Yok
2026-03-21,2025,Ekstraklasa,Cracovia Krakow,GKS Katowice,1 - 0,0 - 0,1,1,Yok
2026-03-21,2025,Ekstraklasa,Lechia Gdansk,Pogon Szczecin,2 - 1,1 - 1,1,3,Evet
2026-03-21,2025,Ekstraklasa,Jagiellonia,Wisla Plock,1 - 2,1 - 2,2,3,Evet
2026-03-22,2025,Ekstraklasa,Korona Kielce,Arka Gdynia,3 - 0,3 - 0,1,3,Yok
2026-03-22,2025,Ekstraklasa,Lech Poznan,Nieciecza,4 - 1,3 - 0,1,5,Evet
2026-03-22,2025,Ekstraklasa,Widzew Łódź,Gornik Zabrze,0 - 0,0 - 0,X,0,Yok
2026-03-22,2025,Ekstraklasa,Legia Warszawa,Raków Częstochowa,1 - 1,0 - 1,X,2,Evet
2026-04-04,2025,Ekstraklasa,GKS Katowice,Wisla Plock,1 - 0,0 - 0,1,1,Yok
2026-04-04,2025,Ekstraklasa,Raków Częstochowa,Widzew Łódź,1 - 1,0 - 0,X,2,Evet
2026-04-04,2025,Ekstraklasa,Gornik Zabrze,Cracovia Krakow,3 - 0,1 - 0,1,3,Yok
2026-04-04,2025,Ekstraklasa,Jagiellonia,Lech Poznan,0 - 0,0 - 0,X,0,Yok
2026-04-06,2025,Ekstraklasa,Nieciecza,Piast Gliwice,3 - 2,2 - 0,1,5,Evet
2026-04-06,2025,Ekstraklasa,Radomiak Radom,Motor Lublin,1 - 1,0 - 1,X,2,Evet
2026-04-06,2025,Ekstraklasa,Pogon Szczecin,Legia Warszawa,0 - 2,0 - 1,2,2,Yok
2026-04-06,2025,Ekstraklasa,Lechia Gdansk,Korona Kielce,4 - 2,2 - 0,1,6,Evet
2026-04-07,2025,Ekstraklasa,Arka Gdynia,Zaglebie Lubin,3 - 1,2 - 0,1,4,Evet
2026-04-10,2025,Ekstraklasa,Wisla Plock,Lechia Gdansk,1 - 0,1 - 0,1,1,Yok
2026-04-10,2025,Ekstraklasa,Korona Kielce,Jagiellonia,1 - 1,1 - 1,X,2,Evet
2026-04-11,2025,Ekstraklasa,Widzew Łódź,Nieciecza,1 - 0,0 - 0,1,1,Yok
2026-04-11,2025,Ekstraklasa,Zaglebie Lubin,Radomiak Radom,1 - 0,1 - 0,1,1,Yok
2026-04-11,2025,Ekstraklasa,Legia Warszawa,Gornik Zabrze,1 - 1,0 - 0,X,2,Evet
2026-04-12,2025,Ekstraklasa,Cracovia Krakow,Arka Gdynia,2 - 2,1 - 1,X,4,Evet
2026-04-12,2025,Ekstraklasa,Motor Lublin,Raków Częstochowa,1 - 1,0 - 0,X,2,Evet
2026-04-12,2025,Ekstraklasa,Lech Poznan,GKS Katowice,3 - 3,0 - 1,X,6,Evet
2026-04-13,2025,Ekstraklasa,Piast Gliwice,Pogon Szczecin,0 - 2,0 - 2,2,2,Yok
2026-04-17,2025,Ekstraklasa,GKS Katowice,Motor Lublin,3 - 2,3 - 1,1,5,Evet
2026-04-17,2025,Ekstraklasa,Legia Warszawa,Zaglebie Lubin,1 - 0,1 - 0,1,1,Yok
2026-04-18,2025,Ekstraklasa,Radomiak Radom,Widzew Łódź,2 - 1,0 - 0,1,3,Evet
2026-04-18,2025,Ekstraklasa,Gornik Zabrze,Korona Kielce,1 - 0,0 - 0,1,1,Yok
2026-04-18,2025,Ekstraklasa,Pogon Szczecin,Lech Poznan,1 - 2,0 - 1,2,3,Evet
2026-04-19,2025,Ekstraklasa,Nieciecza,Wisla Plock,1 - 3,0 - 2,2,4,Evet
2026-04-19,2025,Ekstraklasa,Raków Częstochowa,Cracovia Krakow,4 - 1,2 - 0,1,5,Evet
2026-04-19,2025,Ekstraklasa,Arka Gdynia,Jagiellonia,0 - 3,0 - 2,2,3,Yok
2026-04-20,2025,Ekstraklasa,Lechia Gdansk,Piast Gliwice,1 - 1,0 - 0,X,2,Evet
2026-04-24,2025,Ekstraklasa,Zaglebie Lubin,Nieciecza,1 - 2,1 - 0,2,3,Evet
2026-04-24,2025,Ekstraklasa,Jagiellonia,Gornik Zabrze,1 - 2,0 - 0,2,3,Evet
2026-04-25,2025,Ekstraklasa,Korona Kielce,GKS Katowice,1 - 1,0 - 1,X,2,Evet
2026-04-25,2025,Ekstraklasa,Lechia Gdansk,Raków Częstochowa,1 - 2,1 - 1,2,3,Evet
2026-04-25,2025,Ekstraklasa,Cracovia Krakow,Pogon Szczecin,1 - 1,0 - 1,X,2,Evet
2026-04-26,2025,Ekstraklasa,Wisla Plock,Radomiak Radom,0 - 1,0 - 0,2,1,Yok
2026-04-26,2025,Ekstraklasa,Widzew Łódź,Motor Lublin,2 - 0,1 - 0,1,2,Yok
2026-04-26,2025,Ekstraklasa,Lech Poznan,Legia Warszawa,4 - 0,4 - 0,1,4,Yok
2026-04-27,2025,Ekstraklasa,Piast Gliwice,Arka Gdynia,4 - 1,1 - 0,1,5,Evet
2026-05-01,2025,Ekstraklasa,Korona Kielce,Piast Gliwice,1 - 1,0 - 0,X,2,Evet
2026-05-01,2025,Ekstraklasa,Legia Warszawa,Widzew Łódź,1 - 0,0 - 0,1,1,Yok
2026-05-02,2025,Ekstraklasa,Motor Lublin,Lech Poznan,0 - 1,0 - 1,2,1,Yok
2026-05-03,2025,Ekstraklasa,GKS Katowice,Nieciecza,5 - 1,3 - 1,1,6,Evet
2026-05-03,2025,Ekstraklasa,Zaglebie Lubin,Cracovia Krakow,0 - 0,0 - 0,X,0,Yok
2026-05-03,2025,Ekstraklasa,Pogon Szczecin,Wisla Plock,3 - 0,1 - 0,1,3,Yok
2026-05-04,2025,Ekstraklasa,Radomiak Radom,Lechia Gdansk,3 - 1,2 - 0,1,4,Evet
2026-05-08,2025,Ekstraklasa,Raków Częstochowa,Korona Kielce,2 - 0,0 - 0,1,2,Yok
2026-05-08,2025,Ekstraklasa,Lech Poznan,Arka Gdynia,1 - 1,0 - 0,X,2,Evet
2026-05-09,2025,Ekstraklasa,Widzew Łódź,Lechia Gdansk,3 - 1,3 - 0,1,4,Evet
2026-05-09,2025,Ekstraklasa,Jagiellonia,Pogon Szczecin,3 - 2,2 - 1,1,5,Evet
2026-05-09,2025,Ekstraklasa,Gornik Zabrze,Zaglebie Lubin,0 - 2,0 - 0,2,2,Yok
2026-05-10,2025,Ekstraklasa,Piast Gliwice,GKS Katowice,0 - 0,0 - 0,X,0,Yok
2026-05-10,2025,Ekstraklasa,Wisla Plock,Motor Lublin,0 - 4,0 - 2,2,4,Yok
2026-05-10,2025,Ekstraklasa,Nieciecza,Legia Warszawa,0 - 1,0 - 1,2,1,Yok
2026-05-11,2025,Ekstraklasa,Cracovia Krakow,Radomiak Radom,0 - 0,0 - 0,X,0,Yok
2026-05-13,2025,Ekstraklasa,Arka Gdynia,Gornik Zabrze,0 - 0,0 - 0,X,0,Yok
2026-05-13,2025,Ekstraklasa,Raków Częstochowa,Jagiellonia,0 - 2,0 - 1,2,2,Yok
2026-05-15,2025,Ekstraklasa,Zaglebie Lubin,Pogon Szczecin,0 - 1,0 - 0,2,1,Yok
2026-05-15,2025,Ekstraklasa,Korona Kielce,Widzew Łódź,1 - 0,0 - 0,1,1,Yok
2026-05-16,2025,Ekstraklasa,Motor Lublin,Cracovia Krakow,3 - 3,1 - 1,X,6,Evet
2026-05-16,2025,Ekstraklasa,Wisla Plock,Gornik Zabrze,0 - 1,0 - 0,2,1,Yok
2026-05-16,2025,Ekstraklasa,Radomiak Radom,Lech Poznan,1 - 3,1 - 2,2,4,Evet
2026-05-17,2025,Ekstraklasa,Piast Gliwice,Raków Częstochowa,1 - 3,0 - 3,2,4,Evet
2026-05-17,2025,Ekstraklasa,GKS Katowice,Jagiellonia,2 - 2,1 - 1,X,4,Evet
2026-05-17,2025,Ekstraklasa,Lechia Gdansk,Legia Warszawa,1 - 2,0 - 1,2,3,Evet
2026-05-18,2025,Ekstraklasa,Arka Gdynia,Nieciecza,2 - 3,1 - 1,2,5,Evet
2026-05-23,2025,Ekstraklasa,Jagiellonia,Zaglebie Lubin,1 - 0,1 - 0,1,1,Yok
2026-05-23,2025,Ekstraklasa,Legia Warszawa,Motor Lublin,4 - 0,2 - 0,1,4,Yok
2026-05-23,2025,Ekstraklasa,Gornik Zabrze,Radomiak Radom,6 - 2,5 - 0,1,8,Evet
2026-05-23,2025,Ekstraklasa,Lech Poznan,Wisla Plock,2 - 2,1 - 0,X,4,Evet
2026-05-23,2025,Ekstraklasa,Pogon Szczecin,GKS Katowice,1 - 1,1 - 0,X,2,Evet
2026-05-23,2025,Ekstraklasa,Cracovia Krakow,Korona Kielce,1 - 1,1 - 1,X,2,Evet
2026-05-23,2025,Ekstraklasa,Nieciecza,Lechia Gdansk,3 - 2,2 - 0,1,5,Evet
2026-05-23,2025,Ekstraklasa,Raków Częstochowa,Arka Gdynia,3 - 0,1 - 0,1,3,Yok
2026-05-23,2025,Ekstraklasa,Widzew Łódź,Piast Gliwice,2 - 1,1 - 0,1,3,Evet
2024-07-19,2024,Ekstraklasa,Jagiellonia,Puszcza Niepołomice,2 - 0,0 - 0,1,2,Yok
2024-07-19,2024,Ekstraklasa,Slask Wroclaw,Lechia Gdansk,1 - 1,0 - 1,X,2,Evet
2024-07-20,2024,Ekstraklasa,GKS Katowice,Radomiak Radom,1 - 2,0 - 2,2,3,Evet
2024-07-20,2024,Ekstraklasa,Pogon Szczecin,Korona Kielce,3 - 0,1 - 0,1,3,Yok
2024-07-20,2024,Ekstraklasa,Legia Warszawa,Zaglebie Lubin,2 - 0,0 - 0,1,2,Yok
2024-07-21,2024,Ekstraklasa,Cracovia Krakow,Piast Gliwice,1 - 1,0 - 1,X,2,Evet
2024-07-21,2024,Ekstraklasa,Lech Poznan,Gornik Zabrze,2 - 0,1 - 0,1,2,Yok
2024-07-21,2024,Ekstraklasa,Motor Lublin,Raków Częstochowa,0 - 2,0 - 1,2,2,Yok
2024-07-22,2024,Ekstraklasa,Stal Mielec,Widzew Łódź,1 - 1,1 - 0,X,2,Evet
2024-07-26,2024,Ekstraklasa,Puszcza Niepołomice,Gornik Zabrze,2 - 2,0 - 1,X,4,Evet
2024-07-26,2024,Ekstraklasa,Lechia Gdansk,Motor Lublin,0 - 2,0 - 0,2,2,Yok
2024-07-27,2024,Ekstraklasa,Stal Mielec,GKS Katowice,0 - 1,0 - 1,2,1,Yok
2024-07-27,2024,Ekstraklasa,Radomiak Radom,Jagiellonia,2 - 3,0 - 2,2,5,Evet
2024-07-27,2024,Ekstraklasa,Widzew Łódź,Lech Poznan,2 - 1,2 - 1,1,3,Evet
2024-07-28,2024,Ekstraklasa,Zaglebie Lubin,Pogon Szczecin,2 - 2,2 - 1,X,4,Evet
2024-07-28,2024,Ekstraklasa,Piast Gliwice,Slask Wroclaw,2 - 0,2 - 0,1,2,Yok
2024-07-28,2024,Ekstraklasa,Korona Kielce,Legia Warszawa,0 - 1,0 - 0,2,1,Yok
2024-07-29,2024,Ekstraklasa,Raków Częstochowa,Cracovia Krakow,0 - 1,0 - 0,2,1,Yok
2024-08-02,2024,Ekstraklasa,Zaglebie Lubin,Puszcza Niepołomice,1 - 0,0 - 0,1,1,Yok
2024-08-02,2024,Ekstraklasa,Gornik Zabrze,Pogon Szczecin,1 - 0,0 - 0,1,1,Yok
2024-08-03,2024,Ekstraklasa,GKS Katowice,Raków Częstochowa,0 - 1,0 - 1,2,1,Yok
2024-08-03,2024,Ekstraklasa,Jagiellonia,Stal Mielec,2 - 0,1 - 0,1,2,Yok
2024-08-03,2024,Ekstraklasa,Lech Poznan,Lechia Gdansk,3 - 1,3 - 0,1,4,Evet
2024-08-04,2024,Ekstraklasa,Motor Lublin,Korona Kielce,1 - 1,0 - 1,X,2,Evet
2024-08-04,2024,Ekstraklasa,Legia Warszawa,Piast Gliwice,1 - 2,1 - 1,2,3,Evet
2024-08-05,2024,Ekstraklasa,Cracovia Krakow,Widzew Łódź,1 - 3,1 - 1,2,4,Evet
2024-08-09,2024,Ekstraklasa,Radomiak Radom,Gornik Zabrze,1 - 2,0 - 0,2,3,Evet
2024-08-09,2024,Ekstraklasa,Raków Częstochowa,Lech Poznan,0 - 0,0 - 0,X,0,Yok
2024-08-10,2024,Ekstraklasa,Korona Kielce,Cracovia Krakow,0 - 2,0 - 1,2,2,Yok
2024-08-10,2024,Ekstraklasa,Pogon Szczecin,Stal Mielec,1 - 0,0 - 0,1,1,Yok
2024-08-11,2024,Ekstraklasa,Lechia Gdansk,Zaglebie Lubin,1 - 1,0 - 0,X,2,Evet
2024-08-11,2024,Ekstraklasa,Puszcza Niepołomice,Legia Warszawa,2 - 2,2 - 2,X,4,Evet
2024-08-11,2024,Ekstraklasa,Widzew Łódź,Slask Wroclaw,0 - 0,0 - 0,X,0,Yok
2024-08-12,2024,Ekstraklasa,Piast Gliwice,GKS Katowice,2 - 2,1 - 1,X,4,Evet
2024-08-16,2024,Ekstraklasa,Puszcza Niepołomice,Lechia Gdansk,4 - 1,2 - 0,1,5,Evet
2024-08-16,2024,Ekstraklasa,GKS Katowice,Motor Lublin,0 - 0,0 - 0,X,0,Yok
2024-08-17,2024,Ekstraklasa,Jagiellonia,Cracovia Krakow,2 - 4,2 - 2,2,6,Evet
2024-08-17,2024,Ekstraklasa,Zaglebie Lubin,Lech Poznan,0 - 1,0 - 1,2,1,Yok
2024-08-17,2024,Ekstraklasa,Pogon Szczecin,Widzew Łódź,2 - 0,1 - 0,1,2,Yok
2024-08-18,2024,Ekstraklasa,Slask Wroclaw,Korona Kielce,1 - 1,0 - 0,X,2,Evet
2024-08-18,2024,Ekstraklasa,Legia Warszawa,Radomiak Radom,4 - 1,2 - 0,1,5,Evet
2024-08-18,2024,Ekstraklasa,Gornik Zabrze,Raków Częstochowa,0 - 0,0 - 0,X,0,Yok
2024-08-19,2024,Ekstraklasa,Stal Mielec,Piast Gliwice,2 - 0,0 - 0,1,2,Yok
2024-08-23,2024,Ekstraklasa,Widzew Łódź,Radomiak Radom,3 - 2,2 - 1,1,5,Evet
2024-08-23,2024,Ekstraklasa,Lechia Gdansk,Raków Częstochowa,1 - 2,0 - 0,2,3,Evet
2024-08-24,2024,Ekstraklasa,Motor Lublin,Puszcza Niepołomice,0 - 0,0 - 0,X,0,Yok
2024-08-24,2024,Ekstraklasa,Cracovia Krakow,Gornik Zabrze,3 - 2,1 - 2,1,5,Evet
2024-08-24,2024,Ekstraklasa,Piast Gliwice,Zaglebie Lubin,1 - 0,1 - 0,1,1,Yok
2024-08-25,2024,Ekstraklasa,GKS Katowice,Jagiellonia,3 - 1,1 - 1,1,4,Evet
2024-08-25,2024,Ekstraklasa,Lech Poznan,Pogon Szczecin,2 - 0,0 - 0,1,2,Yok
2024-08-25,2024,Ekstraklasa,Slask Wroclaw,Legia Warszawa,1 - 1,0 - 0,X,2,Evet
2024-08-26,2024,Ekstraklasa,Korona Kielce,Stal Mielec,2 - 1,0 - 0,1,3,Evet
2024-08-30,2024,Ekstraklasa,Raków Częstochowa,Piast Gliwice,0 - 1,0 - 0,2,1,Yok
2024-08-30,2024,Ekstraklasa,Stal Mielec,Lech Poznan,0 - 2,0 - 2,2,2,Yok
2024-08-31,2024,Ekstraklasa,Puszcza Niepołomice,Korona Kielce,0 - 0,0 - 0,X,0,Yok
2024-08-31,2024,Ekstraklasa,Zaglebie Lubin,GKS Katowice,1 - 0,0 - 0,1,1,Yok
2024-08-31,2024,Ekstraklasa,Radomiak Radom,Cracovia Krakow,2 - 1,1 - 0,1,3,Evet
2024-09-01,2024,Ekstraklasa,Gornik Zabrze,Lechia Gdansk,2 - 3,0 - 2,2,5,Evet
2024-09-01,2024,Ekstraklasa,Legia Warszawa,Motor Lublin,5 - 2,2 - 1,1,7,Evet
2024-09-01,2024,Ekstraklasa,Pogon Szczecin,Slask Wroclaw,5 - 3,3 - 2,1,8,Evet
2024-09-01,2024,Ekstraklasa,Jagiellonia,Widzew Łódź,1 - 0,1 - 0,1,1,Yok
2024-09-13,2024,Ekstraklasa,Motor Lublin,Gornik Zabrze,1 - 0,0 - 0,1,1,Yok
2024-09-13,2024,Ekstraklasa,GKS Katowice,Widzew Łódź,2 - 2,2 - 1,X,4,Evet
2024-09-14,2024,Ekstraklasa,Lechia Gdansk,Radomiak Radom,1 - 0,0 - 0,1,1,Yok
2024-09-14,2024,Ekstraklasa,Cracovia Krakow,Pogon Szczecin,2 - 1,1 - 0,1,3,Evet
2024-09-14,2024,Ekstraklasa,Lech Poznan,Jagiellonia,5 - 0,2 - 0,1,5,Yok
2024-09-15,2024,Ekstraklasa,Piast Gliwice,Puszcza Niepołomice,1 - 1,0 - 0,X,2,Evet
2024-09-15,2024,Ekstraklasa,Korona Kielce,Zaglebie Lubin,2 - 0,2 - 0,1,2,Yok
2024-09-15,2024,Ekstraklasa,Legia Warszawa,Raków Częstochowa,0 - 1,0 - 1,2,1,Yok
2024-09-20,2024,Ekstraklasa,Radomiak Radom,Korona Kielce,4 - 0,2 - 0,1,4,Yok
2024-09-20,2024,Ekstraklasa,Pogon Szczecin,Legia Warszawa,1 - 0,0 - 0,1,1,Yok
2024-09-21,2024,Ekstraklasa,Puszcza Niepołomice,Cracovia Krakow,1 - 2,1 - 1,2,3,Evet
2024-09-21,2024,Ekstraklasa,Jagiellonia,Lechia Gdansk,3 - 2,1 - 1,1,5,Evet
2024-09-21,2024,Ekstraklasa,Widzew Łódź,Piast Gliwice,1 - 0,1 - 0,1,1,Yok
2024-09-21,2024,Ekstraklasa,Gornik Zabrze,GKS Katowice,3 - 0,1 - 0,1,3,Yok
2024-09-22,2024,Ekstraklasa,Stal Mielec,Motor Lublin,1 - 0,0 - 0,1,1,Yok
2024-09-22,2024,Ekstraklasa,Raków Częstochowa,Zaglebie Lubin,5 - 1,1 - 1,1,6,Evet
2024-09-22,2024,Ekstraklasa,Lech Poznan,Slask Wroclaw,1 - 0,0 - 0,1,1,Yok
2024-09-25,2024,Ekstraklasa,Motor Lublin,Jagiellonia,0 - 2,0 - 1,2,2,Yok
2024-09-27,2024,Ekstraklasa,GKS Katowice,Pogon Szczecin,3 - 1,1 - 0,1,4,Evet
2024-09-27,2024,Ekstraklasa,Lechia Gdansk,Widzew Łódź,1 - 1,1 - 0,X,2,Evet
2024-09-28,2024,Ekstraklasa,Raków Częstochowa,Puszcza Niepołomice,2 - 0,2 - 0,1,2,Yok
2024-09-28,2024,Ekstraklasa,Motor Lublin,Slask Wroclaw,2 - 1,0 - 1,1,3,Evet
2024-09-28,2024,Ekstraklasa,Legia Warszawa,Gornik Zabrze,1 - 1,1 - 1,X,2,Evet
2024-09-29,2024,Ekstraklasa,Zaglebie Lubin,Radomiak Radom,1 - 0,0 - 0,1,1,Yok
2024-09-29,2024,Ekstraklasa,Korona Kielce,Lech Poznan,2 - 3,1 - 1,2,5,Evet
2024-09-29,2024,Ekstraklasa,Piast Gliwice,Jagiellonia,0 - 1,0 - 1,2,1,Yok
2024-09-30,2024,Ekstraklasa,Cracovia Krakow,Stal Mielec,1 - 1,0 - 1,X,2,Evet
2024-10-04,2024,Ekstraklasa,Puszcza Niepołomice,GKS Katowice,0 - 6,0 - 2,2,6,Yok
2024-10-04,2024,Ekstraklasa,Widzew Łódź,Korona Kielce,0 - 1,0 - 0,2,1,Yok
2024-10-05,2024,Ekstraklasa,Stal Mielec,Lechia Gdansk,2 - 1,0 - 1,1,3,Evet
2024-10-05,2024,Ekstraklasa,Radomiak Radom,Raków Częstochowa,0 - 2,0 - 1,2,2,Yok
2024-10-05,2024,Ekstraklasa,Gornik Zabrze,Zaglebie Lubin,0 - 1,0 - 1,2,1,Yok
2024-10-05,2024,Ekstraklasa,Lech Poznan,Motor Lublin,1 - 2,1 - 1,2,3,Evet
2024-10-06,2024,Ekstraklasa,Slask Wroclaw,Cracovia Krakow,2 - 4,2 - 1,2,6,Evet
2024-10-06,2024,Ekstraklasa,Pogon Szczecin,Piast Gliwice,1 - 0,0 - 0,1,1,Yok
2024-10-06,2024,Ekstraklasa,Jagiellonia,Legia Warszawa,1 - 1,1 - 0,X,2,Evet
2024-10-18,2024,Ekstraklasa,Korona Kielce,Piast Gliwice,0 - 2,0 - 1,2,2,Yok
2024-10-18,2024,Ekstraklasa,Lechia Gdansk,Legia Warszawa,0 - 2,0 - 0,2,2,Yok
2024-10-19,2024,Ekstraklasa,Motor Lublin,Widzew Łódź,3 - 4,2 - 3,2,7,Evet
2024-10-19,2024,Ekstraklasa,Zaglebie Lubin,Jagiellonia,1 - 3,0 - 2,2,4,Evet
2024-10-19,2024,Ekstraklasa,Cracovia Krakow,Lech Poznan,0 - 2,0 - 0,2,2,Yok
2024-10-20,2024,Ekstraklasa,GKS Katowice,Slask Wroclaw,0 - 0,0 - 0,X,0,Yok
2024-10-20,2024,Ekstraklasa,Gornik Zabrze,Stal Mielec,3 - 1,1 - 1,1,4,Evet
2024-10-20,2024,Ekstraklasa,Raków Częstochowa,Pogon Szczecin,1 - 0,0 - 0,1,1,Yok
2024-10-21,2024,Ekstraklasa,Radomiak Radom,Puszcza Niepołomice,2 - 0,0 - 0,1,2,Yok
2024-10-23,2024,Ekstraklasa,Slask Wroclaw,Stal Mielec,2 - 1,2 - 0,1,3,Evet
2024-10-25,2024,Ekstraklasa,Piast Gliwice,Lechia Gdansk,3 - 3,1 - 1,X,6,Evet
2024-10-25,2024,Ekstraklasa,Pogon Szczecin,Puszcza Niepołomice,2 - 1,1 - 0,1,3,Evet
2024-10-26,2024,Ekstraklasa,Cracovia Krakow,Motor Lublin,6 - 2,2 - 2,1,8,Evet
2024-10-26,2024,Ekstraklasa,Slask Wroclaw,Raków Częstochowa,0 - 0,0 - 0,X,0,Yok
2024-10-26,2024,Ekstraklasa,Lech Poznan,Radomiak Radom,2 - 1,1 - 0,1,3,Evet
2024-10-27,2024,Ekstraklasa,Stal Mielec,Zaglebie Lubin,2 - 2,1 - 0,X,4,Evet
2024-10-27,2024,Ekstraklasa,Jagiellonia,Korona Kielce,3 - 1,1 - 0,1,4,Evet
2024-10-27,2024,Ekstraklasa,Widzew Łódź,Gornik Zabrze,0 - 2,0 - 1,2,2,Yok
2024-10-27,2024,Ekstraklasa,Legia Warszawa,GKS Katowice,4 - 1,2 - 1,1,5,Evet
2024-11-02,2024,Ekstraklasa,Raków Częstochowa,Stal Mielec,1 - 0,0 - 0,1,1,Yok
2024-11-02,2024,Ekstraklasa,Motor Lublin,Pogon Szczecin,4 - 2,3 - 1,1,6,Evet
2024-11-02,2024,Ekstraklasa,Puszcza Niepołomice,Lech Poznan,2 - 0,2 - 0,1,2,Yok
2024-11-03,2024,Ekstraklasa,Radomiak Radom,Piast Gliwice,1 - 1,1 - 0,X,2,Evet
2024-11-03,2024,Ekstraklasa,Gornik Zabrze,Jagiellonia,0 - 2,0 - 0,2,2,Yok
2024-11-03,2024,Ekstraklasa,Lechia Gdansk,Cracovia Krakow,1 - 2,0 - 2,2,3,Evet
2024-11-03,2024,Ekstraklasa,Legia Warszawa,Widzew Łódź,2 - 1,1 - 1,1,3,Evet
2024-11-04,2024,Ekstraklasa,GKS Katowice,Korona Kielce,1 - 2,1 - 1,2,3,Evet
2024-11-04,2024,Ekstraklasa,Zaglebie Lubin,Slask Wroclaw,3 - 0,1 - 0,1,3,Yok
2024-11-08,2024,Ekstraklasa,Piast Gliwice,Motor Lublin,2 - 3,1 - 2,2,5,Evet
2024-11-08,2024,Ekstraklasa,Pogon Szczecin,Radomiak Radom,0 - 1,0 - 1,2,1,Yok
2024-11-09,2024,Ekstraklasa,Korona Kielce,Lechia Gdansk,0 - 0,0 - 0,X,0,Yok
2024-11-09,2024,Ekstraklasa,Cracovia Krakow,GKS Katowice,3 - 4,1 - 2,2,7,Evet
2024-11-09,2024,Ekstraklasa,Widzew Łódź,Zaglebie Lubin,2 - 0,1 - 0,1,2,Yok
2024-11-09,2024,Ekstraklasa,Slask Wroclaw,Gornik Zabrze,0 - 1,0 - 1,2,1,Yok
2024-11-10,2024,Ekstraklasa,Stal Mielec,Puszcza Niepołomice,2 - 0,0 - 0,1,2,Yok
2024-11-10,2024,Ekstraklasa,Jagiellonia,Raków Częstochowa,2 - 2,0 - 1,X,4,Evet
2024-11-10,2024,Ekstraklasa,Lech Poznan,Legia Warszawa,5 - 2,2 - 2,1,7,Evet
2024-11-22,2024,Ekstraklasa,Zaglebie Lubin,Motor Lublin,1 - 2,0 - 1,2,3,Evet
2024-11-22,2024,Ekstraklasa,Jagiellonia,Slask Wroclaw,2 - 2,1 - 1,X,4,Evet
2024-11-23,2024,Ekstraklasa,Lechia Gdansk,Pogon Szczecin,0 - 3,0 - 2,2,3,Yok
2024-11-23,2024,Ekstraklasa,Lech Poznan,GKS Katowice,2 - 0,1 - 0,1,2,Yok
2024-11-23,2024,Ekstraklasa,Legia Warszawa,Cracovia Krakow,3 - 2,3 - 1,1,5,Evet
2024-11-24,2024,Ekstraklasa,Radomiak Radom,Stal Mielec,1 - 2,0 - 2,2,3,Evet
2024-11-24,2024,Ekstraklasa,Raków Częstochowa,Korona Kielce,1 - 1,1 - 0,X,2,Evet
2024-11-24,2024,Ekstraklasa,Gornik Zabrze,Piast Gliwice,1 - 0,0 - 0,1,1,Yok
2024-11-25,2024,Ekstraklasa,Puszcza Niepołomice,Widzew Łódź,2 - 0,2 - 0,1,2,Yok
2024-11-29,2024,Ekstraklasa,Cracovia Krakow,Zaglebie Lubin,1 - 1,1 - 0,X,2,Evet
2024-11-29,2024,Ekstraklasa,Piast Gliwice,Lech Poznan,0 - 0,0 - 0,X,0,Yok
2024-11-30,2024,Ekstraklasa,Slask Wroclaw,Puszcza Niepołomice,0 - 1,0 - 0,2,1,Yok
2024-11-30,2024,Ekstraklasa,GKS Katowice,Lechia Gdansk,2 - 0,2 - 0,1,2,Yok
2024-11-30,2024,Ekstraklasa,Widzew Łódź,Raków Częstochowa,2 - 3,1 - 2,2,5,Evet
2024-12-01,2024,Ekstraklasa,Korona Kielce,Gornik Zabrze,2 - 4,0 - 0,2,6,Evet
2024-12-01,2024,Ekstraklasa,Pogon Szczecin,Jagiellonia,1 - 1,1 - 0,X,2,Evet
2024-12-01,2024,Ekstraklasa,Stal Mielec,Legia Warszawa,2 - 2,1 - 1,X,4,Evet
2024-12-02,2024,Ekstraklasa,Motor Lublin,Radomiak Radom,1 - 0,1 - 0,1,1,Yok
2024-12-06,2024,Ekstraklasa,Radomiak Radom,GKS Katowice,1 - 1,0 - 1,X,2,Evet
2024-12-06,2024,Ekstraklasa,Gornik Zabrze,Lech Poznan,2 - 1,2 - 1,1,3,Evet
2024-12-07,2024,Ekstraklasa,Lechia Gdansk,Slask Wroclaw,1 - 0,1 - 0,1,1,Yok
2024-12-07,2024,Ekstraklasa,Widzew Łódź,Stal Mielec,2 - 1,1 - 1,1,3,Evet
2024-12-07,2024,Ekstraklasa,Raków Częstochowa,Motor Lublin,2 - 2,1 - 1,X,4,Evet
2024-12-08,2024,Ekstraklasa,Piast Gliwice,Cracovia Krakow,0 - 0,0 - 0,X,0,Yok
2024-12-08,2024,Ekstraklasa,Puszcza Niepołomice,Jagiellonia,1 - 1,1 - 0,X,2,Evet
2024-12-08,2024,Ekstraklasa,Zaglebie Lubin,Legia Warszawa,0 - 3,0 - 3,2,3,Yok
2024-12-09,2024,Ekstraklasa,Korona Kielce,Pogon Szczecin,0 - 0,0 - 0,X,0,Yok
2024-12-14,2024,Ekstraklasa,Slask Wroclaw,Radomiak Radom,1 - 2,1 - 0,2,3,Evet
2025-01-31,2024,Ekstraklasa,GKS Katowice,Stal Mielec,1 - 0,0 - 0,1,1,Yok
2025-01-31,2024,Ekstraklasa,Lech Poznan,Widzew Łódź,4 - 1,2 - 0,1,5,Evet
2025-02-01,2024,Ekstraklasa,Motor Lublin,Lechia Gdansk,1 - 1,0 - 0,X,2,Evet
2025-02-01,2024,Ekstraklasa,Cracovia Krakow,Raków Częstochowa,0 - 0,0 - 0,X,0,Yok
2025-02-01,2024,Ekstraklasa,Pogon Szczecin,Zaglebie Lubin,1 - 0,0 - 0,1,1,Yok
2025-02-02,2024,Ekstraklasa,Gornik Zabrze,Puszcza Niepołomice,1 - 1,1 - 0,X,2,Evet
2025-02-02,2024,Ekstraklasa,Jagiellonia,Radomiak Radom,5 - 0,5 - 0,1,5,Yok
2025-02-02,2024,Ekstraklasa,Legia Warszawa,Korona Kielce,1 - 1,1 - 1,X,2,Evet
2025-02-03,2024,Ekstraklasa,Slask Wroclaw,Piast Gliwice,1 - 3,1 - 2,2,4,Evet
2025-02-07,2024,Ekstraklasa,Stal Mielec,Jagiellonia,2 - 1,2 - 1,1,3,Evet
2025-02-07,2024,Ekstraklasa,Pogon Szczecin,Gornik Zabrze,3 - 0,1 - 0,1,3,Yok
2025-02-08,2024,Ekstraklasa,Radomiak Radom,Slask Wroclaw,1 - 1,0 - 1,X,2,Evet
2025-02-08,2024,Ekstraklasa,Raków Częstochowa,GKS Katowice,1 - 2,0 - 1,2,3,Evet
2025-02-08,2024,Ekstraklasa,Piast Gliwice,Legia Warszawa,1 - 0,1 - 0,1,1,Yok
2025-02-09,2024,Ekstraklasa,Korona Kielce,Motor Lublin,1 - 0,0 - 0,1,1,Yok
2025-02-09,2024,Ekstraklasa,Widzew Łódź,Cracovia Krakow,1 - 1,1 - 1,X,2,Evet
2025-02-09,2024,Ekstraklasa,Lechia Gdansk,Lech Poznan,1 - 0,1 - 0,1,1,Yok
2025-02-10,2024,Ekstraklasa,Puszcza Niepołomice,Zaglebie Lubin,1 - 2,1 - 0,2,3,Evet
2025-02-14,2024,Ekstraklasa,Cracovia Krakow,Korona Kielce,1 - 1,0 - 1,X,2,Evet
2025-02-14,2024,Ekstraklasa,Lech Poznan,Raków Częstochowa,0 - 1,0 - 1,2,1,Yok
2025-02-15,2024,Ekstraklasa,Slask Wroclaw,Widzew Łódź,3 - 0,1 - 0,1,3,Yok
2025-02-15,2024,Ekstraklasa,Gornik Zabrze,Radomiak Radom,3 - 2,2 - 2,1,5,Evet
2025-02-15,2024,Ekstraklasa,Legia Warszawa,Puszcza Niepołomice,2 - 0,2 - 0,1,2,Yok
2025-02-16,2024,Ekstraklasa,Stal Mielec,Pogon Szczecin,1 - 2,0 - 0,2,3,Evet
2025-02-16,2024,Ekstraklasa,GKS Katowice,Piast Gliwice,0 - 0,0 - 0,X,0,Yok
2025-02-16,2024,Ekstraklasa,Jagiellonia,Motor Lublin,3 - 0,1 - 0,1,3,Yok
2025-02-17,2024,Ekstraklasa,Zaglebie Lubin,Lechia Gdansk,1 - 3,0 - 2,2,4,Evet
2025-02-21,2024,Ekstraklasa,Piast Gliwice,Stal Mielec,2 - 2,0 - 1,X,4,Evet
2025-02-21,2024,Ekstraklasa,Raków Częstochowa,Gornik Zabrze,1 - 0,1 - 0,1,1,Yok
2025-02-22,2024,Ekstraklasa,Korona Kielce,Slask Wroclaw,2 - 0,1 - 0,1,2,Yok
2025-02-22,2024,Ekstraklasa,Widzew Łódź,Pogon Szczecin,0 - 4,0 - 2,2,4,Yok
2025-02-22,2024,Ekstraklasa,Radomiak Radom,Legia Warszawa,3 - 1,2 - 1,1,4,Evet
2025-02-23,2024,Ekstraklasa,Lechia Gdansk,Puszcza Niepołomice,0 - 2,0 - 1,2,2,Yok
2025-02-23,2024,Ekstraklasa,Cracovia Krakow,Jagiellonia,2 - 2,0 - 2,X,4,Evet
2025-02-23,2024,Ekstraklasa,Lech Poznan,Zaglebie Lubin,3 - 1,2 - 1,1,4,Evet
2025-02-24,2024,Ekstraklasa,Motor Lublin,GKS Katowice,3 - 2,2 - 1,1,5,Evet
2025-02-28,2024,Ekstraklasa,Radomiak Radom,Widzew Łódź,1 - 1,0 - 1,X,2,Evet
2025-02-28,2024,Ekstraklasa,Gornik Zabrze,Cracovia Krakow,0 - 1,0 - 0,2,1,Yok
2025-03-01,2024,Ekstraklasa,Stal Mielec,Korona Kielce,0 - 1,0 - 0,2,1,Yok
2025-03-01,2024,Ekstraklasa,Pogon Szczecin,Lech Poznan,0 - 3,0 - 1,2,3,Yok
2025-03-01,2024,Ekstraklasa,Zaglebie Lubin,Piast Gliwice,0 - 1,0 - 1,2,1,Yok
2025-03-02,2024,Ekstraklasa,Puszcza Niepołomice,Motor Lublin,0 - 1,0 - 1,2,1,Yok
2025-03-02,2024,Ekstraklasa,Legia Warszawa,Slask Wroclaw,3 - 1,1 - 1,1,4,Evet
2025-03-02,2024,Ekstraklasa,Jagiellonia,GKS Katowice,1 - 0,1 - 0,1,1,Yok
2025-03-03,2024,Ekstraklasa,Raków Częstochowa,Lechia Gdansk,3 - 1,2 - 0,1,4,Evet
2025-03-07,2024,Ekstraklasa,Korona Kielce,Puszcza Niepołomice,2 - 1,1 - 1,1,3,Evet
2025-03-07,2024,Ekstraklasa,Slask Wroclaw,Pogon Szczecin,1 - 1,0 - 0,X,2,Evet
2025-03-08,2024,Ekstraklasa,Cracovia Krakow,Radomiak Radom,1 - 2,1 - 0,2,3,Evet
2025-03-08,2024,Ekstraklasa,Piast Gliwice,Raków Częstochowa,0 - 3,0 - 1,2,3,Yok
2025-03-08,2024,Ekstraklasa,Lech Poznan,Stal Mielec,3 - 1,2 - 1,1,4,Evet
2025-03-09,2024,Ekstraklasa,GKS Katowice,Zaglebie Lubin,1 - 0,0 - 0,1,1,Yok
2025-03-09,2024,Ekstraklasa,Lechia Gdansk,Gornik Zabrze,1 - 2,1 - 0,2,3,Evet
2025-03-09,2024,Ekstraklasa,Widzew Łódź,Jagiellonia,0 - 1,0 - 1,2,1,Yok
2025-03-10,2024,Ekstraklasa,Motor Lublin,Legia Warszawa,3 - 3,1 - 1,X,6,Evet
2025-03-14,2024,Ekstraklasa,Radomiak Radom,Lechia Gdansk,2 - 1,1 - 1,1,3,Evet
2025-03-14,2024,Ekstraklasa,Pogon Szczecin,Cracovia Krakow,5 - 2,2 - 2,1,7,Evet
2025-03-15,2024,Ekstraklasa,Stal Mielec,Slask Wroclaw,1 - 4,1 - 1,2,5,Evet
2025-03-15,2024,Ekstraklasa,Gornik Zabrze,Motor Lublin,4 - 0,1 - 0,1,4,Yok
2025-03-15,2024,Ekstraklasa,Widzew Łódź,GKS Katowice,1 - 0,0 - 0,1,1,Yok
2025-03-16,2024,Ekstraklasa,Puszcza Niepołomice,Piast Gliwice,2 - 1,1 - 0,1,3,Evet
2025-03-16,2024,Ekstraklasa,Zaglebie Lubin,Korona Kielce,1 - 1,1 - 0,X,2,Evet
2025-03-16,2024,Ekstraklasa,Raków Częstochowa,Legia Warszawa,3 - 2,2 - 0,1,5,Evet
2025-03-16,2024,Ekstraklasa,Jagiellonia,Lech Poznan,2 - 1,1 - 1,1,3,Evet
2025-03-28,2024,Ekstraklasa,Piast Gliwice,Widzew Łódź,0 - 2,0 - 2,2,2,Yok
2025-03-28,2024,Ekstraklasa,Legia Warszawa,Pogon Szczecin,0 - 0,0 - 0,X,0,Yok
2025-03-29,2024,Ekstraklasa,Cracovia Krakow,Puszcza Niepołomice,3 - 1,2 - 1,1,4,Evet
2025-03-29,2024,Ekstraklasa,Lechia Gdansk,Jagiellonia,1 - 0,0 - 0,1,1,Yok
2025-03-29,2024,Ekstraklasa,Slask Wroclaw,Lech Poznan,3 - 1,1 - 1,1,4,Evet
2025-03-30,2024,Ekstraklasa,Korona Kielce,Radomiak Radom,1 - 3,1 - 1,2,4,Evet
2025-03-30,2024,Ekstraklasa,Motor Lublin,Stal Mielec,4 - 1,1 - 0,1,5,Evet
2025-03-30,2024,Ekstraklasa,GKS Katowice,Gornik Zabrze,2 - 1,1 - 0,1,3,Evet
2025-03-31,2024,Ekstraklasa,Zaglebie Lubin,Raków Częstochowa,0 - 2,0 - 0,2,2,Yok
2025-04-04,2024,Ekstraklasa,Stal Mielec,Cracovia Krakow,1 - 1,1 - 0,X,2,Evet
2025-04-04,2024,Ekstraklasa,Widzew Łódź,Lechia Gdansk,2 - 0,2 - 0,1,2,Yok
2025-04-05,2024,Ekstraklasa,Radomiak Radom,Zaglebie Lubin,0 - 1,0 - 1,2,1,Yok
2025-04-05,2024,Ekstraklasa,Slask Wroclaw,Motor Lublin,1 - 1,1 - 0,X,2,Evet
2025-04-05,2024,Ekstraklasa,Lech Poznan,Korona Kielce,2 - 0,1 - 0,1,2,Yok
2025-04-06,2024,Ekstraklasa,Jagiellonia,Piast Gliwice,1 - 1,1 - 0,X,2,Evet
2025-04-06,2024,Ekstraklasa,Gornik Zabrze,Legia Warszawa,1 - 2,1 - 0,2,3,Evet
2025-04-06,2024,Ekstraklasa,Pogon Szczecin,GKS Katowice,4 - 0,1 - 0,1,4,Yok
2025-04-07,2024,Ekstraklasa,Puszcza Niepołomice,Raków Częstochowa,1 - 1,0 - 1,X,2,Evet
2025-04-11,2024,Ekstraklasa,Zaglebie Lubin,Gornik Zabrze,2 - 1,0 - 1,1,3,Evet
2025-04-11,2024,Ekstraklasa,Korona Kielce,Widzew Łódź,2 - 1,0 - 0,1,3,Evet
2025-04-12,2024,Ekstraklasa,GKS Katowice,Puszcza Niepołomice,3 - 1,0 - 1,1,4,Evet
2025-04-12,2024,Ekstraklasa,Cracovia Krakow,Slask Wroclaw,2 - 4,1 - 1,2,6,Evet
2025-04-12,2024,Ekstraklasa,Raków Częstochowa,Radomiak Radom,2 - 1,0 - 0,1,3,Evet
2025-04-13,2024,Ekstraklasa,Piast Gliwice,Pogon Szczecin,2 - 1,1 - 0,1,3,Evet
2025-04-13,2024,Ekstraklasa,Motor Lublin,Lech Poznan,1 - 2,0 - 2,2,3,Evet
2025-04-13,2024,Ekstraklasa,Legia Warszawa,Jagiellonia,0 - 1,0 - 1,2,1,Yok
2025-04-14,2024,Ekstraklasa,Lechia Gdansk,Stal Mielec,3 - 2,0 - 2,1,5,Evet
2025-04-19,2024,Ekstraklasa,Piast Gliwice,Korona Kielce,1 - 1,0 - 1,X,2,Evet
2025-04-19,2024,Ekstraklasa,Slask Wroclaw,GKS Katowice,0 - 2,0 - 2,2,2,Yok
2025-04-19,2024,Ekstraklasa,Widzew Łódź,Motor Lublin,1 - 2,0 - 1,2,3,Evet
2025-04-19,2024,Ekstraklasa,Pogon Szczecin,Raków Częstochowa,1 - 0,1 - 0,1,1,Yok
2025-04-21,2024,Ekstraklasa,Puszcza Niepołomice,Radomiak Radom,2 - 2,0 - 0,X,4,Evet
2025-04-21,2024,Ekstraklasa,Jagiellonia,Zaglebie Lubin,1 - 3,1 - 1,2,4,Evet
2025-04-21,2024,Ekstraklasa,Legia Warszawa,Lechia Gdansk,2 - 1,1 - 1,1,3,Evet
2025-04-21,2024,Ekstraklasa,Lech Poznan,Cracovia Krakow,2 - 1,1 - 0,1,3,Evet
2025-04-22,2024,Ekstraklasa,Stal Mielec,Gornik Zabrze,0 - 0,0 - 0,X,0,Yok
2025-04-25,2024,Ekstraklasa,Puszcza Niepołomice,Pogon Szczecin,4 - 5,1 - 2,2,9,Evet
2025-04-25,2024,Ekstraklasa,Raków Częstochowa,Slask Wroclaw,3 - 0,2 - 0,1,3,Yok
2025-04-26,2024,Ekstraklasa,Lechia Gdansk,Piast Gliwice,3 - 1,2 - 0,1,4,Evet
2025-04-26,2024,Ekstraklasa,Motor Lublin,Cracovia Krakow,0 - 1,0 - 0,2,1,Yok
2025-04-26,2024,Ekstraklasa,GKS Katowice,Legia Warszawa,1 - 3,0 - 2,2,4,Evet
2025-04-27,2024,Ekstraklasa,Korona Kielce,Jagiellonia,3 - 1,1 - 1,1,4,Evet
2025-04-27,2024,Ekstraklasa,Gornik Zabrze,Widzew Łódź,0 - 0,0 - 0,X,0,Yok
2025-04-27,2024,Ekstraklasa,Radomiak Radom,Lech Poznan,2 - 2,0 - 2,X,4,Evet
2025-04-28,2024,Ekstraklasa,Zaglebie Lubin,Stal Mielec,2 - 2,1 - 0,X,4,Evet
2025-05-03,2024,Ekstraklasa,Stal Mielec,Raków Częstochowa,0 - 2,0 - 0,2,2,Yok
2025-05-03,2024,Ekstraklasa,Slask Wroclaw,Zaglebie Lubin,3 - 1,1 - 0,1,4,Evet
2025-05-03,2024,Ekstraklasa,Lech Poznan,Puszcza Niepołomice,8 - 1,5 - 1,1,9,Evet
2025-05-04,2024,Ekstraklasa,Piast Gliwice,Radomiak Radom,0 - 0,0 - 0,X,0,Yok
2025-05-04,2024,Ekstraklasa,Cracovia Krakow,Lechia Gdansk,0 - 2,0 - 0,2,2,Yok
2025-05-04,2024,Ekstraklasa,Jagiellonia,Gornik Zabrze,1 - 1,1 - 1,X,2,Evet
2025-05-05,2024,Ekstraklasa,Korona Kielce,GKS Katowice,2 - 1,1 - 0,1,3,Evet
2025-05-09,2024,Ekstraklasa,Motor Lublin,Piast Gliwice,1 - 4,1 - 2,2,5,Evet
2025-05-09,2024,Ekstraklasa,Gornik Zabrze,Slask Wroclaw,2 - 0,1 - 0,1,2,Yok
2025-05-10,2024,Ekstraklasa,Radomiak Radom,Pogon Szczecin,2 - 0,1 - 0,1,2,Yok
2025-05-10,2024,Ekstraklasa,Zaglebie Lubin,Widzew Łódź,2 - 1,2 - 1,1,3,Evet
2025-05-10,2024,Ekstraklasa,Raków Częstochowa,Jagiellonia,1 - 2,1 - 1,2,3,Evet
2025-05-11,2024,Ekstraklasa,Lechia Gdansk,Korona Kielce,3 - 2,2 - 0,1,5,Evet
2025-05-11,2024,Ekstraklasa,GKS Katowice,Cracovia Krakow,2 - 1,1 - 1,1,3,Evet
2025-05-11,2024,Ekstraklasa,Legia Warszawa,Lech Poznan,0 - 1,0 - 0,2,1,Yok
2025-05-12,2024,Ekstraklasa,Puszcza Niepołomice,Stal Mielec,2 - 3,0 - 3,2,5,Evet
2025-05-14,2024,Ekstraklasa,Pogon Szczecin,Motor Lublin,3 - 0,1 - 0,1,3,Yok
2025-05-15,2024,Ekstraklasa,Widzew Łódź,Legia Warszawa,0 - 2,0 - 2,2,2,Yok
2025-05-16,2024,Ekstraklasa,Stal Mielec,Radomiak Radom,2 - 2,1 - 1,X,4,Evet
2025-05-16,2024,Ekstraklasa,Slask Wroclaw,Jagiellonia,1 - 1,0 - 0,X,2,Evet
2025-05-17,2024,Ekstraklasa,Pogon Szczecin,Lechia Gdansk,3 - 3,2 - 2,X,6,Evet
2025-05-17,2024,Ekstraklasa,Piast Gliwice,Gornik Zabrze,2 - 0,1 - 0,1,2,Yok
2025-05-17,2024,Ekstraklasa,Korona Kielce,Raków Częstochowa,1 - 1,1 - 0,X,2,Evet
2025-05-18,2024,Ekstraklasa,Motor Lublin,Zaglebie Lubin,1 - 0,1 - 0,1,1,Yok
2025-05-18,2024,Ekstraklasa,Cracovia Krakow,Legia Warszawa,3 - 1,1 - 1,1,4,Evet
2025-05-18,2024,Ekstraklasa,GKS Katowice,Lech Poznan,2 - 2,1 - 1,X,4,Evet
2025-05-19,2024,Ekstraklasa,Widzew Łódź,Puszcza Niepołomice,2 - 0,0 - 0,1,2,Yok
2025-05-24,2024,Ekstraklasa,Jagiellonia,Pogon Szczecin,1 - 1,0 - 1,X,2,Evet
2025-05-24,2024,Ekstraklasa,Legia Warszawa,Stal Mielec,2 - 2,0 - 0,X,4,Evet
2025-05-24,2024,Ekstraklasa,Gornik Zabrze,Korona Kielce,1 - 1,0 - 0,X,2,Evet
2025-05-24,2024,Ekstraklasa,Lechia Gdansk,GKS Katowice,2 - 3,1 - 1,2,5,Evet
2025-05-24,2024,Ekstraklasa,Zaglebie Lubin,Cracovia Krakow,1 - 2,0 - 2,2,3,Evet
2025-05-24,2024,Ekstraklasa,Lech Poznan,Piast Gliwice,1 - 0,1 - 0,1,1,Yok
2025-05-24,2024,Ekstraklasa,Puszcza Niepołomice,Slask Wroclaw,1 - 1,1 - 0,X,2,Evet
2025-05-24,2024,Ekstraklasa,Raków Częstochowa,Widzew Łódź,2 - 1,1 - 0,1,3,Evet
2025-05-24,2024,Ekstraklasa,Radomiak Radom,Motor Lublin,2 - 3,0 - 1,2,5,Evet
2023-07-21,2023,Ekstraklasa,Warta Poznań,Pogon Szczecin,0 - 1,0 - 1,2,1,Yok
2023-07-21,2023,Ekstraklasa,Legia Warszawa,ŁKS Łódź,3 - 0,1 - 0,1,3,Yok
2023-07-22,2023,Ekstraklasa,Stal Mielec,Cracovia Krakow,2 - 2,2 - 0,X,4,Evet
2023-07-22,2023,Ekstraklasa,Raków Częstochowa,Jagiellonia,3 - 0,1 - 0,1,3,Yok
2023-07-22,2023,Ekstraklasa,Piast Gliwice,Lech Poznan,1 - 2,1 - 0,2,3,Evet
2023-07-23,2023,Ekstraklasa,Gornik Zabrze,Radomiak Radom,0 - 2,0 - 0,2,2,Yok
2023-07-23,2023,Ekstraklasa,Zaglebie Lubin,Ruch Chorzów,2 - 1,0 - 1,1,3,Evet
2023-07-23,2023,Ekstraklasa,Widzew Łódź,Puszcza Niepołomice,3 - 2,1 - 1,1,5,Evet
2023-07-24,2023,Ekstraklasa,Korona Kielce,Slask Wroclaw,1 - 1,0 - 0,X,2,Evet
2023-07-28,2023,Ekstraklasa,Ruch Chorzów,ŁKS Łódź,2 - 0,1 - 0,1,2,Yok
2023-07-29,2023,Ekstraklasa,Warta Poznań,Gornik Zabrze,2 - 0,1 - 0,1,2,Yok
2023-07-29,2023,Ekstraklasa,Jagiellonia,Puszcza Niepołomice,4 - 1,1 - 0,1,5,Evet
2023-07-29,2023,Ekstraklasa,Slask Wroclaw,Zaglebie Lubin,1 - 2,1 - 0,2,3,Evet
2023-07-30,2023,Ekstraklasa,Stal Mielec,Piast Gliwice,0 - 0,0 - 0,X,0,Yok
2023-07-30,2023,Ekstraklasa,Lech Poznan,Radomiak Radom,2 - 0,1 - 0,1,2,Yok
2023-07-30,2023,Ekstraklasa,Pogon Szczecin,Widzew Łódź,2 - 1,0 - 1,1,3,Evet
2023-08-04,2023,Ekstraklasa,Jagiellonia,Widzew Łódź,2 - 1,0 - 1,1,3,Evet
2023-08-04,2023,Ekstraklasa,ŁKS Łódź,Korona Kielce,2 - 1,1 - 0,1,3,Evet
2023-08-05,2023,Ekstraklasa,Raków Częstochowa,Warta Poznań,2 - 2,0 - 1,X,4,Evet
2023-08-05,2023,Ekstraklasa,Gornik Zabrze,Piast Gliwice,0 - 0,0 - 0,X,0,Yok
2023-08-05,2023,Ekstraklasa,Radomiak Radom,Cracovia Krakow,0 - 1,0 - 1,2,1,Yok
2023-08-06,2023,Ekstraklasa,Zaglebie Lubin,Lech Poznan,1 - 1,1 - 0,X,2,Evet
2023-08-06,2023,Ekstraklasa,Legia Warszawa,Ruch Chorzów,3 - 0,2 - 0,1,3,Yok
2023-08-07,2023,Ekstraklasa,Puszcza Niepołomice,Stal Mielec,1 - 0,0 - 0,1,1,Yok
2023-08-11,2023,Ekstraklasa,Cracovia Krakow,Zaglebie Lubin,2 - 1,2 - 0,1,3,Evet
2023-08-11,2023,Ekstraklasa,Piast Gliwice,Raków Częstochowa,2 - 1,0 - 0,1,3,Evet
2023-08-12,2023,Ekstraklasa,Stal Mielec,Slask Wroclaw,3 - 1,1 - 0,1,4,Evet
2023-08-12,2023,Ekstraklasa,Korona Kielce,Gornik Zabrze,0 - 1,0 - 0,2,1,Yok
2023-08-12,2023,Ekstraklasa,Widzew Łódź,ŁKS Łódź,1 - 0,1 - 0,1,1,Yok
2023-08-13,2023,Ekstraklasa,Pogon Szczecin,Radomiak Radom,0 - 2,0 - 2,2,2,Yok
2023-08-13,2023,Ekstraklasa,Puszcza Niepołomice,Legia Warszawa,1 - 1,1 - 1,X,2,Evet
2023-08-14,2023,Ekstraklasa,Warta Poznań,Ruch Chorzów,2 - 2,2 - 1,X,4,Evet
2023-08-18,2023,Ekstraklasa,Zaglebie Lubin,Puszcza Niepołomice,1 - 0,0 - 0,1,1,Yok
2023-08-18,2023,Ekstraklasa,Gornik Zabrze,Widzew Łódź,1 - 1,1 - 0,X,2,Evet
2023-08-19,2023,Ekstraklasa,Radomiak Radom,Warta Poznań,3 - 2,2 - 1,1,5,Evet
2023-08-19,2023,Ekstraklasa,Raków Częstochowa,Stal Mielec,2 - 0,1 - 0,1,2,Yok
2023-08-19,2023,Ekstraklasa,Ruch Chorzów,Jagiellonia,0 - 1,0 - 0,2,1,Yok
2023-08-20,2023,Ekstraklasa,ŁKS Łódź,Pogon Szczecin,1 - 0,0 - 0,1,1,Yok
2023-08-20,2023,Ekstraklasa,Slask Wroclaw,Lech Poznan,3 - 1,1 - 0,1,4,Evet
2023-08-20,2023,Ekstraklasa,Legia Warszawa,Korona Kielce,1 - 0,1 - 0,1,1,Yok
2023-08-21,2023,Ekstraklasa,Cracovia Krakow,Piast Gliwice,1 - 1,1 - 0,X,2,Evet
2023-08-25,2023,Ekstraklasa,Stal Mielec,Radomiak Radom,2 - 0,2 - 0,1,2,Yok
2023-08-25,2023,Ekstraklasa,Widzew Łódź,Slask Wroclaw,0 - 2,0 - 1,2,2,Yok
2023-08-26,2023,Ekstraklasa,Warta Poznań,Cracovia Krakow,0 - 0,0 - 0,X,0,Yok
2023-08-26,2023,Ekstraklasa,Puszcza Niepołomice,ŁKS Łódź,2 - 1,1 - 0,1,3,Evet
2023-08-26,2023,Ekstraklasa,Piast Gliwice,Ruch Chorzów,0 - 0,0 - 0,X,0,Yok
2023-08-27,2023,Ekstraklasa,Korona Kielce,Zaglebie Lubin,2 - 0,2 - 0,1,2,Yok
2023-08-27,2023,Ekstraklasa,Jagiellonia,Gornik Zabrze,4 - 1,3 - 1,1,5,Evet
2023-08-30,2023,Ekstraklasa,Pogon Szczecin,Slask Wroclaw,0 - 2,0 - 1,2,2,Yok
2023-09-01,2023,Ekstraklasa,ŁKS Łódź,Warta Poznań,0 - 2,0 - 1,2,2,Yok
2023-09-01,2023,Ekstraklasa,Ruch Chorzów,Stal Mielec,1 - 1,1 - 1,X,2,Evet
2023-09-02,2023,Ekstraklasa,Radomiak Radom,Piast Gliwice,1 - 1,0 - 0,X,2,Evet
2023-09-02,2023,Ekstraklasa,Cracovia Krakow,Korona Kielce,0 - 0,0 - 0,X,0,Yok
2023-09-02,2023,Ekstraklasa,Lech Poznan,Gornik Zabrze,1 - 1,0 - 1,X,2,Evet
2023-09-03,2023,Ekstraklasa,Slask Wroclaw,Jagiellonia,2 - 1,0 - 0,1,3,Evet
2023-09-03,2023,Ekstraklasa,Zaglebie Lubin,Pogon Szczecin,1 - 0,0 - 0,1,1,Yok
2023-09-03,2023,Ekstraklasa,Legia Warszawa,Widzew Łódź,3 - 1,1 - 1,1,4,Evet
2023-09-03,2023,Ekstraklasa,Raków Częstochowa,Puszcza Niepołomice,2 - 0,2 - 0,1,2,Yok
2023-09-15,2023,Ekstraklasa,Puszcza Niepołomice,Slask Wroclaw,1 - 3,1 - 0,2,4,Evet
2023-09-15,2023,Ekstraklasa,Gornik Zabrze,Ruch Chorzów,1 - 0,0 - 0,1,1,Yok
2023-09-16,2023,Ekstraklasa,Pogon Szczecin,Korona Kielce,3 - 1,1 - 1,1,4,Evet
2023-09-16,2023,Ekstraklasa,Raków Częstochowa,ŁKS Łódź,1 - 0,1 - 0,1,1,Yok
2023-09-16,2023,Ekstraklasa,Piast Gliwice,Legia Warszawa,1 - 1,1 - 0,X,2,Evet
2023-09-17,2023,Ekstraklasa,Jagiellonia,Radomiak Radom,3 - 2,2 - 2,1,5,Evet
2023-09-17,2023,Ekstraklasa,Widzew Łódź,Cracovia Krakow,2 - 0,1 - 0,1,2,Yok
2023-09-17,2023,Ekstraklasa,Warta Poznań,Lech Poznan,0 - 2,0 - 1,2,2,Yok
2023-09-18,2023,Ekstraklasa,Stal Mielec,Zaglebie Lubin,4 - 2,2 - 1,1,6,Evet
2023-09-22,2023,Ekstraklasa,Korona Kielce,Widzew Łódź,1 - 1,1 - 1,X,2,Evet
2023-09-22,2023,Ekstraklasa,ŁKS Łódź,Jagiellonia,2 - 2,1 - 1,X,4,Evet
2023-09-23,2023,Ekstraklasa,Radomiak Radom,Puszcza Niepołomice,1 - 1,0 - 0,X,2,Evet
2023-09-23,2023,Ekstraklasa,Slask Wroclaw,Piast Gliwice,1 - 0,1 - 0,1,1,Yok
2023-09-23,2023,Ekstraklasa,Cracovia Krakow,Pogon Szczecin,1 - 5,0 - 2,2,6,Evet
2023-09-23,2023,Ekstraklasa,Lech Poznan,Stal Mielec,2 - 1,2 - 1,1,3,Evet
2023-09-24,2023,Ekstraklasa,Zaglebie Lubin,Warta Poznań,1 - 0,0 - 0,1,1,Yok
2023-09-24,2023,Ekstraklasa,Ruch Chorzów,Raków Częstochowa,3 - 5,1 - 3,2,8,Evet
2023-09-24,2023,Ekstraklasa,Legia Warszawa,Gornik Zabrze,2 - 1,1 - 1,1,3,Evet
2023-09-27,2023,Ekstraklasa,Pogon Szczecin,Legia Warszawa,3 - 4,1 - 1,2,7,Evet
2023-09-28,2023,Ekstraklasa,Lech Poznan,Raków Częstochowa,4 - 1,2 - 1,1,5,Evet
2023-09-29,2023,Ekstraklasa,Stal Mielec,Korona Kielce,2 - 3,1 - 2,2,5,Evet
2023-09-29,2023,Ekstraklasa,Piast Gliwice,Widzew Łódź,3 - 2,2 - 0,1,5,Evet
2023-09-30,2023,Ekstraklasa,ŁKS Łódź,Cracovia Krakow,0 - 2,0 - 2,2,2,Yok
2023-09-30,2023,Ekstraklasa,Puszcza Niepołomice,Ruch Chorzów,2 - 2,2 - 0,X,4,Evet
2023-09-30,2023,Ekstraklasa,Warta Poznań,Slask Wroclaw,0 - 1,0 - 1,2,1,Yok
2023-10-01,2023,Ekstraklasa,Raków Częstochowa,Radomiak Radom,3 - 0,1 - 0,1,3,Yok
2023-10-01,2023,Ekstraklasa,Pogon Szczecin,Lech Poznan,5 - 0,3 - 0,1,5,Yok
2023-10-01,2023,Ekstraklasa,Jagiellonia,Legia Warszawa,2 - 0,2 - 0,1,2,Yok
2023-10-02,2023,Ekstraklasa,Gornik Zabrze,Zaglebie Lubin,0 - 2,0 - 1,2,2,Yok
2023-10-06,2023,Ekstraklasa,Korona Kielce,Warta Poznań,1 - 1,0 - 0,X,2,Evet
2023-10-06,2023,Ekstraklasa,Lech Poznan,Puszcza Niepołomice,4 - 1,2 - 1,1,5,Evet
2023-10-07,2023,Ekstraklasa,Radomiak Radom,ŁKS Łódź,3 - 0,2 - 0,1,3,Yok
2023-10-07,2023,Ekstraklasa,Widzew Łódź,Stal Mielec,1 - 0,0 - 0,1,1,Yok
2023-10-07,2023,Ekstraklasa,Zaglebie Lubin,Piast Gliwice,1 - 1,1 - 0,X,2,Evet
2023-10-07,2023,Ekstraklasa,Ruch Chorzów,Pogon Szczecin,0 - 3,0 - 1,2,3,Yok
2023-10-08,2023,Ekstraklasa,Slask Wroclaw,Gornik Zabrze,1 - 1,1 - 0,X,2,Evet
2023-10-08,2023,Ekstraklasa,Cracovia Krakow,Jagiellonia,2 - 4,0 - 2,2,6,Evet
2023-10-08,2023,Ekstraklasa,Legia Warszawa,Raków Częstochowa,1 - 2,1 - 1,2,3,Evet
2023-10-20,2023,Ekstraklasa,Piast Gliwice,Pogon Szczecin,0 - 0,0 - 0,X,0,Yok
2023-10-20,2023,Ekstraklasa,Jagiellonia,Zaglebie Lubin,3 - 0,2 - 0,1,3,Yok
2023-10-21,2023,Ekstraklasa,Puszcza Niepołomice,Cracovia Krakow,1 - 1,1 - 0,X,2,Evet
2023-10-21,2023,Ekstraklasa,Slask Wroclaw,Legia Warszawa,4 - 0,0 - 0,1,4,Yok
2023-10-21,2023,Ekstraklasa,Lech Poznan,ŁKS Łódź,3 - 1,2 - 0,1,4,Evet
2023-10-22,2023,Ekstraklasa,Radomiak Radom,Korona Kielce,1 - 1,0 - 0,X,2,Evet
2023-10-22,2023,Ekstraklasa,Gornik Zabrze,Raków Częstochowa,2 - 1,2 - 0,1,3,Evet
2023-10-23,2023,Ekstraklasa,Stal Mielec,Warta Poznań,0 - 1,0 - 0,2,1,Yok
2023-10-24,2023,Ekstraklasa,Lech Poznan,Jagiellonia,3 - 3,2 - 0,X,6,Evet
2023-10-27,2023,Ekstraklasa,Korona Kielce,Puszcza Niepołomice,5 - 3,3 - 0,1,8,Evet
2023-10-27,2023,Ekstraklasa,ŁKS Łódź,Gornik Zabrze,0 - 5,0 - 1,2,5,Yok
2023-10-28,2023,Ekstraklasa,Warta Poznań,Piast Gliwice,1 - 1,1 - 1,X,2,Evet
2023-10-28,2023,Ekstraklasa,Pogon Szczecin,Jagiellonia,2 - 1,1 - 1,1,3,Evet
2023-10-28,2023,Ekstraklasa,Cracovia Krakow,Lech Poznan,1 - 1,0 - 1,X,2,Evet
2023-10-28,2023,Ekstraklasa,Ruch Chorzów,Slask Wroclaw,2 - 2,1 - 2,X,4,Evet
2023-10-29,2023,Ekstraklasa,Zaglebie Lubin,Radomiak Radom,2 - 3,0 - 2,2,5,Evet
2023-10-29,2023,Ekstraklasa,Legia Warszawa,Stal Mielec,1 - 3,0 - 1,2,4,Evet
2023-10-29,2023,Ekstraklasa,Raków Częstochowa,Widzew Łódź,1 - 1,0 - 1,X,2,Evet
2023-11-03,2023,Ekstraklasa,Piast Gliwice,Korona Kielce,0 - 0,0 - 0,X,0,Yok
2023-11-03,2023,Ekstraklasa,Jagiellonia,Stal Mielec,4 - 0,2 - 0,1,4,Yok
2023-11-04,2023,Ekstraklasa,Puszcza Niepołomice,Pogon Szczecin,0 - 2,0 - 0,2,2,Yok
2023-11-04,2023,Ekstraklasa,Widzew Łódź,Warta Poznań,0 - 1,0 - 1,2,1,Yok
2023-11-04,2023,Ekstraklasa,Lech Poznan,Ruch Chorzów,2 - 0,1 - 0,1,2,Yok
2023-11-05,2023,Ekstraklasa,Slask Wroclaw,ŁKS Łódź,2 - 1,1 - 0,1,3,Evet
2023-11-05,2023,Ekstraklasa,Raków Częstochowa,Zaglebie Lubin,5 - 0,2 - 0,1,5,Yok
2023-11-05,2023,Ekstraklasa,Radomiak Radom,Legia Warszawa,0 - 1,0 - 1,2,1,Yok
2023-11-06,2023,Ekstraklasa,Gornik Zabrze,Cracovia Krakow,1 - 0,0 - 0,1,1,Yok
2023-11-10,2023,Ekstraklasa,Warta Poznań,Puszcza Niepołomice,0 - 2,0 - 2,2,2,Yok
2023-11-10,2023,Ekstraklasa,Cracovia Krakow,Slask Wroclaw,0 - 1,0 - 1,2,1,Yok
2023-11-11,2023,Ekstraklasa,ŁKS Łódź,Piast Gliwice,3 - 3,1 - 3,X,6,Evet
2023-11-11,2023,Ekstraklasa,Zaglebie Lubin,Widzew Łódź,1 - 1,0 - 0,X,2,Evet
2023-11-11,2023,Ekstraklasa,Korona Kielce,Jagiellonia,2 - 2,1 - 0,X,4,Evet
2023-11-12,2023,Ekstraklasa,Stal Mielec,Gornik Zabrze,2 - 1,1 - 1,1,3,Evet
2023-11-12,2023,Ekstraklasa,Pogon Szczecin,Raków Częstochowa,1 - 1,0 - 0,X,2,Evet
2023-11-12,2023,Ekstraklasa,Legia Warszawa,Lech Poznan,0 - 0,0 - 0,X,0,Yok
2023-11-13,2023,Ekstraklasa,Ruch Chorzów,Radomiak Radom,0 - 0,0 - 0,X,0,Yok
2023-11-18,2023,Ekstraklasa,Widzew Łódź,Ruch Chorzów,2 - 1,0 - 1,1,3,Evet
2023-11-24,2023,Ekstraklasa,ŁKS Łódź,Zaglebie Lubin,0 - 2,0 - 1,2,2,Yok
2023-11-24,2023,Ekstraklasa,Jagiellonia,Piast Gliwice,0 - 0,0 - 0,X,0,Yok
2023-11-25,2023,Ekstraklasa,Raków Częstochowa,Cracovia Krakow,1 - 1,0 - 1,X,2,Evet
2023-11-25,2023,Ekstraklasa,Pogon Szczecin,Stal Mielec,2 - 3,2 - 1,2,5,Evet
2023-11-25,2023,Ekstraklasa,Legia Warszawa,Warta Poznań,2 - 2,1 - 2,X,4,Evet
2023-11-26,2023,Ekstraklasa,Puszcza Niepołomice,Gornik Zabrze,2 - 1,0 - 1,1,3,Evet
2023-11-26,2023,Ekstraklasa,Ruch Chorzów,Korona Kielce,1 - 1,0 - 0,X,2,Evet
2023-11-26,2023,Ekstraklasa,Lech Poznan,Widzew Łódź,1 - 3,0 - 1,2,4,Evet
2023-11-27,2023,Ekstraklasa,Radomiak Radom,Slask Wroclaw,0 - 1,0 - 0,2,1,Yok
2023-12-01,2023,Ekstraklasa,Warta Poznań,Jagiellonia,1 - 2,1 - 1,2,3,Evet
2023-12-01,2023,Ekstraklasa,Gornik Zabrze,Pogon Szczecin,1 - 0,1 - 0,1,1,Yok
2023-12-02,2023,Ekstraklasa,Widzew Łódź,Radomiak Radom,0 - 3,0 - 2,2,3,Yok
2023-12-02,2023,Ekstraklasa,Korona Kielce,Lech Poznan,0 - 1,0 - 0,2,1,Yok
2023-12-03,2023,Ekstraklasa,Cracovia Krakow,Ruch Chorzów,4 - 4,1 - 2,X,8,Evet
2023-12-03,2023,Ekstraklasa,Zaglebie Lubin,Legia Warszawa,0 - 3,0 - 2,2,3,Yok
2023-12-03,2023,Ekstraklasa,Slask Wroclaw,Raków Częstochowa,1 - 1,0 - 1,X,2,Evet
2023-12-08,2023,Ekstraklasa,Ruch Chorzów,Zaglebie Lubin,2 - 2,0 - 1,X,4,Evet
2023-12-08,2023,Ekstraklasa,Pogon Szczecin,Warta Poznań,3 - 3,0 - 1,X,6,Evet
2023-12-09,2023,Ekstraklasa,Radomiak Radom,Gornik Zabrze,1 - 1,1 - 1,X,2,Evet
2023-12-09,2023,Ekstraklasa,Cracovia Krakow,Stal Mielec,2 - 2,0 - 0,X,4,Evet
2023-12-09,2023,Ekstraklasa,Slask Wroclaw,Korona Kielce,0 - 0,0 - 0,X,0,Yok
2023-12-10,2023,Ekstraklasa,Lech Poznan,Piast Gliwice,0 - 1,0 - 0,2,1,Yok
2023-12-10,2023,Ekstraklasa,ŁKS Łódź,Legia Warszawa,1 - 1,1 - 0,X,2,Evet
2023-12-10,2023,Ekstraklasa,Jagiellonia,Raków Częstochowa,4 - 2,2 - 1,1,6,Evet
2023-12-11,2023,Ekstraklasa,Puszcza Niepołomice,Widzew Łódź,1 - 0,0 - 0,1,1,Yok
2023-12-15,2023,Ekstraklasa,Gornik Zabrze,Warta Poznań,3 - 0,1 - 0,1,3,Yok
2023-12-15,2023,Ekstraklasa,Zaglebie Lubin,Slask Wroclaw,1 - 2,0 - 0,2,3,Evet
2023-12-16,2023,Ekstraklasa,Puszcza Niepołomice,Jagiellonia,3 - 3,0 - 3,X,6,Evet
2023-12-16,2023,Ekstraklasa,Widzew Łódź,Pogon Szczecin,1 - 2,1 - 1,2,3,Evet
2023-12-16,2023,Ekstraklasa,Radomiak Radom,Lech Poznan,2 - 2,0 - 1,X,4,Evet
2023-12-17,2023,Ekstraklasa,ŁKS Łódź,Ruch Chorzów,1 - 1,1 - 0,X,2,Evet
2023-12-17,2023,Ekstraklasa,Raków Częstochowa,Korona Kielce,1 - 0,0 - 0,1,1,Yok
2023-12-17,2023,Ekstraklasa,Legia Warszawa,Cracovia Krakow,2 - 0,0 - 0,1,2,Yok
2023-12-18,2023,Ekstraklasa,Piast Gliwice,Stal Mielec,3 - 0,0 - 0,1,3,Yok
2023-12-20,2023,Ekstraklasa,Cracovia Krakow,Legia Warszawa,2 - 0,1 - 0,1,2,Yok
2024-02-09,2023,Ekstraklasa,Stal Mielec,Puszcza Niepołomice,2 - 1,0 - 1,1,3,Evet
2024-02-09,2023,Ekstraklasa,Ruch Chorzów,Legia Warszawa,0 - 1,0 - 0,2,1,Yok
2024-02-10,2023,Ekstraklasa,Cracovia Krakow,Radomiak Radom,6 - 0,3 - 0,1,6,Yok
2024-02-10,2023,Ekstraklasa,Piast Gliwice,Gornik Zabrze,1 - 3,0 - 1,2,4,Evet
2024-02-10,2023,Ekstraklasa,Lech Poznan,Zaglebie Lubin,2 - 0,1 - 0,1,2,Yok
2024-02-11,2023,Ekstraklasa,Warta Poznań,Raków Częstochowa,2 - 1,2 - 1,1,3,Evet
2024-02-11,2023,Ekstraklasa,Widzew Łódź,Jagiellonia,1 - 3,1 - 2,2,4,Evet
2024-02-11,2023,Ekstraklasa,Slask Wroclaw,Pogon Szczecin,0 - 1,0 - 0,2,1,Yok
2024-02-12,2023,Ekstraklasa,Korona Kielce,ŁKS Łódź,2 - 1,1 - 1,1,3,Evet
2024-02-16,2023,Ekstraklasa,Radomiak Radom,Pogon Szczecin,0 - 4,0 - 3,2,4,Yok
2024-02-16,2023,Ekstraklasa,Slask Wroclaw,Stal Mielec,0 - 1,0 - 1,2,1,Yok
2024-02-17,2023,Ekstraklasa,Ruch Chorzów,Warta Poznań,0 - 0,0 - 0,X,0,Yok
2024-02-17,2023,Ekstraklasa,Jagiellonia,Lech Poznan,1 - 2,0 - 2,2,3,Evet
2024-02-17,2023,Ekstraklasa,Raków Częstochowa,Piast Gliwice,3 - 1,0 - 0,1,4,Evet
2024-02-18,2023,Ekstraklasa,Zaglebie Lubin,Cracovia Krakow,1 - 1,1 - 0,X,2,Evet
2024-02-18,2023,Ekstraklasa,Legia Warszawa,Puszcza Niepołomice,1 - 1,0 - 1,X,2,Evet
2024-02-18,2023,Ekstraklasa,ŁKS Łódź,Widzew Łódź,0 - 2,0 - 0,2,2,Yok
2024-02-19,2023,Ekstraklasa,Gornik Zabrze,Korona Kielce,3 - 1,2 - 0,1,4,Evet
2024-02-23,2023,Ekstraklasa,Piast Gliwice,Cracovia Krakow,0 - 0,0 - 0,X,0,Yok
2024-02-23,2023,Ekstraklasa,Pogon Szczecin,ŁKS Łódź,4 - 2,1 - 0,1,6,Evet
2024-02-24,2023,Ekstraklasa,Jagiellonia,Ruch Chorzów,1 - 1,0 - 1,X,2,Evet
2024-02-24,2023,Ekstraklasa,Lech Poznan,Slask Wroclaw,0 - 0,0 - 0,X,0,Yok
2024-02-24,2023,Ekstraklasa,Stal Mielec,Raków Częstochowa,0 - 0,0 - 0,X,0,Yok
2024-02-25,2023,Ekstraklasa,Puszcza Niepołomice,Zaglebie Lubin,2 - 2,1 - 2,X,4,Evet
2024-02-25,2023,Ekstraklasa,Widzew Łódź,Gornik Zabrze,3 - 1,2 - 0,1,4,Evet
2024-02-25,2023,Ekstraklasa,Korona Kielce,Legia Warszawa,3 - 3,1 - 2,X,6,Evet
2024-02-26,2023,Ekstraklasa,Warta Poznań,Radomiak Radom,0 - 0,0 - 0,X,0,Yok
2024-02-28,2023,Ekstraklasa,Stal Mielec,ŁKS Łódź,1 - 0,1 - 0,1,1,Yok
2024-03-01,2023,Ekstraklasa,Cracovia Krakow,Warta Poznań,0 - 1,0 - 0,2,1,Yok
2024-03-01,2023,Ekstraklasa,Ruch Chorzów,Piast Gliwice,3 - 0,1 - 0,1,3,Yok
2024-03-02,2023,Ekstraklasa,Gornik Zabrze,Jagiellonia,2 - 1,1 - 0,1,3,Evet
2024-03-02,2023,Ekstraklasa,Slask Wroclaw,Widzew Łódź,2 - 1,0 - 0,1,3,Evet
2024-03-02,2023,Ekstraklasa,Legia Warszawa,Pogon Szczecin,1 - 1,0 - 0,X,2,Evet
2024-03-03,2023,Ekstraklasa,ŁKS Łódź,Puszcza Niepołomice,3 - 2,1 - 1,1,5,Evet
2024-03-03,2023,Ekstraklasa,Zaglebie Lubin,Korona Kielce,1 - 0,1 - 0,1,1,Yok
2024-03-03,2023,Ekstraklasa,Raków Częstochowa,Lech Poznan,4 - 0,3 - 0,1,4,Yok
2024-03-04,2023,Ekstraklasa,Radomiak Radom,Stal Mielec,2 - 1,1 - 0,1,3,Evet
2024-03-08,2023,Ekstraklasa,Piast Gliwice,Radomiak Radom,2 - 3,1 - 1,2,5,Evet
2024-03-08,2023,Ekstraklasa,Jagiellonia,Slask Wroclaw,3 - 1,3 - 0,1,4,Evet
2024-03-09,2023,Ekstraklasa,Korona Kielce,Cracovia Krakow,1 - 1,0 - 1,X,2,Evet
2024-03-09,2023,Ekstraklasa,Puszcza Niepołomice,Raków Częstochowa,1 - 1,0 - 1,X,2,Evet
2024-03-09,2023,Ekstraklasa,Gornik Zabrze,Lech Poznan,0 - 0,0 - 0,X,0,Yok
2024-03-10,2023,Ekstraklasa,Stal Mielec,Ruch Chorzów,3 - 1,2 - 0,1,4,Evet
2024-03-10,2023,Ekstraklasa,Pogon Szczecin,Zaglebie Lubin,0 - 2,0 - 1,2,2,Yok
2024-03-10,2023,Ekstraklasa,Widzew Łódź,Legia Warszawa,1 - 0,0 - 0,1,1,Yok
2024-03-11,2023,Ekstraklasa,Warta Poznań,ŁKS Łódź,0 - 1,0 - 0,2,1,Yok
2024-03-12,2023,Ekstraklasa,Piast Gliwice,Puszcza Niepołomice,1 - 0,1 - 0,1,1,Yok
2024-03-13,2023,Ekstraklasa,Korona Kielce,Raków Częstochowa,0 - 2,0 - 2,2,2,Yok
2024-03-15,2023,Ekstraklasa,Zaglebie Lubin,Stal Mielec,0 - 0,0 - 0,X,0,Yok
2024-03-15,2023,Ekstraklasa,Lech Poznan,Warta Poznań,2 - 0,0 - 0,1,2,Yok
2024-03-16,2023,Ekstraklasa,Cracovia Krakow,Widzew Łódź,2 - 2,1 - 1,X,4,Evet
2024-03-16,2023,Ekstraklasa,Radomiak Radom,Jagiellonia,0 - 2,0 - 1,2,2,Yok
2024-03-16,2023,Ekstraklasa,Ruch Chorzów,Gornik Zabrze,1 - 2,0 - 1,2,3,Evet
2024-03-16,2023,Ekstraklasa,Slask Wroclaw,Puszcza Niepołomice,0 - 0,0 - 0,X,0,Yok
2024-03-17,2023,Ekstraklasa,Korona Kielce,Pogon Szczecin,2 - 2,2 - 0,X,4,Evet
2024-03-17,2023,Ekstraklasa,ŁKS Łódź,Raków Częstochowa,1 - 1,0 - 0,X,2,Evet
2024-03-17,2023,Ekstraklasa,Legia Warszawa,Piast Gliwice,3 - 1,2 - 1,1,4,Evet
2024-03-30,2023,Ekstraklasa,Raków Częstochowa,Ruch Chorzów,1 - 1,1 - 0,X,2,Evet
2024-03-30,2023,Ekstraklasa,Jagiellonia,ŁKS Łódź,6 - 0,2 - 0,1,6,Yok
2024-03-30,2023,Ekstraklasa,Piast Gliwice,Slask Wroclaw,2 - 2,0 - 0,X,4,Evet
2024-03-30,2023,Ekstraklasa,Pogon Szczecin,Cracovia Krakow,3 - 1,2 - 1,1,4,Evet
2024-04-01,2023,Ekstraklasa,Puszcza Niepołomice,Radomiak Radom,1 - 1,1 - 0,X,2,Evet
2024-04-01,2023,Ekstraklasa,Stal Mielec,Lech Poznan,0 - 0,0 - 0,X,0,Yok
2024-04-01,2023,Ekstraklasa,Widzew Łódź,Korona Kielce,3 - 1,1 - 0,1,4,Evet
2024-04-01,2023,Ekstraklasa,Gornik Zabrze,Legia Warszawa,1 - 3,0 - 1,2,4,Evet
2024-04-02,2023,Ekstraklasa,Warta Poznań,Zaglebie Lubin,1 - 1,1 - 0,X,2,Evet
2024-04-05,2023,Ekstraklasa,Cracovia Krakow,ŁKS Łódź,2 - 2,1 - 0,X,4,Evet
2024-04-05,2023,Ekstraklasa,Radomiak Radom,Raków Częstochowa,2 - 1,2 - 0,1,3,Evet
2024-04-06,2023,Ekstraklasa,Korona Kielce,Stal Mielec,1 - 0,1 - 0,1,1,Yok
2024-04-06,2023,Ekstraklasa,Ruch Chorzów,Puszcza Niepołomice,0 - 0,0 - 0,X,0,Yok
2024-04-06,2023,Ekstraklasa,Slask Wroclaw,Warta Poznań,2 - 1,1 - 0,1,3,Evet
2024-04-07,2023,Ekstraklasa,Widzew Łódź,Piast Gliwice,1 - 0,0 - 0,1,1,Yok
2024-04-07,2023,Ekstraklasa,Lech Poznan,Pogon Szczecin,1 - 0,0 - 0,1,1,Yok
2024-04-07,2023,Ekstraklasa,Legia Warszawa,Jagiellonia,1 - 1,1 - 0,X,2,Evet
2024-04-08,2023,Ekstraklasa,Zaglebie Lubin,Gornik Zabrze,1 - 2,1 - 1,2,3,Evet
2024-04-12,2023,Ekstraklasa,Warta Poznań,Korona Kielce,1 - 0,1 - 0,1,1,Yok
2024-04-12,2023,Ekstraklasa,Pogon Szczecin,Ruch Chorzów,5 - 0,2 - 0,1,5,Yok
2024-04-13,2023,Ekstraklasa,Stal Mielec,Widzew Łódź,0 - 0,0 - 0,X,0,Yok
2024-04-13,2023,Ekstraklasa,Puszcza Niepołomice,Lech Poznan,2 - 1,2 - 0,1,3,Evet
2024-04-13,2023,Ekstraklasa,Raków Częstochowa,Legia Warszawa,1 - 1,0 - 1,X,2,Evet
2024-04-14,2023,Ekstraklasa,ŁKS Łódź,Radomiak Radom,3 - 2,1 - 0,1,5,Evet
2024-04-14,2023,Ekstraklasa,Jagiellonia,Cracovia Krakow,1 - 3,1 - 2,2,4,Evet
2024-04-14,2023,Ekstraklasa,Gornik Zabrze,Slask Wroclaw,2 - 0,1 - 0,1,2,Yok
2024-04-15,2023,Ekstraklasa,Piast Gliwice,Zaglebie Lubin,2 - 0,2 - 0,1,2,Yok
2024-04-19,2023,Ekstraklasa,Korona Kielce,Radomiak Radom,4 - 0,2 - 0,1,4,Yok
2024-04-19,2023,Ekstraklasa,Raków Częstochowa,Gornik Zabrze,0 - 1,0 - 0,2,1,Yok
2024-04-20,2023,Ekstraklasa,Pogon Szczecin,Piast Gliwice,0 - 2,0 - 2,2,2,Yok
2024-04-20,2023,Ekstraklasa,Ruch Chorzów,Widzew Łódź,2 - 3,0 - 1,2,5,Evet
2024-04-20,2023,Ekstraklasa,Zaglebie Lubin,Jagiellonia,1 - 2,0 - 1,2,3,Evet
2024-04-21,2023,Ekstraklasa,Cracovia Krakow,Puszcza Niepołomice,0 - 1,0 - 1,2,1,Yok
2024-04-21,2023,Ekstraklasa,ŁKS Łódź,Lech Poznan,2 - 3,0 - 1,2,5,Evet
2024-04-21,2023,Ekstraklasa,Legia Warszawa,Slask Wroclaw,0 - 0,0 - 0,X,0,Yok
2024-04-22,2023,Ekstraklasa,Warta Poznań,Stal Mielec,5 - 2,2 - 2,1,7,Evet
2024-04-26,2023,Ekstraklasa,Piast Gliwice,Warta Poznań,2 - 0,1 - 0,1,2,Yok
2024-04-26,2023,Ekstraklasa,Jagiellonia,Pogon Szczecin,2 - 2,2 - 1,X,4,Evet
2024-04-27,2023,Ekstraklasa,Gornik Zabrze,ŁKS Łódź,4 - 1,2 - 0,1,5,Evet
2024-04-27,2023,Ekstraklasa,Slask Wroclaw,Ruch Chorzów,2 - 3,0 - 2,2,5,Evet
2024-04-27,2023,Ekstraklasa,Widzew Łódź,Raków Częstochowa,0 - 1,0 - 0,2,1,Yok
2024-04-28,2023,Ekstraklasa,Radomiak Radom,Zaglebie Lubin,3 - 4,0 - 3,2,7,Evet
2024-04-28,2023,Ekstraklasa,Stal Mielec,Legia Warszawa,1 - 3,1 - 1,2,4,Evet
2024-04-28,2023,Ekstraklasa,Lech Poznan,Cracovia Krakow,0 - 0,0 - 0,X,0,Yok
2024-04-29,2023,Ekstraklasa,Puszcza Niepołomice,Korona Kielce,1 - 1,1 - 0,X,2,Evet
2024-05-03,2023,Ekstraklasa,Cracovia Krakow,Gornik Zabrze,5 - 0,2 - 0,1,5,Yok
2024-05-03,2023,Ekstraklasa,Ruch Chorzów,Lech Poznan,2 - 1,1 - 1,1,3,Evet
2024-05-04,2023,Ekstraklasa,ŁKS Łódź,Slask Wroclaw,1 - 2,0 - 0,2,3,Evet
2024-05-04,2023,Ekstraklasa,Zaglebie Lubin,Raków Częstochowa,2 - 0,1 - 0,1,2,Yok
2024-05-04,2023,Ekstraklasa,Stal Mielec,Jagiellonia,3 - 2,1 - 1,1,5,Evet
2024-05-05,2023,Ekstraklasa,Warta Poznań,Widzew Łódź,2 - 1,2 - 1,1,3,Evet
2024-05-05,2023,Ekstraklasa,Korona Kielce,Piast Gliwice,1 - 1,0 - 1,X,2,Evet
2024-05-05,2023,Ekstraklasa,Legia Warszawa,Radomiak Radom,0 - 3,0 - 0,2,3,Yok
2024-05-06,2023,Ekstraklasa,Pogon Szczecin,Puszcza Niepołomice,1 - 0,0 - 0,1,1,Yok
2024-05-10,2023,Ekstraklasa,Piast Gliwice,ŁKS Łódź,4 - 0,0 - 0,1,4,Yok
2024-05-10,2023,Ekstraklasa,Slask Wroclaw,Cracovia Krakow,4 - 0,3 - 0,1,4,Yok
2024-05-11,2023,Ekstraklasa,Gornik Zabrze,Stal Mielec,1 - 1,0 - 0,X,2,Evet
2024-05-11,2023,Ekstraklasa,Jagiellonia,Korona Kielce,3 - 0,2 - 0,1,3,Yok
2024-05-11,2023,Ekstraklasa,Raków Częstochowa,Pogon Szczecin,2 - 1,2 - 0,1,3,Evet
2024-05-12,2023,Ekstraklasa,Puszcza Niepołomice,Warta Poznań,1 - 0,0 - 0,1,1,Yok
2024-05-12,2023,Ekstraklasa,Widzew Łódź,Zaglebie Lubin,1 - 3,0 - 2,2,4,Evet
2024-05-12,2023,Ekstraklasa,Lech Poznan,Legia Warszawa,1 - 2,0 - 2,2,3,Evet
2024-05-13,2023,Ekstraklasa,Radomiak Radom,Ruch Chorzów,0 - 2,0 - 0,2,2,Yok
2024-05-17,2023,Ekstraklasa,Stal Mielec,Pogon Szczecin,0 - 0,0 - 0,X,0,Yok
2024-05-17,2023,Ekstraklasa,Gornik Zabrze,Puszcza Niepołomice,1 - 1,1 - 0,X,2,Evet
2024-05-18,2023,Ekstraklasa,Korona Kielce,Ruch Chorzów,2 - 0,1 - 0,1,2,Yok
2024-05-18,2023,Ekstraklasa,Slask Wroclaw,Radomiak Radom,2 - 0,1 - 0,1,2,Yok
2024-05-18,2023,Ekstraklasa,Piast Gliwice,Jagiellonia,1 - 1,0 - 0,X,2,Evet
2024-05-19,2023,Ekstraklasa,Cracovia Krakow,Raków Częstochowa,2 - 0,1 - 0,1,2,Yok
2024-05-19,2023,Ekstraklasa,Warta Poznań,Legia Warszawa,0 - 1,0 - 1,2,1,Yok
2024-05-19,2023,Ekstraklasa,Widzew Łódź,Lech Poznan,1 - 1,1 - 1,X,2,Evet
2024-05-20,2023,Ekstraklasa,Zaglebie Lubin,ŁKS Łódź,2 - 1,1 - 0,1,3,Evet
2024-05-25,2023,Ekstraklasa,Jagiellonia,Warta Poznań,3 - 0,3 - 0,1,3,Yok
2024-05-25,2023,Ekstraklasa,Legia Warszawa,Zaglebie Lubin,2 - 1,2 - 0,1,3,Evet
2024-05-25,2023,Ekstraklasa,Lech Poznan,Korona Kielce,1 - 2,1 - 0,2,3,Evet
2024-05-25,2023,Ekstraklasa,Pogon Szczecin,Gornik Zabrze,1 - 0,0 - 0,1,1,Yok
2024-05-25,2023,Ekstraklasa,Puszcza Niepołomice,Piast Gliwice,1 - 0,0 - 0,1,1,Yok
2024-05-25,2023,Ekstraklasa,Raków Częstochowa,Slask Wroclaw,1 - 2,1 - 0,2,3,Evet
2024-05-25,2023,Ekstraklasa,ŁKS Łódź,Stal Mielec,3 - 2,3 - 0,1,5,Evet
2024-05-25,2023,Ekstraklasa,Radomiak Radom,Widzew Łódź,1 - 3,1 - 0,2,4,Evet
2024-05-25,2023,Ekstraklasa,Ruch Chorzów,Cracovia Krakow,2 - 0,1 - 0,1,2,Yok
2022-07-15,2022,Ekstraklasa,Raków Częstochowa,Warta Poznań,1 - 0,0 - 0,1,1,Yok
2022-07-15,2022,Ekstraklasa,Zaglebie Lubin,Slask Wroclaw,0 - 0,0 - 0,X,0,Yok
2022-07-16,2022,Ekstraklasa,Lech Poznan,Stal Mielec,0 - 2,0 - 1,2,2,Yok
2022-07-16,2022,Ekstraklasa,Jagiellonia,Piast Gliwice,2 - 0,1 - 0,1,2,Yok
2022-07-16,2022,Ekstraklasa,Korona Kielce,Legia Warszawa,1 - 1,0 - 0,X,2,Evet
2022-07-17,2022,Ekstraklasa,Radomiak Radom,Miedz Legnica,1 - 1,0 - 0,X,2,Evet
2022-07-17,2022,Ekstraklasa,Wisla Plock,Lechia Gdansk,3 - 0,1 - 0,1,3,Yok
2022-07-17,2022,Ekstraklasa,Pogon Szczecin,Widzew Łódź,2 - 1,1 - 1,1,3,Evet
2022-07-18,2022,Ekstraklasa,Gornik Zabrze,Cracovia Krakow,0 - 2,0 - 2,2,2,Yok
2022-07-22,2022,Ekstraklasa,Warta Poznań,Wisla Plock,0 - 4,0 - 3,2,4,Yok
2022-07-22,2022,Ekstraklasa,Jagiellonia,Widzew Łódź,0 - 2,0 - 0,2,2,Yok
2022-07-23,2022,Ekstraklasa,Cracovia Krakow,Korona Kielce,2 - 0,1 - 0,1,2,Yok
2022-07-23,2022,Ekstraklasa,Legia Warszawa,Zaglebie Lubin,2 - 0,1 - 0,1,2,Yok
2022-07-24,2022,Ekstraklasa,Slask Wroclaw,Pogon Szczecin,2 - 1,1 - 1,1,3,Evet
2022-07-25,2022,Ekstraklasa,Stal Mielec,Radomiak Radom,1 - 1,0 - 0,X,2,Evet
2022-07-29,2022,Ekstraklasa,Piast Gliwice,Zaglebie Lubin,0 - 1,0 - 0,2,1,Yok
2022-07-29,2022,Ekstraklasa,Cracovia Krakow,Legia Warszawa,3 - 0,1 - 0,1,3,Yok
2022-07-30,2022,Ekstraklasa,Radomiak Radom,Gornik Zabrze,0 - 3,0 - 2,2,3,Yok
2022-07-30,2022,Ekstraklasa,Miedz Legnica,Warta Poznań,1 - 2,1 - 1,2,3,Evet
2022-07-31,2022,Ekstraklasa,Pogon Szczecin,Jagiellonia,1 - 0,1 - 0,1,1,Yok
2022-07-31,2022,Ekstraklasa,Lech Poznan,Wisla Plock,1 - 3,0 - 1,2,4,Evet
2022-07-31,2022,Ekstraklasa,Raków Częstochowa,Stal Mielec,3 - 2,1 - 1,1,5,Evet
2022-07-31,2022,Ekstraklasa,Widzew Łódź,Lechia Gdansk,2 - 3,1 - 2,2,5,Evet
2022-08-01,2022,Ekstraklasa,Korona Kielce,Slask Wroclaw,3 - 1,2 - 0,1,4,Evet
2022-08-05,2022,Ekstraklasa,Stal Mielec,Cracovia Krakow,2 - 0,1 - 0,1,2,Yok
2022-08-05,2022,Ekstraklasa,Legia Warszawa,Piast Gliwice,2 - 0,0 - 0,1,2,Yok
2022-08-06,2022,Ekstraklasa,Lechia Gdansk,Korona Kielce,0 - 1,0 - 1,2,1,Yok
2022-08-06,2022,Ekstraklasa,Jagiellonia,Radomiak Radom,1 - 2,1 - 0,2,3,Evet
2022-08-06,2022,Ekstraklasa,Slask Wroclaw,Widzew Łódź,0 - 0,0 - 0,X,0,Yok
2022-08-07,2022,Ekstraklasa,Warta Poznań,Pogon Szczecin,1 - 2,0 - 2,2,3,Evet
2022-08-07,2022,Ekstraklasa,Zaglebie Lubin,Lech Poznan,1 - 1,0 - 0,X,2,Evet
2022-08-07,2022,Ekstraklasa,Gornik Zabrze,Raków Częstochowa,1 - 0,1 - 0,1,1,Yok
2022-08-08,2022,Ekstraklasa,Wisla Plock,Miedz Legnica,4 - 1,2 - 1,1,5,Evet
2022-08-12,2022,Ekstraklasa,Miedz Legnica,Zaglebie Lubin,0 - 1,0 - 0,2,1,Yok
2022-08-12,2022,Ekstraklasa,Widzew Łódź,Legia Warszawa,1 - 2,0 - 2,2,3,Evet
2022-08-13,2022,Ekstraklasa,Cracovia Krakow,Piast Gliwice,0 - 1,0 - 0,2,1,Yok
2022-08-13,2022,Ekstraklasa,Gornik Zabrze,Stal Mielec,1 - 3,1 - 2,2,4,Evet
2022-08-13,2022,Ekstraklasa,Pogon Szczecin,Wisla Plock,2 - 2,1 - 0,X,4,Evet
2022-08-14,2022,Ekstraklasa,Radomiak Radom,Lechia Gdansk,4 - 1,2 - 1,1,5,Evet
2022-08-14,2022,Ekstraklasa,Raków Częstochowa,Jagiellonia,2 - 2,2 - 0,X,4,Evet
2022-08-14,2022,Ekstraklasa,Lech Poznan,Slask Wroclaw,0 - 1,0 - 1,2,1,Yok
2022-08-15,2022,Ekstraklasa,Korona Kielce,Warta Poznań,0 - 1,0 - 1,2,1,Yok
2022-08-19,2022,Ekstraklasa,Jagiellonia,Miedz Legnica,2 - 1,0 - 1,1,3,Evet
2022-08-19,2022,Ekstraklasa,Legia Warszawa,Gornik Zabrze,2 - 2,0 - 1,X,4,Evet
2022-08-20,2022,Ekstraklasa,Wisla Plock,Korona Kielce,2 - 1,1 - 0,1,3,Evet
2022-08-20,2022,Ekstraklasa,Slask Wroclaw,Cracovia Krakow,1 - 1,1 - 1,X,2,Evet
2022-08-20,2022,Ekstraklasa,Warta Poznań,Widzew Łódź,0 - 1,0 - 0,2,1,Yok
2022-08-21,2022,Ekstraklasa,Zaglebie Lubin,Radomiak Radom,0 - 1,0 - 0,2,1,Yok
2022-08-21,2022,Ekstraklasa,Piast Gliwice,Stal Mielec,4 - 0,1 - 0,1,4,Yok
2022-08-26,2022,Ekstraklasa,Gornik Zabrze,Jagiellonia,1 - 1,0 - 1,X,2,Evet
2022-08-26,2022,Ekstraklasa,Stal Mielec,Legia Warszawa,0 - 1,0 - 0,2,1,Yok
2022-08-27,2022,Ekstraklasa,Radomiak Radom,Korona Kielce,0 - 2,0 - 1,2,2,Yok
2022-08-27,2022,Ekstraklasa,Miedz Legnica,Lechia Gdansk,2 - 1,1 - 0,1,3,Evet
2022-08-27,2022,Ekstraklasa,Pogon Szczecin,Zaglebie Lubin,3 - 0,1 - 0,1,3,Yok
2022-08-27,2022,Ekstraklasa,Widzew Łódź,Wisla Plock,2 - 1,1 - 0,1,3,Evet
2022-08-28,2022,Ekstraklasa,Cracovia Krakow,Warta Poznań,0 - 2,0 - 0,2,2,Yok
2022-08-28,2022,Ekstraklasa,Slask Wroclaw,Raków Częstochowa,1 - 4,0 - 1,2,5,Evet
2022-08-28,2022,Ekstraklasa,Lech Poznan,Piast Gliwice,1 - 0,1 - 0,1,1,Yok
2022-08-31,2022,Ekstraklasa,Raków Częstochowa,Pogon Szczecin,1 - 0,0 - 0,1,1,Yok
2022-08-31,2022,Ekstraklasa,Lechia Gdansk,Lech Poznan,0 - 3,0 - 2,2,3,Yok
2022-09-02,2022,Ekstraklasa,Legia Warszawa,Radomiak Radom,1 - 0,0 - 0,1,1,Yok
2022-09-03,2022,Ekstraklasa,Stal Mielec,Slask Wroclaw,2 - 0,1 - 0,1,2,Yok
2022-09-03,2022,Ekstraklasa,Lechia Gdansk,Warta Poznań,0 - 0,0 - 0,X,0,Yok
2022-09-03,2022,Ekstraklasa,Cracovia Krakow,Raków Częstochowa,3 - 0,2 - 0,1,3,Yok
2022-09-04,2022,Ekstraklasa,Zaglebie Lubin,Jagiellonia,1 - 1,0 - 0,X,2,Evet
2022-09-04,2022,Ekstraklasa,Korona Kielce,Pogon Szczecin,1 - 2,0 - 2,2,3,Evet
2022-09-04,2022,Ekstraklasa,Lech Poznan,Widzew Łódź,2 - 0,0 - 0,1,2,Yok
2022-09-05,2022,Ekstraklasa,Piast Gliwice,Miedz Legnica,2 - 1,1 - 1,1,3,Evet
2022-09-05,2022,Ekstraklasa,Wisla Plock,Gornik Zabrze,1 - 1,1 - 0,X,2,Evet
2022-09-09,2022,Ekstraklasa,Warta Poznań,Zaglebie Lubin,2 - 2,1 - 1,X,4,Evet
2022-09-09,2022,Ekstraklasa,Widzew Łódź,Cracovia Krakow,2 - 0,1 - 0,1,2,Yok
2022-09-10,2022,Ekstraklasa,Slask Wroclaw,Lechia Gdansk,2 - 1,0 - 1,1,3,Evet
2022-09-10,2022,Ekstraklasa,Radomiak Radom,Wisla Plock,2 - 0,1 - 0,1,2,Yok
2022-09-10,2022,Ekstraklasa,Gornik Zabrze,Piast Gliwice,3 - 3,2 - 2,X,6,Evet
2022-09-11,2022,Ekstraklasa,Miedz Legnica,Korona Kielce,2 - 2,1 - 0,X,4,Evet
2022-09-11,2022,Ekstraklasa,Pogon Szczecin,Lech Poznan,2 - 2,1 - 1,X,4,Evet
2022-09-11,2022,Ekstraklasa,Raków Częstochowa,Legia Warszawa,4 - 0,1 - 0,1,4,Yok
2022-09-12,2022,Ekstraklasa,Jagiellonia,Stal Mielec,4 - 0,3 - 0,1,4,Yok
2022-09-16,2022,Ekstraklasa,Piast Gliwice,Slask Wroclaw,1 - 1,1 - 1,X,2,Evet
2022-09-16,2022,Ekstraklasa,Legia Warszawa,Miedz Legnica,3 - 2,2 - 2,1,5,Evet
2022-09-17,2022,Ekstraklasa,Stal Mielec,Widzew Łódź,0 - 3,0 - 0,2,3,Yok
2022-09-17,2022,Ekstraklasa,Lechia Gdansk,Jagiellonia,2 - 2,0 - 1,X,4,Evet
2022-09-17,2022,Ekstraklasa,Raków Częstochowa,Radomiak Radom,3 - 0,1 - 0,1,3,Yok
2022-09-17,2022,Ekstraklasa,Cracovia Krakow,Pogon Szczecin,1 - 1,0 - 0,X,2,Evet
2022-09-18,2022,Ekstraklasa,Korona Kielce,Gornik Zabrze,1 - 2,1 - 1,2,3,Evet
2022-09-18,2022,Ekstraklasa,Zaglebie Lubin,Wisla Plock,2 - 1,1 - 1,1,3,Evet
2022-09-18,2022,Ekstraklasa,Warta Poznań,Lech Poznan,0 - 1,0 - 0,2,1,Yok
2022-09-30,2022,Ekstraklasa,Radomiak Radom,Cracovia Krakow,0 - 2,0 - 1,2,2,Yok
2022-09-30,2022,Ekstraklasa,Wisla Plock,Piast Gliwice,1 - 0,0 - 0,1,1,Yok
2022-10-01,2022,Ekstraklasa,Gornik Zabrze,Zaglebie Lubin,2 - 3,1 - 2,2,5,Evet
2022-10-01,2022,Ekstraklasa,Lech Poznan,Legia Warszawa,0 - 0,0 - 0,X,0,Yok
2022-10-01,2022,Ekstraklasa,Pogon Szczecin,Lechia Gdansk,2 - 1,2 - 1,1,3,Evet
2022-10-02,2022,Ekstraklasa,Miedz Legnica,Stal Mielec,0 - 2,0 - 2,2,2,Yok
2022-10-02,2022,Ekstraklasa,Jagiellonia,Korona Kielce,4 - 1,1 - 1,1,5,Evet
2022-10-02,2022,Ekstraklasa,Widzew Łódź,Raków Częstochowa,0 - 0,0 - 0,X,0,Yok
2022-10-03,2022,Ekstraklasa,Slask Wroclaw,Warta Poznań,0 - 2,0 - 1,2,2,Yok
2022-10-06,2022,Ekstraklasa,Piast Gliwice,Raków Częstochowa,0 - 1,0 - 0,2,1,Yok
2022-10-07,2022,Ekstraklasa,Stal Mielec,Pogon Szczecin,4 - 2,2 - 1,1,6,Evet
2022-10-07,2022,Ekstraklasa,Jagiellonia,Wisla Plock,1 - 1,0 - 1,X,2,Evet
2022-10-08,2022,Ekstraklasa,Slask Wroclaw,Gornik Zabrze,4 - 1,2 - 0,1,5,Evet
2022-10-08,2022,Ekstraklasa,Legia Warszawa,Warta Poznań,1 - 0,1 - 0,1,1,Yok
2022-10-08,2022,Ekstraklasa,Cracovia Krakow,Lechia Gdansk,0 - 1,0 - 0,2,1,Yok
2022-10-09,2022,Ekstraklasa,Zaglebie Lubin,Korona Kielce,1 - 1,1 - 0,X,2,Evet
2022-10-09,2022,Ekstraklasa,Lech Poznan,Radomiak Radom,1 - 0,1 - 0,1,1,Yok
2022-10-10,2022,Ekstraklasa,Raków Częstochowa,Miedz Legnica,1 - 0,1 - 0,1,1,Yok
2022-10-10,2022,Ekstraklasa,Piast Gliwice,Widzew Łódź,1 - 2,0 - 1,2,3,Evet
2022-10-14,2022,Ekstraklasa,Korona Kielce,Stal Mielec,0 - 2,0 - 2,2,2,Yok
2022-10-14,2022,Ekstraklasa,Wisla Plock,Legia Warszawa,2 - 1,0 - 0,1,3,Evet
2022-10-15,2022,Ekstraklasa,Radomiak Radom,Slask Wroclaw,2 - 0,0 - 0,1,2,Yok
2022-10-15,2022,Ekstraklasa,Lechia Gdansk,Raków Częstochowa,0 - 3,0 - 2,2,3,Yok
2022-10-15,2022,Ekstraklasa,Warta Poznań,Jagiellonia,2 - 0,0 - 0,1,2,Yok
2022-10-15,2022,Ekstraklasa,Pogon Szczecin,Piast Gliwice,1 - 1,0 - 1,X,2,Evet
2022-10-16,2022,Ekstraklasa,Miedz Legnica,Cracovia Krakow,1 - 1,0 - 1,X,2,Evet
2022-10-16,2022,Ekstraklasa,Widzew Łódź,Zaglebie Lubin,3 - 0,1 - 0,1,3,Yok
2022-10-16,2022,Ekstraklasa,Gornik Zabrze,Lech Poznan,1 - 2,1 - 1,2,3,Evet
2022-10-21,2022,Ekstraklasa,Widzew Łódź,Miedz Legnica,1 - 0,1 - 0,1,1,Yok
2022-10-22,2022,Ekstraklasa,Stal Mielec,Wisla Plock,1 - 1,1 - 0,X,2,Evet
2022-10-22,2022,Ekstraklasa,Legia Warszawa,Pogon Szczecin,1 - 1,1 - 0,X,2,Evet
2022-10-22,2022,Ekstraklasa,Raków Częstochowa,Korona Kielce,1 - 0,0 - 0,1,1,Yok
2022-10-23,2022,Ekstraklasa,Warta Poznań,Gornik Zabrze,0 - 0,0 - 0,X,0,Yok
2022-10-23,2022,Ekstraklasa,Slask Wroclaw,Jagiellonia,2 - 2,1 - 1,X,4,Evet
2022-10-23,2022,Ekstraklasa,Cracovia Krakow,Lech Poznan,0 - 0,0 - 0,X,0,Yok
2022-10-24,2022,Ekstraklasa,Piast Gliwice,Radomiak Radom,1 - 2,1 - 1,2,3,Evet
2022-10-24,2022,Ekstraklasa,Zaglebie Lubin,Lechia Gdansk,0 - 3,0 - 1,2,3,Yok
2022-10-28,2022,Ekstraklasa,Miedz Legnica,Pogon Szczecin,2 - 4,2 - 2,2,6,Evet
2022-10-28,2022,Ekstraklasa,Gornik Zabrze,Widzew Łódź,3 - 0,3 - 0,1,3,Yok
2022-10-29,2022,Ekstraklasa,Korona Kielce,Piast Gliwice,1 - 1,1 - 0,X,2,Evet
2022-10-29,2022,Ekstraklasa,Jagiellonia,Legia Warszawa,2 - 5,1 - 3,2,7,Evet
2022-10-29,2022,Ekstraklasa,Wisla Plock,Slask Wroclaw,1 - 2,0 - 0,2,3,Evet
2022-10-30,2022,Ekstraklasa,Zaglebie Lubin,Cracovia Krakow,0 - 2,0 - 0,2,2,Yok
2022-10-30,2022,Ekstraklasa,Lechia Gdansk,Stal Mielec,1 - 0,0 - 0,1,1,Yok
2022-10-30,2022,Ekstraklasa,Lech Poznan,Raków Częstochowa,1 - 2,0 - 0,2,3,Evet
2022-10-31,2022,Ekstraklasa,Radomiak Radom,Warta Poznań,2 - 3,0 - 2,2,5,Evet
2022-11-04,2022,Ekstraklasa,Stal Mielec,Zaglebie Lubin,3 - 0,0 - 0,1,3,Yok
2022-11-04,2022,Ekstraklasa,Legia Warszawa,Lechia Gdansk,2 - 1,0 - 0,1,3,Evet
2022-11-05,2022,Ekstraklasa,Piast Gliwice,Warta Poznań,0 - 2,0 - 1,2,2,Yok
2022-11-05,2022,Ekstraklasa,Cracovia Krakow,Jagiellonia,1 - 0,0 - 0,1,1,Yok
2022-11-05,2022,Ekstraklasa,Pogon Szczecin,Gornik Zabrze,1 - 4,1 - 1,2,5,Evet
2022-11-05,2022,Ekstraklasa,Raków Częstochowa,Wisla Plock,7 - 1,4 - 1,1,8,Evet
2022-11-06,2022,Ekstraklasa,Miedz Legnica,Slask Wroclaw,1 - 0,1 - 0,1,1,Yok
2022-11-06,2022,Ekstraklasa,Widzew Łódź,Radomiak Radom,1 - 3,0 - 2,2,4,Evet
2022-11-06,2022,Ekstraklasa,Lech Poznan,Korona Kielce,3 - 2,1 - 0,1,5,Evet
2022-11-11,2022,Ekstraklasa,Warta Poznań,Stal Mielec,1 - 1,0 - 0,X,2,Evet
2022-11-11,2022,Ekstraklasa,Wisla Plock,Cracovia Krakow,1 - 0,0 - 0,1,1,Yok
2022-11-12,2022,Ekstraklasa,Korona Kielce,Widzew Łódź,0 - 1,0 - 0,2,1,Yok
2022-11-12,2022,Ekstraklasa,Gornik Zabrze,Miedz Legnica,0 - 3,0 - 2,2,3,Yok
2022-11-12,2022,Ekstraklasa,Jagiellonia,Lech Poznan,1 - 2,1 - 1,2,3,Evet
2022-11-12,2022,Ekstraklasa,Zaglebie Lubin,Raków Częstochowa,1 - 2,0 - 2,2,3,Evet
2022-11-13,2022,Ekstraklasa,Radomiak Radom,Pogon Szczecin,1 - 2,0 - 0,2,3,Evet
2022-11-13,2022,Ekstraklasa,Lechia Gdansk,Piast Gliwice,1 - 3,0 - 1,2,4,Evet
2022-11-13,2022,Ekstraklasa,Slask Wroclaw,Legia Warszawa,0 - 0,0 - 0,X,0,Yok
2022-11-18,2022,Ekstraklasa,Lechia Gdansk,Gornik Zabrze,2 - 1,0 - 1,1,3,Evet
2023-01-27,2022,Ekstraklasa,Miedz Legnica,Radomiak Radom,0 - 0,0 - 0,X,0,Yok
2023-01-27,2022,Ekstraklasa,Stal Mielec,Lech Poznan,0 - 0,0 - 0,X,0,Yok
2023-01-28,2022,Ekstraklasa,Warta Poznań,Raków Częstochowa,1 - 1,1 - 0,X,2,Evet
2023-01-28,2022,Ekstraklasa,Widzew Łódź,Pogon Szczecin,3 - 3,0 - 1,X,6,Evet
2023-01-28,2022,Ekstraklasa,Slask Wroclaw,Zaglebie Lubin,0 - 3,0 - 1,2,3,Yok
2023-01-29,2022,Ekstraklasa,Piast Gliwice,Jagiellonia,1 - 1,0 - 0,X,2,Evet
2023-01-29,2022,Ekstraklasa,Legia Warszawa,Korona Kielce,3 - 2,2 - 0,1,5,Evet
2023-01-29,2022,Ekstraklasa,Lechia Gdansk,Wisla Plock,1 - 0,0 - 0,1,1,Yok
2023-01-30,2022,Ekstraklasa,Cracovia Krakow,Gornik Zabrze,2 - 0,1 - 0,1,2,Yok
2023-02-01,2022,Ekstraklasa,Miedz Legnica,Lech Poznan,2 - 2,1 - 1,X,4,Evet
2023-02-03,2022,Ekstraklasa,Widzew Łódź,Jagiellonia,1 - 1,0 - 0,X,2,Evet
2023-02-04,2022,Ekstraklasa,Raków Częstochowa,Piast Gliwice,1 - 0,1 - 0,1,1,Yok
2023-02-04,2022,Ekstraklasa,Gornik Zabrze,Lechia Gdansk,1 - 1,1 - 0,X,2,Evet
2023-02-04,2022,Ekstraklasa,Zaglebie Lubin,Legia Warszawa,1 - 2,0 - 1,2,3,Evet
2023-02-05,2022,Ekstraklasa,Radomiak Radom,Stal Mielec,1 - 0,1 - 0,1,1,Yok
2023-02-05,2022,Ekstraklasa,Lech Poznan,Miedz Legnica,1 - 0,1 - 0,1,1,Yok
2023-02-05,2022,Ekstraklasa,Pogon Szczecin,Slask Wroclaw,0 - 2,0 - 0,2,2,Yok
2023-02-06,2022,Ekstraklasa,Korona Kielce,Cracovia Krakow,2 - 1,1 - 0,1,3,Evet
2023-02-10,2022,Ekstraklasa,Stal Mielec,Raków Częstochowa,0 - 0,0 - 0,X,0,Yok
2023-02-10,2022,Ekstraklasa,Lechia Gdansk,Widzew Łódź,0 - 0,0 - 0,X,0,Yok
2023-02-11,2022,Ekstraklasa,Slask Wroclaw,Korona Kielce,1 - 1,0 - 0,X,2,Evet
2023-02-11,2022,Ekstraklasa,Wisla Plock,Lech Poznan,0 - 1,0 - 1,2,1,Yok
2023-02-11,2022,Ekstraklasa,Jagiellonia,Pogon Szczecin,2 - 0,0 - 0,1,2,Yok
2023-02-12,2022,Ekstraklasa,Zaglebie Lubin,Piast Gliwice,0 - 2,0 - 2,2,2,Yok
2023-02-12,2022,Ekstraklasa,Gornik Zabrze,Radomiak Radom,0 - 0,0 - 0,X,0,Yok
2023-02-12,2022,Ekstraklasa,Legia Warszawa,Cracovia Krakow,2 - 2,0 - 1,X,4,Evet
2023-02-13,2022,Ekstraklasa,Warta Poznań,Miedz Legnica,1 - 1,0 - 0,X,2,Evet
2023-02-17,2022,Ekstraklasa,Cracovia Krakow,Stal Mielec,2 - 1,0 - 1,1,3,Evet
2023-02-17,2022,Ekstraklasa,Widzew Łódź,Slask Wroclaw,1 - 0,0 - 0,1,1,Yok
2023-02-18,2022,Ekstraklasa,Korona Kielce,Lechia Gdansk,1 - 0,1 - 0,1,1,Yok
2023-02-18,2022,Ekstraklasa,Raków Częstochowa,Gornik Zabrze,2 - 0,1 - 0,1,2,Yok
2023-02-18,2022,Ekstraklasa,Pogon Szczecin,Warta Poznań,3 - 1,1 - 1,1,4,Evet
2023-02-19,2022,Ekstraklasa,Miedz Legnica,Wisla Plock,2 - 1,1 - 1,1,3,Evet
2023-02-19,2022,Ekstraklasa,Lech Poznan,Zaglebie Lubin,1 - 2,1 - 2,2,3,Evet
2023-02-19,2022,Ekstraklasa,Piast Gliwice,Legia Warszawa,0 - 1,0 - 0,2,1,Yok
2023-02-20,2022,Ekstraklasa,Radomiak Radom,Jagiellonia,0 - 0,0 - 0,X,0,Yok
2023-02-24,2022,Ekstraklasa,Jagiellonia,Raków Częstochowa,1 - 2,1 - 1,2,3,Evet
2023-02-24,2022,Ekstraklasa,Legia Warszawa,Widzew Łódź,2 - 2,1 - 0,X,4,Evet
2023-02-25,2022,Ekstraklasa,Piast Gliwice,Cracovia Krakow,2 - 1,0 - 0,1,3,Evet
2023-02-25,2022,Ekstraklasa,Warta Poznań,Korona Kielce,5 - 1,3 - 0,1,6,Evet
2023-02-25,2022,Ekstraklasa,Lechia Gdansk,Radomiak Radom,1 - 3,0 - 2,2,4,Evet
2023-02-26,2022,Ekstraklasa,Stal Mielec,Gornik Zabrze,0 - 1,0 - 0,2,1,Yok
2023-02-26,2022,Ekstraklasa,Wisla Plock,Pogon Szczecin,0 - 1,0 - 0,2,1,Yok
2023-02-26,2022,Ekstraklasa,Slask Wroclaw,Lech Poznan,2 - 1,1 - 0,1,3,Evet
2023-02-27,2022,Ekstraklasa,Zaglebie Lubin,Miedz Legnica,2 - 1,0 - 0,1,3,Evet
2023-03-03,2022,Ekstraklasa,Stal Mielec,Piast Gliwice,0 - 2,0 - 0,2,2,Yok
2023-03-03,2022,Ekstraklasa,Lech Poznan,Lechia Gdansk,5 - 0,2 - 0,1,5,Yok
2023-03-04,2022,Ekstraklasa,Widzew Łódź,Warta Poznań,0 - 2,0 - 1,2,2,Yok
2023-03-04,2022,Ekstraklasa,Korona Kielce,Wisla Plock,1 - 0,0 - 0,1,1,Yok
2023-03-04,2022,Ekstraklasa,Gornik Zabrze,Legia Warszawa,0 - 1,0 - 1,2,1,Yok
2023-03-05,2022,Ekstraklasa,Miedz Legnica,Jagiellonia,1 - 1,1 - 1,X,2,Evet
2023-03-05,2022,Ekstraklasa,Pogon Szczecin,Raków Częstochowa,0 - 2,0 - 1,2,2,Yok
2023-03-05,2022,Ekstraklasa,Cracovia Krakow,Slask Wroclaw,1 - 1,0 - 1,X,2,Evet
2023-03-06,2022,Ekstraklasa,Radomiak Radom,Zaglebie Lubin,0 - 1,0 - 1,2,1,Yok
2023-03-08,2022,Ekstraklasa,Wisla Plock,Warta Poznań,1 - 0,0 - 0,1,1,Yok
2023-03-10,2022,Ekstraklasa,Lechia Gdansk,Miedz Legnica,4 - 0,0 - 0,1,4,Yok
2023-03-10,2022,Ekstraklasa,Raków Częstochowa,Slask Wroclaw,4 - 1,1 - 0,1,5,Evet
2023-03-11,2022,Ekstraklasa,Korona Kielce,Radomiak Radom,2 - 1,1 - 1,1,3,Evet
2023-03-11,2022,Ekstraklasa,Zaglebie Lubin,Pogon Szczecin,0 - 1,0 - 0,2,1,Yok
2023-03-11,2022,Ekstraklasa,Jagiellonia,Gornik Zabrze,2 - 1,2 - 1,1,3,Evet
2023-03-12,2022,Ekstraklasa,Warta Poznań,Cracovia Krakow,0 - 0,0 - 0,X,0,Yok
2023-03-12,2022,Ekstraklasa,Piast Gliwice,Lech Poznan,1 - 1,0 - 0,X,2,Evet
2023-03-12,2022,Ekstraklasa,Legia Warszawa,Stal Mielec,2 - 0,0 - 0,1,2,Yok
2023-03-13,2022,Ekstraklasa,Wisla Plock,Widzew Łódź,1 - 1,1 - 0,X,2,Evet
2023-03-17,2022,Ekstraklasa,Gornik Zabrze,Wisla Plock,3 - 2,0 - 2,1,5,Evet
2023-03-17,2022,Ekstraklasa,Radomiak Radom,Legia Warszawa,0 - 2,0 - 1,2,2,Yok
2023-03-18,2022,Ekstraklasa,Slask Wroclaw,Stal Mielec,1 - 1,1 - 1,X,2,Evet
2023-03-18,2022,Ekstraklasa,Jagiellonia,Zaglebie Lubin,2 - 2,0 - 1,X,4,Evet
2023-03-18,2022,Ekstraklasa,Pogon Szczecin,Korona Kielce,0 - 0,0 - 0,X,0,Yok
2023-03-18,2022,Ekstraklasa,Raków Częstochowa,Cracovia Krakow,4 - 1,1 - 1,1,5,Evet
2023-03-19,2022,Ekstraklasa,Warta Poznań,Lechia Gdansk,2 - 0,1 - 0,1,2,Yok
2023-03-19,2022,Ekstraklasa,Miedz Legnica,Piast Gliwice,0 - 1,0 - 1,2,1,Yok
2023-03-19,2022,Ekstraklasa,Widzew Łódź,Lech Poznan,1 - 2,0 - 0,2,3,Evet
2023-03-31,2022,Ekstraklasa,Zaglebie Lubin,Warta Poznań,0 - 0,0 - 0,X,0,Yok
2023-03-31,2022,Ekstraklasa,Piast Gliwice,Gornik Zabrze,1 - 0,1 - 0,1,1,Yok
2023-04-01,2022,Ekstraklasa,Korona Kielce,Miedz Legnica,1 - 0,1 - 0,1,1,Yok
2023-04-01,2022,Ekstraklasa,Legia Warszawa,Raków Częstochowa,3 - 1,2 - 1,1,4,Evet
2023-04-01,2022,Ekstraklasa,Lechia Gdansk,Slask Wroclaw,0 - 0,0 - 0,X,0,Yok
2023-04-02,2022,Ekstraklasa,Wisla Plock,Radomiak Radom,1 - 1,0 - 0,X,2,Evet
2023-04-02,2022,Ekstraklasa,Cracovia Krakow,Widzew Łódź,1 - 1,0 - 0,X,2,Evet
2023-04-02,2022,Ekstraklasa,Lech Poznan,Pogon Szczecin,2 - 2,1 - 1,X,4,Evet
2023-04-03,2022,Ekstraklasa,Stal Mielec,Jagiellonia,1 - 1,0 - 1,X,2,Evet
2023-04-06,2022,Ekstraklasa,Slask Wroclaw,Piast Gliwice,0 - 1,0 - 0,2,1,Yok
2023-04-06,2022,Ekstraklasa,Gornik Zabrze,Korona Kielce,1 - 1,0 - 1,X,2,Evet
2023-04-08,2022,Ekstraklasa,Wisla Plock,Zaglebie Lubin,2 - 0,0 - 0,1,2,Yok
2023-04-08,2022,Ekstraklasa,Widzew Łódź,Stal Mielec,0 - 2,0 - 1,2,2,Yok
2023-04-08,2022,Ekstraklasa,Pogon Szczecin,Cracovia Krakow,3 - 2,2 - 1,1,5,Evet
2023-04-08,2022,Ekstraklasa,Lech Poznan,Warta Poznań,2 - 0,1 - 0,1,2,Yok
2023-04-10,2022,Ekstraklasa,Jagiellonia,Lechia Gdansk,1 - 0,0 - 0,1,1,Yok
2023-04-10,2022,Ekstraklasa,Radomiak Radom,Raków Częstochowa,0 - 0,0 - 0,X,0,Yok
2023-04-10,2022,Ekstraklasa,Miedz Legnica,Legia Warszawa,2 - 2,1 - 1,X,4,Evet
2023-04-14,2022,Ekstraklasa,Warta Poznań,Slask Wroclaw,3 - 1,2 - 1,1,4,Evet
2023-04-14,2022,Ekstraklasa,Zaglebie Lubin,Gornik Zabrze,0 - 2,0 - 0,2,2,Yok
2023-04-15,2022,Ekstraklasa,Cracovia Krakow,Radomiak Radom,3 - 0,1 - 0,1,3,Yok
2023-04-15,2022,Ekstraklasa,Korona Kielce,Jagiellonia,2 - 1,0 - 1,1,3,Evet
2023-04-15,2022,Ekstraklasa,Lechia Gdansk,Pogon Szczecin,0 - 1,0 - 0,2,1,Yok
2023-04-16,2022,Ekstraklasa,Piast Gliwice,Wisla Plock,1 - 0,1 - 0,1,1,Yok
2023-04-16,2022,Ekstraklasa,Raków Częstochowa,Widzew Łódź,2 - 0,1 - 0,1,2,Yok
2023-04-16,2022,Ekstraklasa,Legia Warszawa,Lech Poznan,2 - 2,1 - 0,X,4,Evet
2023-04-17,2022,Ekstraklasa,Stal Mielec,Miedz Legnica,1 - 1,0 - 0,X,2,Evet
2023-04-21,2022,Ekstraklasa,Wisla Plock,Jagiellonia,2 - 4,2 - 1,2,6,Evet
2023-04-21,2022,Ekstraklasa,Warta Poznań,Legia Warszawa,1 - 0,0 - 0,1,1,Yok
2023-04-22,2022,Ekstraklasa,Lechia Gdansk,Cracovia Krakow,1 - 2,0 - 1,2,3,Evet
2023-04-22,2022,Ekstraklasa,Miedz Legnica,Raków Częstochowa,0 - 2,0 - 1,2,2,Yok
2023-04-22,2022,Ekstraklasa,Pogon Szczecin,Stal Mielec,4 - 2,2 - 0,1,6,Evet
2023-04-23,2022,Ekstraklasa,Korona Kielce,Zaglebie Lubin,2 - 2,2 - 2,X,4,Evet
2023-04-23,2022,Ekstraklasa,Widzew Łódź,Piast Gliwice,2 - 3,0 - 2,2,5,Evet
2023-04-23,2022,Ekstraklasa,Gornik Zabrze,Slask Wroclaw,2 - 0,2 - 0,1,2,Yok
2023-04-24,2022,Ekstraklasa,Radomiak Radom,Lech Poznan,1 - 1,1 - 0,X,2,Evet
2023-04-28,2022,Ekstraklasa,Legia Warszawa,Wisla Plock,2 - 0,1 - 0,1,2,Yok
2023-04-28,2022,Ekstraklasa,Raków Częstochowa,Lechia Gdansk,4 - 0,1 - 0,1,4,Yok
2023-04-29,2022,Ekstraklasa,Jagiellonia,Warta Poznań,3 - 1,3 - 0,1,4,Evet
2023-04-29,2022,Ekstraklasa,Zaglebie Lubin,Widzew Łódź,2 - 0,1 - 0,1,2,Yok
2023-04-29,2022,Ekstraklasa,Piast Gliwice,Pogon Szczecin,0 - 0,0 - 0,X,0,Yok
2023-04-30,2022,Ekstraklasa,Slask Wroclaw,Radomiak Radom,0 - 1,0 - 1,2,1,Yok
2023-04-30,2022,Ekstraklasa,Stal Mielec,Korona Kielce,2 - 1,1 - 1,1,3,Evet
2023-04-30,2022,Ekstraklasa,Lech Poznan,Gornik Zabrze,0 - 1,0 - 1,2,1,Yok
2023-05-01,2022,Ekstraklasa,Cracovia Krakow,Miedz Legnica,1 - 1,0 - 1,X,2,Evet
2023-05-05,2022,Ekstraklasa,Jagiellonia,Slask Wroclaw,1 - 1,0 - 1,X,2,Evet
2023-05-05,2022,Ekstraklasa,Gornik Zabrze,Warta Poznań,2 - 0,1 - 0,1,2,Yok
2023-05-06,2022,Ekstraklasa,Radomiak Radom,Piast Gliwice,0 - 1,0 - 1,2,1,Yok
2023-05-06,2022,Ekstraklasa,Lech Poznan,Cracovia Krakow,3 - 0,3 - 0,1,3,Yok
2023-05-06,2022,Ekstraklasa,Lechia Gdansk,Zaglebie Lubin,1 - 3,1 - 1,2,4,Evet
2023-05-07,2022,Ekstraklasa,Wisla Plock,Stal Mielec,0 - 0,0 - 0,X,0,Yok
2023-05-07,2022,Ekstraklasa,Korona Kielce,Raków Częstochowa,1 - 0,1 - 0,1,1,Yok
2023-05-07,2022,Ekstraklasa,Pogon Szczecin,Legia Warszawa,2 - 1,1 - 0,1,3,Evet
2023-05-08,2022,Ekstraklasa,Miedz Legnica,Widzew Łódź,0 - 1,0 - 0,2,1,Yok
2023-05-12,2022,Ekstraklasa,Piast Gliwice,Korona Kielce,2 - 1,0 - 0,1,3,Evet
2023-05-12,2022,Ekstraklasa,Legia Warszawa,Jagiellonia,5 - 1,1 - 1,1,6,Evet
2023-05-13,2022,Ekstraklasa,Slask Wroclaw,Wisla Plock,3 - 1,1 - 1,1,4,Evet
2023-05-13,2022,Ekstraklasa,Cracovia Krakow,Zaglebie Lubin,0 - 1,0 - 0,2,1,Yok
2023-05-13,2022,Ekstraklasa,Widzew Łódź,Gornik Zabrze,2 - 3,1 - 2,2,5,Evet
2023-05-14,2022,Ekstraklasa,Stal Mielec,Lechia Gdansk,0 - 0,0 - 0,X,0,Yok
2023-05-14,2022,Ekstraklasa,Pogon Szczecin,Miedz Legnica,3 - 2,1 - 1,1,5,Evet
2023-05-14,2022,Ekstraklasa,Raków Częstochowa,Lech Poznan,0 - 2,0 - 1,2,2,Yok
2023-05-15,2022,Ekstraklasa,Warta Poznań,Radomiak Radom,1 - 2,0 - 2,2,3,Evet
2023-05-19,2022,Ekstraklasa,Zaglebie Lubin,Stal Mielec,2 - 0,2 - 0,1,2,Yok
2023-05-19,2022,Ekstraklasa,Korona Kielce,Lech Poznan,0 - 3,0 - 1,2,3,Yok
2023-05-20,2022,Ekstraklasa,Jagiellonia,Cracovia Krakow,1 - 1,1 - 0,X,2,Evet
2023-05-20,2022,Ekstraklasa,Gornik Zabrze,Pogon Szczecin,2 - 1,0 - 0,1,3,Evet
2023-05-20,2022,Ekstraklasa,Lechia Gdansk,Legia Warszawa,1 - 0,0 - 0,1,1,Yok
2023-05-21,2022,Ekstraklasa,Slask Wroclaw,Miedz Legnica,4 - 2,2 - 0,1,6,Evet
2023-05-21,2022,Ekstraklasa,Radomiak Radom,Widzew Łódź,3 - 1,2 - 1,1,4,Evet
2023-05-21,2022,Ekstraklasa,Wisla Plock,Raków Częstochowa,1 - 2,1 - 0,2,3,Evet
2023-05-22,2022,Ekstraklasa,Warta Poznań,Piast Gliwice,1 - 1,1 - 1,X,2,Evet
2023-05-27,2022,Ekstraklasa,Miedz Legnica,Gornik Zabrze,0 - 0,0 - 0,X,0,Yok
2023-05-27,2022,Ekstraklasa,Legia Warszawa,Slask Wroclaw,3 - 1,2 - 1,1,4,Evet
2023-05-27,2022,Ekstraklasa,Lech Poznan,Jagiellonia,2 - 0,1 - 0,1,2,Yok
2023-05-27,2022,Ekstraklasa,Pogon Szczecin,Radomiak Radom,4 - 0,1 - 0,1,4,Yok
2023-05-27,2022,Ekstraklasa,Piast Gliwice,Lechia Gdansk,0 - 1,0 - 1,2,1,Yok
2023-05-27,2022,Ekstraklasa,Cracovia Krakow,Wisla Plock,3 - 0,1 - 0,1,3,Yok
2023-05-27,2022,Ekstraklasa,Raków Częstochowa,Zaglebie Lubin,1 - 1,0 - 0,X,2,Evet
2023-05-27,2022,Ekstraklasa,Stal Mielec,Warta Poznań,1 - 0,1 - 0,1,1,Yok
2023-05-27,2022,Ekstraklasa,Widzew Łódź,Korona Kielce,0 - 3,0 - 2,2,3,Yok
2021-07-23,2021,Ekstraklasa,Nieciecza,Stal Mielec,1 - 1,1 - 0,X,2,Evet
2021-07-23,2021,Ekstraklasa,Lech Poznan,Radomiak Radom,0 - 0,0 - 0,X,0,Yok
2021-07-24,2021,Ekstraklasa,Górnik Łęczna,Cracovia Krakow,1 - 1,1 - 0,X,2,Evet
2021-07-24,2021,Ekstraklasa,Jagiellonia,Lechia Gdansk,1 - 1,0 - 0,X,2,Evet
2021-07-24,2021,Ekstraklasa,Legia Warszawa,Wisla Plock,1 - 0,1 - 0,1,1,Yok
2021-07-25,2021,Ekstraklasa,Piast Gliwice,Raków Częstochowa,2 - 3,1 - 1,2,5,Evet
2021-07-25,2021,Ekstraklasa,Slask Wroclaw,Warta Poznań,2 - 2,0 - 1,X,4,Evet
2021-07-25,2021,Ekstraklasa,Pogon Szczecin,Gornik Zabrze,2 - 0,1 - 0,1,2,Yok
2021-07-26,2021,Ekstraklasa,Wisla Krakow,Zaglebie Lubin,3 - 0,2 - 0,1,3,Yok
2021-07-30,2021,Ekstraklasa,Zaglebie Lubin,Górnik Łęczna,3 - 1,1 - 1,1,4,Evet
2021-07-30,2021,Ekstraklasa,Gornik Zabrze,Lech Poznan,1 - 3,1 - 1,2,4,Evet
2021-07-31,2021,Ekstraklasa,Stal Mielec,Piast Gliwice,0 - 2,0 - 2,2,2,Yok
2021-07-31,2021,Ekstraklasa,Nieciecza,Wisla Krakow,2 - 2,1 - 0,X,4,Evet
2021-07-31,2021,Ekstraklasa,Radomiak Radom,Legia Warszawa,3 - 1,0 - 0,1,4,Evet
2021-08-01,2021,Ekstraklasa,Warta Poznań,Pogon Szczecin,1 - 1,0 - 1,X,2,Evet
2021-08-01,2021,Ekstraklasa,Cracovia Krakow,Slask Wroclaw,1 - 2,0 - 1,2,3,Evet
2021-08-01,2021,Ekstraklasa,Jagiellonia,Raków Częstochowa,3 - 0,2 - 0,1,3,Yok
2021-08-02,2021,Ekstraklasa,Lechia Gdansk,Wisla Plock,1 - 0,0 - 0,1,1,Yok
2021-08-06,2021,Ekstraklasa,Górnik Łęczna,Warta Poznań,0 - 4,0 - 1,2,4,Yok
2021-08-06,2021,Ekstraklasa,Lech Poznan,Cracovia Krakow,2 - 0,0 - 0,1,2,Yok
2021-08-07,2021,Ekstraklasa,Jagiellonia,Nieciecza,1 - 0,1 - 0,1,1,Yok
2021-08-07,2021,Ekstraklasa,Gornik Zabrze,Stal Mielec,1 - 0,0 - 0,1,1,Yok
2021-08-08,2021,Ekstraklasa,Pogon Szczecin,Piast Gliwice,1 - 0,1 - 0,1,1,Yok
2021-08-08,2021,Ekstraklasa,Wisla Krakow,Raków Częstochowa,1 - 2,1 - 0,2,3,Evet
2021-08-08,2021,Ekstraklasa,Slask Wroclaw,Lechia Gdansk,1 - 1,1 - 0,X,2,Evet
2021-08-09,2021,Ekstraklasa,Wisla Plock,Radomiak Radom,1 - 0,1 - 0,1,1,Yok
2021-08-13,2021,Ekstraklasa,Nieciecza,Lech Poznan,1 - 3,1 - 2,2,4,Evet
2021-08-13,2021,Ekstraklasa,Stal Mielec,Wisla Krakow,2 - 1,1 - 0,1,3,Evet
2021-08-14,2021,Ekstraklasa,Piast Gliwice,Wisla Plock,4 - 3,3 - 1,1,7,Evet
2021-08-14,2021,Ekstraklasa,Lechia Gdansk,Cracovia Krakow,3 - 0,1 - 0,1,3,Yok
2021-08-14,2021,Ekstraklasa,Warta Poznań,Legia Warszawa,0 - 2,0 - 1,2,2,Yok
2021-08-15,2021,Ekstraklasa,Slask Wroclaw,Górnik Łęczna,0 - 0,0 - 0,X,0,Yok
2021-08-15,2021,Ekstraklasa,Zaglebie Lubin,Pogon Szczecin,2 - 0,1 - 0,1,2,Yok
2021-08-16,2021,Ekstraklasa,Jagiellonia,Gornik Zabrze,1 - 3,1 - 2,2,4,Evet
2021-08-20,2021,Ekstraklasa,Wisla Plock,Zaglebie Lubin,4 - 0,2 - 0,1,4,Yok
2021-08-20,2021,Ekstraklasa,Radomiak Radom,Warta Poznań,1 - 0,0 - 0,1,1,Yok
2021-08-21,2021,Ekstraklasa,Pogon Szczecin,Stal Mielec,4 - 1,0 - 1,1,5,Evet
2021-08-21,2021,Ekstraklasa,Cracovia Krakow,Jagiellonia,2 - 1,1 - 0,1,3,Evet
2021-08-21,2021,Ekstraklasa,Górnik Łęczna,Wisla Krakow,1 - 3,0 - 1,2,4,Evet
2021-08-22,2021,Ekstraklasa,Piast Gliwice,Slask Wroclaw,1 - 1,0 - 0,X,2,Evet
2021-08-22,2021,Ekstraklasa,Lech Poznan,Lechia Gdansk,2 - 0,1 - 0,1,2,Yok
2021-08-27,2021,Ekstraklasa,Stal Mielec,Górnik Łęczna,2 - 0,2 - 0,1,2,Yok
2021-08-27,2021,Ekstraklasa,Warta Poznań,Jagiellonia,1 - 1,0 - 0,X,2,Evet
2021-08-28,2021,Ekstraklasa,Nieciecza,Cracovia Krakow,1 - 2,0 - 0,2,3,Evet
2021-08-28,2021,Ekstraklasa,Lechia Gdansk,Radomiak Radom,2 - 2,2 - 0,X,4,Evet
2021-08-28,2021,Ekstraklasa,Lech Poznan,Pogon Szczecin,1 - 1,0 - 0,X,2,Evet
2021-08-28,2021,Ekstraklasa,Gornik Zabrze,Piast Gliwice,0 - 1,0 - 0,2,1,Yok
2021-08-29,2021,Ekstraklasa,Wisla Plock,Raków Częstochowa,1 - 1,1 - 1,X,2,Evet
2021-08-29,2021,Ekstraklasa,Zaglebie Lubin,Slask Wroclaw,1 - 3,1 - 2,2,4,Evet
2021-08-29,2021,Ekstraklasa,Wisla Krakow,Legia Warszawa,1 - 0,1 - 0,1,1,Yok
2021-09-11,2021,Ekstraklasa,Warta Poznań,Nieciecza,0 - 0,0 - 0,X,0,Yok
2021-09-11,2021,Ekstraklasa,Cracovia Krakow,Gornik Zabrze,2 - 2,0 - 2,X,4,Evet
2021-09-11,2021,Ekstraklasa,Jagiellonia,Stal Mielec,1 - 1,1 - 1,X,2,Evet
2021-09-11,2021,Ekstraklasa,Slask Wroclaw,Legia Warszawa,1 - 0,0 - 0,1,1,Yok
2021-09-12,2021,Ekstraklasa,Piast Gliwice,Zaglebie Lubin,0 - 1,0 - 0,2,1,Yok
2021-09-12,2021,Ekstraklasa,Wisla Krakow,Lechia Gdansk,2 - 2,0 - 2,X,4,Evet
2021-09-12,2021,Ekstraklasa,Raków Częstochowa,Lech Poznan,2 - 2,1 - 0,X,4,Evet
2021-09-13,2021,Ekstraklasa,Górnik Łęczna,Wisla Plock,3 - 2,0 - 1,1,5,Evet
2021-09-13,2021,Ekstraklasa,Radomiak Radom,Pogon Szczecin,1 - 1,0 - 1,X,2,Evet
2021-09-17,2021,Ekstraklasa,Zaglebie Lubin,Nieciecza,2 - 1,0 - 1,1,3,Evet
2021-09-17,2021,Ekstraklasa,Lech Poznan,Wisla Krakow,5 - 0,2 - 0,1,5,Yok
2021-09-18,2021,Ekstraklasa,Wisla Plock,Jagiellonia,3 - 0,0 - 0,1,3,Yok
2021-09-18,2021,Ekstraklasa,Pogon Szczecin,Cracovia Krakow,1 - 1,1 - 0,X,2,Evet
2021-09-18,2021,Ekstraklasa,Radomiak Radom,Slask Wroclaw,1 - 1,1 - 1,X,2,Evet
2021-09-18,2021,Ekstraklasa,Lechia Gdansk,Piast Gliwice,1 - 0,1 - 0,1,1,Yok
2021-09-19,2021,Ekstraklasa,Stal Mielec,Raków Częstochowa,0 - 3,0 - 0,2,3,Yok
2021-09-19,2021,Ekstraklasa,Gornik Zabrze,Warta Poznań,1 - 0,1 - 0,1,1,Yok
2021-09-19,2021,Ekstraklasa,Legia Warszawa,Górnik Łęczna,3 - 1,2 - 1,1,4,Evet
2021-09-24,2021,Ekstraklasa,Górnik Łęczna,Lechia Gdansk,0 - 4,0 - 2,2,4,Yok
2021-09-24,2021,Ekstraklasa,Jagiellonia,Lech Poznan,1 - 0,0 - 0,1,1,Yok
2021-09-25,2021,Ekstraklasa,Stal Mielec,Radomiak Radom,1 - 0,1 - 0,1,1,Yok
2021-09-25,2021,Ekstraklasa,Warta Poznań,Zaglebie Lubin,0 - 2,0 - 1,2,2,Yok
2021-09-25,2021,Ekstraklasa,Legia Warszawa,Raków Częstochowa,2 - 3,1 - 1,2,5,Evet
2021-09-26,2021,Ekstraklasa,Nieciecza,Gornik Zabrze,3 - 1,0 - 0,1,4,Evet
2021-09-26,2021,Ekstraklasa,Slask Wroclaw,Wisla Plock,3 - 1,2 - 1,1,4,Evet
2021-09-26,2021,Ekstraklasa,Wisla Krakow,Pogon Szczecin,0 - 1,0 - 1,2,1,Yok
2021-09-27,2021,Ekstraklasa,Piast Gliwice,Cracovia Krakow,2 - 4,1 - 2,2,6,Evet
2021-09-29,2021,Ekstraklasa,Raków Częstochowa,Radomiak Radom,2 - 2,1 - 1,X,4,Evet
2021-10-01,2021,Ekstraklasa,Zaglebie Lubin,Jagiellonia,0 - 1,0 - 0,2,1,Yok
2021-10-01,2021,Ekstraklasa,Piast Gliwice,Wisla Krakow,1 - 0,0 - 0,1,1,Yok
2021-10-02,2021,Ekstraklasa,Radomiak Radom,Nieciecza,1 - 1,0 - 0,X,2,Evet
2021-10-02,2021,Ekstraklasa,Cracovia Krakow,Stal Mielec,3 - 3,1 - 3,X,6,Evet
2021-10-02,2021,Ekstraklasa,Lech Poznan,Slask Wroclaw,4 - 0,2 - 0,1,4,Yok
2021-10-02,2021,Ekstraklasa,Gornik Zabrze,Wisla Plock,4 - 2,1 - 1,1,6,Evet
2021-10-03,2021,Ekstraklasa,Raków Częstochowa,Warta Poznań,3 - 0,2 - 0,1,3,Yok
2021-10-03,2021,Ekstraklasa,Pogon Szczecin,Górnik Łęczna,4 - 1,2 - 1,1,5,Evet
2021-10-03,2021,Ekstraklasa,Lechia Gdansk,Legia Warszawa,3 - 1,1 - 0,1,4,Evet
2021-10-16,2021,Ekstraklasa,Górnik Łęczna,Piast Gliwice,1 - 1,1 - 1,X,2,Evet
2021-10-16,2021,Ekstraklasa,Nieciecza,Lechia Gdansk,0 - 2,0 - 0,2,2,Yok
2021-10-16,2021,Ekstraklasa,Gornik Zabrze,Wisla Krakow,0 - 1,0 - 0,2,1,Yok
2021-10-16,2021,Ekstraklasa,Slask Wroclaw,Raków Częstochowa,1 - 2,0 - 0,2,3,Evet
2021-10-17,2021,Ekstraklasa,Wisla Plock,Pogon Szczecin,1 - 0,0 - 0,1,1,Yok
2021-10-17,2021,Ekstraklasa,Cracovia Krakow,Warta Poznań,2 - 0,0 - 0,1,2,Yok
2021-10-17,2021,Ekstraklasa,Legia Warszawa,Lech Poznan,0 - 1,0 - 0,2,1,Yok
2021-10-18,2021,Ekstraklasa,Stal Mielec,Zaglebie Lubin,4 - 2,1 - 2,1,6,Evet
2021-10-18,2021,Ekstraklasa,Jagiellonia,Radomiak Radom,1 - 1,1 - 1,X,2,Evet
2021-10-22,2021,Ekstraklasa,Radomiak Radom,Górnik Łęczna,3 - 1,2 - 0,1,4,Evet
2021-10-22,2021,Ekstraklasa,Lech Poznan,Wisla Plock,4 - 1,1 - 1,1,5,Evet
2021-10-23,2021,Ekstraklasa,Raków Częstochowa,Nieciecza,3 - 2,1 - 0,1,5,Evet
2021-10-23,2021,Ekstraklasa,Lechia Gdansk,Gornik Zabrze,1 - 1,1 - 1,X,2,Evet
2021-10-23,2021,Ekstraklasa,Pogon Szczecin,Jagiellonia,4 - 1,2 - 1,1,5,Evet
2021-10-23,2021,Ekstraklasa,Wisla Krakow,Slask Wroclaw,0 - 5,0 - 3,2,5,Yok
2021-10-24,2021,Ekstraklasa,Zaglebie Lubin,Cracovia Krakow,1 - 1,0 - 0,X,2,Evet
2021-10-24,2021,Ekstraklasa,Warta Poznań,Stal Mielec,0 - 0,0 - 0,X,0,Yok
2021-10-24,2021,Ekstraklasa,Piast Gliwice,Legia Warszawa,4 - 1,2 - 1,1,5,Evet
2021-10-29,2021,Ekstraklasa,Cracovia Krakow,Radomiak Radom,1 - 2,0 - 1,2,3,Evet
2021-10-29,2021,Ekstraklasa,Stal Mielec,Lech Poznan,0 - 0,0 - 0,X,0,Yok
2021-10-30,2021,Ekstraklasa,Nieciecza,Slask Wroclaw,4 - 3,1 - 1,1,7,Evet
2021-10-30,2021,Ekstraklasa,Warta Poznań,Lechia Gdansk,0 - 2,0 - 0,2,2,Yok
2021-10-30,2021,Ekstraklasa,Gornik Zabrze,Zaglebie Lubin,0 - 0,0 - 0,X,0,Yok
2021-10-30,2021,Ekstraklasa,Jagiellonia,Piast Gliwice,3 - 3,0 - 2,X,6,Evet
2021-10-31,2021,Ekstraklasa,Wisla Plock,Wisla Krakow,2 - 0,1 - 0,1,2,Yok
2021-10-31,2021,Ekstraklasa,Górnik Łęczna,Raków Częstochowa,0 - 0,0 - 0,X,0,Yok
2021-10-31,2021,Ekstraklasa,Legia Warszawa,Pogon Szczecin,0 - 2,0 - 1,2,2,Yok
2021-11-05,2021,Ekstraklasa,Wisla Plock,Nieciecza,1 - 1,1 - 1,X,2,Evet
2021-11-05,2021,Ekstraklasa,Slask Wroclaw,Jagiellonia,2 - 2,1 - 0,X,4,Evet
2021-11-06,2021,Ekstraklasa,Piast Gliwice,Warta Poznań,0 - 1,0 - 0,2,1,Yok
2021-11-06,2021,Ekstraklasa,Radomiak Radom,Gornik Zabrze,1 - 0,1 - 0,1,1,Yok
2021-11-06,2021,Ekstraklasa,Lechia Gdansk,Zaglebie Lubin,2 - 1,0 - 1,1,3,Evet
2021-11-06,2021,Ekstraklasa,Górnik Łęczna,Lech Poznan,1 - 1,0 - 1,X,2,Evet
2021-11-07,2021,Ekstraklasa,Raków Częstochowa,Pogon Szczecin,0 - 0,0 - 0,X,0,Yok
2021-11-07,2021,Ekstraklasa,Legia Warszawa,Stal Mielec,1 - 3,1 - 2,2,4,Evet
2021-11-07,2021,Ekstraklasa,Wisla Krakow,Cracovia Krakow,1 - 0,0 - 0,1,1,Yok
2021-11-20,2021,Ekstraklasa,Warta Poznań,Wisla Plock,1 - 2,0 - 1,2,3,Evet
2021-11-20,2021,Ekstraklasa,Jagiellonia,Wisla Krakow,3 - 1,1 - 1,1,4,Evet
2021-11-20,2021,Ekstraklasa,Stal Mielec,Lechia Gdansk,3 - 3,1 - 2,X,6,Evet
2021-11-20,2021,Ekstraklasa,Lech Poznan,Piast Gliwice,1 - 0,0 - 0,1,1,Yok
2021-11-21,2021,Ekstraklasa,Nieciecza,Górnik Łęczna,1 - 1,1 - 0,X,2,Evet
2021-11-21,2021,Ekstraklasa,Pogon Szczecin,Slask Wroclaw,2 - 1,0 - 0,1,3,Evet
2021-11-21,2021,Ekstraklasa,Gornik Zabrze,Legia Warszawa,3 - 2,2 - 0,1,5,Evet
2021-11-22,2021,Ekstraklasa,Zaglebie Lubin,Radomiak Radom,0 - 2,0 - 2,2,2,Yok
2021-11-22,2021,Ekstraklasa,Cracovia Krakow,Raków Częstochowa,1 - 0,0 - 0,1,1,Yok
2021-11-26,2021,Ekstraklasa,Piast Gliwice,Nieciecza,2 - 1,0 - 1,1,3,Evet
2021-11-26,2021,Ekstraklasa,Wisla Krakow,Radomiak Radom,0 - 1,0 - 1,2,1,Yok
2021-11-27,2021,Ekstraklasa,Górnik Łęczna,Gornik Zabrze,1 - 2,1 - 2,2,3,Evet
2021-11-27,2021,Ekstraklasa,Slask Wroclaw,Stal Mielec,2 - 1,0 - 0,1,3,Evet
2021-11-27,2021,Ekstraklasa,Pogon Szczecin,Lechia Gdansk,5 - 1,2 - 1,1,6,Evet
2021-11-27,2021,Ekstraklasa,Raków Częstochowa,Zaglebie Lubin,4 - 0,1 - 0,1,4,Yok
2021-11-28,2021,Ekstraklasa,Wisla Plock,Cracovia Krakow,2 - 1,2 - 0,1,3,Evet
2021-11-28,2021,Ekstraklasa,Lech Poznan,Warta Poznań,2 - 0,0 - 0,1,2,Yok
2021-11-28,2021,Ekstraklasa,Legia Warszawa,Jagiellonia,1 - 0,1 - 0,1,1,Yok
2021-12-03,2021,Ekstraklasa,Stal Mielec,Wisla Plock,2 - 1,2 - 0,1,3,Evet
2021-12-03,2021,Ekstraklasa,Gornik Zabrze,Slask Wroclaw,3 - 1,0 - 0,1,4,Evet
2021-12-04,2021,Ekstraklasa,Nieciecza,Pogon Szczecin,1 - 3,1 - 2,2,4,Evet
2021-12-04,2021,Ekstraklasa,Jagiellonia,Górnik Łęczna,1 - 2,0 - 2,2,3,Evet
2021-12-04,2021,Ekstraklasa,Lechia Gdansk,Raków Częstochowa,3 - 1,0 - 1,1,4,Evet
2021-12-05,2021,Ekstraklasa,Zaglebie Lubin,Lech Poznan,2 - 3,0 - 2,2,5,Evet
2021-12-05,2021,Ekstraklasa,Cracovia Krakow,Legia Warszawa,1 - 0,1 - 0,1,1,Yok
2021-12-06,2021,Ekstraklasa,Warta Poznań,Wisla Krakow,1 - 1,0 - 0,X,2,Evet
2021-12-10,2021,Ekstraklasa,Stal Mielec,Nieciecza,1 - 0,1 - 0,1,1,Yok
2021-12-10,2021,Ekstraklasa,Raków Częstochowa,Piast Gliwice,1 - 0,0 - 0,1,1,Yok
2021-12-11,2021,Ekstraklasa,Radomiak Radom,Lech Poznan,2 - 1,2 - 0,1,3,Evet
2021-12-11,2021,Ekstraklasa,Zaglebie Lubin,Wisla Krakow,2 - 1,0 - 1,1,3,Evet
2021-12-11,2021,Ekstraklasa,Lechia Gdansk,Jagiellonia,1 - 2,1 - 1,2,3,Evet
2021-12-12,2021,Ekstraklasa,Cracovia Krakow,Górnik Łęczna,0 - 2,0 - 2,2,2,Yok
2021-12-12,2021,Ekstraklasa,Wisla Plock,Legia Warszawa,1 - 0,1 - 0,1,1,Yok
2021-12-12,2021,Ekstraklasa,Gornik Zabrze,Pogon Szczecin,2 - 2,1 - 1,X,4,Evet
2021-12-13,2021,Ekstraklasa,Warta Poznań,Slask Wroclaw,2 - 1,1 - 0,1,3,Evet
2021-12-14,2021,Ekstraklasa,Radomiak Radom,Piast Gliwice,2 - 2,1 - 2,X,4,Evet
2021-12-15,2021,Ekstraklasa,Raków Częstochowa,Gornik Zabrze,1 - 2,1 - 0,2,3,Evet
2021-12-15,2021,Ekstraklasa,Legia Warszawa,Zaglebie Lubin,4 - 0,2 - 0,1,4,Yok
2021-12-17,2021,Ekstraklasa,Wisla Krakow,Nieciecza,3 - 0,2 - 0,1,3,Yok
2021-12-17,2021,Ekstraklasa,Wisla Plock,Lechia Gdansk,1 - 0,1 - 0,1,1,Yok
2021-12-18,2021,Ekstraklasa,Piast Gliwice,Stal Mielec,1 - 1,1 - 0,X,2,Evet
2021-12-18,2021,Ekstraklasa,Pogon Szczecin,Warta Poznań,1 - 1,0 - 0,X,2,Evet
2021-12-18,2021,Ekstraklasa,Slask Wroclaw,Cracovia Krakow,0 - 2,0 - 1,2,2,Yok
2021-12-18,2021,Ekstraklasa,Raków Częstochowa,Jagiellonia,5 - 0,0 - 0,1,5,Yok
2021-12-19,2021,Ekstraklasa,Górnik Łęczna,Zaglebie Lubin,2 - 1,0 - 1,1,3,Evet
2021-12-19,2021,Ekstraklasa,Lech Poznan,Gornik Zabrze,2 - 1,1 - 1,1,3,Evet
2021-12-19,2021,Ekstraklasa,Legia Warszawa,Radomiak Radom,0 - 3,0 - 1,2,3,Yok
2022-02-04,2021,Ekstraklasa,Nieciecza,Jagiellonia,2 - 1,1 - 0,1,3,Evet
2022-02-04,2021,Ekstraklasa,Zaglebie Lubin,Legia Warszawa,1 - 3,0 - 2,2,4,Evet
2022-02-05,2021,Ekstraklasa,Stal Mielec,Gornik Zabrze,1 - 2,1 - 0,2,3,Evet
2022-02-05,2021,Ekstraklasa,Piast Gliwice,Pogon Szczecin,0 - 2,0 - 0,2,2,Yok
2022-02-05,2021,Ekstraklasa,Lechia Gdansk,Slask Wroclaw,2 - 0,1 - 0,1,2,Yok
2022-02-06,2021,Ekstraklasa,Warta Poznań,Górnik Łęczna,1 - 1,0 - 0,X,2,Evet
2022-02-06,2021,Ekstraklasa,Raków Częstochowa,Wisla Krakow,2 - 0,0 - 0,1,2,Yok
2022-02-06,2021,Ekstraklasa,Cracovia Krakow,Lech Poznan,3 - 3,1 - 1,X,6,Evet
2022-02-07,2021,Ekstraklasa,Radomiak Radom,Wisla Plock,1 - 1,1 - 1,X,2,Evet
2022-02-11,2021,Ekstraklasa,Górnik Łęczna,Slask Wroclaw,1 - 1,1 - 0,X,2,Evet
2022-02-11,2021,Ekstraklasa,Cracovia Krakow,Lechia Gdansk,2 - 0,0 - 0,1,2,Yok
2022-02-12,2021,Ekstraklasa,Wisla Krakow,Stal Mielec,0 - 1,0 - 1,2,1,Yok
2022-02-12,2021,Ekstraklasa,Radomiak Radom,Raków Częstochowa,0 - 1,0 - 1,2,1,Yok
2022-02-12,2021,Ekstraklasa,Lech Poznan,Nieciecza,5 - 0,3 - 0,1,5,Yok
2022-02-13,2021,Ekstraklasa,Wisla Plock,Piast Gliwice,0 - 2,0 - 0,2,2,Yok
2022-02-13,2021,Ekstraklasa,Pogon Szczecin,Zaglebie Lubin,2 - 1,1 - 0,1,3,Evet
2022-02-13,2021,Ekstraklasa,Legia Warszawa,Warta Poznań,0 - 1,0 - 1,2,1,Yok
2022-02-14,2021,Ekstraklasa,Gornik Zabrze,Jagiellonia,1 - 2,1 - 0,2,3,Evet
2022-02-18,2021,Ekstraklasa,Zaglebie Lubin,Wisla Plock,3 - 1,1 - 1,1,4,Evet
2022-02-18,2021,Ekstraklasa,Stal Mielec,Pogon Szczecin,0 - 1,0 - 0,2,1,Yok
2022-02-19,2021,Ekstraklasa,Jagiellonia,Cracovia Krakow,0 - 0,0 - 0,X,0,Yok
2022-02-19,2021,Ekstraklasa,Slask Wroclaw,Piast Gliwice,1 - 3,1 - 3,2,4,Evet
2022-02-19,2021,Ekstraklasa,Nieciecza,Legia Warszawa,0 - 0,0 - 0,X,0,Yok
2022-02-20,2021,Ekstraklasa,Warta Poznań,Radomiak Radom,3 - 1,0 - 1,1,4,Evet
2022-02-20,2021,Ekstraklasa,Gornik Zabrze,Raków Częstochowa,1 - 1,1 - 1,X,2,Evet
2022-02-20,2021,Ekstraklasa,Lechia Gdansk,Lech Poznan,1 - 0,0 - 0,1,1,Yok
2022-02-21,2021,Ekstraklasa,Wisla Krakow,Górnik Łęczna,0 - 0,0 - 0,X,0,Yok
2022-02-25,2021,Ekstraklasa,Raków Częstochowa,Wisla Plock,2 - 0,1 - 0,1,2,Yok
2022-02-25,2021,Ekstraklasa,Legia Warszawa,Wisla Krakow,2 - 1,1 - 0,1,3,Evet
2022-02-26,2021,Ekstraklasa,Pogon Szczecin,Lech Poznan,0 - 3,0 - 0,2,3,Yok
2022-02-26,2021,Ekstraklasa,Górnik Łęczna,Stal Mielec,2 - 0,2 - 0,1,2,Yok
2022-02-26,2021,Ekstraklasa,Piast Gliwice,Gornik Zabrze,0 - 0,0 - 0,X,0,Yok
2022-02-27,2021,Ekstraklasa,Jagiellonia,Warta Poznań,1 - 1,0 - 0,X,2,Evet
2022-02-27,2021,Ekstraklasa,Radomiak Radom,Lechia Gdansk,2 - 0,1 - 0,1,2,Yok
2022-02-27,2021,Ekstraklasa,Slask Wroclaw,Zaglebie Lubin,0 - 0,0 - 0,X,0,Yok
2022-02-28,2021,Ekstraklasa,Cracovia Krakow,Nieciecza,1 - 2,0 - 2,2,3,Evet
2022-03-04,2021,Ekstraklasa,Stal Mielec,Jagiellonia,1 - 1,0 - 0,X,2,Evet
2022-03-04,2021,Ekstraklasa,Pogon Szczecin,Radomiak Radom,4 - 0,1 - 0,1,4,Yok
2022-03-05,2021,Ekstraklasa,Nieciecza,Warta Poznań,1 - 0,0 - 0,1,1,Yok
2022-03-05,2021,Ekstraklasa,Zaglebie Lubin,Piast Gliwice,0 - 0,0 - 0,X,0,Yok
2022-03-05,2021,Ekstraklasa,Lechia Gdansk,Wisla Krakow,1 - 1,1 - 0,X,2,Evet
2022-03-06,2021,Ekstraklasa,Wisla Plock,Górnik Łęczna,3 - 1,3 - 1,1,4,Evet
2022-03-06,2021,Ekstraklasa,Gornik Zabrze,Cracovia Krakow,3 - 0,2 - 0,1,3,Yok
2022-03-06,2021,Ekstraklasa,Lech Poznan,Raków Częstochowa,0 - 1,0 - 0,2,1,Yok
2022-03-07,2021,Ekstraklasa,Legia Warszawa,Slask Wroclaw,1 - 0,0 - 0,1,1,Yok
2022-03-11,2021,Ekstraklasa,Nieciecza,Zaglebie Lubin,0 - 2,0 - 0,2,2,Yok
2022-03-11,2021,Ekstraklasa,Górnik Łęczna,Legia Warszawa,0 - 1,0 - 0,2,1,Yok
2022-03-12,2021,Ekstraklasa,Warta Poznań,Gornik Zabrze,2 - 1,1 - 1,1,3,Evet
2022-03-12,2021,Ekstraklasa,Piast Gliwice,Lechia Gdansk,1 - 0,0 - 0,1,1,Yok
2022-03-12,2021,Ekstraklasa,Cracovia Krakow,Pogon Szczecin,1 - 1,0 - 0,X,2,Evet
2022-03-13,2021,Ekstraklasa,Jagiellonia,Wisla Plock,0 - 1,0 - 1,2,1,Yok
2022-03-13,2021,Ekstraklasa,Slask Wroclaw,Radomiak Radom,0 - 0,0 - 0,X,0,Yok
2022-03-13,2021,Ekstraklasa,Wisla Krakow,Lech Poznan,1 - 1,1 - 0,X,2,Evet
2022-03-14,2021,Ekstraklasa,Raków Częstochowa,Stal Mielec,2 - 1,0 - 0,1,3,Evet
2022-03-15,2021,Ekstraklasa,Legia Warszawa,Nieciecza,4 - 1,3 - 0,1,5,Evet
2022-03-18,2021,Ekstraklasa,Zaglebie Lubin,Warta Poznań,0 - 4,0 - 3,2,4,Yok
2022-03-18,2021,Ekstraklasa,Pogon Szczecin,Wisla Krakow,4 - 1,2 - 1,1,5,Evet
2022-03-19,2021,Ekstraklasa,Wisla Plock,Slask Wroclaw,1 - 2,1 - 0,2,3,Evet
2022-03-19,2021,Ekstraklasa,Raków Częstochowa,Legia Warszawa,1 - 1,0 - 1,X,2,Evet
2022-03-19,2021,Ekstraklasa,Lechia Gdansk,Górnik Łęczna,2 - 0,1 - 0,1,2,Yok
2022-03-19,2021,Ekstraklasa,Lech Poznan,Jagiellonia,3 - 0,0 - 0,1,3,Yok
2022-03-20,2021,Ekstraklasa,Radomiak Radom,Stal Mielec,1 - 1,0 - 1,X,2,Evet
2022-03-20,2021,Ekstraklasa,Cracovia Krakow,Piast Gliwice,0 - 1,0 - 1,2,1,Yok
2022-03-20,2021,Ekstraklasa,Gornik Zabrze,Nieciecza,1 - 1,0 - 1,X,2,Evet
2022-04-01,2021,Ekstraklasa,Stal Mielec,Cracovia Krakow,1 - 2,0 - 2,2,3,Evet
2022-04-01,2021,Ekstraklasa,Slask Wroclaw,Lech Poznan,0 - 1,0 - 0,2,1,Yok
2022-04-02,2021,Ekstraklasa,Warta Poznań,Raków Częstochowa,0 - 2,0 - 1,2,2,Yok
2022-04-02,2021,Ekstraklasa,Górnik Łęczna,Pogon Szczecin,0 - 4,0 - 2,2,4,Yok
2022-04-02,2021,Ekstraklasa,Legia Warszawa,Lechia Gdansk,2 - 1,1 - 0,1,3,Evet
2022-04-03,2021,Ekstraklasa,Nieciecza,Radomiak Radom,1 - 1,0 - 1,X,2,Evet
2022-04-03,2021,Ekstraklasa,Jagiellonia,Zaglebie Lubin,2 - 1,0 - 0,1,3,Evet
2022-04-03,2021,Ekstraklasa,Wisla Krakow,Piast Gliwice,2 - 2,1 - 0,X,4,Evet
2022-04-04,2021,Ekstraklasa,Wisla Plock,Gornik Zabrze,3 - 2,2 - 0,1,5,Evet
2022-04-08,2021,Ekstraklasa,Zaglebie Lubin,Stal Mielec,3 - 1,0 - 0,1,4,Evet
2022-04-08,2021,Ekstraklasa,Pogon Szczecin,Wisla Plock,1 - 2,1 - 1,2,3,Evet
2022-04-09,2021,Ekstraklasa,Piast Gliwice,Górnik Łęczna,1 - 0,1 - 0,1,1,Yok
2022-04-09,2021,Ekstraklasa,Lech Poznan,Legia Warszawa,1 - 1,1 - 1,X,2,Evet
2022-04-09,2021,Ekstraklasa,Lechia Gdansk,Nieciecza,2 - 0,1 - 0,1,2,Yok
2022-04-10,2021,Ekstraklasa,Warta Poznań,Cracovia Krakow,1 - 0,0 - 0,1,1,Yok
2022-04-10,2021,Ekstraklasa,Wisla Krakow,Gornik Zabrze,4 - 1,1 - 0,1,5,Evet
2022-04-10,2021,Ekstraklasa,Raków Częstochowa,Slask Wroclaw,1 - 1,0 - 1,X,2,Evet
2022-04-11,2021,Ekstraklasa,Radomiak Radom,Jagiellonia,2 - 2,1 - 0,X,4,Evet
2022-04-16,2021,Ekstraklasa,Stal Mielec,Warta Poznań,0 - 1,0 - 1,2,1,Yok
2022-04-16,2021,Ekstraklasa,Górnik Łęczna,Radomiak Radom,1 - 0,0 - 0,1,1,Yok
2022-04-16,2021,Ekstraklasa,Nieciecza,Raków Częstochowa,0 - 3,0 - 1,2,3,Yok
2022-04-16,2021,Ekstraklasa,Jagiellonia,Pogon Szczecin,1 - 2,1 - 1,2,3,Evet
2022-04-16,2021,Ekstraklasa,Wisla Plock,Lech Poznan,0 - 1,0 - 1,2,1,Yok
2022-04-18,2021,Ekstraklasa,Cracovia Krakow,Zaglebie Lubin,1 - 0,1 - 0,1,1,Yok
2022-04-18,2021,Ekstraklasa,Slask Wroclaw,Wisla Krakow,1 - 1,1 - 1,X,2,Evet
2022-04-18,2021,Ekstraklasa,Gornik Zabrze,Lechia Gdansk,1 - 3,0 - 1,2,4,Evet
2022-04-18,2021,Ekstraklasa,Legia Warszawa,Piast Gliwice,0 - 1,0 - 1,2,1,Yok
2022-04-20,2021,Ekstraklasa,Lech Poznan,Górnik Łęczna,3 - 0,3 - 0,1,3,Yok
2022-04-20,2021,Ekstraklasa,Pogon Szczecin,Raków Częstochowa,1 - 2,1 - 0,2,3,Evet
2022-04-22,2021,Ekstraklasa,Radomiak Radom,Cracovia Krakow,0 - 1,0 - 1,2,1,Yok
2022-04-22,2021,Ekstraklasa,Zaglebie Lubin,Gornik Zabrze,2 - 4,1 - 2,2,6,Evet
2022-04-23,2021,Ekstraklasa,Slask Wroclaw,Nieciecza,0 - 4,0 - 3,2,4,Yok
2022-04-23,2021,Ekstraklasa,Piast Gliwice,Jagiellonia,2 - 1,0 - 0,1,3,Evet
2022-04-23,2021,Ekstraklasa,Lechia Gdansk,Warta Poznań,2 - 0,2 - 0,1,2,Yok
2022-04-24,2021,Ekstraklasa,Lech Poznan,Stal Mielec,3 - 1,2 - 1,1,4,Evet
2022-04-24,2021,Ekstraklasa,Raków Częstochowa,Górnik Łęczna,2 - 1,2 - 0,1,3,Evet
2022-04-24,2021,Ekstraklasa,Pogon Szczecin,Legia Warszawa,3 - 1,1 - 1,1,4,Evet
2022-04-25,2021,Ekstraklasa,Wisla Krakow,Wisla Plock,3 - 4,1 - 3,2,7,Evet
2022-04-29,2021,Ekstraklasa,Warta Poznań,Piast Gliwice,2 - 3,1 - 1,2,5,Evet
2022-04-29,2021,Ekstraklasa,Gornik Zabrze,Radomiak Radom,0 - 0,0 - 0,X,0,Yok
2022-04-30,2021,Ekstraklasa,Jagiellonia,Slask Wroclaw,1 - 1,0 - 0,X,2,Evet
2022-04-30,2021,Ekstraklasa,Zaglebie Lubin,Lechia Gdansk,2 - 2,0 - 2,X,4,Evet
2022-04-30,2021,Ekstraklasa,Stal Mielec,Legia Warszawa,2 - 1,2 - 1,1,3,Evet
2022-05-01,2021,Ekstraklasa,Nieciecza,Wisla Plock,1 - 0,0 - 0,1,1,Yok
2022-05-01,2021,Ekstraklasa,Cracovia Krakow,Wisla Krakow,0 - 0,0 - 0,X,0,Yok
2022-05-06,2021,Ekstraklasa,Radomiak Radom,Zaglebie Lubin,1 - 6,0 - 3,2,7,Evet
2022-05-06,2021,Ekstraklasa,Legia Warszawa,Gornik Zabrze,5 - 3,4 - 2,1,8,Evet
2022-05-07,2021,Ekstraklasa,Wisla Plock,Warta Poznań,0 - 3,0 - 1,2,3,Yok
2022-05-07,2021,Ekstraklasa,Slask Wroclaw,Pogon Szczecin,1 - 1,1 - 0,X,2,Evet
2022-05-07,2021,Ekstraklasa,Wisla Krakow,Jagiellonia,0 - 0,0 - 0,X,0,Yok
2022-05-08,2021,Ekstraklasa,Lechia Gdansk,Stal Mielec,3 - 2,2 - 0,1,5,Evet
2022-05-08,2021,Ekstraklasa,Raków Częstochowa,Cracovia Krakow,1 - 1,1 - 0,X,2,Evet
2022-05-08,2021,Ekstraklasa,Piast Gliwice,Lech Poznan,1 - 2,0 - 1,2,3,Evet
2022-05-09,2021,Ekstraklasa,Górnik Łęczna,Nieciecza,1 - 1,1 - 0,X,2,Evet
2022-05-13,2021,Ekstraklasa,Cracovia Krakow,Wisla Plock,3 - 0,2 - 0,1,3,Yok
2022-05-13,2021,Ekstraklasa,Jagiellonia,Legia Warszawa,2 - 2,0 - 0,X,4,Evet
2022-05-14,2021,Ekstraklasa,Nieciecza,Piast Gliwice,0 - 1,0 - 0,2,1,Yok
2022-05-14,2021,Ekstraklasa,Warta Poznań,Lech Poznan,1 - 2,1 - 2,2,3,Evet
2022-05-14,2021,Ekstraklasa,Zaglebie Lubin,Raków Częstochowa,1 - 0,0 - 0,1,1,Yok
2022-05-14,2021,Ekstraklasa,Lechia Gdansk,Pogon Szczecin,0 - 0,0 - 0,X,0,Yok
2022-05-15,2021,Ekstraklasa,Stal Mielec,Slask Wroclaw,1 - 1,0 - 1,X,2,Evet
2022-05-15,2021,Ekstraklasa,Gornik Zabrze,Górnik Łęczna,4 - 2,0 - 1,1,6,Evet
2022-05-15,2021,Ekstraklasa,Radomiak Radom,Wisla Krakow,4 - 2,0 - 1,1,6,Evet
2022-05-21,2021,Ekstraklasa,Slask Wroclaw,Gornik Zabrze,3 - 4,3 - 2,2,7,Evet
2022-05-21,2021,Ekstraklasa,Wisla Krakow,Warta Poznań,0 - 1,0 - 1,2,1,Yok
2022-05-21,2021,Ekstraklasa,Legia Warszawa,Cracovia Krakow,3 - 0,0 - 0,1,3,Yok
2022-05-21,2021,Ekstraklasa,Wisla Plock,Stal Mielec,3 - 0,1 - 0,1,3,Yok
2022-05-21,2021,Ekstraklasa,Lech Poznan,Zaglebie Lubin,2 - 1,2 - 0,1,3,Evet
2022-05-21,2021,Ekstraklasa,Pogon Szczecin,Nieciecza,2 - 2,1 - 0,X,4,Evet
2022-05-21,2021,Ekstraklasa,Piast Gliwice,Radomiak Radom,1 - 1,0 - 1,X,2,Evet
2022-05-21,2021,Ekstraklasa,Raków Częstochowa,Lechia Gdansk,3 - 0,2 - 0,1,3,Yok
2022-05-21,2021,Ekstraklasa,Górnik Łęczna,Jagiellonia,0 - 1,0 - 0,2,1,Yok
