Tarih,Sezon,Lig,Ev Sahibi,Deplasman,MS Skor,IY Skor,MS Sonucu,Toplam Gol,KG Var
2026-08-07,2026,Eredivisie,Cambuur,Excelsior,0 - 4,0 - 3,2,4,Yok
2026-08-08,2026,Eredivisie,NEC Nijmegen,Telstar,1 - 2,0 - 2,2,3,Evet
2026-08-08,2026,Eredivisie,GO Ahead Eagles,Willem II,4 - 1,1 - 1,1,5,Evet
2026-08-08,2026,Eredivisie,PSV Eindhoven,Fortuna Sittard,2 - 2,0 - 1,X,4,Evet
2026-08-08,2026,Eredivisie,AZ Alkmaar,ADO Den Haag,2 - 0,0 - 0,1,2,Yok
2026-08-09,2026,Eredivisie,Sparta Rotterdam,Feyenoord,0 - 1,0 - 1,2,1,Yok
2026-08-09,2026,Eredivisie,PEC Zwolle,Ajax,0 - 2,0 - 0,2,2,Yok
2026-08-09,2026,Eredivisie,Groningen,Utrecht,2 - 1,1 - 0,1,3,Evet
2026-08-09,2026,Eredivisie,Heerenveen,Twente,1 - 0,0 - 0,1,1,Yok
2026-08-14,2026,Eredivisie,Telstar,Sparta Rotterdam,1 - 3,0 - 1,2,4,Evet
2026-08-15,2026,Eredivisie,Willem II,NEC Nijmegen,1 - 4,0 - 1,2,5,Evet
2026-08-15,2026,Eredivisie,Utrecht,AZ Alkmaar,1 - 4,0 - 1,2,5,Evet
2026-08-15,2026,Eredivisie,Excelsior,PSV Eindhoven,1 - 2,0 - 1,2,3,Evet
2026-08-15,2026,Eredivisie,Fortuna Sittard,Cambuur,3 - 1,2 - 1,1,4,Evet
2026-08-16,2026,Eredivisie,ADO Den Haag,Groningen,1 - 4,0 - 3,2,5,Evet
2026-08-16,2026,Eredivisie,Feyenoord,GO Ahead Eagles,2 - 2,2 - 0,X,4,Evet
2026-08-16,2026,Eredivisie,Twente,PEC Zwolle,3 - 1,1 - 1,1,4,Evet
2026-08-16,2026,Eredivisie,Ajax,Heerenveen,2 - 2,2 - 1,X,4,Evet
2026-08-22,2026,Eredivisie,Fortuna Sittard,AZ Alkmaar,0 - 2,0 - 0,2,2,Yok
2026-08-22,2026,Eredivisie,Sparta Rotterdam,Utrecht,3 - 3,1 - 1,X,6,Evet
2026-08-22,2026,Eredivisie,Heerenveen,PEC Zwolle,0 - 2,0 - 0,2,2,Yok
2026-08-23,2026,Eredivisie,GO Ahead Eagles,ADO Den Haag,3 - 1,1 - 0,1,4,Evet
2026-08-23,2026,Eredivisie,PSV Eindhoven,Groningen,5 - 1,3 - 1,1,6,Evet
2026-08-23,2026,Eredivisie,Cambuur,Feyenoord,2 - 5,0 - 4,2,7,Evet
2026-08-28,2026,Eredivisie,Groningen,Fortuna Sittard,2 - 3,1 - 2,2,5,Evet
2026-08-29,2026,Eredivisie,Excelsior,Sparta Rotterdam,2 - 1,1 - 0,1,3,Evet
2026-08-29,2026,Eredivisie,AZ Alkmaar,GO Ahead Eagles,5 - 2,2 - 1,1,7,Evet
2026-08-29,2026,Eredivisie,PEC Zwolle,NEC Nijmegen,1 - 3,1 - 2,2,4,Evet
2026-08-30,2026,Eredivisie,Utrecht,PSV Eindhoven,1 - 6,1 - 2,2,7,Evet
2026-08-30,2026,Eredivisie,Willem II,Heerenveen,2 - 2,0 - 0,X,4,Evet
2026-08-30,2026,Eredivisie,Feyenoord,ADO Den Haag,2 - 2,0 - 1,X,4,Evet
2026-08-30,2026,Eredivisie,Telstar,Ajax,0 - 4,0 - 1,2,4,Yok
2026-08-30,2026,Eredivisie,Cambuur,Twente,1 - 4,0 - 2,2,5,Evet
2026-09-04,2026,Eredivisie,Sparta Rotterdam,PEC Zwolle,2 - 2,1 - 1,X,4,Evet
2026-09-05,2026,Eredivisie,NEC Nijmegen,Feyenoord,1 - 3,0 - 0,2,4,Evet
2026-09-05,2026,Eredivisie,Ajax,PSV Eindhoven,1 - 3,1 - 2,2,4,Evet
2026-09-05,2026,Eredivisie,Willem II,Excelsior,0 - 3,0 - 2,2,3,Yok
2026-09-06,2026,Eredivisie,Groningen,Twente,2 - 2,2 - 2,X,4,Evet
2026-09-06,2026,Eredivisie,Heerenveen,AZ Alkmaar,2 - 3,2 - 1,2,5,Evet
2026-09-06,2026,Eredivisie,Telstar,Cambuur,2 - 2,0 - 0,X,4,Evet
2026-09-06,2026,Eredivisie,ADO Den Haag,Fortuna Sittard,2 - 3,0 - 2,2,5,Evet
2026-09-08,2026,Eredivisie,Utrecht,GO Ahead Eagles,3 - 3,0 - 1,X,6,Evet
2026-09-08,2026,Eredivisie,NEC Nijmegen,Excelsior,2 - 2,1 - 1,X,4,Evet
2026-09-09,2026,Eredivisie,Twente,Telstar,1 - 0,0 - 0,1,1,Yok
2026-09-11,2026,Eredivisie,AZ Alkmaar,Willem II,1 - 1,1 - 0,X,2,Evet
2026-09-12,2026,Eredivisie,Twente,ADO Den Haag,2 - 0,0 - 0,1,2,Yok
2026-09-12,2026,Eredivisie,GO Ahead Eagles,Groningen,1 - 1,0 - 1,X,2,Evet
2026-09-12,2026,Eredivisie,Fortuna Sittard,Ajax,1 - 5,0 - 1,2,6,Evet
2026-09-12,2026,Eredivisie,Cambuur,NEC Nijmegen,3 - 0,1 - 0,1,3,Yok
2026-09-13,2026,Eredivisie,Excelsior,Utrecht,1 - 2,0 - 1,2,3,Evet
2026-09-13,2026,Eredivisie,Heerenveen,Telstar,0 - 0,0 - 0,X,0,Yok
2026-09-13,2026,Eredivisie,PEC Zwolle,Feyenoord,0 - 7,0 - 3,2,7,Yok
2026-09-13,2026,Eredivisie,PSV Eindhoven,Sparta Rotterdam,4 - 1,2 - 1,1,5,Evet
2026-09-15,2026,Eredivisie,Ajax,Willem II,5 - 1,2 - 0,1,6,Evet
2026-09-18,2026,Eredivisie,Groningen,PEC Zwolle,3 - 0,2 - 0,1,3,Yok
2026-09-19,2026,Eredivisie,ADO Den Haag,Cambuur,1 - 1,0 - 1,X,2,Evet
2026-09-19,2026,Eredivisie,Sparta Rotterdam,Heerenveen,0 - 4,0 - 2,2,4,Yok
2026-09-19,2026,Eredivisie,Ajax,Excelsior,2 - 2,1 - 1,X,4,Evet
2026-09-19,2026,Eredivisie,Willem II,Fortuna Sittard,0 - 1,0 - 0,2,1,Yok
2026-09-20,2026,Eredivisie,Feyenoord,Utrecht,5 - 0,3 - 0,1,5,Yok
2026-09-20,2026,Eredivisie,AZ Alkmaar,Telstar,1 - 0,1 - 0,1,1,Yok
2026-09-20,2026,Eredivisie,Twente,PSV Eindhoven,3 - 2,1 - 2,1,5,Evet
2026-09-20,2026,Eredivisie,NEC Nijmegen,GO Ahead Eagles,1 - 1,1 - 1,X,2,Evet
2025-08-08,2025,Eredivisie,Fortuna Sittard,GO Ahead Eagles,2 - 2,1 - 1,X,4,Evet
2025-08-09,2025,Eredivisie,NEC Nijmegen,Excelsior,5 - 0,1 - 0,1,5,Yok
2025-08-09,2025,Eredivisie,Feyenoord,NAC Breda,2 - 0,1 - 0,1,2,Yok
2025-08-09,2025,Eredivisie,Heerenveen,FC Volendam,1 - 1,1 - 0,X,2,Evet
2025-08-09,2025,Eredivisie,PSV Eindhoven,Sparta Rotterdam,6 - 1,3 - 0,1,7,Evet
2025-08-10,2025,Eredivisie,PEC Zwolle,Twente,1 - 0,1 - 0,1,1,Yok
2025-08-10,2025,Eredivisie,Ajax,Telstar,2 - 0,1 - 0,1,2,Yok
2025-08-10,2025,Eredivisie,AZ Alkmaar,Groningen,4 - 1,3 - 1,1,5,Evet
2025-08-10,2025,Eredivisie,Utrecht,Heracles,4 - 0,1 - 0,1,4,Yok
2025-08-15,2025,Eredivisie,Telstar,PEC Zwolle,0 - 2,0 - 1,2,2,Yok
2025-08-16,2025,Eredivisie,Excelsior,Feyenoord,1 - 2,1 - 2,2,3,Evet
2025-08-16,2025,Eredivisie,Heracles,NEC Nijmegen,1 - 4,1 - 1,2,5,Evet
2025-08-16,2025,Eredivisie,Groningen,Heerenveen,2 - 1,1 - 1,1,3,Evet
2025-08-17,2025,Eredivisie,GO Ahead Eagles,Ajax,2 - 2,2 - 2,X,4,Evet
2025-08-17,2025,Eredivisie,Twente,PSV Eindhoven,0 - 2,0 - 1,2,2,Yok
2025-08-17,2025,Eredivisie,Sparta Rotterdam,Utrecht,2 - 1,1 - 0,1,3,Evet
2025-08-17,2025,Eredivisie,FC Volendam,AZ Alkmaar,2 - 2,1 - 1,X,4,Evet
2025-08-17,2025,Eredivisie,NAC Breda,Fortuna Sittard,2 - 1,1 - 0,1,3,Evet
2025-08-23,2025,Eredivisie,GO Ahead Eagles,Sparta Rotterdam,0 - 3,0 - 1,2,3,Yok
2025-08-23,2025,Eredivisie,PSV Eindhoven,Groningen,4 - 2,1 - 1,1,6,Evet
2025-08-23,2025,Eredivisie,Telstar,FC Volendam,2 - 2,2 - 0,X,4,Evet
2025-08-24,2025,Eredivisie,Heerenveen,Twente,1 - 2,0 - 1,2,3,Evet
2025-08-24,2025,Eredivisie,Utrecht,Excelsior,4 - 1,2 - 0,1,5,Evet
2025-08-24,2025,Eredivisie,NEC Nijmegen,NAC Breda,3 - 0,1 - 0,1,3,Yok
2025-08-24,2025,Eredivisie,Ajax,Heracles,2 - 0,1 - 0,1,2,Yok
2025-08-29,2025,Eredivisie,Groningen,Heracles,4 - 0,3 - 0,1,4,Yok
2025-08-30,2025,Eredivisie,FC Volendam,Ajax,1 - 1,1 - 0,X,2,Evet
2025-08-30,2025,Eredivisie,Heerenveen,GO Ahead Eagles,2 - 2,1 - 1,X,4,Evet
2025-08-30,2025,Eredivisie,PSV Eindhoven,Telstar,0 - 2,0 - 1,2,2,Yok
2025-08-30,2025,Eredivisie,Excelsior,Twente,1 - 0,0 - 0,1,1,Yok
2025-08-31,2025,Eredivisie,Fortuna Sittard,NEC Nijmegen,3 - 2,2 - 1,1,5,Evet
2025-08-31,2025,Eredivisie,PEC Zwolle,Utrecht,0 - 2,0 - 2,2,2,Yok
2025-08-31,2025,Eredivisie,Sparta Rotterdam,Feyenoord,0 - 4,0 - 1,2,4,Yok
2025-08-31,2025,Eredivisie,NAC Breda,AZ Alkmaar,0 - 1,0 - 0,2,1,Yok
2025-09-13,2025,Eredivisie,Ajax,PEC Zwolle,3 - 1,2 - 0,1,4,Evet
2025-09-13,2025,Eredivisie,GO Ahead Eagles,FC Volendam,3 - 0,3 - 0,1,3,Yok
2025-09-13,2025,Eredivisie,NEC Nijmegen,PSV Eindhoven,3 - 5,1 - 3,2,8,Evet
2025-09-13,2025,Eredivisie,Feyenoord,Heerenveen,1 - 0,1 - 0,1,1,Yok
2025-09-13,2025,Eredivisie,Twente,NAC Breda,2 - 2,0 - 1,X,4,Evet
2025-09-14,2025,Eredivisie,Excelsior,Sparta Rotterdam,0 - 1,0 - 0,2,1,Yok
2025-09-14,2025,Eredivisie,Heracles,AZ Alkmaar,1 - 2,1 - 1,2,3,Evet
2025-09-14,2025,Eredivisie,Utrecht,Groningen,0 - 1,0 - 0,2,1,Yok
2025-09-14,2025,Eredivisie,Telstar,Fortuna Sittard,1 - 3,1 - 1,2,4,Evet
2025-09-17,2025,Eredivisie,Feyenoord,Fortuna Sittard,2 - 0,1 - 0,1,2,Yok
2025-09-19,2025,Eredivisie,Sparta Rotterdam,Twente,1 - 5,1 - 1,2,6,Evet
2025-09-20,2025,Eredivisie,FC Volendam,Excelsior,1 - 2,1 - 1,2,3,Evet
2025-09-20,2025,Eredivisie,Groningen,Telstar,2 - 0,1 - 0,1,2,Yok
2025-09-20,2025,Eredivisie,Fortuna Sittard,Utrecht,1 - 0,1 - 0,1,1,Yok
2025-09-20,2025,Eredivisie,NAC Breda,Heracles,2 - 1,0 - 1,1,3,Evet
2025-09-21,2025,Eredivisie,PEC Zwolle,GO Ahead Eagles,0 - 2,0 - 0,2,2,Yok
2025-09-21,2025,Eredivisie,PSV Eindhoven,Ajax,2 - 2,1 - 1,X,4,Evet
2025-09-21,2025,Eredivisie,Heerenveen,NEC Nijmegen,3 - 2,1 - 0,1,5,Evet
2025-09-21,2025,Eredivisie,AZ Alkmaar,Feyenoord,3 - 3,1 - 1,X,6,Evet
2025-09-24,2025,Eredivisie,AZ Alkmaar,PEC Zwolle,2 - 2,2 - 1,X,4,Evet
2025-09-26,2025,Eredivisie,Twente,Fortuna Sittard,3 - 2,1 - 0,1,5,Evet
2025-09-27,2025,Eredivisie,Ajax,NAC Breda,2 - 1,1 - 1,1,3,Evet
2025-09-27,2025,Eredivisie,FC Volendam,PEC Zwolle,2 - 1,1 - 1,1,3,Evet
2025-09-27,2025,Eredivisie,Excelsior,PSV Eindhoven,1 - 2,1 - 1,2,3,Evet
2025-09-27,2025,Eredivisie,Heracles,Sparta Rotterdam,3 - 0,1 - 0,1,3,Yok
2025-09-28,2025,Eredivisie,NEC Nijmegen,AZ Alkmaar,2 - 1,1 - 0,1,3,Evet
2025-09-28,2025,Eredivisie,Groningen,Feyenoord,0 - 1,0 - 0,2,1,Yok
2025-09-28,2025,Eredivisie,Utrecht,Heerenveen,2 - 2,1 - 1,X,4,Evet
2025-09-28,2025,Eredivisie,Telstar,GO Ahead Eagles,4 - 2,2 - 1,1,6,Evet
2025-10-03,2025,Eredivisie,NAC Breda,Groningen,1 - 2,0 - 1,2,3,Evet
2025-10-04,2025,Eredivisie,Sparta Rotterdam,Ajax,3 - 3,1 - 1,X,6,Evet
2025-10-04,2025,Eredivisie,Fortuna Sittard,FC Volendam,1 - 0,1 - 0,1,1,Yok
2025-10-04,2025,Eredivisie,PEC Zwolle,PSV Eindhoven,0 - 4,0 - 2,2,4,Yok
2025-10-04,2025,Eredivisie,Heerenveen,Excelsior,2 - 1,0 - 1,1,3,Evet
2025-10-05,2025,Eredivisie,Twente,Heracles,2 - 1,0 - 1,1,3,Evet
2025-10-05,2025,Eredivisie,Feyenoord,Utrecht,3 - 2,1 - 0,1,5,Evet
2025-10-05,2025,Eredivisie,AZ Alkmaar,Telstar,2 - 1,2 - 0,1,3,Evet
2025-10-05,2025,Eredivisie,GO Ahead Eagles,NEC Nijmegen,1 - 1,0 - 1,X,2,Evet
2025-10-18,2025,Eredivisie,NEC Nijmegen,Twente,3 - 3,1 - 1,X,6,Evet
2025-10-18,2025,Eredivisie,PSV Eindhoven,GO Ahead Eagles,2 - 1,1 - 0,1,3,Evet
2025-10-18,2025,Eredivisie,Utrecht,FC Volendam,3 - 1,0 - 1,1,4,Evet
2025-10-18,2025,Eredivisie,Ajax,AZ Alkmaar,0 - 2,0 - 2,2,2,Yok
2025-10-18,2025,Eredivisie,NAC Breda,PEC Zwolle,2 - 2,2 - 1,X,4,Evet
2025-10-19,2025,Eredivisie,Telstar,Heerenveen,2 - 3,1 - 2,2,5,Evet
2025-10-19,2025,Eredivisie,Excelsior,Fortuna Sittard,1 - 0,1 - 0,1,1,Yok
2025-10-19,2025,Eredivisie,Groningen,Sparta Rotterdam,0 - 2,0 - 1,2,2,Yok
2025-10-19,2025,Eredivisie,Heracles,Feyenoord,0 - 7,0 - 4,2,7,Yok
2025-10-24,2025,Eredivisie,Heerenveen,NAC Breda,3 - 3,1 - 0,X,6,Evet
2025-10-25,2025,Eredivisie,Fortuna Sittard,Groningen,1 - 2,0 - 1,2,3,Evet
2025-10-25,2025,Eredivisie,Sparta Rotterdam,Telstar,1 - 0,1 - 0,1,1,Yok
2025-10-25,2025,Eredivisie,FC Volendam,Heracles,3 - 0,1 - 0,1,3,Yok
2025-10-25,2025,Eredivisie,PEC Zwolle,NEC Nijmegen,2 - 2,1 - 1,X,4,Evet
2025-10-26,2025,Eredivisie,Twente,Ajax,2 - 3,1 - 0,2,5,Evet
2025-10-26,2025,Eredivisie,Feyenoord,PSV Eindhoven,2 - 3,0 - 1,2,5,Evet
2025-10-26,2025,Eredivisie,AZ Alkmaar,Utrecht,4 - 1,2 - 0,1,5,Evet
2025-10-26,2025,Eredivisie,GO Ahead Eagles,Excelsior,2 - 0,0 - 0,1,2,Yok
2025-10-31,2025,Eredivisie,PSV Eindhoven,Fortuna Sittard,5 - 2,3 - 0,1,7,Evet
2025-11-01,2025,Eredivisie,Ajax,Heerenveen,1 - 1,1 - 0,X,2,Evet
2025-11-01,2025,Eredivisie,NAC Breda,GO Ahead Eagles,1 - 0,0 - 0,1,1,Yok
2025-11-01,2025,Eredivisie,Feyenoord,FC Volendam,3 - 1,2 - 0,1,4,Evet
2025-11-01,2025,Eredivisie,Telstar,Excelsior,2 - 2,2 - 1,X,4,Evet
2025-11-02,2025,Eredivisie,Heracles,PEC Zwolle,8 - 2,4 - 1,1,10,Evet
2025-11-02,2025,Eredivisie,Groningen,Twente,1 - 1,0 - 0,X,2,Evet
2025-11-02,2025,Eredivisie,Sparta Rotterdam,AZ Alkmaar,0 - 1,0 - 0,2,1,Yok
2025-11-02,2025,Eredivisie,Utrecht,NEC Nijmegen,1 - 0,1 - 0,1,1,Yok
2025-11-07,2025,Eredivisie,Twente,Telstar,0 - 0,0 - 0,X,0,Yok
2025-11-08,2025,Eredivisie,Excelsior,Heracles,1 - 2,1 - 0,2,3,Evet
2025-11-08,2025,Eredivisie,FC Volendam,NAC Breda,2 - 1,0 - 1,1,3,Evet
2025-11-08,2025,Eredivisie,Fortuna Sittard,Heerenveen,2 - 0,0 - 0,1,2,Yok
2025-11-08,2025,Eredivisie,PEC Zwolle,Sparta Rotterdam,1 - 0,1 - 0,1,1,Yok
2025-11-09,2025,Eredivisie,Utrecht,Ajax,2 - 1,1 - 0,1,3,Evet
2025-11-09,2025,Eredivisie,NEC Nijmegen,Groningen,2 - 0,0 - 0,1,2,Yok
2025-11-09,2025,Eredivisie,AZ Alkmaar,PSV Eindhoven,1 - 5,1 - 3,2,6,Evet
2025-11-09,2025,Eredivisie,GO Ahead Eagles,Feyenoord,2 - 1,1 - 0,1,3,Evet
2025-11-22,2025,Eredivisie,NAC Breda,PSV Eindhoven,0 - 1,0 - 1,2,1,Yok
2025-11-22,2025,Eredivisie,Ajax,Excelsior,1 - 2,0 - 1,2,3,Evet
2025-11-22,2025,Eredivisie,FC Volendam,Twente,1 - 1,0 - 0,X,2,Evet
2025-11-22,2025,Eredivisie,Heracles,GO Ahead Eagles,4 - 2,1 - 2,1,6,Evet
2025-11-22,2025,Eredivisie,Sparta Rotterdam,Fortuna Sittard,1 - 1,1 - 0,X,2,Evet
2025-11-23,2025,Eredivisie,Heerenveen,AZ Alkmaar,3 - 1,2 - 0,1,4,Evet
2025-11-23,2025,Eredivisie,Feyenoord,NEC Nijmegen,2 - 4,1 - 1,2,6,Evet
2025-11-23,2025,Eredivisie,Telstar,Utrecht,1 - 1,0 - 0,X,2,Evet
2025-11-23,2025,Eredivisie,Groningen,PEC Zwolle,2 - 2,1 - 1,X,4,Evet
2025-11-28,2025,Eredivisie,PEC Zwolle,Heerenveen,2 - 1,2 - 1,1,3,Evet
2025-11-29,2025,Eredivisie,Excelsior,NAC Breda,1 - 0,1 - 0,1,1,Yok
2025-11-29,2025,Eredivisie,Fortuna Sittard,Heracles,1 - 1,1 - 0,X,2,Evet
2025-11-29,2025,Eredivisie,NEC Nijmegen,Sparta Rotterdam,3 - 1,2 - 0,1,4,Evet
2025-11-30,2025,Eredivisie,PSV Eindhoven,FC Volendam,3 - 0,2 - 0,1,3,Yok
2025-11-30,2025,Eredivisie,GO Ahead Eagles,Utrecht,2 - 2,0 - 1,X,4,Evet
2025-11-30,2025,Eredivisie,Telstar,Feyenoord,1 - 2,0 - 1,2,3,Evet
2025-11-30,2025,Eredivisie,Twente,AZ Alkmaar,1 - 0,0 - 0,1,1,Yok
2025-12-02,2025,Eredivisie,Ajax,Groningen,2 - 0,1 - 0,1,2,Yok
2025-12-05,2025,Eredivisie,Excelsior,Groningen,0 - 2,0 - 0,2,2,Yok
2025-12-06,2025,Eredivisie,Heerenveen,PSV Eindhoven,0 - 2,0 - 2,2,2,Yok
2025-12-06,2025,Eredivisie,Fortuna Sittard,Ajax,1 - 3,1 - 1,2,4,Evet
2025-12-06,2025,Eredivisie,Heracles,Telstar,1 - 1,0 - 0,X,2,Evet
2025-12-06,2025,Eredivisie,Feyenoord,PEC Zwolle,6 - 1,4 - 0,1,7,Evet
2025-12-07,2025,Eredivisie,Utrecht,Twente,1 - 1,0 - 0,X,2,Evet
2025-12-07,2025,Eredivisie,AZ Alkmaar,GO Ahead Eagles,2 - 2,2 - 1,X,4,Evet
2025-12-07,2025,Eredivisie,FC Volendam,NEC Nijmegen,2 - 3,1 - 0,2,5,Evet
2025-12-07,2025,Eredivisie,Sparta Rotterdam,NAC Breda,1 - 0,1 - 0,1,1,Yok
2025-12-13,2025,Eredivisie,Telstar,NEC Nijmegen,2 - 2,1 - 1,X,4,Evet
2025-12-13,2025,Eredivisie,Groningen,FC Volendam,3 - 0,1 - 0,1,3,Yok
2025-12-13,2025,Eredivisie,PSV Eindhoven,Heracles,4 - 3,2 - 1,1,7,Evet
2025-12-13,2025,Eredivisie,PEC Zwolle,Fortuna Sittard,1 - 0,1 - 0,1,1,Yok
2025-12-14,2025,Eredivisie,Sparta Rotterdam,Heerenveen,0 - 3,0 - 1,2,3,Yok
2025-12-14,2025,Eredivisie,Ajax,Feyenoord,2 - 0,1 - 0,1,2,Yok
2025-12-14,2025,Eredivisie,Twente,GO Ahead Eagles,2 - 0,2 - 0,1,2,Yok
2025-12-14,2025,Eredivisie,NAC Breda,Utrecht,1 - 1,1 - 1,X,2,Evet
2025-12-20,2025,Eredivisie,Heracles,Heerenveen,0 - 3,0 - 0,2,3,Yok
2025-12-20,2025,Eredivisie,Excelsior,PEC Zwolle,2 - 1,1 - 0,1,3,Evet
2025-12-20,2025,Eredivisie,NEC Nijmegen,Ajax,2 - 2,1 - 2,X,4,Evet
2025-12-20,2025,Eredivisie,NAC Breda,Telstar,0 - 1,0 - 0,2,1,Yok
2025-12-21,2025,Eredivisie,Utrecht,PSV Eindhoven,1 - 2,1 - 0,2,3,Evet
2025-12-21,2025,Eredivisie,Feyenoord,Twente,1 - 1,0 - 1,X,2,Evet
2025-12-21,2025,Eredivisie,GO Ahead Eagles,Groningen,1 - 1,1 - 0,X,2,Evet
2025-12-21,2025,Eredivisie,Fortuna Sittard,AZ Alkmaar,4 - 3,2 - 2,1,7,Evet
2025-12-21,2025,Eredivisie,FC Volendam,Sparta Rotterdam,0 - 1,0 - 0,2,1,Yok
2026-01-10,2025,Eredivisie,AZ Alkmaar,FC Volendam,1 - 0,1 - 0,1,1,Yok
2026-01-10,2025,Eredivisie,Twente,PEC Zwolle,1 - 1,0 - 0,X,2,Evet
2026-01-10,2025,Eredivisie,PSV Eindhoven,Excelsior,5 - 1,4 - 1,1,6,Evet
2026-01-10,2025,Eredivisie,Groningen,NAC Breda,0 - 0,0 - 0,X,0,Yok
2026-01-11,2025,Eredivisie,Heerenveen,Feyenoord,2 - 2,1 - 2,X,4,Evet
2026-01-11,2025,Eredivisie,GO Ahead Eagles,Fortuna Sittard,2 - 2,1 - 1,X,4,Evet
2026-01-11,2025,Eredivisie,Telstar,Ajax,2 - 3,0 - 2,2,5,Evet
2026-01-11,2025,Eredivisie,Sparta Rotterdam,Heracles,2 - 0,1 - 0,1,2,Yok
2026-01-17,2025,Eredivisie,Ajax,GO Ahead Eagles,2 - 2,2 - 0,X,4,Evet
2026-01-17,2025,Eredivisie,PEC Zwolle,AZ Alkmaar,3 - 1,2 - 0,1,4,Evet
2026-01-17,2025,Eredivisie,Excelsior,Telstar,2 - 2,0 - 0,X,4,Evet
2026-01-17,2025,Eredivisie,Fortuna Sittard,PSV Eindhoven,1 - 2,1 - 1,2,3,Evet
2026-01-17,2025,Eredivisie,NAC Breda,NEC Nijmegen,3 - 4,1 - 2,2,7,Evet
2026-01-18,2025,Eredivisie,Heerenveen,Groningen,0 - 2,0 - 0,2,2,Yok
2026-01-18,2025,Eredivisie,Heracles,Twente,0 - 2,0 - 1,2,2,Yok
2026-01-18,2025,Eredivisie,FC Volendam,Utrecht,2 - 1,2 - 0,1,3,Evet
2026-01-18,2025,Eredivisie,Feyenoord,Sparta Rotterdam,3 - 4,0 - 1,2,7,Evet
2026-01-21,2025,Eredivisie,AZ Alkmaar,Excelsior,1 - 1,0 - 0,X,2,Evet
2026-01-24,2025,Eredivisie,Ajax,FC Volendam,2 - 0,2 - 0,1,2,Yok
2026-01-24,2025,Eredivisie,NEC Nijmegen,PEC Zwolle,2 - 1,1 - 1,1,3,Evet
2026-01-24,2025,Eredivisie,PSV Eindhoven,NAC Breda,2 - 2,1 - 2,X,4,Evet
2026-01-24,2025,Eredivisie,Twente,Excelsior,0 - 0,0 - 0,X,0,Yok
2026-01-25,2025,Eredivisie,Telstar,AZ Alkmaar,0 - 1,0 - 0,2,1,Yok
2026-01-25,2025,Eredivisie,Groningen,Fortuna Sittard,1 - 2,1 - 2,2,3,Evet
2026-01-25,2025,Eredivisie,Utrecht,Sparta Rotterdam,0 - 1,0 - 1,2,1,Yok
2026-01-25,2025,Eredivisie,Feyenoord,Heracles,4 - 2,2 - 1,1,6,Evet
2026-01-30,2025,Eredivisie,NAC Breda,Twente,2 - 2,0 - 1,X,4,Evet
2026-01-31,2025,Eredivisie,AZ Alkmaar,NEC Nijmegen,1 - 3,1 - 2,2,4,Evet
2026-01-31,2025,Eredivisie,PEC Zwolle,Telstar,4 - 1,1 - 0,1,5,Evet
2026-01-31,2025,Eredivisie,Sparta Rotterdam,Groningen,2 - 0,0 - 0,1,2,Yok
2026-02-01,2025,Eredivisie,Excelsior,Ajax,2 - 2,0 - 2,X,4,Evet
2026-02-01,2025,Eredivisie,PSV Eindhoven,Feyenoord,3 - 0,3 - 0,1,3,Yok
2026-02-01,2025,Eredivisie,Heracles,Fortuna Sittard,2 - 1,2 - 1,1,3,Evet
2026-02-01,2025,Eredivisie,Heerenveen,Utrecht,1 - 1,1 - 0,X,2,Evet
2026-02-01,2025,Eredivisie,FC Volendam,GO Ahead Eagles,1 - 1,0 - 1,X,2,Evet
2026-02-06,2025,Eredivisie,NAC Breda,Excelsior,0 - 2,0 - 2,2,2,Yok
2026-02-07,2025,Eredivisie,NEC Nijmegen,Heracles,4 - 1,2 - 1,1,5,Evet
2026-02-07,2025,Eredivisie,PEC Zwolle,FC Volendam,1 - 2,1 - 1,2,3,Evet
2026-02-07,2025,Eredivisie,Twente,Heerenveen,5 - 0,2 - 0,1,5,Yok
2026-02-07,2025,Eredivisie,Fortuna Sittard,Sparta Rotterdam,2 - 2,1 - 0,X,4,Evet
2026-02-08,2025,Eredivisie,Utrecht,Feyenoord,0 - 1,0 - 1,2,1,Yok
2026-02-08,2025,Eredivisie,AZ Alkmaar,Ajax,1 - 1,0 - 0,X,2,Evet
2026-02-08,2025,Eredivisie,GO Ahead Eagles,Telstar,1 - 1,0 - 0,X,2,Evet
2026-02-08,2025,Eredivisie,Groningen,PSV Eindhoven,1 - 2,1 - 0,2,3,Evet
2026-02-11,2025,Eredivisie,GO Ahead Eagles,Heerenveen,1 - 3,0 - 0,2,4,Evet
2026-02-11,2025,Eredivisie,NEC Nijmegen,Utrecht,1 - 3,0 - 2,2,4,Evet
2026-02-13,2025,Eredivisie,FC Volendam,PSV Eindhoven,2 - 1,0 - 0,1,3,Evet
2026-02-14,2025,Eredivisie,Heracles,NAC Breda,0 - 1,0 - 0,2,1,Yok
2026-02-14,2025,Eredivisie,Excelsior,AZ Alkmaar,1 - 2,1 - 0,2,3,Evet
2026-02-14,2025,Eredivisie,Ajax,Fortuna Sittard,4 - 1,3 - 1,1,5,Evet
2026-02-14,2025,Eredivisie,Groningen,Utrecht,1 - 2,0 - 0,2,3,Evet
2026-02-15,2025,Eredivisie,Feyenoord,GO Ahead Eagles,1 - 0,0 - 0,1,1,Yok
2026-02-15,2025,Eredivisie,Heerenveen,PEC Zwolle,4 - 2,1 - 2,1,6,Evet
2026-02-15,2025,Eredivisie,Telstar,Twente,1 - 1,1 - 0,X,2,Evet
2026-02-17,2025,Eredivisie,Sparta Rotterdam,NEC Nijmegen,1 - 1,0 - 0,X,2,Evet
2026-02-20,2025,Eredivisie,Fortuna Sittard,Excelsior,2 - 1,1 - 0,1,3,Evet
2026-02-21,2025,Eredivisie,PSV Eindhoven,Heerenveen,3 - 1,1 - 1,1,4,Evet
2026-02-21,2025,Eredivisie,NAC Breda,FC Volendam,1 - 0,0 - 0,1,1,Yok
2026-02-21,2025,Eredivisie,Ajax,NEC Nijmegen,1 - 1,1 - 0,X,2,Evet
2026-02-22,2025,Eredivisie,Twente,Groningen,2 - 1,1 - 1,1,3,Evet
2026-02-22,2025,Eredivisie,Utrecht,PEC Zwolle,1 - 1,1 - 0,X,2,Evet
2026-02-22,2025,Eredivisie,GO Ahead Eagles,Heracles,4 - 0,1 - 0,1,4,Yok
2026-02-22,2025,Eredivisie,AZ Alkmaar,Sparta Rotterdam,3 - 1,0 - 0,1,4,Evet
2026-02-22,2025,Eredivisie,Feyenoord,Telstar,2 - 1,2 - 1,1,3,Evet
2026-02-27,2025,Eredivisie,Telstar,NAC Breda,3 - 0,1 - 0,1,3,Yok
2026-02-28,2025,Eredivisie,Heerenveen,Sparta Rotterdam,2 - 1,1 - 0,1,3,Evet
2026-02-28,2025,Eredivisie,Heracles,PSV Eindhoven,1 - 3,0 - 3,2,4,Evet
2026-02-28,2025,Eredivisie,NEC Nijmegen,Fortuna Sittard,2 - 3,1 - 1,2,5,Evet
2026-03-01,2025,Eredivisie,PEC Zwolle,Ajax,0 - 0,0 - 0,X,0,Yok
2026-03-01,2025,Eredivisie,Twente,Feyenoord,2 - 0,1 - 0,1,2,Yok
2026-03-01,2025,Eredivisie,FC Volendam,Groningen,3 - 2,1 - 1,1,5,Evet
2026-03-01,2025,Eredivisie,Utrecht,AZ Alkmaar,2 - 0,2 - 0,1,2,Yok
2026-03-01,2025,Eredivisie,Excelsior,GO Ahead Eagles,0 - 1,0 - 0,2,1,Yok
2026-03-06,2025,Eredivisie,Heracles,Utrecht,0 - 0,0 - 0,X,0,Yok
2026-03-07,2025,Eredivisie,Groningen,Ajax,3 - 1,1 - 1,1,4,Evet
2026-03-07,2025,Eredivisie,PSV Eindhoven,AZ Alkmaar,2 - 1,1 - 1,1,3,Evet
2026-03-07,2025,Eredivisie,Excelsior,Heerenveen,1 - 2,0 - 1,2,3,Evet
2026-03-08,2025,Eredivisie,Sparta Rotterdam,PEC Zwolle,1 - 1,0 - 0,X,2,Evet
2026-03-08,2025,Eredivisie,Fortuna Sittard,Telstar,1 - 4,1 - 2,2,5,Evet
2026-03-08,2025,Eredivisie,GO Ahead Eagles,Twente,1 - 4,0 - 2,2,5,Evet
2026-03-08,2025,Eredivisie,NAC Breda,Feyenoord,3 - 3,3 - 2,X,6,Evet
2026-03-08,2025,Eredivisie,NEC Nijmegen,FC Volendam,3 - 0,1 - 0,1,3,Yok
2026-03-13,2025,Eredivisie,PEC Zwolle,Groningen,1 - 1,0 - 0,X,2,Evet
2026-03-14,2025,Eredivisie,FC Volendam,Fortuna Sittard,1 - 2,0 - 2,2,3,Evet
2026-03-14,2025,Eredivisie,PSV Eindhoven,NEC Nijmegen,2 - 3,1 - 2,2,5,Evet
2026-03-14,2025,Eredivisie,Heerenveen,Telstar,3 - 0,1 - 0,1,3,Yok
2026-03-14,2025,Eredivisie,Ajax,Sparta Rotterdam,4 - 0,2 - 0,1,4,Yok
2026-03-15,2025,Eredivisie,Twente,Utrecht,0 - 2,0 - 1,2,2,Yok
2026-03-15,2025,Eredivisie,AZ Alkmaar,Heracles,4 - 0,2 - 0,1,4,Yok
2026-03-15,2025,Eredivisie,Feyenoord,Excelsior,2 - 1,0 - 1,1,3,Evet
2026-03-15,2025,Eredivisie,GO Ahead Eagles,NAC Breda,6 - 0,3 - 0,1,6,Yok
2026-03-20,2025,Eredivisie,Heracles,Excelsior,1 - 1,1 - 0,X,2,Evet
2026-03-21,2025,Eredivisie,Fortuna Sittard,Twente,1 - 2,1 - 0,2,3,Evet
2026-03-21,2025,Eredivisie,Sparta Rotterdam,FC Volendam,2 - 0,2 - 0,1,2,Yok
2026-03-21,2025,Eredivisie,PEC Zwolle,NAC Breda,2 - 1,2 - 0,1,3,Evet
2026-03-22,2025,Eredivisie,NEC Nijmegen,Heerenveen,2 - 2,1 - 2,X,4,Evet
2026-03-22,2025,Eredivisie,Utrecht,GO Ahead Eagles,2 - 0,2 - 0,1,2,Yok
2026-03-22,2025,Eredivisie,Feyenoord,Ajax,1 - 1,0 - 0,X,2,Evet
2026-03-22,2025,Eredivisie,Groningen,AZ Alkmaar,3 - 0,1 - 0,1,3,Yok
2026-03-22,2025,Eredivisie,Telstar,PSV Eindhoven,3 - 1,1 - 0,1,4,Evet
2026-04-04,2025,Eredivisie,PSV Eindhoven,Utrecht,4 - 3,1 - 2,1,7,Evet
2026-04-04,2025,Eredivisie,AZ Alkmaar,Fortuna Sittard,2 - 0,2 - 0,1,2,Yok
2026-04-04,2025,Eredivisie,Telstar,Groningen,0 - 2,0 - 1,2,2,Yok
2026-04-04,2025,Eredivisie,Ajax,Twente,1 - 2,1 - 1,2,3,Evet
2026-04-04,2025,Eredivisie,Excelsior,NEC Nijmegen,0 - 2,0 - 1,2,2,Yok
2026-04-05,2025,Eredivisie,GO Ahead Eagles,PEC Zwolle,5 - 0,3 - 0,1,5,Yok
2026-04-05,2025,Eredivisie,Heerenveen,Heracles,4 - 1,2 - 1,1,5,Evet
2026-04-05,2025,Eredivisie,FC Volendam,Feyenoord,0 - 0,0 - 0,X,0,Yok
2026-04-05,2025,Eredivisie,NAC Breda,Sparta Rotterdam,0 - 0,0 - 0,X,0,Yok
2026-04-10,2025,Eredivisie,Twente,FC Volendam,2 - 1,2 - 0,1,3,Evet
2026-04-11,2025,Eredivisie,Utrecht,Telstar,4 - 1,1 - 0,1,5,Evet
2026-04-11,2025,Eredivisie,Sparta Rotterdam,PSV Eindhoven,0 - 2,0 - 1,2,2,Yok
2026-04-11,2025,Eredivisie,Groningen,GO Ahead Eagles,0 - 0,0 - 0,X,0,Yok
2026-04-11,2025,Eredivisie,Heracles,Ajax,0 - 3,0 - 2,2,3,Yok
2026-04-12,2025,Eredivisie,Fortuna Sittard,NAC Breda,1 - 1,0 - 0,X,2,Evet
2026-04-12,2025,Eredivisie,PEC Zwolle,Excelsior,2 - 2,1 - 1,X,4,Evet
2026-04-12,2025,Eredivisie,NEC Nijmegen,Feyenoord,1 - 1,0 - 1,X,2,Evet
2026-04-12,2025,Eredivisie,AZ Alkmaar,Heerenveen,3 - 0,2 - 0,1,3,Yok
2026-04-22,2025,Eredivisie,Telstar,Sparta Rotterdam,4 - 1,1 - 1,1,5,Evet
2026-04-23,2025,Eredivisie,GO Ahead Eagles,AZ Alkmaar,0 - 0,0 - 0,X,0,Yok
2026-04-23,2025,Eredivisie,PSV Eindhoven,PEC Zwolle,6 - 1,1 - 0,1,7,Evet
2026-04-25,2025,Eredivisie,Feyenoord,Groningen,3 - 1,2 - 0,1,4,Evet
2026-04-25,2025,Eredivisie,Heerenveen,Fortuna Sittard,2 - 1,1 - 1,1,3,Evet
2026-04-25,2025,Eredivisie,NAC Breda,Ajax,0 - 2,0 - 2,2,2,Yok
2026-04-25,2025,Eredivisie,Twente,NEC Nijmegen,1 - 1,1 - 1,X,2,Evet
2026-04-26,2025,Eredivisie,Excelsior,Utrecht,5 - 0,2 - 0,1,5,Yok
2026-04-26,2025,Eredivisie,Heracles,FC Volendam,0 - 2,0 - 0,2,2,Yok
2026-05-02,2025,Eredivisie,Utrecht,NAC Breda,2 - 0,0 - 0,1,2,Yok
2026-05-02,2025,Eredivisie,Groningen,Excelsior,2 - 3,1 - 1,2,5,Evet
2026-05-02,2025,Eredivisie,Ajax,PSV Eindhoven,2 - 2,1 - 1,X,4,Evet
2026-05-02,2025,Eredivisie,NEC Nijmegen,Telstar,1 - 1,0 - 1,X,2,Evet
2026-05-03,2025,Eredivisie,FC Volendam,Heerenveen,0 - 2,0 - 1,2,2,Yok
2026-05-03,2025,Eredivisie,PEC Zwolle,Heracles,1 - 0,1 - 0,1,1,Yok
2026-05-03,2025,Eredivisie,Fortuna Sittard,Feyenoord,1 - 2,0 - 0,2,3,Evet
2026-05-03,2025,Eredivisie,AZ Alkmaar,Twente,2 - 2,1 - 1,X,4,Evet
2026-05-03,2025,Eredivisie,Sparta Rotterdam,GO Ahead Eagles,2 - 2,1 - 0,X,4,Evet
2026-05-10,2025,Eredivisie,Ajax,Utrecht,1 - 2,0 - 0,2,3,Evet
2026-05-10,2025,Eredivisie,Excelsior,FC Volendam,1 - 1,1 - 1,X,2,Evet
2026-05-10,2025,Eredivisie,Groningen,NEC Nijmegen,2 - 1,1 - 0,1,3,Evet
2026-05-10,2025,Eredivisie,Fortuna Sittard,PEC Zwolle,3 - 2,1 - 0,1,5,Evet
2026-05-10,2025,Eredivisie,Feyenoord,AZ Alkmaar,1 - 1,0 - 1,X,2,Evet
2026-05-10,2025,Eredivisie,GO Ahead Eagles,PSV Eindhoven,1 - 4,1 - 2,2,5,Evet
2026-05-10,2025,Eredivisie,Twente,Sparta Rotterdam,4 - 0,0 - 0,1,4,Yok
2026-05-10,2025,Eredivisie,Telstar,Heracles,3 - 0,0 - 0,1,3,Yok
2026-05-11,2025,Eredivisie,NAC Breda,Heerenveen,2 - 0,1 - 0,1,2,Yok
2026-05-17,2025,Eredivisie,PEC Zwolle,Feyenoord,0 - 2,0 - 0,2,2,Yok
2026-05-17,2025,Eredivisie,PSV Eindhoven,Twente,5 - 1,2 - 1,1,6,Evet
2026-05-17,2025,Eredivisie,AZ Alkmaar,NAC Breda,3 - 3,2 - 0,X,6,Evet
2026-05-17,2025,Eredivisie,Heracles,Groningen,1 - 2,1 - 1,2,3,Evet
2026-05-17,2025,Eredivisie,Utrecht,Fortuna Sittard,2 - 0,1 - 0,1,2,Yok
2026-05-17,2025,Eredivisie,Heerenveen,Ajax,0 - 0,0 - 0,X,0,Yok
2026-05-17,2025,Eredivisie,NEC Nijmegen,GO Ahead Eagles,2 - 1,2 - 0,1,3,Evet
2026-05-17,2025,Eredivisie,FC Volendam,Telstar,1 - 2,1 - 1,2,3,Evet
2026-05-17,2025,Eredivisie,Sparta Rotterdam,Excelsior,2 - 3,0 - 1,2,5,Evet
2026-05-21,2025,Eredivisie,Ajax,Groningen,2 - 0,1 - 0,1,2,Yok
2026-05-21,2025,Eredivisie,Utrecht,Heerenveen,3 - 2,0 - 0,1,5,Evet
2026-05-24,2025,Eredivisie,Ajax,Utrecht,1 - 1,0 - 0,X,2,Evet
2024-08-09,2024,Eredivisie,Groningen,NAC Breda,4 - 1,3 - 0,1,5,Evet
2024-08-10,2024,Eredivisie,Feyenoord,Willem II,1 - 1,1 - 0,X,2,Evet
2024-08-10,2024,Eredivisie,NEC Nijmegen,Twente,1 - 2,1 - 1,2,3,Evet
2024-08-10,2024,Eredivisie,Almere City FC,AZ Alkmaar,0 - 1,0 - 1,2,1,Yok
2024-08-10,2024,Eredivisie,PSV Eindhoven,Waalwijk,5 - 1,3 - 0,1,6,Evet
2024-08-11,2024,Eredivisie,Sparta Rotterdam,Heracles,0 - 0,0 - 0,X,0,Yok
2024-08-11,2024,Eredivisie,Utrecht,PEC Zwolle,1 - 0,1 - 0,1,1,Yok
2024-08-11,2024,Eredivisie,GO Ahead Eagles,Fortuna Sittard,0 - 2,0 - 0,2,2,Yok
2024-08-11,2024,Eredivisie,Ajax,Heerenveen,1 - 0,1 - 0,1,1,Yok
2024-08-16,2024,Eredivisie,Fortuna Sittard,Almere City FC,3 - 0,1 - 0,1,3,Yok
2024-08-17,2024,Eredivisie,Heerenveen,Utrecht,1 - 1,0 - 1,X,2,Evet
2024-08-17,2024,Eredivisie,Twente,Sparta Rotterdam,1 - 1,0 - 0,X,2,Evet
2024-08-17,2024,Eredivisie,AZ Alkmaar,NEC Nijmegen,1 - 0,1 - 0,1,1,Yok
2024-08-17,2024,Eredivisie,Waalwijk,Groningen,1 - 2,0 - 1,2,3,Evet
2024-08-18,2024,Eredivisie,Heracles,PSV Eindhoven,1 - 3,1 - 0,2,4,Evet
2024-08-18,2024,Eredivisie,PEC Zwolle,Feyenoord,1 - 5,0 - 1,2,6,Evet
2024-08-18,2024,Eredivisie,Willem II,GO Ahead Eagles,2 - 0,2 - 0,1,2,Yok
2024-08-18,2024,Eredivisie,NAC Breda,Ajax,2 - 1,0 - 0,1,3,Evet
2024-08-24,2024,Eredivisie,NEC Nijmegen,PEC Zwolle,1 - 0,0 - 0,1,1,Yok
2024-08-24,2024,Eredivisie,Almere City FC,PSV Eindhoven,1 - 7,0 - 2,2,8,Evet
2024-08-24,2024,Eredivisie,NAC Breda,Utrecht,1 - 2,1 - 0,2,3,Evet
2024-08-25,2024,Eredivisie,Groningen,AZ Alkmaar,0 - 0,0 - 0,X,0,Yok
2024-08-25,2024,Eredivisie,Heracles,Willem II,1 - 1,1 - 1,X,2,Evet
2024-08-25,2024,Eredivisie,Sparta Rotterdam,Feyenoord,1 - 1,1 - 0,X,2,Evet
2024-08-25,2024,Eredivisie,GO Ahead Eagles,Waalwijk,2 - 0,1 - 0,1,2,Yok
2024-08-30,2024,Eredivisie,Waalwijk,AZ Alkmaar,0 - 3,0 - 2,2,3,Yok
2024-08-31,2024,Eredivisie,Almere City FC,Groningen,1 - 1,1 - 0,X,2,Evet
2024-08-31,2024,Eredivisie,Fortuna Sittard,NEC Nijmegen,0 - 3,0 - 2,2,3,Yok
2024-08-31,2024,Eredivisie,Heerenveen,NAC Breda,4 - 0,0 - 0,1,4,Yok
2024-08-31,2024,Eredivisie,Willem II,Sparta Rotterdam,1 - 2,0 - 0,2,3,Evet
2024-09-01,2024,Eredivisie,Utrecht,Twente,2 - 1,1 - 1,1,3,Evet
2024-09-01,2024,Eredivisie,PEC Zwolle,Heracles,3 - 0,1 - 0,1,3,Yok
2024-09-01,2024,Eredivisie,PSV Eindhoven,GO Ahead Eagles,3 - 0,2 - 0,1,3,Yok
2024-09-14,2024,Eredivisie,PSV Eindhoven,NEC Nijmegen,2 - 0,2 - 0,1,2,Yok
2024-09-14,2024,Eredivisie,Twente,PEC Zwolle,1 - 1,0 - 1,X,2,Evet
2024-09-14,2024,Eredivisie,Groningen,Feyenoord,2 - 2,0 - 1,X,4,Evet
2024-09-14,2024,Eredivisie,NAC Breda,Fortuna Sittard,1 - 0,0 - 0,1,1,Yok
2024-09-14,2024,Eredivisie,AZ Alkmaar,Heerenveen,9 - 1,2 - 1,1,10,Evet
2024-09-15,2024,Eredivisie,Sparta Rotterdam,GO Ahead Eagles,1 - 2,0 - 1,2,3,Evet
2024-09-15,2024,Eredivisie,Willem II,Waalwijk,3 - 0,2 - 0,1,3,Yok
2024-09-15,2024,Eredivisie,Heracles,Almere City FC,0 - 0,0 - 0,X,0,Yok
2024-09-17,2024,Eredivisie,Twente,Heerenveen,2 - 0,2 - 0,1,2,Yok
2024-09-18,2024,Eredivisie,Ajax,Fortuna Sittard,5 - 0,2 - 0,1,5,Yok
2024-09-20,2024,Eredivisie,PEC Zwolle,AZ Alkmaar,1 - 2,0 - 1,2,3,Evet
2024-09-21,2024,Eredivisie,Utrecht,Willem II,3 - 2,2 - 2,1,5,Evet
2024-09-21,2024,Eredivisie,Waalwijk,Sparta Rotterdam,1 - 2,0 - 1,2,3,Evet
2024-09-21,2024,Eredivisie,GO Ahead Eagles,Ajax,1 - 1,0 - 0,X,2,Evet
2024-09-21,2024,Eredivisie,NEC Nijmegen,Heracles,1 - 2,1 - 2,2,3,Evet
2024-09-22,2024,Eredivisie,Heerenveen,Groningen,2 - 1,1 - 1,1,3,Evet
2024-09-22,2024,Eredivisie,Feyenoord,NAC Breda,2 - 0,1 - 0,1,2,Yok
2024-09-22,2024,Eredivisie,Almere City FC,Twente,0 - 5,0 - 2,2,5,Yok
2024-09-22,2024,Eredivisie,Fortuna Sittard,PSV Eindhoven,1 - 3,1 - 1,2,4,Evet
2024-09-27,2024,Eredivisie,Heracles,Heerenveen,2 - 1,1 - 0,1,3,Evet
2024-09-28,2024,Eredivisie,Willem II,PSV Eindhoven,0 - 2,0 - 0,2,2,Yok
2024-09-28,2024,Eredivisie,NEC Nijmegen,Feyenoord,1 - 1,1 - 0,X,2,Evet
2024-09-28,2024,Eredivisie,Sparta Rotterdam,Fortuna Sittard,1 - 1,1 - 1,X,2,Evet
2024-09-29,2024,Eredivisie,PEC Zwolle,Almere City FC,1 - 0,0 - 0,1,1,Yok
2024-09-29,2024,Eredivisie,Groningen,GO Ahead Eagles,0 - 1,0 - 0,2,1,Yok
2024-09-29,2024,Eredivisie,Twente,NAC Breda,1 - 0,0 - 0,1,1,Yok
2024-09-29,2024,Eredivisie,Waalwijk,Ajax,0 - 2,0 - 0,2,2,Yok
2024-09-29,2024,Eredivisie,AZ Alkmaar,Utrecht,1 - 2,1 - 1,2,3,Evet
2024-10-04,2024,Eredivisie,Almere City FC,Willem II,0 - 1,0 - 0,2,1,Yok
2024-10-05,2024,Eredivisie,NAC Breda,NEC Nijmegen,1 - 0,0 - 0,1,1,Yok
2024-10-05,2024,Eredivisie,PSV Eindhoven,Sparta Rotterdam,2 - 1,2 - 1,1,3,Evet
2024-10-05,2024,Eredivisie,Utrecht,Waalwijk,3 - 2,1 - 1,1,5,Evet
2024-10-06,2024,Eredivisie,GO Ahead Eagles,Heracles,4 - 1,0 - 1,1,5,Evet
2024-10-06,2024,Eredivisie,Feyenoord,Twente,2 - 1,2 - 0,1,3,Evet
2024-10-06,2024,Eredivisie,Heerenveen,PEC Zwolle,1 - 1,1 - 1,X,2,Evet
2024-10-06,2024,Eredivisie,Ajax,Groningen,3 - 1,1 - 0,1,4,Evet
2024-10-06,2024,Eredivisie,Fortuna Sittard,AZ Alkmaar,1 - 0,0 - 0,1,1,Yok
2024-10-19,2024,Eredivisie,Sparta Rotterdam,Almere City FC,2 - 2,0 - 2,X,4,Evet
2024-10-19,2024,Eredivisie,AZ Alkmaar,PSV Eindhoven,1 - 2,0 - 2,2,3,Evet
2024-10-19,2024,Eredivisie,NEC Nijmegen,Heerenveen,3 - 0,1 - 0,1,3,Yok
2024-10-19,2024,Eredivisie,Waalwijk,Twente,2 - 2,1 - 1,X,4,Evet
2024-10-19,2024,Eredivisie,GO Ahead Eagles,Feyenoord,1 - 5,0 - 3,2,6,Evet
2024-10-20,2024,Eredivisie,Willem II,Fortuna Sittard,0 - 0,0 - 0,X,0,Yok
2024-10-20,2024,Eredivisie,Groningen,Utrecht,0 - 1,0 - 1,2,1,Yok
2024-10-20,2024,Eredivisie,Heracles,Ajax,3 - 4,2 - 2,2,7,Evet
2024-10-20,2024,Eredivisie,PEC Zwolle,NAC Breda,1 - 2,0 - 0,2,3,Evet
2024-10-25,2024,Eredivisie,Almere City FC,NEC Nijmegen,1 - 0,0 - 0,1,1,Yok
2024-10-26,2024,Eredivisie,Fortuna Sittard,Groningen,1 - 0,0 - 0,1,1,Yok
2024-10-26,2024,Eredivisie,PSV Eindhoven,PEC Zwolle,6 - 0,2 - 0,1,6,Yok
2024-10-26,2024,Eredivisie,NAC Breda,Waalwijk,4 - 1,2 - 1,1,5,Evet
2024-10-26,2024,Eredivisie,Heerenveen,Sparta Rotterdam,2 - 0,1 - 0,1,2,Yok
2024-10-27,2024,Eredivisie,Utrecht,Feyenoord,0 - 2,0 - 1,2,2,Yok
2024-10-27,2024,Eredivisie,Twente,Heracles,5 - 0,2 - 0,1,5,Yok
2024-10-27,2024,Eredivisie,Ajax,Willem II,1 - 0,1 - 0,1,1,Yok
2024-10-27,2024,Eredivisie,AZ Alkmaar,GO Ahead Eagles,2 - 2,1 - 0,X,4,Evet
2024-10-30,2024,Eredivisie,Feyenoord,Ajax,0 - 2,0 - 2,2,2,Yok
2024-11-02,2024,Eredivisie,Willem II,Twente,0 - 1,0 - 0,2,1,Yok
2024-11-02,2024,Eredivisie,Ajax,PSV Eindhoven,3 - 2,1 - 1,1,5,Evet
2024-11-02,2024,Eredivisie,Heracles,NAC Breda,2 - 0,1 - 0,1,2,Yok
2024-11-02,2024,Eredivisie,Fortuna Sittard,Heerenveen,3 - 0,1 - 0,1,3,Yok
2024-11-02,2024,Eredivisie,Feyenoord,AZ Alkmaar,3 - 2,0 - 1,1,5,Evet
2024-11-03,2024,Eredivisie,GO Ahead Eagles,PEC Zwolle,2 - 2,0 - 2,X,4,Evet
2024-11-03,2024,Eredivisie,NEC Nijmegen,Groningen,6 - 0,3 - 0,1,6,Yok
2024-11-03,2024,Eredivisie,Sparta Rotterdam,Utrecht,1 - 4,0 - 1,2,5,Evet
2024-11-03,2024,Eredivisie,Waalwijk,Almere City FC,2 - 0,1 - 0,1,2,Yok
2024-11-08,2024,Eredivisie,Utrecht,Heracles,1 - 0,0 - 0,1,1,Yok
2024-11-09,2024,Eredivisie,Groningen,Sparta Rotterdam,1 - 0,1 - 0,1,1,Yok
2024-11-09,2024,Eredivisie,PEC Zwolle,Fortuna Sittard,3 - 1,0 - 1,1,4,Evet
2024-11-09,2024,Eredivisie,NAC Breda,PSV Eindhoven,0 - 3,0 - 2,2,3,Yok
2024-11-09,2024,Eredivisie,Waalwijk,NEC Nijmegen,0 - 3,0 - 0,2,3,Yok
2024-11-10,2024,Eredivisie,Almere City FC,Feyenoord,1 - 4,1 - 2,2,5,Evet
2024-11-10,2024,Eredivisie,Heerenveen,GO Ahead Eagles,1 - 0,1 - 0,1,1,Yok
2024-11-10,2024,Eredivisie,Twente,Ajax,2 - 2,1 - 0,X,4,Evet
2024-11-10,2024,Eredivisie,AZ Alkmaar,Willem II,1 - 2,0 - 2,2,3,Evet
2024-11-23,2024,Eredivisie,GO Ahead Eagles,Almere City FC,3 - 0,2 - 0,1,3,Yok
2024-11-23,2024,Eredivisie,Heracles,Waalwijk,2 - 2,1 - 0,X,4,Evet
2024-11-23,2024,Eredivisie,Feyenoord,Heerenveen,3 - 0,2 - 0,1,3,Yok
2024-11-23,2024,Eredivisie,PSV Eindhoven,Groningen,5 - 0,2 - 0,1,5,Yok
2024-11-23,2024,Eredivisie,Fortuna Sittard,Twente,1 - 2,0 - 1,2,3,Evet
2024-11-24,2024,Eredivisie,NEC Nijmegen,Utrecht,1 - 2,0 - 1,2,3,Evet
2024-11-24,2024,Eredivisie,Willem II,NAC Breda,2 - 2,0 - 1,X,4,Evet
2024-11-24,2024,Eredivisie,Sparta Rotterdam,AZ Alkmaar,1 - 2,1 - 1,2,3,Evet
2024-11-24,2024,Eredivisie,Ajax,PEC Zwolle,2 - 0,1 - 0,1,2,Yok
2024-11-29,2024,Eredivisie,Heerenveen,Waalwijk,1 - 1,1 - 0,X,2,Evet
2024-11-30,2024,Eredivisie,NAC Breda,Almere City FC,1 - 0,1 - 0,1,1,Yok
2024-11-30,2024,Eredivisie,Groningen,Willem II,2 - 0,1 - 0,1,2,Yok
2024-11-30,2024,Eredivisie,Feyenoord,Fortuna Sittard,1 - 1,0 - 1,X,2,Evet
2024-11-30,2024,Eredivisie,PEC Zwolle,Sparta Rotterdam,1 - 0,0 - 0,1,1,Yok
2024-12-01,2024,Eredivisie,Utrecht,PSV Eindhoven,2 - 5,1 - 1,2,7,Evet
2024-12-01,2024,Eredivisie,AZ Alkmaar,Heracles,1 - 0,0 - 0,1,1,Yok
2024-12-01,2024,Eredivisie,Twente,GO Ahead Eagles,3 - 2,1 - 2,1,5,Evet
2024-12-01,2024,Eredivisie,NEC Nijmegen,Ajax,1 - 2,1 - 1,2,3,Evet
2024-12-04,2024,Eredivisie,Ajax,Utrecht,2 - 2,2 - 1,X,4,Evet
2024-12-06,2024,Eredivisie,PSV Eindhoven,Twente,6 - 1,3 - 1,1,7,Evet
2024-12-07,2024,Eredivisie,GO Ahead Eagles,NEC Nijmegen,5 - 0,4 - 0,1,5,Yok
2024-12-07,2024,Eredivisie,Sparta Rotterdam,NAC Breda,0 - 2,0 - 1,2,2,Yok
2024-12-07,2024,Eredivisie,Waalwijk,Feyenoord,2 - 3,1 - 1,2,5,Evet
2024-12-07,2024,Eredivisie,Heracles,Fortuna Sittard,2 - 2,1 - 2,X,4,Evet
2024-12-08,2024,Eredivisie,Groningen,PEC Zwolle,0 - 0,0 - 0,X,0,Yok
2024-12-08,2024,Eredivisie,Willem II,Heerenveen,1 - 2,0 - 0,2,3,Evet
2024-12-08,2024,Eredivisie,AZ Alkmaar,Ajax,2 - 1,0 - 0,1,3,Evet
2024-12-08,2024,Eredivisie,Almere City FC,Utrecht,1 - 3,0 - 2,2,4,Evet
2024-12-13,2024,Eredivisie,PEC Zwolle,Willem II,0 - 1,0 - 1,2,1,Yok
2024-12-14,2024,Eredivisie,Heerenveen,PSV Eindhoven,1 - 0,0 - 0,1,1,Yok
2024-12-14,2024,Eredivisie,Fortuna Sittard,Waalwijk,3 - 2,3 - 1,1,5,Evet
2024-12-14,2024,Eredivisie,Feyenoord,Heracles,5 - 2,3 - 1,1,7,Evet
2024-12-15,2024,Eredivisie,Utrecht,GO Ahead Eagles,3 - 3,1 - 1,X,6,Evet
2024-12-15,2024,Eredivisie,NEC Nijmegen,Sparta Rotterdam,1 - 1,0 - 0,X,2,Evet
2024-12-15,2024,Eredivisie,Twente,Groningen,2 - 0,1 - 0,1,2,Yok
2024-12-15,2024,Eredivisie,Ajax,Almere City FC,3 - 0,2 - 0,1,3,Yok
2024-12-15,2024,Eredivisie,NAC Breda,AZ Alkmaar,1 - 2,1 - 0,2,3,Evet
2024-12-20,2024,Eredivisie,Waalwijk,PEC Zwolle,1 - 1,1 - 1,X,2,Evet
2024-12-21,2024,Eredivisie,GO Ahead Eagles,NAC Breda,2 - 1,0 - 1,1,3,Evet
2024-12-21,2024,Eredivisie,Almere City FC,Heerenveen,3 - 0,0 - 0,1,3,Yok
2024-12-21,2024,Eredivisie,AZ Alkmaar,Twente,1 - 0,0 - 0,1,1,Yok
2024-12-22,2024,Eredivisie,Sparta Rotterdam,Ajax,0 - 2,0 - 0,2,2,Yok
2024-12-22,2024,Eredivisie,PSV Eindhoven,Feyenoord,3 - 0,2 - 0,1,3,Yok
2024-12-22,2024,Eredivisie,Utrecht,Fortuna Sittard,2 - 5,1 - 0,2,7,Evet
2024-12-22,2024,Eredivisie,Willem II,NEC Nijmegen,4 - 1,2 - 1,1,5,Evet
2025-01-10,2024,Eredivisie,Fortuna Sittard,GO Ahead Eagles,0 - 3,0 - 1,2,3,Yok
2025-01-11,2024,Eredivisie,Heracles,Sparta Rotterdam,1 - 1,0 - 0,X,2,Evet
2025-01-11,2024,Eredivisie,Ajax,Waalwijk,2 - 1,2 - 0,1,3,Evet
2025-01-11,2024,Eredivisie,PEC Zwolle,NEC Nijmegen,0 - 1,0 - 1,2,1,Yok
2025-01-11,2024,Eredivisie,PSV Eindhoven,AZ Alkmaar,2 - 2,0 - 1,X,4,Evet
2025-01-12,2024,Eredivisie,Twente,Willem II,6 - 2,2 - 2,1,8,Evet
2025-01-12,2024,Eredivisie,Groningen,Almere City FC,0 - 0,0 - 0,X,0,Yok
2025-01-12,2024,Eredivisie,Feyenoord,Utrecht,1 - 2,0 - 0,2,3,Evet
2025-01-12,2024,Eredivisie,NAC Breda,Heerenveen,2 - 4,1 - 3,2,6,Evet
2025-01-18,2024,Eredivisie,PEC Zwolle,PSV Eindhoven,3 - 1,2 - 1,1,4,Evet
2025-01-18,2024,Eredivisie,Utrecht,AZ Alkmaar,0 - 0,0 - 0,X,0,Yok
2025-01-18,2024,Eredivisie,Willem II,Feyenoord,1 - 1,0 - 1,X,2,Evet
2025-01-18,2024,Eredivisie,GO Ahead Eagles,Groningen,2 - 1,1 - 1,1,3,Evet
2025-01-19,2024,Eredivisie,NAC Breda,Twente,2 - 1,2 - 0,1,3,Evet
2025-01-19,2024,Eredivisie,Heerenveen,Ajax,0 - 2,0 - 1,2,2,Yok
2025-01-19,2024,Eredivisie,Almere City FC,Heracles,0 - 2,0 - 1,2,2,Yok
2025-01-19,2024,Eredivisie,NEC Nijmegen,Fortuna Sittard,4 - 1,1 - 1,1,5,Evet
2025-01-19,2024,Eredivisie,Sparta Rotterdam,Waalwijk,1 - 1,1 - 1,X,2,Evet
2025-01-24,2024,Eredivisie,Heracles,Utrecht,1 - 1,0 - 0,X,2,Evet
2025-01-25,2024,Eredivisie,PSV Eindhoven,NAC Breda,3 - 2,2 - 1,1,5,Evet
2025-01-25,2024,Eredivisie,Groningen,Heerenveen,1 - 0,0 - 0,1,1,Yok
2025-01-26,2024,Eredivisie,Fortuna Sittard,PEC Zwolle,1 - 4,0 - 2,2,5,Evet
2025-01-26,2024,Eredivisie,Waalwijk,Willem II,2 - 0,1 - 0,1,2,Yok
2025-01-26,2024,Eredivisie,AZ Alkmaar,Sparta Rotterdam,1 - 2,0 - 0,2,3,Evet
2025-01-28,2024,Eredivisie,Heracles,Groningen,1 - 1,1 - 0,X,2,Evet
2025-01-31,2024,Eredivisie,NAC Breda,Heracles,1 - 1,1 - 0,X,2,Evet
2025-02-01,2024,Eredivisie,PEC Zwolle,Utrecht,3 - 3,2 - 0,X,6,Evet
2025-02-01,2024,Eredivisie,Heerenveen,Fortuna Sittard,2 - 2,1 - 1,X,4,Evet
2025-02-01,2024,Eredivisie,NEC Nijmegen,PSV Eindhoven,3 - 3,0 - 0,X,6,Evet
2025-02-02,2024,Eredivisie,Almere City FC,Waalwijk,1 - 4,1 - 0,2,5,Evet
2025-02-02,2024,Eredivisie,Ajax,Feyenoord,2 - 1,1 - 0,1,3,Evet
2025-02-02,2024,Eredivisie,GO Ahead Eagles,Twente,2 - 2,1 - 0,X,4,Evet
2025-02-02,2024,Eredivisie,Sparta Rotterdam,Groningen,1 - 0,0 - 0,1,1,Yok
2025-02-02,2024,Eredivisie,Willem II,AZ Alkmaar,0 - 2,0 - 2,2,2,Yok
2025-02-08,2024,Eredivisie,Heracles,GO Ahead Eagles,4 - 2,1 - 1,1,6,Evet
2025-02-08,2024,Eredivisie,PSV Eindhoven,Willem II,1 - 1,0 - 0,X,2,Evet
2025-02-08,2024,Eredivisie,Groningen,NEC Nijmegen,2 - 1,2 - 0,1,3,Evet
2025-02-08,2024,Eredivisie,Feyenoord,Sparta Rotterdam,3 - 0,1 - 0,1,3,Yok
2025-02-09,2024,Eredivisie,Utrecht,Almere City FC,0 - 1,0 - 1,2,1,Yok
2025-02-09,2024,Eredivisie,Fortuna Sittard,Ajax,0 - 2,0 - 0,2,2,Yok
2025-02-09,2024,Eredivisie,Waalwijk,NAC Breda,5 - 0,3 - 0,1,5,Yok
2025-02-09,2024,Eredivisie,AZ Alkmaar,PEC Zwolle,2 - 0,1 - 0,1,2,Yok
2025-02-09,2024,Eredivisie,Heerenveen,Twente,3 - 3,1 - 2,X,6,Evet
2025-02-14,2024,Eredivisie,GO Ahead Eagles,Sparta Rotterdam,1 - 0,1 - 0,1,1,Yok
2025-02-15,2024,Eredivisie,PSV Eindhoven,Utrecht,2 - 2,1 - 1,X,4,Evet
2025-02-15,2024,Eredivisie,NAC Breda,Feyenoord,0 - 0,0 - 0,X,0,Yok
2025-02-15,2024,Eredivisie,Willem II,Groningen,1 - 3,0 - 3,2,4,Evet
2025-02-16,2024,Eredivisie,NEC Nijmegen,Almere City FC,2 - 2,1 - 1,X,4,Evet
2025-02-16,2024,Eredivisie,PEC Zwolle,Heerenveen,1 - 1,1 - 0,X,2,Evet
2025-02-16,2024,Eredivisie,Twente,Waalwijk,2 - 0,1 - 0,1,2,Yok
2025-02-16,2024,Eredivisie,Ajax,Heracles,4 - 0,2 - 0,1,4,Yok
2025-02-22,2024,Eredivisie,Feyenoord,Almere City FC,2 - 1,1 - 1,1,3,Evet
2025-02-23,2024,Eredivisie,Ajax,GO Ahead Eagles,2 - 0,0 - 0,1,2,Yok
2025-02-23,2024,Eredivisie,Twente,NEC Nijmegen,2 - 0,1 - 0,1,2,Yok
2025-02-23,2024,Eredivisie,AZ Alkmaar,Fortuna Sittard,1 - 0,0 - 0,1,1,Yok
2025-02-28,2024,Eredivisie,Waalwijk,Fortuna Sittard,1 - 2,0 - 1,2,3,Evet
2025-03-01,2024,Eredivisie,Utrecht,NAC Breda,1 - 0,0 - 0,1,1,Yok
2025-03-01,2024,Eredivisie,GO Ahead Eagles,PSV Eindhoven,3 - 2,1 - 2,1,5,Evet
2025-03-01,2024,Eredivisie,Groningen,Twente,1 - 1,1 - 1,X,2,Evet
2025-03-01,2024,Eredivisie,Feyenoord,NEC Nijmegen,0 - 0,0 - 0,X,0,Yok
2025-03-02,2024,Eredivisie,Heerenveen,AZ Alkmaar,3 - 1,1 - 0,1,4,Evet
2025-03-02,2024,Eredivisie,Heracles,PEC Zwolle,4 - 2,2 - 2,1,6,Evet
2025-03-02,2024,Eredivisie,Almere City FC,Ajax,0 - 1,0 - 1,2,1,Yok
2025-03-02,2024,Eredivisie,Sparta Rotterdam,Willem II,4 - 0,1 - 0,1,4,Yok
2025-03-07,2024,Eredivisie,NAC Breda,Sparta Rotterdam,1 - 1,0 - 1,X,2,Evet
2025-03-08,2024,Eredivisie,Fortuna Sittard,Heracles,1 - 0,0 - 0,1,1,Yok
2025-03-08,2024,Eredivisie,PSV Eindhoven,Heerenveen,2 - 1,1 - 0,1,3,Evet
2025-03-09,2024,Eredivisie,Willem II,Utrecht,2 - 3,1 - 0,2,5,Evet
2025-03-09,2024,Eredivisie,PEC Zwolle,Ajax,0 - 1,0 - 0,2,1,Yok
2025-03-09,2024,Eredivisie,NEC Nijmegen,GO Ahead Eagles,2 - 3,0 - 1,2,5,Evet
2025-03-09,2024,Eredivisie,Twente,Almere City FC,1 - 0,1 - 0,1,1,Yok
2025-03-14,2024,Eredivisie,Almere City FC,NAC Breda,1 - 1,1 - 1,X,2,Evet
2025-03-15,2024,Eredivisie,Utrecht,NEC Nijmegen,0 - 1,0 - 0,2,1,Yok
2025-03-15,2024,Eredivisie,Sparta Rotterdam,PEC Zwolle,1 - 1,0 - 0,X,2,Evet
2025-03-15,2024,Eredivisie,Waalwijk,PSV Eindhoven,0 - 3,0 - 2,2,3,Yok
2025-03-15,2024,Eredivisie,Heerenveen,Heracles,1 - 1,1 - 1,X,2,Evet
2025-03-16,2024,Eredivisie,GO Ahead Eagles,Willem II,1 - 0,0 - 0,1,1,Yok
2025-03-16,2024,Eredivisie,Groningen,Fortuna Sittard,1 - 0,0 - 0,1,1,Yok
2025-03-16,2024,Eredivisie,Twente,Feyenoord,2 - 6,1 - 3,2,8,Evet
2025-03-16,2024,Eredivisie,Ajax,AZ Alkmaar,2 - 2,0 - 0,X,4,Evet
2025-03-29,2024,Eredivisie,NAC Breda,Groningen,1 - 1,0 - 0,X,2,Evet
2025-03-29,2024,Eredivisie,Willem II,Almere City FC,0 - 2,0 - 1,2,2,Yok
2025-03-29,2024,Eredivisie,Fortuna Sittard,Sparta Rotterdam,0 - 3,0 - 2,2,3,Yok
2025-03-29,2024,Eredivisie,PEC Zwolle,Waalwijk,2 - 0,0 - 0,1,2,Yok
2025-03-29,2024,Eredivisie,NEC Nijmegen,AZ Alkmaar,3 - 3,1 - 2,X,6,Evet
2025-03-30,2024,Eredivisie,Utrecht,Heerenveen,2 - 0,1 - 0,1,2,Yok
2025-03-30,2024,Eredivisie,PSV Eindhoven,Ajax,0 - 2,0 - 1,2,2,Yok
2025-03-30,2024,Eredivisie,Heracles,Twente,2 - 1,1 - 0,1,3,Evet
2025-03-30,2024,Eredivisie,Feyenoord,GO Ahead Eagles,3 - 2,1 - 1,1,5,Evet
2025-04-01,2024,Eredivisie,AZ Alkmaar,Waalwijk,2 - 2,1 - 0,X,4,Evet
2025-04-02,2024,Eredivisie,Feyenoord,Groningen,4 - 1,2 - 1,1,5,Evet
2025-04-04,2024,Eredivisie,Heerenveen,Willem II,3 - 1,2 - 0,1,4,Evet
2025-04-05,2024,Eredivisie,AZ Alkmaar,Feyenoord,0 - 1,0 - 1,2,1,Yok
2025-04-05,2024,Eredivisie,Twente,Fortuna Sittard,1 - 1,1 - 0,X,2,Evet
2025-04-05,2024,Eredivisie,Groningen,PSV Eindhoven,1 - 3,1 - 2,2,4,Evet
2025-04-05,2024,Eredivisie,Almere City FC,PEC Zwolle,2 - 2,0 - 2,X,4,Evet
2025-04-06,2024,Eredivisie,Waalwijk,Heracles,0 - 0,0 - 0,X,0,Yok
2025-04-06,2024,Eredivisie,GO Ahead Eagles,Utrecht,2 - 2,2 - 2,X,4,Evet
2025-04-06,2024,Eredivisie,Sparta Rotterdam,NEC Nijmegen,2 - 0,1 - 0,1,2,Yok
2025-04-06,2024,Eredivisie,Ajax,NAC Breda,3 - 1,2 - 1,1,4,Evet
2025-04-11,2024,Eredivisie,NEC Nijmegen,Waalwijk,2 - 1,0 - 0,1,3,Evet
2025-04-12,2024,Eredivisie,Fortuna Sittard,Feyenoord,0 - 2,0 - 0,2,2,Yok
2025-04-12,2024,Eredivisie,Sparta Rotterdam,Heerenveen,3 - 1,1 - 0,1,4,Evet
2025-04-12,2024,Eredivisie,PSV Eindhoven,Almere City FC,5 - 0,4 - 0,1,5,Yok
2025-04-12,2024,Eredivisie,NAC Breda,GO Ahead Eagles,1 - 1,0 - 1,X,2,Evet
2025-04-13,2024,Eredivisie,Utrecht,Groningen,3 - 1,3 - 1,1,4,Evet
2025-04-13,2024,Eredivisie,PEC Zwolle,Twente,1 - 1,0 - 0,X,2,Evet
2025-04-13,2024,Eredivisie,Heracles,AZ Alkmaar,1 - 0,0 - 0,1,1,Yok
2025-04-13,2024,Eredivisie,Willem II,Ajax,1 - 2,1 - 0,2,3,Evet
2025-04-19,2024,Eredivisie,Heerenveen,Almere City FC,2 - 1,2 - 1,1,3,Evet
2025-04-20,2024,Eredivisie,Utrecht,Ajax,4 - 0,1 - 0,1,4,Yok
2025-04-23,2024,Eredivisie,Groningen,Heracles,4 - 1,2 - 1,1,5,Evet
2025-04-24,2024,Eredivisie,AZ Alkmaar,NAC Breda,1 - 1,0 - 0,X,2,Evet
2025-04-24,2024,Eredivisie,Twente,PSV Eindhoven,1 - 3,1 - 1,2,4,Evet
2025-04-25,2024,Eredivisie,Waalwijk,Utrecht,0 - 4,0 - 3,2,4,Yok
2025-04-25,2024,Eredivisie,Feyenoord,PEC Zwolle,4 - 0,3 - 0,1,4,Yok
2025-04-27,2024,Eredivisie,Fortuna Sittard,Willem II,1 - 0,0 - 0,1,1,Yok
2025-04-27,2024,Eredivisie,Ajax,Sparta Rotterdam,1 - 1,0 - 0,X,2,Evet
2025-04-27,2024,Eredivisie,Heerenveen,NEC Nijmegen,1 - 0,0 - 0,1,1,Yok
2025-04-27,2024,Eredivisie,Almere City FC,GO Ahead Eagles,0 - 0,0 - 0,X,0,Yok
2025-05-03,2024,Eredivisie,NEC Nijmegen,Willem II,1 - 1,0 - 1,X,2,Evet
2025-05-03,2024,Eredivisie,Heracles,Feyenoord,1 - 4,0 - 3,2,5,Evet
2025-05-03,2024,Eredivisie,Groningen,Waalwijk,6 - 1,2 - 0,1,7,Evet
2025-05-03,2024,Eredivisie,PSV Eindhoven,Fortuna Sittard,4 - 1,2 - 0,1,5,Evet
2025-05-04,2024,Eredivisie,NAC Breda,PEC Zwolle,1 - 3,0 - 0,2,4,Evet
2025-05-04,2024,Eredivisie,GO Ahead Eagles,AZ Alkmaar,0 - 3,0 - 2,2,3,Yok
2025-05-04,2024,Eredivisie,Sparta Rotterdam,Twente,0 - 2,0 - 2,2,2,Yok
2025-05-09,2024,Eredivisie,Willem II,Heracles,1 - 2,0 - 1,2,3,Evet
2025-05-10,2024,Eredivisie,Waalwijk,Heerenveen,3 - 1,1 - 1,1,4,Evet
2025-05-10,2024,Eredivisie,Fortuna Sittard,NAC Breda,1 - 0,1 - 0,1,1,Yok
2025-05-10,2024,Eredivisie,Almere City FC,Sparta Rotterdam,0 - 3,0 - 0,2,3,Yok
2025-05-11,2024,Eredivisie,PEC Zwolle,GO Ahead Eagles,1 - 1,0 - 0,X,2,Evet
2025-05-11,2024,Eredivisie,Feyenoord,PSV Eindhoven,2 - 3,2 - 0,2,5,Evet
2025-05-11,2024,Eredivisie,Twente,Utrecht,2 - 0,1 - 0,1,2,Yok
2025-05-11,2024,Eredivisie,Ajax,NEC Nijmegen,0 - 3,0 - 0,2,3,Yok
2025-05-11,2024,Eredivisie,AZ Alkmaar,Groningen,3 - 0,2 - 0,1,3,Yok
2025-05-12,2024,Eredivisie,Den Bosch,Cambuur,1 - 0,1 - 0,1,1,Yok
2025-05-13,2024,Eredivisie,Telstar,ADO Den Haag,2 - 0,2 - 0,1,2,Yok
2025-05-13,2024,Eredivisie,De Graafschap,Dordrecht,0 - 0,0 - 0,X,0,Yok
2025-05-14,2024,Eredivisie,Willem II,PEC Zwolle,1 - 2,0 - 1,2,3,Evet
2025-05-14,2024,Eredivisie,PSV Eindhoven,Heracles,4 - 1,4 - 0,1,5,Evet
2025-05-14,2024,Eredivisie,Groningen,Ajax,2 - 2,0 - 1,X,4,Evet
2025-05-14,2024,Eredivisie,Utrecht,Sparta Rotterdam,1 - 1,1 - 1,X,2,Evet
2025-05-14,2024,Eredivisie,Feyenoord,Waalwijk,2 - 0,1 - 0,1,2,Yok
2025-05-14,2024,Eredivisie,GO Ahead Eagles,Heerenveen,1 - 0,0 - 0,1,1,Yok
2025-05-14,2024,Eredivisie,NEC Nijmegen,NAC Breda,3 - 0,1 - 0,1,3,Yok
2025-05-14,2024,Eredivisie,Twente,AZ Alkmaar,2 - 3,2 - 2,2,5,Evet
2025-05-14,2024,Eredivisie,Almere City FC,Fortuna Sittard,1 - 1,1 - 0,X,2,Evet
2025-05-16,2024,Eredivisie,Cambuur,Den Bosch,1 - 1,0 - 0,X,2,Evet
2025-05-17,2024,Eredivisie,ADO Den Haag,Telstar,0 - 1,0 - 0,2,1,Yok
2025-05-17,2024,Eredivisie,Dordrecht,De Graafschap,2 - 0,0 - 0,1,2,Yok
2025-05-18,2024,Eredivisie,PEC Zwolle,Groningen,2 - 0,1 - 0,1,2,Yok
2025-05-18,2024,Eredivisie,Ajax,Twente,2 - 0,1 - 0,1,2,Yok
2025-05-18,2024,Eredivisie,AZ Alkmaar,Almere City FC,1 - 1,0 - 1,X,2,Evet
2025-05-18,2024,Eredivisie,NAC Breda,Willem II,1 - 1,1 - 1,X,2,Evet
2025-05-18,2024,Eredivisie,Fortuna Sittard,Utrecht,0 - 0,0 - 0,X,0,Yok
2025-05-18,2024,Eredivisie,Heracles,NEC Nijmegen,1 - 2,0 - 0,2,3,Evet
2025-05-18,2024,Eredivisie,Heerenveen,Feyenoord,2 - 0,2 - 0,1,2,Yok
2025-05-18,2024,Eredivisie,Waalwijk,GO Ahead Eagles,5 - 3,1 - 1,1,8,Evet
2025-05-18,2024,Eredivisie,Sparta Rotterdam,PSV Eindhoven,1 - 3,0 - 1,2,4,Evet
2025-05-20,2024,Eredivisie,Den Bosch,Telstar,0 - 0,0 - 0,X,0,Yok
2025-05-21,2024,Eredivisie,Dordrecht,Willem II,2 - 1,2 - 1,1,3,Evet
2025-05-22,2024,Eredivisie,AZ Alkmaar,Heerenveen,4 - 1,3 - 0,1,5,Evet
2025-05-22,2024,Eredivisie,Twente,NEC Nijmegen,3 - 2,1 - 0,1,5,Evet
2025-05-23,2024,Eredivisie,Telstar,Den Bosch,2 - 1,1 - 1,1,3,Evet
2025-05-24,2024,Eredivisie,Willem II,Dordrecht,3 - 2,3 - 1,1,5,Evet
2025-05-25,2024,Eredivisie,AZ Alkmaar,Twente,3 - 2,1 - 2,1,5,Evet
2025-05-29,2024,Eredivisie,Telstar,Willem II,2 - 2,0 - 1,X,4,Evet
2025-06-01,2024,Eredivisie,Willem II,Telstar,1 - 3,1 - 2,2,4,Evet
2023-08-11,2023,Eredivisie,FC Volendam,Vitesse,1 - 2,1 - 0,2,3,Evet
2023-08-12,2023,Eredivisie,PSV Eindhoven,Utrecht,2 - 0,1 - 0,1,2,Yok
2023-08-12,2023,Eredivisie,Heerenveen,Waalwijk,3 - 1,3 - 0,1,4,Evet
2023-08-12,2023,Eredivisie,Ajax,Heracles,4 - 1,1 - 1,1,5,Evet
2023-08-12,2023,Eredivisie,PEC Zwolle,Sparta Rotterdam,1 - 2,0 - 1,2,3,Evet
2023-08-13,2023,Eredivisie,NEC Nijmegen,Excelsior,3 - 4,2 - 1,2,7,Evet
2023-08-13,2023,Eredivisie,AZ Alkmaar,GO Ahead Eagles,5 - 1,2 - 0,1,6,Evet
2023-08-13,2023,Eredivisie,Feyenoord,Fortuna Sittard,0 - 0,0 - 0,X,0,Yok
2023-08-13,2023,Eredivisie,Almere City FC,Twente,1 - 4,0 - 0,2,5,Evet
2023-08-18,2023,Eredivisie,Heracles,NEC Nijmegen,2 - 1,0 - 1,1,3,Evet
2023-08-19,2023,Eredivisie,Excelsior,Ajax,2 - 2,1 - 1,X,4,Evet
2023-08-19,2023,Eredivisie,Vitesse,PSV Eindhoven,1 - 3,1 - 0,2,4,Evet
2023-08-19,2023,Eredivisie,Fortuna Sittard,Almere City FC,2 - 1,2 - 1,1,3,Evet
2023-08-19,2023,Eredivisie,GO Ahead Eagles,FC Volendam,4 - 1,3 - 0,1,5,Evet
2023-08-20,2023,Eredivisie,Utrecht,Heerenveen,0 - 2,0 - 0,2,2,Yok
2023-08-20,2023,Eredivisie,Twente,PEC Zwolle,3 - 1,1 - 1,1,4,Evet
2023-08-20,2023,Eredivisie,Sparta Rotterdam,Feyenoord,2 - 2,1 - 0,X,4,Evet
2023-08-20,2023,Eredivisie,Waalwijk,AZ Alkmaar,1 - 3,1 - 0,2,4,Evet
2023-08-26,2023,Eredivisie,NEC Nijmegen,Waalwijk,3 - 0,1 - 0,1,3,Yok
2023-08-26,2023,Eredivisie,Excelsior,Fortuna Sittard,2 - 2,1 - 0,X,4,Evet
2023-08-27,2023,Eredivisie,PEC Zwolle,Utrecht,1 - 0,0 - 0,1,1,Yok
2023-08-27,2023,Eredivisie,Feyenoord,Almere City FC,6 - 1,3 - 0,1,7,Evet
2023-08-27,2023,Eredivisie,Heerenveen,Sparta Rotterdam,1 - 3,0 - 1,2,4,Evet
2023-09-01,2023,Eredivisie,Sparta Rotterdam,NEC Nijmegen,1 - 1,0 - 0,X,2,Evet
2023-09-02,2023,Eredivisie,Almere City FC,PEC Zwolle,1 - 2,0 - 1,2,3,Evet
2023-09-02,2023,Eredivisie,GO Ahead Eagles,Heerenveen,3 - 2,2 - 1,1,5,Evet
2023-09-02,2023,Eredivisie,Waalwijk,PSV Eindhoven,0 - 4,0 - 1,2,4,Yok
2023-09-02,2023,Eredivisie,Heracles,Excelsior,3 - 1,0 - 1,1,4,Evet
2023-09-03,2023,Eredivisie,Utrecht,Feyenoord,1 - 5,1 - 2,2,6,Evet
2023-09-03,2023,Eredivisie,Fortuna Sittard,Ajax,0 - 0,0 - 0,X,0,Yok
2023-09-03,2023,Eredivisie,FC Volendam,Twente,0 - 2,0 - 1,2,2,Yok
2023-09-03,2023,Eredivisie,Vitesse,AZ Alkmaar,0 - 2,0 - 0,2,2,Yok
2023-09-16,2023,Eredivisie,Feyenoord,Heerenveen,6 - 1,3 - 1,1,7,Evet
2023-09-16,2023,Eredivisie,Vitesse,Waalwijk,0 - 2,0 - 1,2,2,Yok
2023-09-16,2023,Eredivisie,PSV Eindhoven,NEC Nijmegen,4 - 0,2 - 0,1,4,Yok
2023-09-16,2023,Eredivisie,Fortuna Sittard,FC Volendam,3 - 1,0 - 1,1,4,Evet
2023-09-16,2023,Eredivisie,Heracles,Utrecht,1 - 3,0 - 2,2,4,Evet
2023-09-17,2023,Eredivisie,PEC Zwolle,GO Ahead Eagles,1 - 1,0 - 0,X,2,Evet
2023-09-17,2023,Eredivisie,Excelsior,Almere City FC,0 - 0,0 - 0,X,0,Yok
2023-09-17,2023,Eredivisie,Twente,Ajax,3 - 1,2 - 1,1,4,Evet
2023-09-17,2023,Eredivisie,AZ Alkmaar,Sparta Rotterdam,2 - 0,2 - 0,1,2,Yok
2023-09-22,2023,Eredivisie,GO Ahead Eagles,Fortuna Sittard,3 - 0,1 - 0,1,3,Yok
2023-09-23,2023,Eredivisie,FC Volendam,Heracles,2 - 2,0 - 0,X,4,Evet
2023-09-23,2023,Eredivisie,NEC Nijmegen,Utrecht,3 - 0,2 - 0,1,3,Yok
2023-09-23,2023,Eredivisie,Almere City FC,PSV Eindhoven,0 - 4,0 - 2,2,4,Yok
2023-09-23,2023,Eredivisie,Heerenveen,Excelsior,0 - 3,0 - 2,2,3,Yok
2023-09-24,2023,Eredivisie,Sparta Rotterdam,Vitesse,1 - 0,1 - 0,1,1,Yok
2023-09-24,2023,Eredivisie,PEC Zwolle,AZ Alkmaar,0 - 3,0 - 1,2,3,Yok
2023-09-24,2023,Eredivisie,Waalwijk,Twente,1 - 0,0 - 0,1,1,Yok
2023-09-27,2023,Eredivisie,Ajax,Feyenoord,0 - 4,0 - 3,2,4,Yok
2023-09-27,2023,Eredivisie,PSV Eindhoven,GO Ahead Eagles,3 - 0,1 - 0,1,3,Yok
2023-09-27,2023,Eredivisie,Twente,Vitesse,1 - 0,1 - 0,1,1,Yok
2023-09-28,2023,Eredivisie,AZ Alkmaar,Heracles,1 - 1,1 - 0,X,2,Evet
2023-09-30,2023,Eredivisie,Feyenoord,GO Ahead Eagles,3 - 1,1 - 0,1,4,Evet
2023-09-30,2023,Eredivisie,PSV Eindhoven,FC Volendam,3 - 1,1 - 0,1,4,Evet
2023-09-30,2023,Eredivisie,Utrecht,Almere City FC,0 - 2,0 - 0,2,2,Yok
2023-09-30,2023,Eredivisie,Twente,Heerenveen,1 - 0,0 - 0,1,1,Yok
2023-10-01,2023,Eredivisie,NEC Nijmegen,Vitesse,1 - 3,1 - 1,2,4,Evet
2023-10-01,2023,Eredivisie,Excelsior,Sparta Rotterdam,2 - 1,0 - 0,1,3,Evet
2023-10-01,2023,Eredivisie,Heracles,PEC Zwolle,2 - 1,0 - 0,1,3,Evet
2023-10-01,2023,Eredivisie,AZ Alkmaar,Fortuna Sittard,4 - 0,1 - 0,1,4,Yok
2023-10-06,2023,Eredivisie,FC Volendam,Utrecht,1 - 0,0 - 0,1,1,Yok
2023-10-07,2023,Eredivisie,Heerenveen,NEC Nijmegen,1 - 1,1 - 1,X,2,Evet
2023-10-07,2023,Eredivisie,Almere City FC,Waalwijk,1 - 0,1 - 0,1,1,Yok
2023-10-07,2023,Eredivisie,GO Ahead Eagles,Heracles,4 - 0,2 - 0,1,4,Yok
2023-10-07,2023,Eredivisie,Vitesse,Excelsior,0 - 0,0 - 0,X,0,Yok
2023-10-08,2023,Eredivisie,PEC Zwolle,Feyenoord,0 - 2,0 - 1,2,2,Yok
2023-10-08,2023,Eredivisie,Ajax,AZ Alkmaar,1 - 2,0 - 1,2,3,Evet
2023-10-08,2023,Eredivisie,Fortuna Sittard,Twente,0 - 3,0 - 1,2,3,Yok
2023-10-08,2023,Eredivisie,Sparta Rotterdam,PSV Eindhoven,0 - 4,0 - 0,2,4,Yok
2023-10-21,2023,Eredivisie,PSV Eindhoven,Fortuna Sittard,3 - 1,1 - 0,1,4,Evet
2023-10-21,2023,Eredivisie,Waalwijk,FC Volendam,2 - 1,1 - 0,1,3,Evet
2023-10-21,2023,Eredivisie,NEC Nijmegen,Almere City FC,1 - 1,0 - 1,X,2,Evet
2023-10-21,2023,Eredivisie,AZ Alkmaar,Heerenveen,3 - 0,1 - 0,1,3,Yok
2023-10-21,2023,Eredivisie,Feyenoord,Vitesse,4 - 0,2 - 0,1,4,Yok
2023-10-22,2023,Eredivisie,Utrecht,Ajax,4 - 3,1 - 0,1,7,Evet
2023-10-22,2023,Eredivisie,Excelsior,PEC Zwolle,2 - 4,1 - 0,2,6,Evet
2023-10-22,2023,Eredivisie,Heracles,Twente,2 - 2,0 - 2,X,4,Evet
2023-10-22,2023,Eredivisie,GO Ahead Eagles,Sparta Rotterdam,0 - 0,0 - 0,X,0,Yok
2023-10-27,2023,Eredivisie,Vitesse,PEC Zwolle,1 - 1,0 - 1,X,2,Evet
2023-10-28,2023,Eredivisie,Heerenveen,Heracles,3 - 0,2 - 0,1,3,Yok
2023-10-28,2023,Eredivisie,Almere City FC,GO Ahead Eagles,0 - 0,0 - 0,X,0,Yok
2023-10-28,2023,Eredivisie,Sparta Rotterdam,Waalwijk,2 - 0,0 - 0,1,2,Yok
2023-10-28,2023,Eredivisie,Fortuna Sittard,Utrecht,0 - 0,0 - 0,X,0,Yok
2023-10-29,2023,Eredivisie,Twente,Feyenoord,2 - 1,1 - 0,1,3,Evet
2023-10-29,2023,Eredivisie,PSV Eindhoven,Ajax,5 - 2,1 - 2,1,7,Evet
2023-10-29,2023,Eredivisie,FC Volendam,Excelsior,3 - 1,0 - 1,1,4,Evet
2023-11-02,2023,Eredivisie,Ajax,FC Volendam,2 - 0,0 - 0,1,2,Yok
2023-11-04,2023,Eredivisie,Heracles,PSV Eindhoven,0 - 6,0 - 2,2,6,Yok
2023-11-04,2023,Eredivisie,Excelsior,AZ Alkmaar,1 - 1,0 - 0,X,2,Evet
2023-11-04,2023,Eredivisie,Waalwijk,Feyenoord,1 - 2,1 - 1,2,3,Evet
2023-11-04,2023,Eredivisie,GO Ahead Eagles,Vitesse,5 - 1,1 - 0,1,6,Evet
2023-11-05,2023,Eredivisie,Utrecht,Twente,1 - 1,1 - 1,X,2,Evet
2023-11-05,2023,Eredivisie,PEC Zwolle,Fortuna Sittard,2 - 0,1 - 0,1,2,Yok
2023-11-05,2023,Eredivisie,NEC Nijmegen,FC Volendam,3 - 3,1 - 1,X,6,Evet
2023-11-05,2023,Eredivisie,Ajax,Heerenveen,4 - 1,2 - 1,1,5,Evet
2023-11-05,2023,Eredivisie,Sparta Rotterdam,Almere City FC,1 - 2,0 - 1,2,3,Evet
2023-11-10,2023,Eredivisie,Fortuna Sittard,Heracles,4 - 1,4 - 0,1,5,Evet
2023-11-11,2023,Eredivisie,Waalwijk,GO Ahead Eagles,0 - 1,0 - 1,2,1,Yok
2023-11-11,2023,Eredivisie,Twente,NEC Nijmegen,3 - 3,1 - 0,X,6,Evet
2023-11-11,2023,Eredivisie,Vitesse,Heerenveen,1 - 3,1 - 1,2,4,Evet
2023-11-12,2023,Eredivisie,PSV Eindhoven,PEC Zwolle,4 - 0,2 - 0,1,4,Yok
2023-11-12,2023,Eredivisie,FC Volendam,Sparta Rotterdam,1 - 4,1 - 2,2,5,Evet
2023-11-12,2023,Eredivisie,Almere City FC,Ajax,2 - 2,0 - 0,X,4,Evet
2023-11-12,2023,Eredivisie,Feyenoord,AZ Alkmaar,1 - 0,1 - 0,1,1,Yok
2023-11-12,2023,Eredivisie,Utrecht,Excelsior,2 - 2,0 - 0,X,4,Evet
2023-11-25,2023,Eredivisie,Excelsior,Feyenoord,2 - 4,1 - 1,2,6,Evet
2023-11-25,2023,Eredivisie,Heerenveen,Fortuna Sittard,3 - 0,1 - 0,1,3,Yok
2023-11-25,2023,Eredivisie,Twente,PSV Eindhoven,0 - 3,0 - 1,2,3,Yok
2023-11-25,2023,Eredivisie,PEC Zwolle,Waalwijk,1 - 2,1 - 1,2,3,Evet
2023-11-25,2023,Eredivisie,Ajax,Vitesse,5 - 0,2 - 0,1,5,Yok
2023-11-26,2023,Eredivisie,Almere City FC,Heracles,0 - 5,0 - 1,2,5,Yok
2023-11-26,2023,Eredivisie,AZ Alkmaar,FC Volendam,3 - 0,1 - 0,1,3,Yok
2023-11-26,2023,Eredivisie,NEC Nijmegen,GO Ahead Eagles,1 - 1,0 - 0,X,2,Evet
2023-11-26,2023,Eredivisie,Sparta Rotterdam,Utrecht,1 - 2,1 - 1,2,3,Evet
2023-12-01,2023,Eredivisie,Heerenveen,Almere City FC,3 - 0,2 - 0,1,3,Yok
2023-12-02,2023,Eredivisie,FC Volendam,PEC Zwolle,0 - 5,0 - 0,2,5,Yok
2023-12-02,2023,Eredivisie,Fortuna Sittard,Vitesse,3 - 1,2 - 0,1,4,Evet
2023-12-02,2023,Eredivisie,Waalwijk,Excelsior,2 - 2,1 - 0,X,4,Evet
2023-12-02,2023,Eredivisie,Heracles,Sparta Rotterdam,0 - 1,0 - 0,2,1,Yok
2023-12-03,2023,Eredivisie,Feyenoord,PSV Eindhoven,1 - 2,0 - 0,2,3,Evet
2023-12-03,2023,Eredivisie,GO Ahead Eagles,Twente,1 - 3,0 - 2,2,4,Evet
2023-12-03,2023,Eredivisie,NEC Nijmegen,Ajax,1 - 2,0 - 0,2,3,Evet
2023-12-03,2023,Eredivisie,Utrecht,AZ Alkmaar,1 - 1,0 - 1,X,2,Evet
2023-12-06,2023,Eredivisie,AZ Alkmaar,NEC Nijmegen,1 - 2,0 - 2,2,3,Evet
2023-12-06,2023,Eredivisie,Waalwijk,Ajax,2 - 3,1 - 2,2,5,Evet
2023-12-07,2023,Eredivisie,PSV Eindhoven,Heerenveen,2 - 0,1 - 0,1,2,Yok
2023-12-07,2023,Eredivisie,Feyenoord,FC Volendam,3 - 1,1 - 1,1,4,Evet
2023-12-08,2023,Eredivisie,Twente,Excelsior,4 - 2,1 - 2,1,6,Evet
2023-12-09,2023,Eredivisie,Ajax,Sparta Rotterdam,2 - 1,2 - 0,1,3,Evet
2023-12-09,2023,Eredivisie,PEC Zwolle,NEC Nijmegen,1 - 3,0 - 1,2,4,Evet
2023-12-09,2023,Eredivisie,AZ Alkmaar,Almere City FC,4 - 1,1 - 0,1,5,Evet
2023-12-10,2023,Eredivisie,GO Ahead Eagles,Utrecht,0 - 2,0 - 2,2,2,Yok
2023-12-10,2023,Eredivisie,Fortuna Sittard,Waalwijk,1 - 0,0 - 0,1,1,Yok
2023-12-10,2023,Eredivisie,Vitesse,Heracles,2 - 0,1 - 0,1,2,Yok
2023-12-15,2023,Eredivisie,NEC Nijmegen,Fortuna Sittard,4 - 1,2 - 0,1,5,Evet
2023-12-16,2023,Eredivisie,Utrecht,Waalwijk,1 - 1,1 - 1,X,2,Evet
2023-12-16,2023,Eredivisie,Excelsior,GO Ahead Eagles,1 - 1,0 - 0,X,2,Evet
2023-12-16,2023,Eredivisie,Heerenveen,FC Volendam,1 - 2,0 - 1,2,3,Evet
2023-12-17,2023,Eredivisie,Almere City FC,Vitesse,5 - 0,2 - 0,1,5,Yok
2023-12-17,2023,Eredivisie,Heracles,Feyenoord,0 - 4,0 - 2,2,4,Yok
2023-12-17,2023,Eredivisie,Sparta Rotterdam,Twente,2 - 2,0 - 1,X,4,Evet
2023-12-17,2023,Eredivisie,Ajax,PEC Zwolle,2 - 2,1 - 0,X,4,Evet
2023-12-17,2023,Eredivisie,AZ Alkmaar,PSV Eindhoven,0 - 4,0 - 3,2,4,Yok
2024-01-12,2023,Eredivisie,Waalwijk,Heracles,1 - 2,0 - 1,2,3,Evet
2024-01-13,2023,Eredivisie,Fortuna Sittard,Sparta Rotterdam,0 - 2,0 - 1,2,2,Yok
2024-01-13,2023,Eredivisie,Twente,AZ Alkmaar,2 - 1,1 - 1,1,3,Evet
2024-01-13,2023,Eredivisie,PEC Zwolle,Heerenveen,2 - 2,0 - 1,X,4,Evet
2024-01-13,2023,Eredivisie,PSV Eindhoven,Excelsior,3 - 1,2 - 0,1,4,Evet
2024-01-14,2023,Eredivisie,FC Volendam,Almere City FC,0 - 1,0 - 1,2,1,Yok
2024-01-14,2023,Eredivisie,Vitesse,Utrecht,0 - 0,0 - 0,X,0,Yok
2024-01-14,2023,Eredivisie,GO Ahead Eagles,Ajax,2 - 3,1 - 2,2,5,Evet
2024-01-14,2023,Eredivisie,Feyenoord,NEC Nijmegen,2 - 2,2 - 1,X,4,Evet
2024-01-19,2023,Eredivisie,Excelsior,Heerenveen,3 - 0,2 - 0,1,3,Yok
2024-01-20,2023,Eredivisie,NEC Nijmegen,Twente,1 - 0,0 - 0,1,1,Yok
2024-01-20,2023,Eredivisie,Heracles,FC Volendam,1 - 1,0 - 1,X,2,Evet
2024-01-20,2023,Eredivisie,AZ Alkmaar,PEC Zwolle,2 - 2,0 - 0,X,4,Evet
2024-01-21,2023,Eredivisie,Utrecht,PSV Eindhoven,1 - 1,0 - 1,X,2,Evet
2024-01-21,2023,Eredivisie,Vitesse,Feyenoord,1 - 2,0 - 1,2,3,Evet
2024-01-21,2023,Eredivisie,Sparta Rotterdam,GO Ahead Eagles,0 - 2,0 - 1,2,2,Yok
2024-01-21,2023,Eredivisie,Ajax,Waalwijk,4 - 1,2 - 1,1,5,Evet
2024-01-24,2023,Eredivisie,Almere City FC,Fortuna Sittard,0 - 0,0 - 0,X,0,Yok
2024-01-26,2023,Eredivisie,PEC Zwolle,Vitesse,1 - 0,1 - 0,1,1,Yok
2024-01-27,2023,Eredivisie,PSV Eindhoven,Almere City FC,2 - 0,1 - 0,1,2,Yok
2024-01-27,2023,Eredivisie,Waalwijk,Sparta Rotterdam,1 - 1,0 - 0,X,2,Evet
2024-01-27,2023,Eredivisie,Excelsior,Utrecht,1 - 1,0 - 0,X,2,Evet
2024-01-27,2023,Eredivisie,Heracles,Ajax,2 - 4,1 - 1,2,6,Evet
2024-01-28,2023,Eredivisie,Heerenveen,AZ Alkmaar,2 - 2,1 - 1,X,4,Evet
2024-01-28,2023,Eredivisie,Feyenoord,Twente,0 - 0,0 - 0,X,0,Yok
2024-01-28,2023,Eredivisie,GO Ahead Eagles,NEC Nijmegen,2 - 2,0 - 1,X,4,Evet
2024-01-28,2023,Eredivisie,FC Volendam,Fortuna Sittard,0 - 1,0 - 0,2,1,Yok
2024-02-02,2023,Eredivisie,Almere City FC,Excelsior,2 - 1,1 - 1,1,3,Evet
2024-02-03,2023,Eredivisie,Twente,Waalwijk,3 - 0,1 - 0,1,3,Yok
2024-02-03,2023,Eredivisie,Fortuna Sittard,Heerenveen,3 - 3,0 - 2,X,6,Evet
2024-02-03,2023,Eredivisie,Ajax,PSV Eindhoven,1 - 1,1 - 1,X,2,Evet
2024-02-03,2023,Eredivisie,NEC Nijmegen,Heracles,3 - 1,0 - 1,1,4,Evet
2024-02-04,2023,Eredivisie,Vitesse,GO Ahead Eagles,0 - 2,0 - 1,2,2,Yok
2024-02-04,2023,Eredivisie,AZ Alkmaar,Feyenoord,0 - 1,0 - 1,2,1,Yok
2024-02-04,2023,Eredivisie,Utrecht,FC Volendam,4 - 2,2 - 1,1,6,Evet
2024-02-04,2023,Eredivisie,Sparta Rotterdam,PEC Zwolle,0 - 2,0 - 1,2,2,Yok
2024-02-09,2023,Eredivisie,Waalwijk,NEC Nijmegen,2 - 0,2 - 0,1,2,Yok
2024-02-10,2023,Eredivisie,Excelsior,Twente,0 - 3,0 - 3,2,3,Yok
2024-02-10,2023,Eredivisie,Almere City FC,AZ Alkmaar,0 - 0,0 - 0,X,0,Yok
2024-02-10,2023,Eredivisie,Heracles,Vitesse,3 - 2,1 - 2,1,5,Evet
2024-02-11,2023,Eredivisie,GO Ahead Eagles,PEC Zwolle,1 - 1,0 - 0,X,2,Evet
2024-02-11,2023,Eredivisie,Utrecht,Fortuna Sittard,4 - 0,1 - 0,1,4,Yok
2024-02-11,2023,Eredivisie,Heerenveen,Ajax,3 - 2,2 - 0,1,5,Evet
2024-02-11,2023,Eredivisie,FC Volendam,PSV Eindhoven,1 - 5,1 - 1,2,6,Evet
2024-02-11,2023,Eredivisie,Feyenoord,Sparta Rotterdam,2 - 0,0 - 0,1,2,Yok
2024-02-16,2023,Eredivisie,PSV Eindhoven,Heracles,2 - 0,1 - 0,1,2,Yok
2024-02-17,2023,Eredivisie,Fortuna Sittard,AZ Alkmaar,1 - 2,1 - 0,2,3,Evet
2024-02-17,2023,Eredivisie,Sparta Rotterdam,Excelsior,4 - 2,2 - 2,1,6,Evet
2024-02-17,2023,Eredivisie,PEC Zwolle,Almere City FC,0 - 1,0 - 0,2,1,Yok
2024-02-17,2023,Eredivisie,Heerenveen,GO Ahead Eagles,0 - 2,0 - 0,2,2,Yok
2024-02-18,2023,Eredivisie,Twente,Utrecht,0 - 1,0 - 1,2,1,Yok
2024-02-18,2023,Eredivisie,Ajax,NEC Nijmegen,2 - 2,1 - 0,X,4,Evet
2024-02-18,2023,Eredivisie,Vitesse,FC Volendam,1 - 1,1 - 1,X,2,Evet
2024-02-18,2023,Eredivisie,Feyenoord,Waalwijk,1 - 0,0 - 0,1,1,Yok
2024-02-23,2023,Eredivisie,Utrecht,Heracles,1 - 0,0 - 0,1,1,Yok
2024-02-24,2023,Eredivisie,Waalwijk,Fortuna Sittard,0 - 1,0 - 0,2,1,Yok
2024-02-24,2023,Eredivisie,PEC Zwolle,PSV Eindhoven,1 - 7,1 - 2,2,8,Evet
2024-02-24,2023,Eredivisie,NEC Nijmegen,Sparta Rotterdam,2 - 0,2 - 0,1,2,Yok
2024-02-25,2023,Eredivisie,Excelsior,Vitesse,1 - 2,0 - 0,2,3,Evet
2024-02-25,2023,Eredivisie,Twente,GO Ahead Eagles,3 - 0,2 - 0,1,3,Yok
2024-02-25,2023,Eredivisie,Almere City FC,Feyenoord,0 - 2,0 - 0,2,2,Yok
2024-02-25,2023,Eredivisie,AZ Alkmaar,Ajax,2 - 0,1 - 0,1,2,Yok
2024-02-25,2023,Eredivisie,FC Volendam,Heerenveen,0 - 4,0 - 1,2,4,Yok
2024-03-01,2023,Eredivisie,FC Volendam,NEC Nijmegen,2 - 5,0 - 3,2,7,Evet
2024-03-02,2023,Eredivisie,GO Ahead Eagles,Waalwijk,1 - 0,0 - 0,1,1,Yok
2024-03-02,2023,Eredivisie,Vitesse,Twente,1 - 2,1 - 1,2,3,Evet
2024-03-02,2023,Eredivisie,Sparta Rotterdam,AZ Alkmaar,1 - 1,0 - 1,X,2,Evet
2024-03-03,2023,Eredivisie,Ajax,Utrecht,2 - 0,1 - 0,1,2,Yok
2024-03-03,2023,Eredivisie,PSV Eindhoven,Feyenoord,2 - 2,1 - 1,X,4,Evet
2024-03-03,2023,Eredivisie,Heerenveen,PEC Zwolle,2 - 0,1 - 0,1,2,Yok
2024-03-03,2023,Eredivisie,Fortuna Sittard,Excelsior,5 - 2,4 - 0,1,7,Evet
2024-03-03,2023,Eredivisie,Heracles,Almere City FC,2 - 2,0 - 2,X,4,Evet
2024-03-08,2023,Eredivisie,GO Ahead Eagles,PSV Eindhoven,0 - 1,0 - 1,2,1,Yok
2024-03-09,2023,Eredivisie,Twente,Sparta Rotterdam,2 - 1,1 - 0,1,3,Evet
2024-03-09,2023,Eredivisie,Almere City FC,Utrecht,1 - 1,1 - 1,X,2,Evet
2024-03-09,2023,Eredivisie,Waalwijk,Vitesse,3 - 1,1 - 0,1,4,Evet
2024-03-10,2023,Eredivisie,AZ Alkmaar,Excelsior,4 - 0,3 - 0,1,4,Yok
2024-03-10,2023,Eredivisie,PEC Zwolle,FC Volendam,1 - 1,0 - 0,X,2,Evet
2024-03-10,2023,Eredivisie,Ajax,Fortuna Sittard,2 - 2,1 - 0,X,4,Evet
2024-03-10,2023,Eredivisie,NEC Nijmegen,Heerenveen,2 - 0,0 - 0,1,2,Yok
2024-03-10,2023,Eredivisie,Feyenoord,Heracles,3 - 0,2 - 0,1,3,Yok
2024-03-15,2023,Eredivisie,Heracles,GO Ahead Eagles,2 - 0,0 - 0,1,2,Yok
2024-03-16,2023,Eredivisie,Fortuna Sittard,PEC Zwolle,3 - 1,1 - 0,1,4,Evet
2024-03-16,2023,Eredivisie,Excelsior,Waalwijk,1 - 1,1 - 0,X,2,Evet
2024-03-16,2023,Eredivisie,Vitesse,Almere City FC,1 - 1,0 - 1,X,2,Evet
2024-03-17,2023,Eredivisie,FC Volendam,AZ Alkmaar,0 - 4,0 - 2,2,4,Yok
2024-03-17,2023,Eredivisie,Utrecht,NEC Nijmegen,1 - 0,0 - 0,1,1,Yok
2024-03-17,2023,Eredivisie,Heerenveen,Feyenoord,2 - 3,1 - 1,2,5,Evet
2024-03-17,2023,Eredivisie,Sparta Rotterdam,Ajax,2 - 2,1 - 0,X,4,Evet
2024-03-17,2023,Eredivisie,PSV Eindhoven,Twente,1 - 0,0 - 0,1,1,Yok
2024-03-30,2023,Eredivisie,NEC Nijmegen,PSV Eindhoven,3 - 1,1 - 1,1,4,Evet
2024-03-30,2023,Eredivisie,Sparta Rotterdam,Fortuna Sittard,4 - 0,1 - 0,1,4,Yok
2024-03-30,2023,Eredivisie,GO Ahead Eagles,Excelsior,3 - 0,1 - 0,1,3,Yok
2024-03-30,2023,Eredivisie,Waalwijk,Heerenveen,1 - 1,0 - 0,X,2,Evet
2024-03-30,2023,Eredivisie,AZ Alkmaar,Vitesse,2 - 0,0 - 0,1,2,Yok
2024-03-31,2023,Eredivisie,PEC Zwolle,Ajax,1 - 3,0 - 2,2,4,Evet
2024-03-31,2023,Eredivisie,Feyenoord,Utrecht,4 - 2,1 - 2,1,6,Evet
2024-03-31,2023,Eredivisie,Twente,Heracles,1 - 0,0 - 0,1,1,Yok
2024-03-31,2023,Eredivisie,Almere City FC,FC Volendam,1 - 1,0 - 0,X,2,Evet
2024-04-02,2023,Eredivisie,Vitesse,Sparta Rotterdam,1 - 4,1 - 3,2,5,Evet
2024-04-02,2023,Eredivisie,Excelsior,PSV Eindhoven,0 - 2,0 - 0,2,2,Yok
2024-04-02,2023,Eredivisie,Fortuna Sittard,NEC Nijmegen,1 - 1,0 - 0,X,2,Evet
2024-04-03,2023,Eredivisie,Heracles,AZ Alkmaar,5 - 0,3 - 0,1,5,Yok
2024-04-03,2023,Eredivisie,Utrecht,PEC Zwolle,5 - 1,0 - 0,1,6,Evet
2024-04-03,2023,Eredivisie,Heerenveen,Twente,3 - 3,2 - 3,X,6,Evet
2024-04-04,2023,Eredivisie,FC Volendam,Feyenoord,0 - 0,0 - 0,X,0,Yok
2024-04-04,2023,Eredivisie,Waalwijk,Almere City FC,0 - 0,0 - 0,X,0,Yok
2024-04-04,2023,Eredivisie,Ajax,GO Ahead Eagles,1 - 1,1 - 0,X,2,Evet
2024-04-06,2023,Eredivisie,Sparta Rotterdam,Heracles,1 - 2,1 - 0,2,3,Evet
2024-04-06,2023,Eredivisie,PSV Eindhoven,AZ Alkmaar,5 - 1,2 - 0,1,6,Evet
2024-04-06,2023,Eredivisie,PEC Zwolle,Excelsior,2 - 1,1 - 0,1,3,Evet
2024-04-06,2023,Eredivisie,Twente,Fortuna Sittard,2 - 0,0 - 0,1,2,Yok
2024-04-07,2023,Eredivisie,Vitesse,NEC Nijmegen,0 - 3,0 - 0,2,3,Yok
2024-04-07,2023,Eredivisie,Feyenoord,Ajax,6 - 0,3 - 0,1,6,Yok
2024-04-07,2023,Eredivisie,GO Ahead Eagles,Almere City FC,1 - 1,1 - 1,X,2,Evet
2024-04-07,2023,Eredivisie,FC Volendam,Waalwijk,3 - 2,2 - 0,1,5,Evet
2024-04-07,2023,Eredivisie,Heerenveen,Utrecht,2 - 3,0 - 1,2,5,Evet
2024-04-12,2023,Eredivisie,Excelsior,FC Volendam,4 - 0,2 - 0,1,4,Yok
2024-04-13,2023,Eredivisie,PSV Eindhoven,Vitesse,6 - 0,3 - 0,1,6,Yok
2024-04-13,2023,Eredivisie,AZ Alkmaar,Waalwijk,3 - 2,0 - 2,1,5,Evet
2024-04-13,2023,Eredivisie,Almere City FC,Sparta Rotterdam,2 - 3,1 - 2,2,5,Evet
2024-04-14,2023,Eredivisie,Heracles,Heerenveen,0 - 2,0 - 1,2,2,Yok
2024-04-14,2023,Eredivisie,Fortuna Sittard,Feyenoord,0 - 1,0 - 1,2,1,Yok
2024-04-14,2023,Eredivisie,Utrecht,GO Ahead Eagles,2 - 1,1 - 1,1,3,Evet
2024-04-14,2023,Eredivisie,Ajax,Twente,2 - 1,0 - 1,1,3,Evet
2024-04-14,2023,Eredivisie,NEC Nijmegen,PEC Zwolle,2 - 2,0 - 1,X,4,Evet
2024-04-24,2023,Eredivisie,Twente,Almere City FC,3 - 1,1 - 0,1,4,Evet
2024-04-24,2023,Eredivisie,Ajax,Excelsior,2 - 2,1 - 1,X,4,Evet
2024-04-25,2023,Eredivisie,Heerenveen,PSV Eindhoven,0 - 8,0 - 5,2,8,Yok
2024-04-25,2023,Eredivisie,GO Ahead Eagles,Feyenoord,1 - 3,1 - 2,2,4,Evet
2024-04-28,2023,Eredivisie,PEC Zwolle,Heracles,3 - 1,1 - 1,1,4,Evet
2024-04-28,2023,Eredivisie,NEC Nijmegen,AZ Alkmaar,0 - 3,0 - 1,2,3,Yok
2024-04-28,2023,Eredivisie,Waalwijk,Utrecht,2 - 2,1 - 0,X,4,Evet
2024-04-28,2023,Eredivisie,Sparta Rotterdam,FC Volendam,1 - 0,0 - 0,1,1,Yok
2024-04-28,2023,Eredivisie,Vitesse,Fortuna Sittard,3 - 2,1 - 1,1,5,Evet
2024-05-03,2023,Eredivisie,Fortuna Sittard,GO Ahead Eagles,0 - 0,0 - 0,X,0,Yok
2024-05-03,2023,Eredivisie,Almere City FC,Heerenveen,1 - 1,0 - 0,X,2,Evet
2024-05-05,2023,Eredivisie,PSV Eindhoven,Sparta Rotterdam,4 - 2,2 - 2,1,6,Evet
2024-05-05,2023,Eredivisie,Heracles,Waalwijk,0 - 5,0 - 2,2,5,Yok
2024-05-05,2023,Eredivisie,Utrecht,Vitesse,1 - 0,0 - 0,1,1,Yok
2024-05-05,2023,Eredivisie,FC Volendam,Ajax,1 - 4,0 - 1,2,5,Evet
2024-05-05,2023,Eredivisie,AZ Alkmaar,Twente,2 - 1,0 - 1,1,3,Evet
2024-05-05,2023,Eredivisie,Feyenoord,PEC Zwolle,5 - 0,2 - 0,1,5,Yok
2024-05-06,2023,Eredivisie,Excelsior,NEC Nijmegen,0 - 3,0 - 0,2,3,Yok
2024-05-12,2023,Eredivisie,Ajax,Almere City FC,3 - 0,3 - 0,1,3,Yok
2024-05-12,2023,Eredivisie,Excelsior,Heracles,4 - 0,1 - 0,1,4,Yok
2024-05-12,2023,Eredivisie,Fortuna Sittard,PSV Eindhoven,1 - 1,1 - 0,X,2,Evet
2024-05-12,2023,Eredivisie,Utrecht,Sparta Rotterdam,0 - 1,0 - 0,2,1,Yok
2024-05-12,2023,Eredivisie,Heerenveen,Vitesse,1 - 3,1 - 1,2,4,Evet
2024-05-12,2023,Eredivisie,GO Ahead Eagles,AZ Alkmaar,0 - 3,0 - 2,2,3,Yok
2024-05-12,2023,Eredivisie,NEC Nijmegen,Feyenoord,2 - 3,0 - 1,2,5,Evet
2024-05-12,2023,Eredivisie,Twente,FC Volendam,7 - 2,5 - 2,1,9,Evet
2024-05-12,2023,Eredivisie,Waalwijk,PEC Zwolle,1 - 1,0 - 0,X,2,Evet
2024-05-13,2023,Eredivisie,NAC Breda,Roda,3 - 1,1 - 0,1,4,Evet
2024-05-14,2023,Eredivisie,Emmen,Dordrecht,2 - 2,2 - 1,X,4,Evet
2024-05-14,2023,Eredivisie,De Graafschap,ADO Den Haag,2 - 3,1 - 1,2,5,Evet
2024-05-17,2023,Eredivisie,Roda,NAC Breda,0 - 5,0 - 1,2,5,Yok
2024-05-18,2023,Eredivisie,Dordrecht,Emmen,0 - 1,0 - 0,2,1,Yok
2024-05-18,2023,Eredivisie,ADO Den Haag,De Graafschap,2 - 2,2 - 0,X,4,Evet
2024-05-19,2023,Eredivisie,PEC Zwolle,Twente,1 - 2,0 - 0,2,3,Evet
2024-05-19,2023,Eredivisie,PSV Eindhoven,Waalwijk,3 - 1,1 - 1,1,4,Evet
2024-05-19,2023,Eredivisie,Vitesse,Ajax,2 - 2,1 - 1,X,4,Evet
2024-05-19,2023,Eredivisie,AZ Alkmaar,Utrecht,3 - 3,3 - 0,X,6,Evet
2024-05-19,2023,Eredivisie,Heracles,Fortuna Sittard,0 - 0,0 - 0,X,0,Yok
2024-05-19,2023,Eredivisie,Feyenoord,Excelsior,4 - 0,0 - 0,1,4,Yok
2024-05-19,2023,Eredivisie,FC Volendam,GO Ahead Eagles,1 - 2,1 - 1,2,3,Evet
2024-05-19,2023,Eredivisie,Almere City FC,NEC Nijmegen,1 - 4,1 - 2,2,5,Evet
2024-05-19,2023,Eredivisie,Sparta Rotterdam,Heerenveen,2 - 1,0 - 0,1,3,Evet
2024-05-21,2023,Eredivisie,NAC Breda,Emmen,1 - 1,1 - 0,X,2,Evet
2024-05-22,2023,Eredivisie,ADO Den Haag,Excelsior,1 - 2,0 - 2,2,3,Evet
2024-05-23,2023,Eredivisie,NEC Nijmegen,GO Ahead Eagles,1 - 2,0 - 0,2,3,Evet
2024-05-23,2023,Eredivisie,Utrecht,Sparta Rotterdam,3 - 1,1 - 1,1,4,Evet
2024-05-25,2023,Eredivisie,Emmen,NAC Breda,0 - 3,0 - 2,2,3,Yok
2024-05-25,2023,Eredivisie,Excelsior,ADO Den Haag,7 - 1,4 - 1,1,8,Evet
2024-05-26,2023,Eredivisie,Utrecht,GO Ahead Eagles,1 - 2,1 - 0,2,3,Evet
2024-05-28,2023,Eredivisie,NAC Breda,Excelsior,6 - 2,3 - 2,1,8,Evet
2024-06-02,2023,Eredivisie,Excelsior,NAC Breda,4 - 1,3 - 0,1,5,Evet
2022-08-05,2022,Eredivisie,Heerenveen,Sparta Rotterdam,0 - 0,0 - 0,X,0,Yok
2022-08-06,2022,Eredivisie,Fortuna Sittard,Ajax,2 - 3,1 - 0,2,5,Evet
2022-08-06,2022,Eredivisie,Cambuur,Excelsior,0 - 2,0 - 2,2,2,Yok
2022-08-06,2022,Eredivisie,PSV Eindhoven,Emmen,4 - 1,3 - 0,1,5,Evet
2022-08-06,2022,Eredivisie,Waalwijk,Utrecht,2 - 2,2 - 0,X,4,Evet
2022-08-07,2022,Eredivisie,Groningen,FC Volendam,2 - 2,2 - 1,X,4,Evet
2022-08-07,2022,Eredivisie,Vitesse,Feyenoord,2 - 5,1 - 2,2,7,Evet
2022-08-07,2022,Eredivisie,NEC Nijmegen,Twente,0 - 1,0 - 0,2,1,Yok
2022-08-07,2022,Eredivisie,AZ Alkmaar,GO Ahead Eagles,2 - 0,0 - 0,1,2,Yok
2022-08-12,2022,Eredivisie,Excelsior,Vitesse,3 - 1,2 - 1,1,4,Evet
2022-08-13,2022,Eredivisie,GO Ahead Eagles,PSV Eindhoven,2 - 5,1 - 3,2,7,Evet
2022-08-13,2022,Eredivisie,Utrecht,Cambuur,0 - 0,0 - 0,X,0,Yok
2022-08-13,2022,Eredivisie,Emmen,Waalwijk,1 - 1,0 - 0,X,2,Evet
2022-08-13,2022,Eredivisie,Feyenoord,Heerenveen,0 - 0,0 - 0,X,0,Yok
2022-08-14,2022,Eredivisie,FC Volendam,NEC Nijmegen,1 - 4,1 - 2,2,5,Evet
2022-08-14,2022,Eredivisie,Ajax,Groningen,6 - 1,3 - 1,1,7,Evet
2022-08-14,2022,Eredivisie,Twente,Fortuna Sittard,3 - 0,2 - 0,1,3,Yok
2022-08-14,2022,Eredivisie,Sparta Rotterdam,AZ Alkmaar,2 - 3,1 - 1,2,5,Evet
2022-08-20,2022,Eredivisie,Vitesse,Heerenveen,0 - 4,0 - 2,2,4,Yok
2022-08-20,2022,Eredivisie,Fortuna Sittard,Cambuur,1 - 4,1 - 0,2,5,Evet
2022-08-20,2022,Eredivisie,Emmen,Utrecht,3 - 2,1 - 2,1,5,Evet
2022-08-21,2022,Eredivisie,Groningen,GO Ahead Eagles,1 - 0,1 - 0,1,1,Yok
2022-08-21,2022,Eredivisie,Sparta Rotterdam,Ajax,0 - 1,0 - 1,2,1,Yok
2022-08-21,2022,Eredivisie,Waalwijk,Feyenoord,0 - 1,0 - 0,2,1,Yok
2022-08-26,2022,Eredivisie,NEC Nijmegen,Groningen,1 - 1,0 - 0,X,2,Evet
2022-08-27,2022,Eredivisie,GO Ahead Eagles,Sparta Rotterdam,0 - 1,0 - 1,2,1,Yok
2022-08-27,2022,Eredivisie,Vitesse,Waalwijk,2 - 2,0 - 1,X,4,Evet
2022-08-27,2022,Eredivisie,Feyenoord,Emmen,4 - 0,0 - 0,1,4,Yok
2022-08-27,2022,Eredivisie,Heerenveen,Fortuna Sittard,2 - 1,2 - 0,1,3,Evet
2022-08-28,2022,Eredivisie,Utrecht,Ajax,0 - 2,0 - 2,2,2,Yok
2022-08-28,2022,Eredivisie,Excelsior,PSV Eindhoven,1 - 6,0 - 3,2,7,Evet
2022-08-28,2022,Eredivisie,FC Volendam,Twente,1 - 0,0 - 0,1,1,Yok
2022-08-28,2022,Eredivisie,Cambuur,AZ Alkmaar,0 - 1,0 - 0,2,1,Yok
2022-08-31,2022,Eredivisie,PSV Eindhoven,FC Volendam,7 - 1,3 - 1,1,8,Evet
2022-08-31,2022,Eredivisie,Twente,Excelsior,4 - 0,2 - 0,1,4,Yok
2022-09-01,2022,Eredivisie,AZ Alkmaar,NEC Nijmegen,1 - 1,0 - 0,X,2,Evet
2022-09-02,2022,Eredivisie,Fortuna Sittard,Utrecht,3 - 4,0 - 0,2,7,Evet
2022-09-03,2022,Eredivisie,Ajax,Cambuur,4 - 0,2 - 0,1,4,Yok
2022-09-03,2022,Eredivisie,Twente,PSV Eindhoven,2 - 1,2 - 0,1,3,Evet
2022-09-03,2022,Eredivisie,Sparta Rotterdam,FC Volendam,4 - 0,1 - 0,1,4,Yok
2022-09-03,2022,Eredivisie,GO Ahead Eagles,Feyenoord,3 - 4,2 - 2,2,7,Evet
2022-09-04,2022,Eredivisie,Waalwijk,Excelsior,5 - 2,1 - 2,1,7,Evet
2022-09-04,2022,Eredivisie,Emmen,AZ Alkmaar,0 - 3,0 - 3,2,3,Yok
2022-09-04,2022,Eredivisie,Heerenveen,NEC Nijmegen,0 - 0,0 - 0,X,0,Yok
2022-09-04,2022,Eredivisie,Groningen,Vitesse,0 - 1,0 - 0,2,1,Yok
2022-09-09,2022,Eredivisie,FC Volendam,GO Ahead Eagles,2 - 3,1 - 1,2,5,Evet
2022-09-10,2022,Eredivisie,NEC Nijmegen,Fortuna Sittard,1 - 1,0 - 0,X,2,Evet
2022-09-10,2022,Eredivisie,Ajax,Heerenveen,5 - 0,2 - 0,1,5,Yok
2022-09-10,2022,Eredivisie,Excelsior,Emmen,2 - 1,0 - 1,1,3,Evet
2022-09-11,2022,Eredivisie,Utrecht,Vitesse,1 - 0,0 - 0,1,1,Yok
2022-09-11,2022,Eredivisie,PSV Eindhoven,Waalwijk,1 - 0,0 - 0,1,1,Yok
2022-09-11,2022,Eredivisie,Cambuur,Groningen,0 - 1,0 - 0,2,1,Yok
2022-09-11,2022,Eredivisie,AZ Alkmaar,Twente,1 - 1,0 - 0,X,2,Evet
2022-09-11,2022,Eredivisie,Feyenoord,Sparta Rotterdam,3 - 0,2 - 0,1,3,Yok
2022-09-16,2022,Eredivisie,Utrecht,NEC Nijmegen,0 - 0,0 - 0,X,0,Yok
2022-09-17,2022,Eredivisie,Sparta Rotterdam,Groningen,2 - 1,0 - 0,1,3,Evet
2022-09-17,2022,Eredivisie,Vitesse,FC Volendam,1 - 1,0 - 1,X,2,Evet
2022-09-17,2022,Eredivisie,Waalwijk,Cambuur,5 - 1,1 - 1,1,6,Evet
2022-09-17,2022,Eredivisie,Fortuna Sittard,Excelsior,1 - 0,0 - 0,1,1,Yok
2022-09-18,2022,Eredivisie,GO Ahead Eagles,Emmen,2 - 0,1 - 0,1,2,Yok
2022-09-18,2022,Eredivisie,PSV Eindhoven,Feyenoord,4 - 3,2 - 2,1,7,Evet
2022-09-18,2022,Eredivisie,Heerenveen,Twente,2 - 1,2 - 1,1,3,Evet
2022-09-18,2022,Eredivisie,AZ Alkmaar,Ajax,2 - 1,2 - 1,1,3,Evet
2022-10-01,2022,Eredivisie,Cambuur,PSV Eindhoven,3 - 0,0 - 0,1,3,Yok
2022-10-01,2022,Eredivisie,Groningen,AZ Alkmaar,1 - 4,1 - 2,2,5,Evet
2022-10-01,2022,Eredivisie,Ajax,GO Ahead Eagles,1 - 1,1 - 0,X,2,Evet
2022-10-01,2022,Eredivisie,Twente,Vitesse,3 - 0,1 - 0,1,3,Yok
2022-10-02,2022,Eredivisie,Fortuna Sittard,FC Volendam,2 - 0,2 - 0,1,2,Yok
2022-10-02,2022,Eredivisie,Excelsior,Utrecht,0 - 1,0 - 1,2,1,Yok
2022-10-02,2022,Eredivisie,NEC Nijmegen,Feyenoord,1 - 1,1 - 1,X,2,Evet
2022-10-02,2022,Eredivisie,Waalwijk,Sparta Rotterdam,2 - 2,1 - 1,X,4,Evet
2022-10-02,2022,Eredivisie,Emmen,Heerenveen,0 - 0,0 - 0,X,0,Yok
2022-10-07,2022,Eredivisie,Groningen,Waalwijk,2 - 3,1 - 1,2,5,Evet
2022-10-08,2022,Eredivisie,FC Volendam,Ajax,2 - 4,0 - 2,2,6,Evet
2022-10-08,2022,Eredivisie,Sparta Rotterdam,Emmen,3 - 1,1 - 0,1,4,Evet
2022-10-08,2022,Eredivisie,NEC Nijmegen,Excelsior,1 - 1,0 - 0,X,2,Evet
2022-10-09,2022,Eredivisie,GO Ahead Eagles,Cambuur,0 - 0,0 - 0,X,0,Yok
2022-10-09,2022,Eredivisie,Utrecht,AZ Alkmaar,1 - 2,0 - 1,2,3,Evet
2022-10-09,2022,Eredivisie,Feyenoord,Twente,2 - 0,1 - 0,1,2,Yok
2022-10-09,2022,Eredivisie,Heerenveen,PSV Eindhoven,0 - 1,0 - 0,2,1,Yok
2022-10-09,2022,Eredivisie,Vitesse,Fortuna Sittard,1 - 2,1 - 1,2,3,Evet
2022-10-14,2022,Eredivisie,Emmen,FC Volendam,1 - 1,0 - 0,X,2,Evet
2022-10-15,2022,Eredivisie,Fortuna Sittard,Waalwijk,0 - 0,0 - 0,X,0,Yok
2022-10-15,2022,Eredivisie,GO Ahead Eagles,Heerenveen,1 - 1,0 - 0,X,2,Evet
2022-10-15,2022,Eredivisie,Cambuur,Vitesse,0 - 3,0 - 1,2,3,Yok
2022-10-16,2022,Eredivisie,Sparta Rotterdam,NEC Nijmegen,2 - 0,2 - 0,1,2,Yok
2022-10-16,2022,Eredivisie,PSV Eindhoven,Utrecht,6 - 1,3 - 1,1,7,Evet
2022-10-16,2022,Eredivisie,Twente,Groningen,3 - 0,0 - 0,1,3,Yok
2022-10-16,2022,Eredivisie,AZ Alkmaar,Feyenoord,1 - 3,1 - 1,2,4,Evet
2022-10-16,2022,Eredivisie,Ajax,Excelsior,7 - 1,3 - 0,1,8,Evet
2022-10-22,2022,Eredivisie,Feyenoord,Fortuna Sittard,1 - 1,0 - 1,X,2,Evet
2022-10-22,2022,Eredivisie,Waalwijk,Ajax,1 - 4,1 - 1,2,5,Evet
2022-10-22,2022,Eredivisie,Vitesse,Emmen,2 - 1,2 - 0,1,3,Evet
2022-10-23,2022,Eredivisie,Excelsior,AZ Alkmaar,2 - 1,2 - 0,1,3,Evet
2022-10-23,2022,Eredivisie,Groningen,PSV Eindhoven,4 - 2,3 - 1,1,6,Evet
2022-10-23,2022,Eredivisie,NEC Nijmegen,GO Ahead Eagles,3 - 3,1 - 2,X,6,Evet
2022-10-23,2022,Eredivisie,Cambuur,Twente,0 - 1,0 - 0,2,1,Yok
2022-10-23,2022,Eredivisie,Utrecht,Sparta Rotterdam,3 - 1,1 - 0,1,4,Evet
2022-10-23,2022,Eredivisie,FC Volendam,Heerenveen,1 - 3,1 - 1,2,4,Evet
2022-10-29,2022,Eredivisie,Heerenveen,Utrecht,1 - 2,1 - 1,2,3,Evet
2022-10-29,2022,Eredivisie,Sparta Rotterdam,Fortuna Sittard,3 - 1,1 - 1,1,4,Evet
2022-10-29,2022,Eredivisie,GO Ahead Eagles,Excelsior,3 - 1,2 - 0,1,4,Evet
2022-10-30,2022,Eredivisie,Emmen,Groningen,0 - 0,0 - 0,X,0,Yok
2022-10-30,2022,Eredivisie,PSV Eindhoven,NEC Nijmegen,3 - 0,1 - 0,1,3,Yok
2022-10-30,2022,Eredivisie,Twente,Waalwijk,3 - 0,2 - 0,1,3,Yok
2022-10-30,2022,Eredivisie,AZ Alkmaar,FC Volendam,2 - 1,2 - 0,1,3,Evet
2022-11-04,2022,Eredivisie,Cambuur,NEC Nijmegen,0 - 1,0 - 1,2,1,Yok
2022-11-05,2022,Eredivisie,Vitesse,Sparta Rotterdam,0 - 4,0 - 0,2,4,Yok
2022-11-05,2022,Eredivisie,Fortuna Sittard,Emmen,0 - 1,0 - 0,2,1,Yok
2022-11-05,2022,Eredivisie,Excelsior,Heerenveen,0 - 1,0 - 0,2,1,Yok
2022-11-06,2022,Eredivisie,Utrecht,Groningen,2 - 1,0 - 1,1,3,Evet
2022-11-06,2022,Eredivisie,Twente,GO Ahead Eagles,1 - 1,1 - 0,X,2,Evet
2022-11-06,2022,Eredivisie,FC Volendam,Feyenoord,0 - 2,0 - 2,2,2,Yok
2022-11-06,2022,Eredivisie,Ajax,PSV Eindhoven,1 - 2,0 - 1,2,3,Evet
2022-11-06,2022,Eredivisie,Waalwijk,AZ Alkmaar,3 - 1,1 - 1,1,4,Evet
2022-11-09,2022,Eredivisie,Ajax,Vitesse,2 - 2,1 - 1,X,4,Evet
2022-11-10,2022,Eredivisie,Feyenoord,Cambuur,1 - 0,1 - 0,1,1,Yok
2022-11-11,2022,Eredivisie,Sparta Rotterdam,Twente,1 - 1,0 - 0,X,2,Evet
2022-11-12,2022,Eredivisie,FC Volendam,Utrecht,0 - 4,0 - 1,2,4,Yok
2022-11-12,2022,Eredivisie,Emmen,Ajax,3 - 3,1 - 3,X,6,Evet
2022-11-12,2022,Eredivisie,PSV Eindhoven,AZ Alkmaar,0 - 1,0 - 1,2,1,Yok
2022-11-13,2022,Eredivisie,NEC Nijmegen,Waalwijk,6 - 1,1 - 1,1,7,Evet
2022-11-13,2022,Eredivisie,Groningen,Fortuna Sittard,2 - 3,1 - 0,2,5,Evet
2022-11-13,2022,Eredivisie,Heerenveen,Cambuur,2 - 1,1 - 1,1,3,Evet
2022-11-13,2022,Eredivisie,Feyenoord,Excelsior,5 - 1,2 - 1,1,6,Evet
2022-11-13,2022,Eredivisie,GO Ahead Eagles,Vitesse,2 - 2,2 - 0,X,4,Evet
2023-01-06,2022,Eredivisie,Twente,Emmen,2 - 0,1 - 0,1,2,Yok
2023-01-07,2022,Eredivisie,Waalwijk,Heerenveen,0 - 0,0 - 0,X,0,Yok
2023-01-07,2022,Eredivisie,AZ Alkmaar,Vitesse,1 - 1,0 - 0,X,2,Evet
2023-01-07,2022,Eredivisie,Fortuna Sittard,GO Ahead Eagles,0 - 2,0 - 2,2,2,Yok
2023-01-07,2022,Eredivisie,PSV Eindhoven,Sparta Rotterdam,0 - 0,0 - 0,X,0,Yok
2023-01-08,2022,Eredivisie,Utrecht,Feyenoord,1 - 1,1 - 0,X,2,Evet
2023-01-08,2022,Eredivisie,NEC Nijmegen,Ajax,1 - 1,0 - 1,X,2,Evet
2023-01-08,2022,Eredivisie,Cambuur,FC Volendam,0 - 3,0 - 2,2,3,Yok
2023-01-08,2022,Eredivisie,Excelsior,Groningen,1 - 0,0 - 0,1,1,Yok
2023-01-14,2022,Eredivisie,Heerenveen,AZ Alkmaar,0 - 2,0 - 1,2,2,Yok
2023-01-14,2022,Eredivisie,FC Volendam,Waalwijk,2 - 1,0 - 0,1,3,Evet
2023-01-14,2022,Eredivisie,Ajax,Twente,0 - 0,0 - 0,X,0,Yok
2023-01-14,2022,Eredivisie,Sparta Rotterdam,Excelsior,1 - 0,0 - 0,1,1,Yok
2023-01-15,2022,Eredivisie,Vitesse,NEC Nijmegen,0 - 0,0 - 0,X,0,Yok
2023-01-15,2022,Eredivisie,Fortuna Sittard,PSV Eindhoven,2 - 2,1 - 0,X,4,Evet
2023-01-15,2022,Eredivisie,GO Ahead Eagles,Utrecht,2 - 2,1 - 2,X,4,Evet
2023-01-15,2022,Eredivisie,Groningen,Feyenoord,0 - 3,0 - 2,2,3,Yok
2023-01-15,2022,Eredivisie,Emmen,Cambuur,0 - 0,0 - 0,X,0,Yok
2023-01-20,2022,Eredivisie,Excelsior,FC Volendam,2 - 0,1 - 0,1,2,Yok
2023-01-21,2022,Eredivisie,NEC Nijmegen,Emmen,3 - 1,2 - 1,1,4,Evet
2023-01-21,2022,Eredivisie,PSV Eindhoven,Vitesse,1 - 0,0 - 0,1,1,Yok
2023-01-21,2022,Eredivisie,Cambuur,Sparta Rotterdam,0 - 3,0 - 2,2,3,Yok
2023-01-22,2022,Eredivisie,Heerenveen,Groningen,3 - 1,1 - 1,1,4,Evet
2023-01-22,2022,Eredivisie,Feyenoord,Ajax,1 - 1,1 - 0,X,2,Evet
2023-01-22,2022,Eredivisie,Twente,Utrecht,2 - 0,1 - 0,1,2,Yok
2023-01-22,2022,Eredivisie,AZ Alkmaar,Fortuna Sittard,3 - 1,2 - 1,1,4,Evet
2023-01-24,2022,Eredivisie,Emmen,PSV Eindhoven,1 - 0,1 - 0,1,1,Yok
2023-01-24,2022,Eredivisie,Sparta Rotterdam,Waalwijk,0 - 0,0 - 0,X,0,Yok
2023-01-25,2022,Eredivisie,Vitesse,Twente,2 - 2,1 - 1,X,4,Evet
2023-01-25,2022,Eredivisie,GO Ahead Eagles,AZ Alkmaar,1 - 4,0 - 1,2,5,Evet
2023-01-25,2022,Eredivisie,Fortuna Sittard,Heerenveen,2 - 0,0 - 0,1,2,Yok
2023-01-25,2022,Eredivisie,Utrecht,Excelsior,1 - 0,1 - 0,1,1,Yok
2023-01-25,2022,Eredivisie,Feyenoord,NEC Nijmegen,2 - 0,2 - 0,1,2,Yok
2023-01-26,2022,Eredivisie,Groningen,Cambuur,0 - 1,0 - 0,2,1,Yok
2023-01-26,2022,Eredivisie,Ajax,FC Volendam,1 - 1,0 - 0,X,2,Evet
2023-01-28,2022,Eredivisie,PSV Eindhoven,GO Ahead Eagles,2 - 0,1 - 0,1,2,Yok
2023-01-28,2022,Eredivisie,Waalwijk,Emmen,2 - 0,2 - 0,1,2,Yok
2023-01-28,2022,Eredivisie,Heerenveen,Vitesse,1 - 3,1 - 2,2,4,Evet
2023-01-28,2022,Eredivisie,NEC Nijmegen,Sparta Rotterdam,1 - 1,0 - 0,X,2,Evet
2023-01-28,2022,Eredivisie,AZ Alkmaar,Utrecht,5 - 5,3 - 3,X,10,Evet
2023-01-29,2022,Eredivisie,Twente,Feyenoord,1 - 1,0 - 1,X,2,Evet
2023-01-29,2022,Eredivisie,Excelsior,Ajax,1 - 4,1 - 2,2,5,Evet
2023-01-29,2022,Eredivisie,FC Volendam,Groningen,3 - 2,1 - 0,1,5,Evet
2023-01-29,2022,Eredivisie,Cambuur,Fortuna Sittard,1 - 2,1 - 0,2,3,Evet
2023-02-01,2022,Eredivisie,Waalwijk,GO Ahead Eagles,3 - 1,1 - 1,1,4,Evet
2023-02-03,2022,Eredivisie,Fortuna Sittard,Sparta Rotterdam,0 - 0,0 - 0,X,0,Yok
2023-02-04,2022,Eredivisie,FC Volendam,AZ Alkmaar,1 - 1,0 - 0,X,2,Evet
2023-02-04,2022,Eredivisie,Utrecht,Heerenveen,1 - 0,0 - 0,1,1,Yok
2023-02-04,2022,Eredivisie,Emmen,Vitesse,2 - 2,1 - 2,X,4,Evet
2023-02-04,2022,Eredivisie,Excelsior,Waalwijk,0 - 0,0 - 0,X,0,Yok
2023-02-05,2022,Eredivisie,Cambuur,Ajax,0 - 5,0 - 2,2,5,Yok
2023-02-05,2022,Eredivisie,Feyenoord,PSV Eindhoven,2 - 2,0 - 1,X,4,Evet
2023-02-05,2022,Eredivisie,GO Ahead Eagles,NEC Nijmegen,1 - 0,1 - 0,1,1,Yok
2023-02-05,2022,Eredivisie,Groningen,Twente,1 - 1,0 - 1,X,2,Evet
2023-02-10,2022,Eredivisie,AZ Alkmaar,Excelsior,5 - 0,5 - 0,1,5,Yok
2023-02-11,2022,Eredivisie,NEC Nijmegen,Cambuur,0 - 0,0 - 0,X,0,Yok
2023-02-11,2022,Eredivisie,PSV Eindhoven,Groningen,6 - 0,1 - 0,1,6,Yok
2023-02-11,2022,Eredivisie,Emmen,Fortuna Sittard,0 - 1,0 - 0,2,1,Yok
2023-02-12,2022,Eredivisie,Sparta Rotterdam,GO Ahead Eagles,2 - 1,1 - 0,1,3,Evet
2023-02-12,2022,Eredivisie,Vitesse,Utrecht,2 - 0,0 - 0,1,2,Yok
2023-02-12,2022,Eredivisie,Heerenveen,Feyenoord,1 - 2,0 - 2,2,3,Evet
2023-02-12,2022,Eredivisie,Ajax,Waalwijk,3 - 1,0 - 1,1,4,Evet
2023-02-12,2022,Eredivisie,Twente,FC Volendam,3 - 0,3 - 0,1,3,Yok
2023-02-17,2022,Eredivisie,Waalwijk,Fortuna Sittard,3 - 1,0 - 0,1,4,Evet
2023-02-18,2022,Eredivisie,FC Volendam,Vitesse,2 - 0,1 - 0,1,2,Yok
2023-02-18,2022,Eredivisie,Groningen,Emmen,1 - 1,1 - 1,X,2,Evet
2023-02-18,2022,Eredivisie,Feyenoord,AZ Alkmaar,2 - 1,1 - 1,1,3,Evet
2023-02-19,2022,Eredivisie,Cambuur,Heerenveen,1 - 2,1 - 1,2,3,Evet
2023-02-19,2022,Eredivisie,Utrecht,PSV Eindhoven,2 - 2,1 - 1,X,4,Evet
2023-02-19,2022,Eredivisie,GO Ahead Eagles,Twente,2 - 0,2 - 0,1,2,Yok
2023-02-19,2022,Eredivisie,Ajax,Sparta Rotterdam,4 - 0,2 - 0,1,4,Yok
2023-02-19,2022,Eredivisie,Excelsior,NEC Nijmegen,0 - 3,0 - 1,2,3,Yok
2023-02-24,2022,Eredivisie,Sparta Rotterdam,Utrecht,0 - 3,0 - 0,2,3,Yok
2023-02-25,2022,Eredivisie,Groningen,Excelsior,3 - 0,1 - 0,1,3,Yok
2023-02-25,2022,Eredivisie,Heerenveen,Waalwijk,1 - 4,1 - 0,2,5,Evet
2023-02-25,2022,Eredivisie,AZ Alkmaar,Cambuur,2 - 1,1 - 0,1,3,Evet
2023-02-25,2022,Eredivisie,NEC Nijmegen,FC Volendam,3 - 0,0 - 0,1,3,Yok
2023-02-26,2022,Eredivisie,Fortuna Sittard,Feyenoord,2 - 4,0 - 3,2,6,Evet
2023-02-26,2022,Eredivisie,Vitesse,Ajax,1 - 2,1 - 1,2,3,Evet
2023-02-26,2022,Eredivisie,Emmen,GO Ahead Eagles,2 - 2,1 - 1,X,4,Evet
2023-02-26,2022,Eredivisie,PSV Eindhoven,Twente,3 - 1,1 - 0,1,4,Evet
2023-03-03,2022,Eredivisie,Vitesse,AZ Alkmaar,0 - 1,0 - 1,2,1,Yok
2023-03-03,2022,Eredivisie,Utrecht,Fortuna Sittard,1 - 2,0 - 0,2,3,Evet
2023-03-04,2022,Eredivisie,FC Volendam,Emmen,3 - 1,0 - 0,1,4,Evet
2023-03-04,2022,Eredivisie,Feyenoord,Groningen,1 - 0,0 - 0,1,1,Yok
2023-03-04,2022,Eredivisie,Twente,Heerenveen,3 - 3,1 - 1,X,6,Evet
2023-03-05,2022,Eredivisie,Excelsior,Sparta Rotterdam,1 - 4,1 - 1,2,5,Evet
2023-03-05,2022,Eredivisie,Waalwijk,PSV Eindhoven,0 - 1,0 - 1,2,1,Yok
2023-03-05,2022,Eredivisie,Ajax,NEC Nijmegen,1 - 0,0 - 0,1,1,Yok
2023-03-05,2022,Eredivisie,Cambuur,GO Ahead Eagles,4 - 1,2 - 1,1,5,Evet
2023-03-11,2022,Eredivisie,Emmen,Excelsior,2 - 0,0 - 0,1,2,Yok
2023-03-11,2022,Eredivisie,Fortuna Sittard,Twente,0 - 3,0 - 0,2,3,Yok
2023-03-11,2022,Eredivisie,AZ Alkmaar,Groningen,1 - 0,1 - 0,1,1,Yok
2023-03-11,2022,Eredivisie,Sparta Rotterdam,Vitesse,3 - 1,2 - 1,1,4,Evet
2023-03-12,2022,Eredivisie,NEC Nijmegen,Utrecht,2 - 2,1 - 0,X,4,Evet
2023-03-12,2022,Eredivisie,Heerenveen,Ajax,2 - 4,1 - 3,2,6,Evet
2023-03-12,2022,Eredivisie,PSV Eindhoven,Cambuur,5 - 2,1 - 1,1,7,Evet
2023-03-12,2022,Eredivisie,Feyenoord,FC Volendam,2 - 1,0 - 1,1,3,Evet
2023-03-17,2022,Eredivisie,FC Volendam,Fortuna Sittard,2 - 1,1 - 0,1,3,Evet
2023-03-18,2022,Eredivisie,Utrecht,GO Ahead Eagles,1 - 2,1 - 1,2,3,Evet
2023-03-18,2022,Eredivisie,Emmen,Sparta Rotterdam,0 - 2,0 - 1,2,2,Yok
2023-03-18,2022,Eredivisie,Waalwijk,NEC Nijmegen,1 - 3,0 - 3,2,4,Evet
2023-03-19,2022,Eredivisie,Groningen,Heerenveen,0 - 2,0 - 2,2,2,Yok
2023-03-19,2022,Eredivisie,Ajax,Feyenoord,2 - 3,2 - 1,2,5,Evet
2023-03-19,2022,Eredivisie,Excelsior,Cambuur,4 - 1,4 - 0,1,5,Evet
2023-03-19,2022,Eredivisie,Vitesse,PSV Eindhoven,1 - 1,0 - 1,X,2,Evet
2023-03-19,2022,Eredivisie,Twente,AZ Alkmaar,2 - 1,2 - 0,1,3,Evet
2023-04-01,2022,Eredivisie,AZ Alkmaar,Heerenveen,1 - 1,0 - 1,X,2,Evet
2023-04-01,2022,Eredivisie,Excelsior,Twente,0 - 0,0 - 0,X,0,Yok
2023-04-01,2022,Eredivisie,NEC Nijmegen,PSV Eindhoven,2 - 4,0 - 3,2,6,Evet
2023-04-01,2022,Eredivisie,Cambuur,Emmen,1 - 2,0 - 0,2,3,Evet
2023-04-01,2022,Eredivisie,Waalwijk,Vitesse,1 - 0,1 - 0,1,1,Yok
2023-04-02,2022,Eredivisie,GO Ahead Eagles,Ajax,0 - 0,0 - 0,X,0,Yok
2023-04-02,2022,Eredivisie,Utrecht,FC Volendam,0 - 0,0 - 0,X,0,Yok
2023-04-02,2022,Eredivisie,Sparta Rotterdam,Feyenoord,1 - 3,1 - 1,2,4,Evet
2023-04-02,2022,Eredivisie,Fortuna Sittard,Groningen,3 - 1,2 - 0,1,4,Evet
2023-04-07,2022,Eredivisie,Groningen,Utrecht,1 - 2,1 - 1,2,3,Evet
2023-04-08,2022,Eredivisie,Vitesse,GO Ahead Eagles,2 - 0,1 - 0,1,2,Yok
2023-04-08,2022,Eredivisie,PSV Eindhoven,Excelsior,4 - 0,1 - 0,1,4,Yok
2023-04-08,2022,Eredivisie,AZ Alkmaar,Sparta Rotterdam,0 - 1,0 - 1,2,1,Yok
2023-04-08,2022,Eredivisie,Heerenveen,FC Volendam,2 - 1,2 - 1,1,3,Evet
2023-04-09,2022,Eredivisie,Twente,Cambuur,4 - 0,3 - 0,1,4,Yok
2023-04-09,2022,Eredivisie,Emmen,NEC Nijmegen,0 - 0,0 - 0,X,0,Yok
2023-04-09,2022,Eredivisie,Ajax,Fortuna Sittard,4 - 0,2 - 0,1,4,Yok
2023-04-09,2022,Eredivisie,Feyenoord,Waalwijk,5 - 1,3 - 0,1,6,Evet
2023-04-14,2022,Eredivisie,Excelsior,GO Ahead Eagles,2 - 1,0 - 0,1,3,Evet
2023-04-15,2022,Eredivisie,Waalwijk,Groningen,2 - 1,0 - 0,1,3,Evet
2023-04-15,2022,Eredivisie,Sparta Rotterdam,Heerenveen,4 - 0,1 - 0,1,4,Yok
2023-04-16,2022,Eredivisie,NEC Nijmegen,Vitesse,1 - 4,0 - 2,2,5,Evet
2023-04-16,2022,Eredivisie,Utrecht,Twente,1 - 0,0 - 0,1,1,Yok
2023-04-16,2022,Eredivisie,FC Volendam,PSV Eindhoven,2 - 3,0 - 2,2,5,Evet
2023-04-16,2022,Eredivisie,Cambuur,Feyenoord,0 - 3,0 - 1,2,3,Yok
2023-04-16,2022,Eredivisie,Ajax,Emmen,3 - 1,2 - 0,1,4,Evet
2023-04-16,2022,Eredivisie,Fortuna Sittard,AZ Alkmaar,0 - 3,0 - 2,2,3,Yok
2023-04-19,2022,Eredivisie,GO Ahead Eagles,Waalwijk,3 - 2,2 - 1,1,5,Evet
2023-04-21,2022,Eredivisie,FC Volendam,Cambuur,2 - 0,1 - 0,1,2,Yok
2023-04-22,2022,Eredivisie,Heerenveen,Emmen,2 - 3,1 - 0,2,5,Evet
2023-04-22,2022,Eredivisie,Vitesse,Excelsior,0 - 0,0 - 0,X,0,Yok
2023-04-23,2022,Eredivisie,Twente,Sparta Rotterdam,3 - 3,1 - 2,X,6,Evet
2023-04-23,2022,Eredivisie,PSV Eindhoven,Ajax,3 - 0,1 - 0,1,3,Yok
2023-04-23,2022,Eredivisie,GO Ahead Eagles,Fortuna Sittard,2 - 0,1 - 0,1,2,Yok
2023-04-23,2022,Eredivisie,Feyenoord,Utrecht,3 - 1,1 - 0,1,4,Evet
2023-04-23,2022,Eredivisie,AZ Alkmaar,Waalwijk,3 - 0,1 - 0,1,3,Yok
2023-04-25,2022,Eredivisie,Groningen,NEC Nijmegen,0 - 1,0 - 0,2,1,Yok
2023-05-05,2022,Eredivisie,Waalwijk,FC Volendam,4 - 1,2 - 0,1,5,Evet
2023-05-06,2022,Eredivisie,Sparta Rotterdam,PSV Eindhoven,0 - 1,0 - 0,2,1,Yok
2023-05-06,2022,Eredivisie,NEC Nijmegen,Heerenveen,2 - 3,1 - 1,2,5,Evet
2023-05-06,2022,Eredivisie,Cambuur,Utrecht,0 - 3,0 - 2,2,3,Yok
2023-05-06,2022,Eredivisie,Ajax,AZ Alkmaar,0 - 0,0 - 0,X,0,Yok
2023-05-07,2022,Eredivisie,Emmen,Twente,0 - 3,0 - 0,2,3,Yok
2023-05-07,2022,Eredivisie,Excelsior,Feyenoord,0 - 2,0 - 1,2,2,Yok
2023-05-07,2022,Eredivisie,GO Ahead Eagles,Groningen,1 - 1,1 - 1,X,2,Evet
2023-05-07,2022,Eredivisie,Fortuna Sittard,Vitesse,2 - 0,0 - 0,1,2,Yok
2023-05-12,2022,Eredivisie,Twente,NEC Nijmegen,4 - 0,1 - 0,1,4,Yok
2023-05-13,2022,Eredivisie,FC Volendam,Sparta Rotterdam,2 - 1,1 - 1,1,3,Evet
2023-05-13,2022,Eredivisie,Heerenveen,Excelsior,0 - 0,0 - 0,X,0,Yok
2023-05-13,2022,Eredivisie,Utrecht,Waalwijk,2 - 0,0 - 0,1,2,Yok
2023-05-14,2022,Eredivisie,Vitesse,Cambuur,2 - 0,0 - 0,1,2,Yok
2023-05-14,2022,Eredivisie,Feyenoord,GO Ahead Eagles,3 - 0,2 - 0,1,3,Yok
2023-05-14,2022,Eredivisie,PSV Eindhoven,Fortuna Sittard,2 - 1,1 - 1,1,3,Evet
2023-05-14,2022,Eredivisie,AZ Alkmaar,Emmen,5 - 1,5 - 0,1,6,Evet
2023-05-16,2022,Eredivisie,Groningen,Ajax,2 - 3,1 - 1,2,5,Evet
2023-05-21,2022,Eredivisie,Ajax,Utrecht,3 - 1,1 - 0,1,4,Evet
2023-05-21,2022,Eredivisie,Excelsior,Fortuna Sittard,3 - 0,0 - 0,1,3,Yok
2023-05-21,2022,Eredivisie,PSV Eindhoven,Heerenveen,3 - 3,1 - 2,X,6,Evet
2023-05-21,2022,Eredivisie,Vitesse,Groningen,6 - 0,2 - 0,1,6,Yok
2023-05-21,2022,Eredivisie,Emmen,Feyenoord,1 - 3,1 - 1,2,4,Evet
2023-05-21,2022,Eredivisie,GO Ahead Eagles,FC Volendam,3 - 0,1 - 0,1,3,Yok
2023-05-21,2022,Eredivisie,NEC Nijmegen,AZ Alkmaar,0 - 3,0 - 2,2,3,Yok
2023-05-21,2022,Eredivisie,Waalwijk,Twente,0 - 5,0 - 2,2,5,Yok
2023-05-21,2022,Eredivisie,Sparta Rotterdam,Cambuur,4 - 1,3 - 1,1,5,Evet
2023-05-22,2022,Eredivisie,FC Eindhoven,Almere City FC,1 - 0,0 - 0,1,1,Yok
2023-05-23,2022,Eredivisie,VVV Venlo,Willem II,3 - 2,2 - 2,1,5,Evet
2023-05-23,2022,Eredivisie,NAC Breda,MVV,1 - 0,1 - 0,1,1,Yok
2023-05-26,2022,Eredivisie,Almere City FC,FC Eindhoven,3 - 1,0 - 0,1,4,Evet
2023-05-27,2022,Eredivisie,Willem II,VVV Venlo,2 - 2,2 - 0,X,4,Evet
2023-05-27,2022,Eredivisie,MVV,NAC Breda,1 - 4,0 - 3,2,5,Evet
2023-05-28,2022,Eredivisie,AZ Alkmaar,PSV Eindhoven,1 - 2,0 - 0,2,3,Evet
2023-05-28,2022,Eredivisie,Groningen,Sparta Rotterdam,0 - 5,0 - 1,2,5,Yok
2023-05-28,2022,Eredivisie,Fortuna Sittard,NEC Nijmegen,1 - 1,0 - 0,X,2,Evet
2023-05-28,2022,Eredivisie,Utrecht,Emmen,3 - 2,1 - 1,1,5,Evet
2023-05-28,2022,Eredivisie,Feyenoord,Vitesse,0 - 1,0 - 1,2,1,Yok
2023-05-28,2022,Eredivisie,Heerenveen,GO Ahead Eagles,2 - 0,1 - 0,1,2,Yok
2023-05-28,2022,Eredivisie,Twente,Ajax,3 - 1,0 - 1,1,4,Evet
2023-05-28,2022,Eredivisie,FC Volendam,Excelsior,3 - 2,3 - 0,1,5,Evet
2023-05-28,2022,Eredivisie,Cambuur,Waalwijk,4 - 0,2 - 0,1,4,Yok
2023-05-30,2022,Eredivisie,VVV Venlo,Almere City FC,1 - 1,1 - 1,X,2,Evet
2023-05-31,2022,Eredivisie,NAC Breda,Emmen,1 - 2,0 - 2,2,3,Evet
2023-06-01,2022,Eredivisie,Heerenveen,Twente,1 - 2,1 - 1,2,3,Evet
2023-06-01,2022,Eredivisie,Utrecht,Sparta Rotterdam,1 - 2,0 - 2,2,3,Evet
2023-06-03,2022,Eredivisie,Almere City FC,VVV Venlo,1 - 1,0 - 0,X,2,Evet
2023-06-03,2022,Eredivisie,Emmen,NAC Breda,2 - 0,0 - 0,1,2,Yok
2023-06-04,2022,Eredivisie,Twente,Heerenveen,4 - 0,3 - 0,1,4,Yok
2023-06-04,2022,Eredivisie,Sparta Rotterdam,Utrecht,0 - 1,0 - 0,2,1,Yok
2023-06-06,2022,Eredivisie,Almere City FC,Emmen,2 - 0,0 - 0,1,2,Yok
2023-06-08,2022,Eredivisie,Sparta Rotterdam,Twente,1 - 1,0 - 0,X,2,Evet
2023-06-11,2022,Eredivisie,Twente,Sparta Rotterdam,1 - 0,0 - 0,1,1,Yok
2023-06-11,2022,Eredivisie,Emmen,Almere City FC,1 - 2,0 - 0,2,3,Evet
2021-08-13,2021,Eredivisie,GO Ahead Eagles,Heerenveen,0 - 1,0 - 1,2,1,Yok
2021-08-14,2021,Eredivisie,Waalwijk,AZ Alkmaar,1 - 0,1 - 0,1,1,Yok
2021-08-14,2021,Eredivisie,Heracles,PSV Eindhoven,0 - 2,0 - 1,2,2,Yok
2021-08-14,2021,Eredivisie,Fortuna Sittard,Twente,2 - 1,0 - 1,1,3,Evet
2021-08-14,2021,Eredivisie,Ajax,NEC Nijmegen,5 - 0,5 - 0,1,5,Yok
2021-08-15,2021,Eredivisie,Cambuur,Groningen,1 - 2,0 - 1,2,3,Evet
2021-08-15,2021,Eredivisie,PEC Zwolle,Vitesse,0 - 1,0 - 1,2,1,Yok
2021-08-15,2021,Eredivisie,Utrecht,Sparta Rotterdam,4 - 0,1 - 0,1,4,Yok
2021-08-15,2021,Eredivisie,Willem II,Feyenoord,0 - 4,0 - 2,2,4,Yok
2021-08-20,2021,Eredivisie,NEC Nijmegen,PEC Zwolle,2 - 0,2 - 0,1,2,Yok
2021-08-21,2021,Eredivisie,Heerenveen,Waalwijk,3 - 2,3 - 0,1,5,Evet
2021-08-21,2021,Eredivisie,PSV Eindhoven,Cambuur,4 - 1,2 - 0,1,5,Evet
2021-08-21,2021,Eredivisie,Sparta Rotterdam,Heracles,1 - 1,1 - 0,X,2,Evet
2021-08-21,2021,Eredivisie,Groningen,Utrecht,0 - 0,0 - 0,X,0,Yok
2021-08-22,2021,Eredivisie,Twente,Ajax,1 - 1,0 - 0,X,2,Evet
2021-08-22,2021,Eredivisie,Feyenoord,GO Ahead Eagles,2 - 0,0 - 0,1,2,Yok
2021-08-22,2021,Eredivisie,Vitesse,Willem II,0 - 3,0 - 2,2,3,Yok
2021-08-27,2021,Eredivisie,Fortuna Sittard,Waalwijk,2 - 2,1 - 1,X,4,Evet
2021-08-28,2021,Eredivisie,Cambuur,Twente,2 - 0,0 - 0,1,2,Yok
2021-08-28,2021,Eredivisie,PSV Eindhoven,Groningen,5 - 2,3 - 2,1,7,Evet
2021-08-28,2021,Eredivisie,GO Ahead Eagles,Sparta Rotterdam,2 - 0,1 - 0,1,2,Yok
2021-08-28,2021,Eredivisie,Willem II,PEC Zwolle,1 - 0,0 - 0,1,1,Yok
2021-08-29,2021,Eredivisie,Utrecht,Feyenoord,3 - 1,1 - 1,1,4,Evet
2021-08-29,2021,Eredivisie,Ajax,Vitesse,5 - 0,3 - 0,1,5,Yok
2021-08-29,2021,Eredivisie,Heracles,NEC Nijmegen,0 - 1,0 - 0,2,1,Yok
2021-08-29,2021,Eredivisie,Heerenveen,AZ Alkmaar,1 - 3,1 - 1,2,4,Evet
2021-09-11,2021,Eredivisie,Twente,Utrecht,1 - 0,0 - 0,1,1,Yok
2021-09-11,2021,Eredivisie,PEC Zwolle,Ajax,0 - 2,0 - 1,2,2,Yok
2021-09-11,2021,Eredivisie,Cambuur,GO Ahead Eagles,5 - 2,1 - 1,1,7,Evet
2021-09-11,2021,Eredivisie,AZ Alkmaar,PSV Eindhoven,0 - 3,0 - 1,2,3,Yok
2021-09-12,2021,Eredivisie,NEC Nijmegen,Willem II,0 - 0,0 - 0,X,0,Yok
2021-09-12,2021,Eredivisie,Groningen,Heerenveen,1 - 1,0 - 1,X,2,Evet
2021-09-12,2021,Eredivisie,Sparta Rotterdam,Fortuna Sittard,3 - 1,2 - 0,1,4,Evet
2021-09-12,2021,Eredivisie,Waalwijk,Vitesse,1 - 2,1 - 1,2,3,Evet
2021-09-17,2021,Eredivisie,Sparta Rotterdam,NEC Nijmegen,1 - 1,1 - 1,X,2,Evet
2021-09-18,2021,Eredivisie,Heerenveen,Fortuna Sittard,1 - 0,1 - 0,1,1,Yok
2021-09-18,2021,Eredivisie,Willem II,Groningen,2 - 1,2 - 0,1,3,Evet
2021-09-18,2021,Eredivisie,Ajax,Cambuur,9 - 0,4 - 0,1,9,Yok
2021-09-18,2021,Eredivisie,Utrecht,Waalwijk,2 - 2,1 - 2,X,4,Evet
2021-09-19,2021,Eredivisie,GO Ahead Eagles,PEC Zwolle,1 - 0,0 - 0,1,1,Yok
2021-09-19,2021,Eredivisie,PSV Eindhoven,Feyenoord,0 - 4,0 - 1,2,4,Yok
2021-09-19,2021,Eredivisie,Vitesse,Twente,1 - 4,0 - 2,2,5,Evet
2021-09-19,2021,Eredivisie,Heracles,AZ Alkmaar,3 - 2,1 - 1,1,5,Evet
2021-09-21,2021,Eredivisie,Fortuna Sittard,Ajax,0 - 5,0 - 3,2,5,Yok
2021-09-21,2021,Eredivisie,Waalwijk,Willem II,1 - 2,0 - 0,2,3,Evet
2021-09-22,2021,Eredivisie,GO Ahead Eagles,PSV Eindhoven,1 - 2,0 - 1,2,3,Evet
2021-09-22,2021,Eredivisie,NEC Nijmegen,Utrecht,0 - 3,0 - 1,2,3,Yok
2021-09-22,2021,Eredivisie,Groningen,Vitesse,0 - 1,0 - 1,2,1,Yok
2021-09-22,2021,Eredivisie,PEC Zwolle,Sparta Rotterdam,1 - 1,1 - 1,X,2,Evet
2021-09-22,2021,Eredivisie,Feyenoord,Heerenveen,3 - 1,1 - 0,1,4,Evet
2021-09-23,2021,Eredivisie,Cambuur,Heracles,2 - 1,1 - 0,1,3,Evet
2021-09-23,2021,Eredivisie,Twente,AZ Alkmaar,3 - 1,2 - 1,1,4,Evet
2021-09-25,2021,Eredivisie,Willem II,PSV Eindhoven,2 - 1,1 - 1,1,3,Evet
2021-09-25,2021,Eredivisie,Ajax,Groningen,3 - 0,1 - 0,1,3,Yok
2021-09-25,2021,Eredivisie,Vitesse,Fortuna Sittard,1 - 1,0 - 1,X,2,Evet
2021-09-25,2021,Eredivisie,Utrecht,PEC Zwolle,5 - 1,1 - 0,1,6,Evet
2021-09-25,2021,Eredivisie,Feyenoord,NEC Nijmegen,5 - 3,2 - 2,1,8,Evet
2021-09-26,2021,Eredivisie,Sparta Rotterdam,Cambuur,0 - 4,0 - 1,2,4,Yok
2021-09-26,2021,Eredivisie,AZ Alkmaar,GO Ahead Eagles,5 - 0,2 - 0,1,5,Yok
2021-09-26,2021,Eredivisie,Heerenveen,Twente,2 - 3,0 - 2,2,5,Evet
2021-09-26,2021,Eredivisie,Heracles,Waalwijk,1 - 0,0 - 0,1,1,Yok
2021-10-01,2021,Eredivisie,Groningen,Twente,1 - 1,1 - 0,X,2,Evet
2021-10-02,2021,Eredivisie,Waalwijk,GO Ahead Eagles,1 - 1,0 - 1,X,2,Evet
2021-10-02,2021,Eredivisie,PEC Zwolle,Heerenveen,0 - 1,0 - 0,2,1,Yok
2021-10-02,2021,Eredivisie,Heracles,Willem II,3 - 2,1 - 0,1,5,Evet
2021-10-02,2021,Eredivisie,Fortuna Sittard,NEC Nijmegen,1 - 3,1 - 2,2,4,Evet
2021-10-03,2021,Eredivisie,Ajax,Utrecht,0 - 1,0 - 0,2,1,Yok
2021-10-03,2021,Eredivisie,Cambuur,AZ Alkmaar,1 - 3,0 - 2,2,4,Evet
2021-10-03,2021,Eredivisie,Vitesse,Feyenoord,2 - 1,1 - 1,1,3,Evet
2021-10-03,2021,Eredivisie,PSV Eindhoven,Sparta Rotterdam,2 - 1,0 - 0,1,3,Evet
2021-10-16,2021,Eredivisie,Feyenoord,Waalwijk,2 - 2,1 - 2,X,4,Evet
2021-10-16,2021,Eredivisie,Heerenveen,Ajax,0 - 2,0 - 1,2,2,Yok
2021-10-16,2021,Eredivisie,GO Ahead Eagles,Heracles,4 - 2,1 - 1,1,6,Evet
2021-10-16,2021,Eredivisie,PSV Eindhoven,PEC Zwolle,3 - 1,0 - 1,1,4,Evet
2021-10-16,2021,Eredivisie,Fortuna Sittard,Cambuur,1 - 0,0 - 0,1,1,Yok
2021-10-17,2021,Eredivisie,AZ Alkmaar,Utrecht,5 - 1,3 - 0,1,6,Evet
2021-10-17,2021,Eredivisie,NEC Nijmegen,Vitesse,0 - 1,0 - 1,2,1,Yok
2021-10-17,2021,Eredivisie,Sparta Rotterdam,Groningen,1 - 1,1 - 1,X,2,Evet
2021-10-17,2021,Eredivisie,Twente,Willem II,1 - 1,1 - 1,X,2,Evet
2021-10-22,2021,Eredivisie,Willem II,Fortuna Sittard,1 - 1,0 - 0,X,2,Evet
2021-10-23,2021,Eredivisie,Utrecht,Heerenveen,2 - 1,1 - 1,1,3,Evet
2021-10-23,2021,Eredivisie,PEC Zwolle,Heracles,1 - 0,0 - 0,1,1,Yok
2021-10-23,2021,Eredivisie,Waalwijk,Sparta Rotterdam,1 - 0,0 - 0,1,1,Yok
2021-10-24,2021,Eredivisie,Twente,NEC Nijmegen,1 - 2,0 - 0,2,3,Evet
2021-10-24,2021,Eredivisie,Vitesse,GO Ahead Eagles,1 - 2,1 - 0,2,3,Evet
2021-10-24,2021,Eredivisie,Cambuur,Feyenoord,2 - 3,1 - 2,2,5,Evet
2021-10-24,2021,Eredivisie,Ajax,PSV Eindhoven,5 - 0,1 - 0,1,5,Yok
2021-10-24,2021,Eredivisie,Groningen,AZ Alkmaar,2 - 0,1 - 0,1,2,Yok
2021-10-30,2021,Eredivisie,PSV Eindhoven,Twente,5 - 2,2 - 2,1,7,Evet
2021-10-30,2021,Eredivisie,Heracles,Ajax,0 - 0,0 - 0,X,0,Yok
2021-10-30,2021,Eredivisie,Heerenveen,Vitesse,1 - 2,1 - 0,2,3,Evet
2021-10-30,2021,Eredivisie,AZ Alkmaar,PEC Zwolle,3 - 2,2 - 2,1,5,Evet
2021-10-31,2021,Eredivisie,Sparta Rotterdam,Feyenoord,0 - 1,0 - 0,2,1,Yok
2021-10-31,2021,Eredivisie,NEC Nijmegen,Groningen,3 - 0,1 - 0,1,3,Yok
2021-10-31,2021,Eredivisie,Utrecht,Willem II,5 - 1,2 - 1,1,6,Evet
2021-10-31,2021,Eredivisie,Waalwijk,Cambuur,0 - 1,0 - 0,2,1,Yok
2021-10-31,2021,Eredivisie,GO Ahead Eagles,Fortuna Sittard,4 - 3,0 - 2,1,7,Evet
2021-11-05,2021,Eredivisie,Twente,Heracles,1 - 0,1 - 0,1,1,Yok
2021-11-06,2021,Eredivisie,NEC Nijmegen,Heerenveen,1 - 1,0 - 0,X,2,Evet
2021-11-06,2021,Eredivisie,Willem II,Sparta Rotterdam,0 - 3,0 - 2,2,3,Yok
2021-11-06,2021,Eredivisie,PEC Zwolle,Cambuur,1 - 2,0 - 1,2,3,Evet
2021-11-07,2021,Eredivisie,Groningen,Waalwijk,1 - 1,0 - 1,X,2,Evet
2021-11-07,2021,Eredivisie,Fortuna Sittard,PSV Eindhoven,1 - 4,0 - 1,2,5,Evet
2021-11-07,2021,Eredivisie,Vitesse,Utrecht,2 - 1,2 - 0,1,3,Evet
2021-11-07,2021,Eredivisie,Feyenoord,AZ Alkmaar,1 - 0,0 - 0,1,1,Yok
2021-11-07,2021,Eredivisie,Ajax,GO Ahead Eagles,0 - 0,0 - 0,X,0,Yok
2021-11-20,2021,Eredivisie,PSV Eindhoven,Vitesse,2 - 0,2 - 0,1,2,Yok
2021-11-20,2021,Eredivisie,Sparta Rotterdam,Twente,0 - 1,0 - 0,2,1,Yok
2021-11-20,2021,Eredivisie,AZ Alkmaar,NEC Nijmegen,1 - 1,0 - 1,X,2,Evet
2021-11-20,2021,Eredivisie,Heracles,Fortuna Sittard,3 - 1,2 - 1,1,4,Evet
2021-11-21,2021,Eredivisie,GO Ahead Eagles,Groningen,0 - 1,0 - 0,2,1,Yok
2021-11-21,2021,Eredivisie,Feyenoord,PEC Zwolle,4 - 0,4 - 0,1,4,Yok
2021-11-21,2021,Eredivisie,Heerenveen,Willem II,2 - 1,0 - 0,1,3,Evet
2021-11-21,2021,Eredivisie,Waalwijk,Ajax,0 - 5,0 - 2,2,5,Yok
2021-11-21,2021,Eredivisie,Cambuur,Utrecht,2 - 1,1 - 1,1,3,Evet
2021-11-26,2021,Eredivisie,NEC Nijmegen,Cambuur,2 - 3,2 - 1,2,5,Evet
2021-11-27,2021,Eredivisie,Fortuna Sittard,Groningen,1 - 4,1 - 2,2,5,Evet
2021-11-27,2021,Eredivisie,PEC Zwolle,Waalwijk,0 - 0,0 - 0,X,0,Yok
2021-11-27,2021,Eredivisie,Willem II,GO Ahead Eagles,0 - 1,0 - 0,2,1,Yok
2021-11-28,2021,Eredivisie,Sparta Rotterdam,Ajax,0 - 1,0 - 1,2,1,Yok
2021-11-28,2021,Eredivisie,Utrecht,Heracles,1 - 0,0 - 0,1,1,Yok
2021-11-28,2021,Eredivisie,Twente,Feyenoord,0 - 0,0 - 0,X,0,Yok
2021-11-28,2021,Eredivisie,Heerenveen,PSV Eindhoven,1 - 1,0 - 1,X,2,Evet
2021-11-28,2021,Eredivisie,Vitesse,AZ Alkmaar,0 - 0,0 - 0,X,0,Yok
2021-12-01,2021,Eredivisie,Feyenoord,Heracles,2 - 1,1 - 1,1,3,Evet
2021-12-02,2021,Eredivisie,AZ Alkmaar,Fortuna Sittard,2 - 1,1 - 1,1,3,Evet
2021-12-02,2021,Eredivisie,Ajax,Willem II,5 - 0,3 - 0,1,5,Yok
2021-12-03,2021,Eredivisie,Groningen,PEC Zwolle,1 - 1,0 - 1,X,2,Evet
2021-12-04,2021,Eredivisie,PSV Eindhoven,Utrecht,4 - 1,2 - 1,1,5,Evet
2021-12-04,2021,Eredivisie,Cambuur,Vitesse,1 - 6,1 - 3,2,7,Evet
2021-12-04,2021,Eredivisie,Heracles,Heerenveen,0 - 1,0 - 0,2,1,Yok
2021-12-05,2021,Eredivisie,Waalwijk,NEC Nijmegen,2 - 1,1 - 1,1,3,Evet
2021-12-05,2021,Eredivisie,AZ Alkmaar,Sparta Rotterdam,3 - 1,2 - 1,1,4,Evet
2021-12-05,2021,Eredivisie,GO Ahead Eagles,Twente,1 - 2,1 - 0,2,3,Evet
2021-12-05,2021,Eredivisie,Feyenoord,Fortuna Sittard,5 - 0,2 - 0,1,5,Yok
2021-12-10,2021,Eredivisie,Willem II,Cambuur,1 - 3,0 - 0,2,4,Evet
2021-12-11,2021,Eredivisie,Utrecht,GO Ahead Eagles,0 - 0,0 - 0,X,0,Yok
2021-12-11,2021,Eredivisie,Heerenveen,Sparta Rotterdam,0 - 0,0 - 0,X,0,Yok
2021-12-11,2021,Eredivisie,PEC Zwolle,Fortuna Sittard,0 - 1,0 - 0,2,1,Yok
2021-12-12,2021,Eredivisie,Twente,Waalwijk,2 - 1,2 - 1,1,3,Evet
2021-12-12,2021,Eredivisie,Vitesse,Heracles,2 - 1,1 - 1,1,3,Evet
2021-12-12,2021,Eredivisie,Groningen,Feyenoord,1 - 1,0 - 0,X,2,Evet
2021-12-12,2021,Eredivisie,Ajax,AZ Alkmaar,1 - 2,0 - 0,2,3,Evet
2021-12-12,2021,Eredivisie,NEC Nijmegen,PSV Eindhoven,1 - 2,1 - 0,2,3,Evet
2021-12-18,2021,Eredivisie,Fortuna Sittard,Utrecht,2 - 2,1 - 1,X,4,Evet
2021-12-18,2021,Eredivisie,Sparta Rotterdam,Vitesse,2 - 2,0 - 2,X,4,Evet
2021-12-18,2021,Eredivisie,AZ Alkmaar,Willem II,4 - 1,1 - 1,1,5,Evet
2021-12-18,2021,Eredivisie,Heracles,Groningen,4 - 2,2 - 1,1,6,Evet
2021-12-18,2021,Eredivisie,PEC Zwolle,Twente,1 - 3,0 - 2,2,4,Evet
2021-12-19,2021,Eredivisie,Cambuur,Heerenveen,1 - 2,1 - 1,2,3,Evet
2021-12-19,2021,Eredivisie,Feyenoord,Ajax,0 - 2,0 - 1,2,2,Yok
2021-12-19,2021,Eredivisie,GO Ahead Eagles,NEC Nijmegen,0 - 2,0 - 2,2,2,Yok
2021-12-19,2021,Eredivisie,Waalwijk,PSV Eindhoven,1 - 4,0 - 1,2,5,Evet
2021-12-21,2021,Eredivisie,Vitesse,PEC Zwolle,1 - 0,0 - 0,1,1,Yok
2021-12-21,2021,Eredivisie,AZ Alkmaar,Groningen,1 - 0,0 - 0,1,1,Yok
2021-12-22,2021,Eredivisie,Willem II,NEC Nijmegen,0 - 1,0 - 1,2,1,Yok
2021-12-22,2021,Eredivisie,Heerenveen,Feyenoord,0 - 3,0 - 2,2,3,Yok
2021-12-22,2021,Eredivisie,Heracles,Cambuur,1 - 1,0 - 0,X,2,Evet
2021-12-22,2021,Eredivisie,Ajax,Fortuna Sittard,5 - 0,2 - 0,1,5,Yok
2021-12-22,2021,Eredivisie,Utrecht,Twente,1 - 1,0 - 1,X,2,Evet
2021-12-23,2021,Eredivisie,PSV Eindhoven,GO Ahead Eagles,2 - 0,1 - 0,1,2,Yok
2021-12-23,2021,Eredivisie,Sparta Rotterdam,Waalwijk,1 - 1,1 - 1,X,2,Evet
2022-01-14,2021,Eredivisie,PEC Zwolle,Willem II,2 - 0,1 - 0,1,2,Yok
2022-01-15,2021,Eredivisie,NEC Nijmegen,Heracles,0 - 0,0 - 0,X,0,Yok
2022-01-15,2021,Eredivisie,Feyenoord,Vitesse,0 - 1,0 - 0,2,1,Yok
2022-01-15,2021,Eredivisie,Twente,Heerenveen,2 - 0,0 - 0,1,2,Yok
2022-01-15,2021,Eredivisie,GO Ahead Eagles,Waalwijk,0 - 2,0 - 2,2,2,Yok
2022-01-16,2021,Eredivisie,Utrecht,Ajax,0 - 3,0 - 3,2,3,Yok
2022-01-16,2021,Eredivisie,Groningen,PSV Eindhoven,0 - 1,0 - 1,2,1,Yok
2022-01-16,2021,Eredivisie,Cambuur,Sparta Rotterdam,1 - 1,1 - 0,X,2,Evet
2022-01-16,2021,Eredivisie,Fortuna Sittard,AZ Alkmaar,1 - 2,0 - 1,2,3,Evet
2022-01-22,2021,Eredivisie,Vitesse,Groningen,1 - 3,0 - 1,2,4,Evet
2022-01-22,2021,Eredivisie,AZ Alkmaar,Cambuur,0 - 0,0 - 0,X,0,Yok
2022-01-22,2021,Eredivisie,Heerenveen,PEC Zwolle,0 - 1,0 - 1,2,1,Yok
2022-01-22,2021,Eredivisie,Willem II,Twente,0 - 1,0 - 1,2,1,Yok
2022-01-23,2021,Eredivisie,NEC Nijmegen,Feyenoord,1 - 4,1 - 1,2,5,Evet
2022-01-23,2021,Eredivisie,PSV Eindhoven,Ajax,1 - 2,0 - 1,2,3,Evet
2022-01-23,2021,Eredivisie,Heracles,GO Ahead Eagles,1 - 1,1 - 0,X,2,Evet
2022-01-23,2021,Eredivisie,Sparta Rotterdam,Utrecht,0 - 3,0 - 1,2,3,Yok
2022-01-23,2021,Eredivisie,Waalwijk,Fortuna Sittard,2 - 1,2 - 0,1,3,Evet
2022-02-05,2021,Eredivisie,Utrecht,Cambuur,3 - 2,2 - 2,1,5,Evet
2022-02-05,2021,Eredivisie,Fortuna Sittard,Heerenveen,2 - 0,1 - 0,1,2,Yok
2022-02-05,2021,Eredivisie,PEC Zwolle,NEC Nijmegen,1 - 1,1 - 1,X,2,Evet
2022-02-05,2021,Eredivisie,PSV Eindhoven,AZ Alkmaar,1 - 2,1 - 1,2,3,Evet
2022-02-05,2021,Eredivisie,Twente,Vitesse,3 - 0,2 - 0,1,3,Yok
2022-02-06,2021,Eredivisie,Feyenoord,Sparta Rotterdam,4 - 0,2 - 0,1,4,Yok
2022-02-06,2021,Eredivisie,Willem II,Waalwijk,3 - 1,3 - 0,1,4,Evet
2022-02-06,2021,Eredivisie,Groningen,GO Ahead Eagles,2 - 1,1 - 0,1,3,Evet
2022-02-06,2021,Eredivisie,Ajax,Heracles,3 - 0,1 - 0,1,3,Yok
2022-02-11,2021,Eredivisie,Heracles,Utrecht,1 - 0,0 - 0,1,1,Yok
2022-02-12,2021,Eredivisie,Groningen,Fortuna Sittard,0 - 1,0 - 0,2,1,Yok
2022-02-12,2021,Eredivisie,Cambuur,PEC Zwolle,3 - 4,2 - 2,2,7,Evet
2022-02-12,2021,Eredivisie,Vitesse,PSV Eindhoven,0 - 5,0 - 3,2,5,Yok
2022-02-13,2021,Eredivisie,GO Ahead Eagles,AZ Alkmaar,1 - 4,1 - 3,2,5,Evet
2022-02-13,2021,Eredivisie,Sparta Rotterdam,Willem II,1 - 0,0 - 0,1,1,Yok
2022-02-13,2021,Eredivisie,Heerenveen,NEC Nijmegen,0 - 1,0 - 1,2,1,Yok
2022-02-13,2021,Eredivisie,Waalwijk,Feyenoord,0 - 2,0 - 1,2,2,Yok
2022-02-13,2021,Eredivisie,Ajax,Twente,5 - 0,1 - 0,1,5,Yok
2022-02-19,2021,Eredivisie,NEC Nijmegen,Waalwijk,1 - 1,0 - 1,X,2,Evet
2022-02-19,2021,Eredivisie,Willem II,Ajax,0 - 1,0 - 0,2,1,Yok
2022-02-19,2021,Eredivisie,AZ Alkmaar,Heracles,2 - 1,1 - 1,1,3,Evet
2022-02-20,2021,Eredivisie,PEC Zwolle,Groningen,1 - 1,0 - 1,X,2,Evet
2022-02-20,2021,Eredivisie,Feyenoord,Cambuur,3 - 1,2 - 1,1,4,Evet
2022-02-20,2021,Eredivisie,Twente,GO Ahead Eagles,2 - 2,0 - 1,X,4,Evet
2022-02-20,2021,Eredivisie,PSV Eindhoven,Heerenveen,3 - 1,1 - 1,1,4,Evet
2022-02-20,2021,Eredivisie,Utrecht,Vitesse,1 - 1,1 - 0,X,2,Evet
2022-02-25,2021,Eredivisie,Waalwijk,Twente,1 - 2,0 - 1,2,3,Evet
2022-02-26,2021,Eredivisie,Heracles,PEC Zwolle,2 - 0,1 - 0,1,2,Yok
2022-02-26,2021,Eredivisie,Groningen,Willem II,1 - 0,1 - 0,1,1,Yok
2022-02-26,2021,Eredivisie,Cambuur,Fortuna Sittard,2 - 1,1 - 1,1,3,Evet
2022-02-27,2021,Eredivisie,Vitesse,NEC Nijmegen,4 - 1,0 - 0,1,5,Evet
2022-02-27,2021,Eredivisie,AZ Alkmaar,Feyenoord,2 - 1,2 - 0,1,3,Evet
2022-02-27,2021,Eredivisie,Sparta Rotterdam,PSV Eindhoven,1 - 2,1 - 0,2,3,Evet
2022-02-27,2021,Eredivisie,GO Ahead Eagles,Ajax,2 - 1,2 - 0,1,3,Evet
2022-02-27,2021,Eredivisie,Heerenveen,Utrecht,1 - 2,0 - 0,2,3,Evet
2022-03-05,2021,Eredivisie,Willem II,Heerenveen,0 - 0,0 - 0,X,0,Yok
2022-03-05,2021,Eredivisie,GO Ahead Eagles,Utrecht,1 - 1,1 - 0,X,2,Evet
2022-03-05,2021,Eredivisie,Feyenoord,Groningen,1 - 1,0 - 1,X,2,Evet
2022-03-06,2021,Eredivisie,PSV Eindhoven,Heracles,3 - 1,1 - 0,1,4,Evet
2022-03-06,2021,Eredivisie,Twente,Cambuur,1 - 0,0 - 0,1,1,Yok
2022-03-06,2021,Eredivisie,Ajax,Waalwijk,3 - 2,2 - 0,1,5,Evet
2022-03-06,2021,Eredivisie,NEC Nijmegen,AZ Alkmaar,1 - 3,1 - 1,2,4,Evet
2022-03-06,2021,Eredivisie,Fortuna Sittard,PEC Zwolle,0 - 1,0 - 0,2,1,Yok
2022-03-11,2021,Eredivisie,Cambuur,Ajax,2 - 3,0 - 2,2,5,Evet
2022-03-12,2021,Eredivisie,Sparta Rotterdam,GO Ahead Eagles,1 - 0,0 - 0,1,1,Yok
2022-03-12,2021,Eredivisie,Groningen,NEC Nijmegen,4 - 3,2 - 3,1,7,Evet
2022-03-12,2021,Eredivisie,Waalwijk,Heerenveen,0 - 0,0 - 0,X,0,Yok
2022-03-13,2021,Eredivisie,Fortuna Sittard,Willem II,1 - 0,0 - 0,1,1,Yok
2022-03-13,2021,Eredivisie,Heracles,Vitesse,0 - 0,0 - 0,X,0,Yok
2022-03-13,2021,Eredivisie,Utrecht,PSV Eindhoven,0 - 1,0 - 0,2,1,Yok
2022-03-13,2021,Eredivisie,PEC Zwolle,Feyenoord,1 - 2,1 - 0,2,3,Evet
2022-03-13,2021,Eredivisie,AZ Alkmaar,Twente,0 - 1,0 - 0,2,1,Yok
2022-03-18,2021,Eredivisie,Heerenveen,Heracles,2 - 0,0 - 0,1,2,Yok
2022-03-19,2021,Eredivisie,GO Ahead Eagles,Cambuur,3 - 0,2 - 0,1,3,Yok
2022-03-19,2021,Eredivisie,Twente,PEC Zwolle,1 - 0,1 - 0,1,1,Yok
2022-03-19,2021,Eredivisie,NEC Nijmegen,Sparta Rotterdam,0 - 0,0 - 0,X,0,Yok
2022-03-20,2021,Eredivisie,Utrecht,Groningen,1 - 3,0 - 2,2,4,Evet
2022-03-20,2021,Eredivisie,Ajax,Feyenoord,3 - 2,1 - 2,1,5,Evet
2022-03-20,2021,Eredivisie,PSV Eindhoven,Fortuna Sittard,5 - 0,3 - 0,1,5,Yok
2022-03-20,2021,Eredivisie,Vitesse,Waalwijk,1 - 2,1 - 1,2,3,Evet
2022-03-20,2021,Eredivisie,Willem II,AZ Alkmaar,2 - 2,2 - 1,X,4,Evet
2022-04-02,2021,Eredivisie,Groningen,Ajax,1 - 3,1 - 2,2,4,Evet
2022-04-02,2021,Eredivisie,Twente,PSV Eindhoven,3 - 3,3 - 1,X,6,Evet
2022-04-02,2021,Eredivisie,AZ Alkmaar,Vitesse,3 - 1,1 - 0,1,4,Evet
2022-04-02,2021,Eredivisie,Waalwijk,Utrecht,1 - 1,0 - 1,X,2,Evet
2022-04-02,2021,Eredivisie,Feyenoord,Willem II,2 - 0,0 - 0,1,2,Yok
2022-04-03,2021,Eredivisie,PEC Zwolle,GO Ahead Eagles,0 - 1,0 - 0,2,1,Yok
2022-04-03,2021,Eredivisie,Fortuna Sittard,Heracles,0 - 2,0 - 0,2,2,Yok
2022-04-03,2021,Eredivisie,Sparta Rotterdam,Heerenveen,1 - 1,0 - 0,X,2,Evet
2022-04-03,2021,Eredivisie,Cambuur,NEC Nijmegen,1 - 2,1 - 1,2,3,Evet
2022-04-08,2021,Eredivisie,GO Ahead Eagles,Willem II,4 - 0,2 - 0,1,4,Yok
2022-04-09,2021,Eredivisie,Utrecht,Fortuna Sittard,1 - 1,1 - 0,X,2,Evet
2022-04-09,2021,Eredivisie,Ajax,Sparta Rotterdam,2 - 1,0 - 1,1,3,Evet
2022-04-09,2021,Eredivisie,NEC Nijmegen,Twente,0 - 2,0 - 0,2,2,Yok
2022-04-10,2021,Eredivisie,Heerenveen,Groningen,3 - 1,1 - 1,1,4,Evet
2022-04-10,2021,Eredivisie,PSV Eindhoven,Waalwijk,2 - 0,1 - 0,1,2,Yok
2022-04-10,2021,Eredivisie,Vitesse,Cambuur,1 - 0,1 - 0,1,1,Yok
2022-04-10,2021,Eredivisie,Heracles,Feyenoord,1 - 4,1 - 3,2,5,Evet
2022-04-10,2021,Eredivisie,PEC Zwolle,AZ Alkmaar,2 - 1,0 - 0,1,3,Evet
2022-04-16,2021,Eredivisie,Fortuna Sittard,Sparta Rotterdam,3 - 0,2 - 0,1,3,Yok
2022-04-19,2021,Eredivisie,Vitesse,Sparta Rotterdam,0 - 1,0 - 1,2,1,Yok
2022-04-22,2021,Eredivisie,Twente,Sparta Rotterdam,2 - 0,1 - 0,1,2,Yok
2022-04-23,2021,Eredivisie,NEC Nijmegen,Ajax,0 - 1,0 - 0,2,1,Yok
2022-04-23,2021,Eredivisie,AZ Alkmaar,Heerenveen,2 - 1,1 - 1,1,3,Evet
2022-04-23,2021,Eredivisie,Waalwijk,PEC Zwolle,0 - 2,0 - 1,2,2,Yok
2022-04-23,2021,Eredivisie,Cambuur,PSV Eindhoven,1 - 2,1 - 1,2,3,Evet
2022-04-24,2021,Eredivisie,Willem II,Vitesse,1 - 0,1 - 0,1,1,Yok
2022-04-24,2021,Eredivisie,Groningen,Heracles,0 - 1,0 - 1,2,1,Yok
2022-04-24,2021,Eredivisie,Feyenoord,Utrecht,2 - 1,0 - 0,1,3,Evet
2022-04-24,2021,Eredivisie,Fortuna Sittard,GO Ahead Eagles,1 - 0,1 - 0,1,1,Yok
2022-04-29,2021,Eredivisie,Utrecht,NEC Nijmegen,1 - 0,0 - 0,1,1,Yok
2022-04-30,2021,Eredivisie,Ajax,PEC Zwolle,3 - 0,1 - 0,1,3,Yok
2022-04-30,2021,Eredivisie,Heracles,Twente,1 - 1,1 - 1,X,2,Evet
2022-04-30,2021,Eredivisie,Sparta Rotterdam,AZ Alkmaar,1 - 1,0 - 0,X,2,Evet
2022-05-01,2021,Eredivisie,Heerenveen,Cambuur,3 - 3,2 - 1,X,6,Evet
2022-05-01,2021,Eredivisie,PSV Eindhoven,Willem II,4 - 2,3 - 1,1,6,Evet
2022-05-01,2021,Eredivisie,GO Ahead Eagles,Vitesse,1 - 2,1 - 1,2,3,Evet
2022-05-01,2021,Eredivisie,Fortuna Sittard,Feyenoord,1 - 3,0 - 2,2,4,Evet
2022-05-01,2021,Eredivisie,Waalwijk,Groningen,3 - 1,3 - 0,1,4,Evet
2022-05-06,2021,Eredivisie,Cambuur,Waalwijk,1 - 1,0 - 0,X,2,Evet
2022-05-07,2021,Eredivisie,Twente,Fortuna Sittard,1 - 2,1 - 2,2,3,Evet
2022-05-07,2021,Eredivisie,PEC Zwolle,Utrecht,1 - 1,0 - 1,X,2,Evet
2022-05-07,2021,Eredivisie,Willem II,Heracles,2 - 0,2 - 0,1,2,Yok
2022-05-07,2021,Eredivisie,Groningen,Sparta Rotterdam,1 - 2,0 - 1,2,3,Evet
2022-05-08,2021,Eredivisie,NEC Nijmegen,GO Ahead Eagles,1 - 0,0 - 0,1,1,Yok
2022-05-08,2021,Eredivisie,Vitesse,Heerenveen,1 - 2,1 - 0,2,3,Evet
2022-05-08,2021,Eredivisie,AZ Alkmaar,Ajax,2 - 2,0 - 1,X,4,Evet
2022-05-08,2021,Eredivisie,Feyenoord,PSV Eindhoven,2 - 2,0 - 2,X,4,Evet
2022-05-09,2021,Eredivisie,De Graafschap,FC Eindhoven,1 - 1,0 - 1,X,2,Evet
2022-05-10,2021,Eredivisie,NAC Breda,ADO Den Haag,1 - 2,0 - 1,2,3,Evet
2022-05-10,2021,Eredivisie,Excelsior,Roda,2 - 2,2 - 0,X,4,Evet
2022-05-11,2021,Eredivisie,Ajax,Heerenveen,5 - 0,3 - 0,1,5,Yok
2022-05-11,2021,Eredivisie,PSV Eindhoven,NEC Nijmegen,3 - 2,2 - 0,1,5,Evet
2022-05-11,2021,Eredivisie,Fortuna Sittard,Vitesse,1 - 2,1 - 1,2,3,Evet
2022-05-11,2021,Eredivisie,Utrecht,AZ Alkmaar,2 - 2,1 - 2,X,4,Evet
2022-05-11,2021,Eredivisie,GO Ahead Eagles,Feyenoord,0 - 1,0 - 0,2,1,Yok
2022-05-11,2021,Eredivisie,Twente,Groningen,3 - 0,1 - 0,1,3,Yok
2022-05-11,2021,Eredivisie,Waalwijk,Heracles,2 - 0,1 - 0,1,2,Yok
2022-05-11,2021,Eredivisie,Cambuur,Willem II,1 - 1,1 - 0,X,2,Evet
2022-05-11,2021,Eredivisie,Sparta Rotterdam,PEC Zwolle,2 - 0,2 - 0,1,2,Yok
2022-05-13,2021,Eredivisie,FC Eindhoven,De Graafschap,3 - 1,3 - 1,1,4,Evet
2022-05-14,2021,Eredivisie,ADO Den Haag,NAC Breda,2 - 1,0 - 0,1,3,Evet
2022-05-14,2021,Eredivisie,Roda,Excelsior,0 - 2,0 - 0,2,2,Yok
2022-05-15,2021,Eredivisie,PEC Zwolle,PSV Eindhoven,1 - 2,1 - 1,2,3,Evet
2022-05-15,2021,Eredivisie,Willem II,Utrecht,3 - 0,1 - 0,1,3,Yok
2022-05-15,2021,Eredivisie,Vitesse,Ajax,2 - 2,0 - 1,X,4,Evet
2022-05-15,2021,Eredivisie,AZ Alkmaar,Waalwijk,1 - 3,1 - 1,2,4,Evet
2022-05-15,2021,Eredivisie,Groningen,Cambuur,2 - 3,0 - 1,2,5,Evet
2022-05-15,2021,Eredivisie,Heracles,Sparta Rotterdam,1 - 3,0 - 1,2,4,Evet
2022-05-15,2021,Eredivisie,Feyenoord,Twente,1 - 2,0 - 2,2,3,Evet
2022-05-15,2021,Eredivisie,Heerenveen,GO Ahead Eagles,3 - 1,1 - 0,1,4,Evet
2022-05-15,2021,Eredivisie,NEC Nijmegen,Fortuna Sittard,0 - 1,0 - 1,2,1,Yok
2022-05-17,2021,Eredivisie,ADO Den Haag,FC Eindhoven,2 - 1,2 - 0,1,3,Evet
2022-05-18,2021,Eredivisie,Excelsior,Heracles,3 - 0,1 - 0,1,3,Yok
2022-05-19,2021,Eredivisie,Heerenveen,AZ Alkmaar,3 - 2,0 - 0,1,5,Evet
2022-05-19,2021,Eredivisie,Utrecht,Vitesse,3 - 1,2 - 0,1,4,Evet
2022-05-21,2021,Eredivisie,FC Eindhoven,ADO Den Haag,1 - 2,0 - 2,2,3,Evet
2022-05-21,2021,Eredivisie,Heracles,Excelsior,1 - 3,1 - 0,2,4,Evet
2022-05-22,2021,Eredivisie,AZ Alkmaar,Heerenveen,2 - 0,1 - 0,1,2,Yok
2022-05-22,2021,Eredivisie,Vitesse,Utrecht,3 - 0,1 - 0,1,3,Yok
2022-05-24,2021,Eredivisie,Excelsior,ADO Den Haag,1 - 1,0 - 0,X,2,Evet
2022-05-26,2021,Eredivisie,Vitesse,AZ Alkmaar,2 - 1,1 - 0,1,3,Evet
2022-05-29,2021,Eredivisie,AZ Alkmaar,Vitesse,6 - 1,3 - 0,1,7,Evet
2022-05-29,2021,Eredivisie,ADO Den Haag,Excelsior,4 - 4,2 - 0,X,8,Evet
