Tarih,Sezon,Lig,Ev Sahibi,Deplasman,MS Skor,IY Skor,MS Sonucu,Toplam Gol,KG Var
2026-08-15,2026,La Liga,Alaves,Getafe,3 - 0,0 - 0,1,3,Yok
2026-08-15,2026,La Liga,Sevilla,Rayo Vallecano,2 - 1,0 - 1,1,3,Evet
2026-08-16,2026,La Liga,Racing Santander,Villarreal,2 - 2,2 - 2,X,4,Evet
2026-08-16,2026,La Liga,Espanyol,Levante,3 - 0,2 - 0,1,3,Yok
2026-08-17,2026,La Liga,Deportivo La Coruna,Elche,1 - 1,1 - 0,X,2,Evet
2026-08-19,2026,La Liga,Atletico Madrid,Malaga,2 - 0,0 - 0,1,2,Yok
2026-08-20,2026,La Liga,Rayo Vallecano,Alaves,1 - 1,0 - 0,X,2,Evet
2026-08-21,2026,La Liga,Real Betis,Real Sociedad,1 - 0,0 - 0,1,1,Yok
2026-08-22,2026,La Liga,Athletic Club,Sevilla,1 - 3,0 - 1,2,4,Evet
2026-08-22,2026,La Liga,Valencia,Celta Vigo,0 - 0,0 - 0,X,0,Yok
2026-08-22,2026,La Liga,Espanyol,Real Madrid,1 - 2,1 - 1,2,3,Evet
2026-08-23,2026,La Liga,Atletico Madrid,Villarreal,2 - 2,0 - 0,X,4,Evet
2026-08-23,2026,La Liga,Getafe,Racing Santander,1 - 0,0 - 0,1,1,Yok
2026-08-23,2026,La Liga,Elche,Barcelona,0 - 5,0 - 2,2,5,Yok
2026-08-24,2026,La Liga,Osasuna,Levante,0 - 0,0 - 0,X,0,Yok
2026-08-24,2026,La Liga,Malaga,Deportivo La Coruna,1 - 1,1 - 1,X,2,Evet
2026-08-25,2026,La Liga,Valencia,Real Betis,0 - 1,0 - 0,2,1,Yok
2026-08-26,2026,La Liga,Real Madrid,Real Sociedad,4 - 1,1 - 1,1,5,Evet
2026-08-27,2026,La Liga,Celta Vigo,Osasuna,1 - 2,1 - 0,2,3,Evet
2026-08-27,2026,La Liga,Barcelona,Athletic Club,2 - 0,1 - 0,1,2,Yok
2026-08-28,2026,La Liga,Racing Santander,Elche,3 - 2,3 - 0,1,5,Evet
2026-08-28,2026,La Liga,Alaves,Villarreal,1 - 0,1 - 0,1,1,Yok
2026-08-29,2026,La Liga,Levante,Real Betis,5 - 2,2 - 2,1,7,Evet
2026-08-29,2026,La Liga,Real Sociedad,Espanyol,2 - 1,1 - 1,1,3,Evet
2026-08-29,2026,La Liga,Sevilla,Atletico Madrid,1 - 3,0 - 3,2,4,Evet
2026-08-30,2026,La Liga,Real Madrid,Malaga,4 - 0,3 - 0,1,4,Yok
2026-08-30,2026,La Liga,Deportivo La Coruna,Valencia,3 - 1,2 - 1,1,4,Evet
2026-08-30,2026,La Liga,Celta Vigo,Athletic Club,0 - 2,0 - 2,2,2,Yok
2026-08-31,2026,La Liga,Osasuna,Getafe,1 - 0,1 - 0,1,1,Yok
2026-08-31,2026,La Liga,Barcelona,Rayo Vallecano,5 - 2,2 - 1,1,7,Evet
2026-09-03,2026,La Liga,Real Sociedad,Celta Vigo,0 - 0,0 - 0,X,0,Yok
2026-09-04,2026,La Liga,Real Betis,Real Madrid,1 - 0,0 - 0,1,1,Yok
2026-09-05,2026,La Liga,Athletic Club,Atletico Madrid,3 - 0,0 - 0,1,3,Yok
2026-09-05,2026,La Liga,Rayo Vallecano,Racing Santander,3 - 2,2 - 2,1,5,Evet
2026-09-05,2026,La Liga,Villarreal,Deportivo La Coruna,2 - 3,1 - 1,2,5,Evet
2026-09-06,2026,La Liga,Valencia,Barcelona,0 - 5,0 - 2,2,5,Yok
2026-09-06,2026,La Liga,Malaga,Levante,0 - 0,0 - 0,X,0,Yok
2026-09-06,2026,La Liga,Alaves,Osasuna,5 - 2,2 - 0,1,7,Evet
2026-09-06,2026,La Liga,Espanyol,Sevilla,1 - 1,0 - 0,X,2,Evet
2026-09-07,2026,La Liga,Getafe,Celta Vigo,1 - 1,1 - 0,X,2,Evet
2026-09-07,2026,La Liga,Elche,Real Sociedad,2 - 3,0 - 2,2,5,Evet
2026-09-11,2026,La Liga,Sevilla,Valencia,1 - 0,0 - 0,1,1,Yok
2026-09-12,2026,La Liga,Racing Santander,Alaves,2 - 1,1 - 1,1,3,Evet
2026-09-12,2026,La Liga,Osasuna,Espanyol,0 - 2,0 - 2,2,2,Yok
2026-09-12,2026,La Liga,Athletic Club,Elche,1 - 1,0 - 0,X,2,Evet
2026-09-12,2026,La Liga,Real Madrid,Rayo Vallecano,4 - 1,3 - 0,1,5,Evet
2026-09-13,2026,La Liga,Celta Vigo,Malaga,1 - 1,1 - 0,X,2,Evet
2026-09-13,2026,La Liga,Levante,Barcelona,2 - 4,0 - 2,2,6,Evet
2026-09-13,2026,La Liga,Getafe,Deportivo La Coruna,1 - 1,0 - 0,X,2,Evet
2026-09-13,2026,La Liga,Real Sociedad,Atletico Madrid,0 - 3,0 - 0,2,3,Yok
2026-09-14,2026,La Liga,Villarreal,Real Betis,1 - 2,1 - 2,2,3,Evet
2026-09-15,2026,La Liga,Rayo Vallecano,Espanyol,2 - 1,2 - 0,1,3,Evet
2026-09-15,2026,La Liga,Alaves,Valencia,0 - 1,0 - 0,2,1,Yok
2026-09-15,2026,La Liga,Elche,Real Madrid,2 - 3,0 - 2,2,5,Evet
2026-09-16,2026,La Liga,Atletico Madrid,Osasuna,4 - 0,1 - 0,1,4,Yok
2026-09-16,2026,La Liga,Deportivo La Coruna,Sevilla,0 - 1,0 - 0,2,1,Yok
2026-09-16,2026,La Liga,Barcelona,Racing Santander,7 - 2,4 - 1,1,9,Evet
2026-09-17,2026,La Liga,Real Betis,Getafe,1 - 0,1 - 0,1,1,Yok
2026-09-17,2026,La Liga,Malaga,Villarreal,1 - 3,1 - 2,2,4,Evet
2026-09-18,2026,La Liga,Espanyol,Elche,1 - 3,0 - 2,2,4,Evet
2026-09-19,2026,La Liga,Osasuna,Rayo Vallecano,1 - 1,1 - 0,X,2,Evet
2026-09-19,2026,La Liga,Athletic Club,Alaves,0 - 0,0 - 0,X,0,Yok
2026-09-19,2026,La Liga,Celta Vigo,Racing Santander,5 - 0,2 - 0,1,5,Yok
2026-09-19,2026,La Liga,Sevilla,Barcelona,1 - 3,1 - 1,2,4,Evet
2026-09-20,2026,La Liga,Getafe,Malaga,1 - 0,0 - 0,1,1,Yok
2026-09-20,2026,La Liga,Atletico Madrid,Real Madrid,2 - 1,0 - 0,1,3,Evet
2026-09-20,2026,La Liga,Villarreal,Levante,3 - 1,1 - 1,1,4,Evet
2026-09-20,2026,La Liga,Deportivo La Coruna,Real Betis,1 - 1,0 - 1,X,2,Evet
2026-09-20,2026,La Liga,Valencia,Real Sociedad,2 - 3,0 - 1,2,5,Evet
2025-08-15,2025,La Liga,Girona,Rayo Vallecano,1 - 3,0 - 3,2,4,Evet
2025-08-15,2025,La Liga,Villarreal,Oviedo,2 - 0,2 - 0,1,2,Yok
2025-08-16,2025,La Liga,Mallorca,Barcelona,0 - 3,0 - 2,2,3,Yok
2025-08-16,2025,La Liga,Valencia,Real Sociedad,1 - 1,0 - 0,X,2,Evet
2025-08-16,2025,La Liga,Alaves,Levante,2 - 1,1 - 0,1,3,Evet
2025-08-17,2025,La Liga,Celta Vigo,Getafe,0 - 2,0 - 0,2,2,Yok
2025-08-17,2025,La Liga,Athletic Club,Sevilla,3 - 2,2 - 0,1,5,Evet
2025-08-17,2025,La Liga,Espanyol,Atletico Madrid,2 - 1,0 - 1,1,3,Evet
2025-08-18,2025,La Liga,Elche,Real Betis,1 - 1,0 - 1,X,2,Evet
2025-08-19,2025,La Liga,Real Madrid,Osasuna,1 - 0,0 - 0,1,1,Yok
2025-08-22,2025,La Liga,Real Betis,Alaves,1 - 0,1 - 0,1,1,Yok
2025-08-23,2025,La Liga,Mallorca,Celta Vigo,1 - 1,0 - 1,X,2,Evet
2025-08-23,2025,La Liga,Atletico Madrid,Elche,1 - 1,1 - 1,X,2,Evet
2025-08-23,2025,La Liga,Levante,Barcelona,2 - 3,2 - 0,2,5,Evet
2025-08-24,2025,La Liga,Osasuna,Valencia,1 - 0,1 - 0,1,1,Yok
2025-08-24,2025,La Liga,Villarreal,Girona,5 - 0,4 - 0,1,5,Yok
2025-08-24,2025,La Liga,Real Sociedad,Espanyol,2 - 2,0 - 2,X,4,Evet
2025-08-24,2025,La Liga,Oviedo,Real Madrid,0 - 3,0 - 1,2,3,Yok
2025-08-25,2025,La Liga,Athletic Club,Rayo Vallecano,1 - 0,0 - 0,1,1,Yok
2025-08-25,2025,La Liga,Sevilla,Getafe,1 - 2,1 - 1,2,3,Evet
2025-08-27,2025,La Liga,Celta Vigo,Real Betis,1 - 1,0 - 1,X,2,Evet
2025-08-29,2025,La Liga,Elche,Levante,2 - 0,0 - 0,1,2,Yok
2025-08-29,2025,La Liga,Valencia,Getafe,3 - 0,1 - 0,1,3,Yok
2025-08-30,2025,La Liga,Alaves,Atletico Madrid,1 - 1,1 - 1,X,2,Evet
2025-08-30,2025,La Liga,Oviedo,Real Sociedad,1 - 0,1 - 0,1,1,Yok
2025-08-30,2025,La Liga,Girona,Sevilla,0 - 2,0 - 1,2,2,Yok
2025-08-30,2025,La Liga,Real Madrid,Mallorca,2 - 1,2 - 1,1,3,Evet
2025-08-31,2025,La Liga,Celta Vigo,Villarreal,1 - 1,0 - 0,X,2,Evet
2025-08-31,2025,La Liga,Real Betis,Athletic Club,1 - 2,0 - 0,2,3,Evet
2025-08-31,2025,La Liga,Espanyol,Osasuna,1 - 0,0 - 0,1,1,Yok
2025-08-31,2025,La Liga,Rayo Vallecano,Barcelona,1 - 1,0 - 1,X,2,Evet
2025-09-12,2025,La Liga,Sevilla,Elche,2 - 2,1 - 0,X,4,Evet
2025-09-13,2025,La Liga,Getafe,Oviedo,2 - 0,2 - 0,1,2,Yok
2025-09-13,2025,La Liga,Real Sociedad,Real Madrid,1 - 2,0 - 2,2,3,Evet
2025-09-13,2025,La Liga,Athletic Club,Alaves,0 - 1,0 - 0,2,1,Yok
2025-09-13,2025,La Liga,Atletico Madrid,Villarreal,2 - 0,1 - 0,1,2,Yok
2025-09-14,2025,La Liga,Celta Vigo,Girona,1 - 1,0 - 1,X,2,Evet
2025-09-14,2025,La Liga,Levante,Real Betis,2 - 2,2 - 1,X,4,Evet
2025-09-14,2025,La Liga,Osasuna,Rayo Vallecano,2 - 0,1 - 0,1,2,Yok
2025-09-14,2025,La Liga,Barcelona,Valencia,6 - 0,1 - 0,1,6,Yok
2025-09-15,2025,La Liga,Espanyol,Mallorca,3 - 2,2 - 1,1,5,Evet
2025-09-19,2025,La Liga,Real Betis,Real Sociedad,3 - 1,1 - 1,1,4,Evet
2025-09-20,2025,La Liga,Girona,Levante,0 - 4,0 - 1,2,4,Yok
2025-09-20,2025,La Liga,Real Madrid,Espanyol,2 - 0,1 - 0,1,2,Yok
2025-09-20,2025,La Liga,Villarreal,Osasuna,2 - 1,0 - 1,1,3,Evet
2025-09-20,2025,La Liga,Alaves,Sevilla,1 - 2,1 - 1,2,3,Evet
2025-09-20,2025,La Liga,Valencia,Athletic Club,2 - 0,0 - 0,1,2,Yok
2025-09-21,2025,La Liga,Rayo Vallecano,Celta Vigo,1 - 1,0 - 0,X,2,Evet
2025-09-21,2025,La Liga,Mallorca,Atletico Madrid,1 - 1,0 - 0,X,2,Evet
2025-09-21,2025,La Liga,Elche,Oviedo,1 - 0,1 - 0,1,1,Yok
2025-09-21,2025,La Liga,Barcelona,Getafe,3 - 0,2 - 0,1,3,Yok
2025-09-23,2025,La Liga,Athletic Club,Girona,1 - 1,0 - 1,X,2,Evet
2025-09-23,2025,La Liga,Espanyol,Valencia,2 - 2,0 - 1,X,4,Evet
2025-09-23,2025,La Liga,Sevilla,Villarreal,1 - 2,0 - 1,2,3,Evet
2025-09-23,2025,La Liga,Levante,Real Madrid,1 - 4,0 - 2,2,5,Evet
2025-09-24,2025,La Liga,Getafe,Alaves,1 - 1,0 - 0,X,2,Evet
2025-09-24,2025,La Liga,Atletico Madrid,Rayo Vallecano,3 - 2,1 - 1,1,5,Evet
2025-09-24,2025,La Liga,Real Sociedad,Mallorca,1 - 0,0 - 0,1,1,Yok
2025-09-25,2025,La Liga,Osasuna,Elche,1 - 1,1 - 0,X,2,Evet
2025-09-25,2025,La Liga,Oviedo,Barcelona,1 - 3,1 - 0,2,4,Evet
2025-09-26,2025,La Liga,Girona,Espanyol,0 - 0,0 - 0,X,0,Yok
2025-09-27,2025,La Liga,Getafe,Levante,1 - 1,0 - 1,X,2,Evet
2025-09-27,2025,La Liga,Atletico Madrid,Real Madrid,5 - 2,2 - 2,1,7,Evet
2025-09-27,2025,La Liga,Mallorca,Alaves,1 - 0,1 - 0,1,1,Yok
2025-09-27,2025,La Liga,Villarreal,Athletic Club,1 - 0,0 - 0,1,1,Yok
2025-09-28,2025,La Liga,Rayo Vallecano,Sevilla,0 - 1,0 - 0,2,1,Yok
2025-09-28,2025,La Liga,Elche,Celta Vigo,2 - 1,1 - 1,1,3,Evet
2025-09-28,2025,La Liga,Barcelona,Real Sociedad,2 - 1,1 - 1,1,3,Evet
2025-09-28,2025,La Liga,Real Betis,Osasuna,2 - 0,2 - 0,1,2,Yok
2025-09-30,2025,La Liga,Valencia,Oviedo,1 - 2,1 - 0,2,3,Evet
2025-10-03,2025,La Liga,Osasuna,Getafe,2 - 1,1 - 1,1,3,Evet
2025-10-04,2025,La Liga,Oviedo,Levante,0 - 2,0 - 1,2,2,Yok
2025-10-04,2025,La Liga,Girona,Valencia,2 - 1,1 - 0,1,3,Evet
2025-10-04,2025,La Liga,Athletic Club,Mallorca,2 - 1,1 - 0,1,3,Evet
2025-10-04,2025,La Liga,Real Madrid,Villarreal,3 - 1,0 - 0,1,4,Evet
2025-10-05,2025,La Liga,Alaves,Elche,3 - 1,0 - 0,1,4,Evet
2025-10-05,2025,La Liga,Sevilla,Barcelona,4 - 1,2 - 1,1,5,Evet
2025-10-05,2025,La Liga,Espanyol,Real Betis,1 - 2,1 - 0,2,3,Evet
2025-10-05,2025,La Liga,Real Sociedad,Rayo Vallecano,0 - 1,0 - 0,2,1,Yok
2025-10-05,2025,La Liga,Celta Vigo,Atletico Madrid,1 - 1,0 - 1,X,2,Evet
2025-10-17,2025,La Liga,Oviedo,Espanyol,0 - 2,0 - 0,2,2,Yok
2025-10-18,2025,La Liga,Sevilla,Mallorca,1 - 3,1 - 0,2,4,Evet
2025-10-18,2025,La Liga,Barcelona,Girona,2 - 1,1 - 1,1,3,Evet
2025-10-18,2025,La Liga,Villarreal,Real Betis,2 - 2,1 - 0,X,4,Evet
2025-10-18,2025,La Liga,Atletico Madrid,Osasuna,1 - 0,0 - 0,1,1,Yok
2025-10-19,2025,La Liga,Elche,Athletic Club,0 - 0,0 - 0,X,0,Yok
2025-10-19,2025,La Liga,Celta Vigo,Real Sociedad,1 - 1,1 - 0,X,2,Evet
2025-10-19,2025,La Liga,Levante,Rayo Vallecano,0 - 3,0 - 2,2,3,Yok
2025-10-19,2025,La Liga,Getafe,Real Madrid,0 - 1,0 - 0,2,1,Yok
2025-10-20,2025,La Liga,Alaves,Valencia,0 - 0,0 - 0,X,0,Yok
2025-10-24,2025,La Liga,Real Sociedad,Sevilla,2 - 1,2 - 1,1,3,Evet
2025-10-25,2025,La Liga,Girona,Oviedo,3 - 3,0 - 1,X,6,Evet
2025-10-25,2025,La Liga,Espanyol,Elche,1 - 0,0 - 0,1,1,Yok
2025-10-25,2025,La Liga,Athletic Club,Getafe,0 - 1,0 - 0,2,1,Yok
2025-10-25,2025,La Liga,Valencia,Villarreal,0 - 2,0 - 1,2,2,Yok
2025-10-26,2025,La Liga,Mallorca,Levante,1 - 1,0 - 1,X,2,Evet
2025-10-26,2025,La Liga,Real Madrid,Barcelona,2 - 1,2 - 1,1,3,Evet
2025-10-26,2025,La Liga,Osasuna,Celta Vigo,2 - 3,2 - 1,2,5,Evet
2025-10-26,2025,La Liga,Rayo Vallecano,Alaves,1 - 0,0 - 0,1,1,Yok
2025-10-27,2025,La Liga,Real Betis,Atletico Madrid,0 - 2,0 - 2,2,2,Yok
2025-10-31,2025,La Liga,Getafe,Girona,2 - 1,0 - 0,1,3,Evet
2025-11-01,2025,La Liga,Villarreal,Rayo Vallecano,4 - 0,1 - 0,1,4,Yok
2025-11-01,2025,La Liga,Atletico Madrid,Sevilla,3 - 0,0 - 0,1,3,Yok
2025-11-01,2025,La Liga,Real Sociedad,Athletic Club,3 - 2,1 - 1,1,5,Evet
2025-11-01,2025,La Liga,Real Madrid,Valencia,4 - 0,3 - 0,1,4,Yok
2025-11-02,2025,La Liga,Levante,Celta Vigo,1 - 2,0 - 1,2,3,Evet
2025-11-02,2025,La Liga,Alaves,Espanyol,2 - 1,2 - 0,1,3,Evet
2025-11-02,2025,La Liga,Barcelona,Elche,3 - 1,2 - 1,1,4,Evet
2025-11-02,2025,La Liga,Real Betis,Mallorca,3 - 0,3 - 0,1,3,Yok
2025-11-03,2025,La Liga,Oviedo,Osasuna,0 - 0,0 - 0,X,0,Yok
2025-11-07,2025,La Liga,Elche,Real Sociedad,1 - 1,0 - 0,X,2,Evet
2025-11-08,2025,La Liga,Girona,Alaves,1 - 0,1 - 0,1,1,Yok
2025-11-08,2025,La Liga,Sevilla,Osasuna,1 - 0,0 - 0,1,1,Yok
2025-11-08,2025,La Liga,Atletico Madrid,Levante,3 - 1,1 - 1,1,4,Evet
2025-11-08,2025,La Liga,Espanyol,Villarreal,0 - 2,0 - 1,2,2,Yok
2025-11-09,2025,La Liga,Athletic Club,Oviedo,1 - 0,1 - 0,1,1,Yok
2025-11-09,2025,La Liga,Rayo Vallecano,Real Madrid,0 - 0,0 - 0,X,0,Yok
2025-11-09,2025,La Liga,Valencia,Real Betis,1 - 1,0 - 0,X,2,Evet
2025-11-09,2025,La Liga,Mallorca,Getafe,1 - 0,1 - 0,1,1,Yok
2025-11-09,2025,La Liga,Celta Vigo,Barcelona,2 - 4,2 - 3,2,6,Evet
2025-11-21,2025,La Liga,Valencia,Levante,1 - 0,0 - 0,1,1,Yok
2025-11-22,2025,La Liga,Alaves,Celta Vigo,0 - 1,0 - 0,2,1,Yok
2025-11-22,2025,La Liga,Barcelona,Athletic Club,4 - 0,2 - 0,1,4,Yok
2025-11-22,2025,La Liga,Osasuna,Real Sociedad,1 - 3,1 - 0,2,4,Evet
2025-11-22,2025,La Liga,Villarreal,Mallorca,2 - 1,1 - 1,1,3,Evet
2025-11-23,2025,La Liga,Oviedo,Rayo Vallecano,0 - 0,0 - 0,X,0,Yok
2025-11-23,2025,La Liga,Real Betis,Girona,1 - 1,0 - 1,X,2,Evet
2025-11-23,2025,La Liga,Getafe,Atletico Madrid,0 - 1,0 - 0,2,1,Yok
2025-11-23,2025,La Liga,Elche,Real Madrid,2 - 2,0 - 0,X,4,Evet
2025-11-24,2025,La Liga,Espanyol,Sevilla,2 - 1,0 - 0,1,3,Evet
2025-11-28,2025,La Liga,Getafe,Elche,1 - 0,0 - 0,1,1,Yok
2025-11-29,2025,La Liga,Mallorca,Osasuna,2 - 2,0 - 0,X,4,Evet
2025-11-29,2025,La Liga,Barcelona,Alaves,3 - 1,2 - 1,1,4,Evet
2025-11-29,2025,La Liga,Levante,Athletic Club,0 - 2,0 - 2,2,2,Yok
2025-11-29,2025,La Liga,Atletico Madrid,Oviedo,2 - 0,2 - 0,1,2,Yok
2025-11-30,2025,La Liga,Real Sociedad,Villarreal,2 - 3,0 - 1,2,5,Evet
2025-11-30,2025,La Liga,Sevilla,Real Betis,0 - 2,0 - 0,2,2,Yok
2025-11-30,2025,La Liga,Celta Vigo,Espanyol,0 - 1,0 - 0,2,1,Yok
2025-11-30,2025,La Liga,Girona,Real Madrid,1 - 1,1 - 0,X,2,Evet
2025-12-01,2025,La Liga,Rayo Vallecano,Valencia,1 - 1,1 - 0,X,2,Evet
2025-12-02,2025,La Liga,Barcelona,Atletico Madrid,3 - 1,1 - 1,1,4,Evet
2025-12-03,2025,La Liga,Athletic Club,Real Madrid,0 - 3,0 - 2,2,3,Yok
2025-12-05,2025,La Liga,Oviedo,Mallorca,0 - 0,0 - 0,X,0,Yok
2025-12-06,2025,La Liga,Villarreal,Getafe,2 - 0,1 - 0,1,2,Yok
2025-12-06,2025,La Liga,Alaves,Real Sociedad,1 - 0,1 - 0,1,1,Yok
2025-12-06,2025,La Liga,Real Betis,Barcelona,3 - 5,1 - 4,2,8,Evet
2025-12-06,2025,La Liga,Athletic Club,Atletico Madrid,1 - 0,0 - 0,1,1,Yok
2025-12-07,2025,La Liga,Elche,Girona,3 - 0,1 - 0,1,3,Yok
2025-12-07,2025,La Liga,Valencia,Sevilla,1 - 1,0 - 0,X,2,Evet
2025-12-07,2025,La Liga,Espanyol,Rayo Vallecano,1 - 0,1 - 0,1,1,Yok
2025-12-07,2025,La Liga,Real Madrid,Celta Vigo,0 - 2,0 - 0,2,2,Yok
2025-12-08,2025,La Liga,Osasuna,Levante,2 - 0,2 - 0,1,2,Yok
2025-12-12,2025,La Liga,Real Sociedad,Girona,1 - 2,1 - 0,2,3,Evet
2025-12-13,2025,La Liga,Atletico Madrid,Valencia,2 - 1,1 - 0,1,3,Evet
2025-12-13,2025,La Liga,Mallorca,Elche,3 - 1,1 - 1,1,4,Evet
2025-12-13,2025,La Liga,Barcelona,Osasuna,2 - 0,0 - 0,1,2,Yok
2025-12-13,2025,La Liga,Getafe,Espanyol,0 - 1,0 - 0,2,1,Yok
2025-12-14,2025,La Liga,Sevilla,Oviedo,4 - 0,2 - 0,1,4,Yok
2025-12-14,2025,La Liga,Celta Vigo,Athletic Club,2 - 0,0 - 0,1,2,Yok
2025-12-14,2025,La Liga,Alaves,Real Madrid,1 - 2,0 - 1,2,3,Evet
2025-12-15,2025,La Liga,Rayo Vallecano,Real Betis,0 - 0,0 - 0,X,0,Yok
2025-12-19,2025,La Liga,Valencia,Mallorca,1 - 1,0 - 1,X,2,Evet
2025-12-20,2025,La Liga,Oviedo,Celta Vigo,0 - 0,0 - 0,X,0,Yok
2025-12-20,2025,La Liga,Levante,Real Sociedad,1 - 1,0 - 1,X,2,Evet
2025-12-20,2025,La Liga,Osasuna,Alaves,3 - 0,0 - 0,1,3,Yok
2025-12-20,2025,La Liga,Real Madrid,Sevilla,2 - 0,1 - 0,1,2,Yok
2025-12-21,2025,La Liga,Girona,Atletico Madrid,0 - 3,0 - 2,2,3,Yok
2025-12-21,2025,La Liga,Villarreal,Barcelona,0 - 2,0 - 1,2,2,Yok
2025-12-21,2025,La Liga,Elche,Rayo Vallecano,4 - 0,1 - 0,1,4,Yok
2025-12-21,2025,La Liga,Real Betis,Getafe,4 - 0,1 - 0,1,4,Yok
2025-12-22,2025,La Liga,Athletic Club,Espanyol,1 - 2,1 - 1,2,3,Evet
2026-01-02,2025,La Liga,Rayo Vallecano,Getafe,1 - 1,1 - 0,X,2,Evet
2026-01-03,2025,La Liga,Celta Vigo,Valencia,4 - 1,1 - 0,1,5,Evet
2026-01-03,2025,La Liga,Osasuna,Athletic Club,1 - 1,1 - 0,X,2,Evet
2026-01-03,2025,La Liga,Elche,Villarreal,1 - 3,1 - 2,2,4,Evet
2026-01-03,2025,La Liga,Espanyol,Barcelona,0 - 2,0 - 0,2,2,Yok
2026-01-04,2025,La Liga,Sevilla,Levante,0 - 3,0 - 1,2,3,Yok
2026-01-04,2025,La Liga,Real Madrid,Real Betis,5 - 1,1 - 0,1,6,Evet
2026-01-04,2025,La Liga,Alaves,Oviedo,1 - 1,0 - 0,X,2,Evet
2026-01-04,2025,La Liga,Mallorca,Girona,1 - 2,0 - 1,2,3,Evet
2026-01-04,2025,La Liga,Real Sociedad,Atletico Madrid,1 - 1,0 - 0,X,2,Evet
2026-01-09,2025,La Liga,Getafe,Real Sociedad,1 - 2,0 - 1,2,3,Evet
2026-01-10,2025,La Liga,Oviedo,Real Betis,1 - 1,0 - 0,X,2,Evet
2026-01-10,2025,La Liga,Villarreal,Alaves,3 - 1,0 - 0,1,4,Evet
2026-01-10,2025,La Liga,Girona,Osasuna,1 - 0,1 - 0,1,1,Yok
2026-01-10,2025,La Liga,Valencia,Elche,1 - 1,0 - 0,X,2,Evet
2026-01-11,2025,La Liga,Rayo Vallecano,Mallorca,2 - 1,2 - 1,1,3,Evet
2026-01-11,2025,La Liga,Levante,Espanyol,1 - 1,0 - 0,X,2,Evet
2026-01-12,2025,La Liga,Sevilla,Celta Vigo,0 - 1,0 - 0,2,1,Yok
2026-01-16,2025,La Liga,Espanyol,Girona,0 - 2,0 - 1,2,2,Yok
2026-01-17,2025,La Liga,Real Madrid,Levante,2 - 0,0 - 0,1,2,Yok
2026-01-17,2025,La Liga,Mallorca,Athletic Club,3 - 2,2 - 2,1,5,Evet
2026-01-17,2025,La Liga,Osasuna,Oviedo,3 - 2,1 - 1,1,5,Evet
2026-01-17,2025,La Liga,Real Betis,Villarreal,2 - 0,0 - 0,1,2,Yok
2026-01-18,2025,La Liga,Getafe,Valencia,0 - 1,0 - 0,2,1,Yok
2026-01-18,2025,La Liga,Atletico Madrid,Alaves,1 - 0,0 - 0,1,1,Yok
2026-01-18,2025,La Liga,Celta Vigo,Rayo Vallecano,3 - 0,1 - 0,1,3,Yok
2026-01-18,2025,La Liga,Real Sociedad,Barcelona,2 - 1,1 - 0,1,3,Evet
2026-01-19,2025,La Liga,Elche,Sevilla,2 - 2,1 - 0,X,4,Evet
2026-01-23,2025,La Liga,Levante,Elche,3 - 2,0 - 1,1,5,Evet
2026-01-24,2025,La Liga,Rayo Vallecano,Osasuna,1 - 3,0 - 1,2,4,Evet
2026-01-24,2025,La Liga,Valencia,Espanyol,3 - 2,1 - 0,1,5,Evet
2026-01-24,2025,La Liga,Sevilla,Athletic Club,2 - 1,1 - 1,1,3,Evet
2026-01-24,2025,La Liga,Villarreal,Real Madrid,0 - 2,0 - 0,2,2,Yok
2026-01-25,2025,La Liga,Atletico Madrid,Mallorca,3 - 0,1 - 0,1,3,Yok
2026-01-25,2025,La Liga,Barcelona,Oviedo,3 - 0,0 - 0,1,3,Yok
2026-01-25,2025,La Liga,Real Sociedad,Celta Vigo,3 - 1,1 - 0,1,4,Evet
2026-01-25,2025,La Liga,Alaves,Real Betis,2 - 1,1 - 0,1,3,Evet
2026-01-26,2025,La Liga,Girona,Getafe,1 - 1,0 - 0,X,2,Evet
2026-01-30,2025,La Liga,Espanyol,Alaves,1 - 2,1 - 1,2,3,Evet
2026-01-31,2025,La Liga,Oviedo,Girona,1 - 0,0 - 0,1,1,Yok
2026-01-31,2025,La Liga,Osasuna,Villarreal,2 - 2,2 - 1,X,4,Evet
2026-01-31,2025,La Liga,Levante,Atletico Madrid,0 - 0,0 - 0,X,0,Yok
2026-01-31,2025,La Liga,Elche,Barcelona,1 - 3,1 - 2,2,4,Evet
2026-02-01,2025,La Liga,Real Madrid,Rayo Vallecano,2 - 1,1 - 0,1,3,Evet
2026-02-01,2025,La Liga,Real Betis,Valencia,2 - 1,1 - 1,1,3,Evet
2026-02-01,2025,La Liga,Getafe,Celta Vigo,0 - 0,0 - 0,X,0,Yok
2026-02-01,2025,La Liga,Athletic Club,Real Sociedad,1 - 1,0 - 1,X,2,Evet
2026-02-02,2025,La Liga,Mallorca,Sevilla,4 - 1,1 - 1,1,5,Evet
2026-02-06,2025,La Liga,Celta Vigo,Osasuna,1 - 2,0 - 1,2,3,Evet
2026-02-07,2025,La Liga,Barcelona,Mallorca,3 - 0,1 - 0,1,3,Yok
2026-02-07,2025,La Liga,Real Sociedad,Elche,3 - 1,2 - 1,1,4,Evet
2026-02-08,2025,La Liga,Alaves,Getafe,0 - 2,0 - 0,2,2,Yok
2026-02-08,2025,La Liga,Athletic Club,Levante,4 - 2,2 - 0,1,6,Evet
2026-02-08,2025,La Liga,Sevilla,Girona,1 - 1,0 - 1,X,2,Evet
2026-02-08,2025,La Liga,Atletico Madrid,Real Betis,0 - 1,0 - 1,2,1,Yok
2026-02-08,2025,La Liga,Valencia,Real Madrid,0 - 2,0 - 0,2,2,Yok
2026-02-09,2025,La Liga,Villarreal,Espanyol,4 - 1,2 - 0,1,5,Evet
2026-02-13,2025,La Liga,Elche,Osasuna,0 - 0,0 - 0,X,0,Yok
2026-02-14,2025,La Liga,Espanyol,Celta Vigo,2 - 2,0 - 1,X,4,Evet
2026-02-14,2025,La Liga,Getafe,Villarreal,2 - 1,1 - 0,1,3,Evet
2026-02-14,2025,La Liga,Sevilla,Alaves,1 - 1,1 - 0,X,2,Evet
2026-02-14,2025,La Liga,Real Madrid,Real Sociedad,4 - 1,3 - 1,1,5,Evet
2026-02-15,2025,La Liga,Oviedo,Athletic Club,1 - 2,1 - 0,2,3,Evet
2026-02-15,2025,La Liga,Rayo Vallecano,Atletico Madrid,3 - 0,2 - 0,1,3,Yok
2026-02-15,2025,La Liga,Levante,Valencia,0 - 2,0 - 0,2,2,Yok
2026-02-15,2025,La Liga,Mallorca,Real Betis,1 - 2,0 - 2,2,3,Evet
2026-02-16,2025,La Liga,Girona,Barcelona,2 - 1,0 - 0,1,3,Evet
2026-02-18,2025,La Liga,Levante,Villarreal,0 - 1,0 - 0,2,1,Yok
2026-02-20,2025,La Liga,Athletic Club,Elche,2 - 1,0 - 0,1,3,Evet
2026-02-21,2025,La Liga,Real Sociedad,Oviedo,3 - 3,0 - 0,X,6,Evet
2026-02-21,2025,La Liga,Real Betis,Rayo Vallecano,1 - 1,1 - 1,X,2,Evet
2026-02-21,2025,La Liga,Osasuna,Real Madrid,2 - 1,1 - 0,1,3,Evet
2026-02-21,2025,La Liga,Atletico Madrid,Espanyol,4 - 2,1 - 1,1,6,Evet
2026-02-22,2025,La Liga,Getafe,Sevilla,0 - 1,0 - 0,2,1,Yok
2026-02-22,2025,La Liga,Barcelona,Levante,3 - 0,2 - 0,1,3,Yok
2026-02-22,2025,La Liga,Celta Vigo,Mallorca,2 - 0,0 - 0,1,2,Yok
2026-02-22,2025,La Liga,Villarreal,Valencia,2 - 1,2 - 1,1,3,Evet
2026-02-23,2025,La Liga,Alaves,Girona,2 - 2,1 - 1,X,4,Evet
2026-02-27,2025,La Liga,Levante,Alaves,2 - 0,0 - 0,1,2,Yok
2026-02-28,2025,La Liga,Rayo Vallecano,Athletic Club,1 - 1,1 - 0,X,2,Evet
2026-02-28,2025,La Liga,Barcelona,Villarreal,4 - 1,2 - 0,1,5,Evet
2026-02-28,2025,La Liga,Mallorca,Real Sociedad,0 - 1,0 - 1,2,1,Yok
2026-02-28,2025,La Liga,Oviedo,Atletico Madrid,0 - 1,0 - 0,2,1,Yok
2026-03-01,2025,La Liga,Elche,Espanyol,2 - 2,1 - 1,X,4,Evet
2026-03-01,2025,La Liga,Valencia,Osasuna,1 - 0,0 - 0,1,1,Yok
2026-03-01,2025,La Liga,Real Betis,Sevilla,2 - 2,2 - 0,X,4,Evet
2026-03-01,2025,La Liga,Girona,Celta Vigo,1 - 2,1 - 0,2,3,Evet
2026-03-02,2025,La Liga,Real Madrid,Getafe,0 - 1,0 - 1,2,1,Yok
2026-03-04,2025,La Liga,Rayo Vallecano,Oviedo,3 - 0,1 - 0,1,3,Yok
2026-03-06,2025,La Liga,Celta Vigo,Real Madrid,1 - 2,1 - 1,2,3,Evet
2026-03-07,2025,La Liga,Osasuna,Mallorca,2 - 2,0 - 1,X,4,Evet
2026-03-07,2025,La Liga,Levante,Girona,1 - 1,0 - 0,X,2,Evet
2026-03-07,2025,La Liga,Atletico Madrid,Real Sociedad,3 - 2,1 - 1,1,5,Evet
2026-03-07,2025,La Liga,Athletic Club,Barcelona,0 - 1,0 - 0,2,1,Yok
2026-03-08,2025,La Liga,Villarreal,Elche,2 - 1,2 - 0,1,3,Evet
2026-03-08,2025,La Liga,Getafe,Real Betis,2 - 0,2 - 0,1,2,Yok
2026-03-08,2025,La Liga,Sevilla,Rayo Vallecano,1 - 1,1 - 0,X,2,Evet
2026-03-08,2025,La Liga,Valencia,Alaves,3 - 2,0 - 1,1,5,Evet
2026-03-09,2025,La Liga,Espanyol,Oviedo,1 - 1,1 - 1,X,2,Evet
2026-03-13,2025,La Liga,Alaves,Villarreal,1 - 1,1 - 0,X,2,Evet
2026-03-14,2025,La Liga,Girona,Athletic Club,3 - 0,1 - 0,1,3,Yok
2026-03-14,2025,La Liga,Atletico Madrid,Getafe,1 - 0,1 - 0,1,1,Yok
2026-03-14,2025,La Liga,Oviedo,Valencia,1 - 0,1 - 0,1,1,Yok
2026-03-14,2025,La Liga,Real Madrid,Elche,4 - 1,2 - 0,1,5,Evet
2026-03-15,2025,La Liga,Mallorca,Espanyol,2 - 1,0 - 1,1,3,Evet
2026-03-15,2025,La Liga,Barcelona,Sevilla,5 - 2,3 - 1,1,7,Evet
2026-03-15,2025,La Liga,Real Betis,Celta Vigo,1 - 1,0 - 1,X,2,Evet
2026-03-15,2025,La Liga,Real Sociedad,Osasuna,3 - 1,2 - 0,1,4,Evet
2026-03-16,2025,La Liga,Rayo Vallecano,Levante,1 - 1,0 - 1,X,2,Evet
2026-03-20,2025,La Liga,Villarreal,Real Sociedad,3 - 1,3 - 0,1,4,Evet
2026-03-21,2025,La Liga,Elche,Mallorca,2 - 1,0 - 0,1,3,Evet
2026-03-21,2025,La Liga,Espanyol,Getafe,1 - 2,0 - 2,2,3,Evet
2026-03-21,2025,La Liga,Levante,Oviedo,4 - 2,2 - 2,1,6,Evet
2026-03-21,2025,La Liga,Osasuna,Girona,1 - 0,0 - 0,1,1,Yok
2026-03-21,2025,La Liga,Sevilla,Valencia,0 - 2,0 - 2,2,2,Yok
2026-03-22,2025,La Liga,Barcelona,Rayo Vallecano,1 - 0,1 - 0,1,1,Yok
2026-03-22,2025,La Liga,Celta Vigo,Alaves,3 - 4,3 - 1,2,7,Evet
2026-03-22,2025,La Liga,Athletic Club,Real Betis,2 - 1,2 - 0,1,3,Evet
2026-03-22,2025,La Liga,Real Madrid,Atletico Madrid,3 - 2,0 - 1,1,5,Evet
2026-04-03,2025,La Liga,Rayo Vallecano,Elche,1 - 0,0 - 0,1,1,Yok
2026-04-04,2025,La Liga,Real Sociedad,Levante,2 - 0,1 - 0,1,2,Yok
2026-04-04,2025,La Liga,Mallorca,Real Madrid,2 - 1,1 - 0,1,3,Evet
2026-04-04,2025,La Liga,Real Betis,Espanyol,0 - 0,0 - 0,X,0,Yok
2026-04-04,2025,La Liga,Atletico Madrid,Barcelona,1 - 2,1 - 1,2,3,Evet
2026-04-05,2025,La Liga,Getafe,Athletic Club,2 - 0,1 - 0,1,2,Yok
2026-04-05,2025,La Liga,Valencia,Celta Vigo,2 - 3,1 - 0,2,5,Evet
2026-04-05,2025,La Liga,Oviedo,Sevilla,1 - 0,1 - 0,1,1,Yok
2026-04-05,2025,La Liga,Alaves,Osasuna,2 - 2,1 - 1,X,4,Evet
2026-04-06,2025,La Liga,Girona,Villarreal,1 - 0,1 - 0,1,1,Yok
2026-04-10,2025,La Liga,Real Madrid,Girona,1 - 1,0 - 0,X,2,Evet
2026-04-11,2025,La Liga,Real Sociedad,Alaves,3 - 3,2 - 2,X,6,Evet
2026-04-11,2025,La Liga,Elche,Valencia,1 - 0,0 - 0,1,1,Yok
2026-04-11,2025,La Liga,Barcelona,Espanyol,4 - 1,2 - 0,1,5,Evet
2026-04-11,2025,La Liga,Sevilla,Atletico Madrid,2 - 1,2 - 1,1,3,Evet
2026-04-12,2025,La Liga,Osasuna,Real Betis,1 - 1,1 - 1,X,2,Evet
2026-04-12,2025,La Liga,Mallorca,Rayo Vallecano,3 - 0,2 - 0,1,3,Yok
2026-04-12,2025,La Liga,Celta Vigo,Oviedo,0 - 3,0 - 2,2,3,Yok
2026-04-12,2025,La Liga,Athletic Club,Villarreal,1 - 2,0 - 2,2,3,Evet
2026-04-13,2025,La Liga,Levante,Getafe,1 - 0,0 - 0,1,1,Yok
2026-04-21,2025,La Liga,Athletic Club,Osasuna,1 - 0,1 - 0,1,1,Yok
2026-04-21,2025,La Liga,Mallorca,Valencia,1 - 1,0 - 0,X,2,Evet
2026-04-21,2025,La Liga,Real Madrid,Alaves,2 - 1,1 - 0,1,3,Evet
2026-04-21,2025,La Liga,Girona,Real Betis,2 - 3,1 - 1,2,5,Evet
2026-04-22,2025,La Liga,Elche,Atletico Madrid,3 - 2,2 - 2,1,5,Evet
2026-04-22,2025,La Liga,Real Sociedad,Getafe,0 - 1,0 - 1,2,1,Yok
2026-04-22,2025,La Liga,Barcelona,Celta Vigo,1 - 0,1 - 0,1,1,Yok
2026-04-23,2025,La Liga,Levante,Sevilla,2 - 0,1 - 0,1,2,Yok
2026-04-23,2025,La Liga,Rayo Vallecano,Espanyol,1 - 0,0 - 0,1,1,Yok
2026-04-23,2025,La Liga,Oviedo,Villarreal,1 - 1,0 - 1,X,2,Evet
2026-04-24,2025,La Liga,Real Betis,Real Madrid,1 - 1,0 - 1,X,2,Evet
2026-04-25,2025,La Liga,Alaves,Mallorca,2 - 1,0 - 1,1,3,Evet
2026-04-25,2025,La Liga,Getafe,Barcelona,0 - 2,0 - 1,2,2,Yok
2026-04-25,2025,La Liga,Valencia,Girona,2 - 1,0 - 0,1,3,Evet
2026-04-25,2025,La Liga,Atletico Madrid,Athletic Club,3 - 2,0 - 1,1,5,Evet
2026-04-26,2025,La Liga,Rayo Vallecano,Real Sociedad,3 - 3,1 - 1,X,6,Evet
2026-04-26,2025,La Liga,Oviedo,Elche,1 - 2,0 - 2,2,3,Evet
2026-04-26,2025,La Liga,Osasuna,Sevilla,2 - 1,0 - 0,1,3,Evet
2026-04-26,2025,La Liga,Villarreal,Celta Vigo,2 - 1,2 - 0,1,3,Evet
2026-04-27,2025,La Liga,Espanyol,Levante,0 - 0,0 - 0,X,0,Yok
2026-05-01,2025,La Liga,Girona,Mallorca,0 - 1,0 - 1,2,1,Yok
2026-05-02,2025,La Liga,Villarreal,Levante,5 - 1,1 - 0,1,6,Evet
2026-05-02,2025,La Liga,Valencia,Atletico Madrid,0 - 2,0 - 0,2,2,Yok
2026-05-02,2025,La Liga,Alaves,Athletic Club,2 - 4,1 - 0,2,6,Evet
2026-05-02,2025,La Liga,Osasuna,Barcelona,1 - 2,0 - 0,2,3,Evet
2026-05-03,2025,La Liga,Celta Vigo,Elche,3 - 1,2 - 0,1,4,Evet
2026-05-03,2025,La Liga,Getafe,Rayo Vallecano,0 - 2,0 - 1,2,2,Yok
2026-05-03,2025,La Liga,Real Betis,Oviedo,3 - 0,2 - 0,1,3,Yok
2026-05-03,2025,La Liga,Espanyol,Real Madrid,0 - 2,0 - 0,2,2,Yok
2026-05-04,2025,La Liga,Sevilla,Real Sociedad,1 - 0,0 - 0,1,1,Yok
2026-05-08,2025,La Liga,Levante,Osasuna,3 - 2,2 - 2,1,5,Evet
2026-05-09,2025,La Liga,Elche,Alaves,1 - 1,0 - 0,X,2,Evet
2026-05-09,2025,La Liga,Sevilla,Espanyol,2 - 1,0 - 0,1,3,Evet
2026-05-09,2025,La Liga,Atletico Madrid,Celta Vigo,0 - 1,0 - 0,2,1,Yok
2026-05-09,2025,La Liga,Real Sociedad,Real Betis,2 - 2,0 - 1,X,4,Evet
2026-05-10,2025,La Liga,Mallorca,Villarreal,1 - 1,1 - 1,X,2,Evet
2026-05-10,2025,La Liga,Athletic Club,Valencia,0 - 1,0 - 0,2,1,Yok
2026-05-10,2025,La Liga,Oviedo,Getafe,0 - 0,0 - 0,X,0,Yok
2026-05-10,2025,La Liga,Barcelona,Real Madrid,2 - 0,2 - 0,1,2,Yok
2026-05-11,2025,La Liga,Rayo Vallecano,Girona,1 - 1,0 - 0,X,2,Evet
2026-05-12,2025,La Liga,Celta Vigo,Levante,2 - 3,1 - 1,2,5,Evet
2026-05-12,2025,La Liga,Real Betis,Elche,2 - 1,1 - 1,1,3,Evet
2026-05-12,2025,La Liga,Osasuna,Atletico Madrid,1 - 2,0 - 1,2,3,Evet
2026-05-13,2025,La Liga,Villarreal,Sevilla,2 - 3,2 - 2,2,5,Evet
2026-05-13,2025,La Liga,Espanyol,Athletic Club,2 - 0,0 - 0,1,2,Yok
2026-05-13,2025,La Liga,Alaves,Barcelona,1 - 0,1 - 0,1,1,Yok
2026-05-13,2025,La Liga,Getafe,Mallorca,3 - 1,2 - 0,1,4,Evet
2026-05-14,2025,La Liga,Valencia,Rayo Vallecano,1 - 1,1 - 1,X,2,Evet
2026-05-14,2025,La Liga,Girona,Real Sociedad,1 - 1,0 - 1,X,2,Evet
2026-05-14,2025,La Liga,Real Madrid,Oviedo,2 - 0,1 - 0,1,2,Yok
2026-05-17,2025,La Liga,Atletico Madrid,Girona,1 - 0,1 - 0,1,1,Yok
2026-05-17,2025,La Liga,Athletic Club,Celta Vigo,1 - 1,0 - 1,X,2,Evet
2026-05-17,2025,La Liga,Sevilla,Real Madrid,0 - 1,0 - 1,2,1,Yok
2026-05-17,2025,La Liga,Levante,Mallorca,2 - 0,1 - 0,1,2,Yok
2026-05-17,2025,La Liga,Real Sociedad,Valencia,3 - 4,1 - 2,2,7,Evet
2026-05-17,2025,La Liga,Oviedo,Alaves,0 - 1,0 - 1,2,1,Yok
2026-05-17,2025,La Liga,Osasuna,Espanyol,1 - 2,0 - 1,2,3,Evet
2026-05-17,2025,La Liga,Rayo Vallecano,Villarreal,2 - 0,1 - 0,1,2,Yok
2026-05-17,2025,La Liga,Elche,Getafe,1 - 0,1 - 0,1,1,Yok
2026-05-17,2025,La Liga,Barcelona,Real Betis,3 - 1,1 - 0,1,4,Evet
2026-05-23,2025,La Liga,Valencia,Barcelona,3 - 1,0 - 0,1,4,Evet
2026-05-23,2025,La Liga,Celta Vigo,Sevilla,1 - 0,0 - 0,1,1,Yok
2026-05-23,2025,La Liga,Espanyol,Real Sociedad,1 - 1,0 - 1,X,2,Evet
2026-05-23,2025,La Liga,Real Madrid,Athletic Club,4 - 2,2 - 1,1,6,Evet
2026-05-23,2025,La Liga,Alaves,Rayo Vallecano,1 - 2,1 - 0,2,3,Evet
2026-05-23,2025,La Liga,Real Betis,Levante,2 - 1,1 - 1,1,3,Evet
2026-05-23,2025,La Liga,Getafe,Osasuna,1 - 0,0 - 0,1,1,Yok
2026-05-23,2025,La Liga,Girona,Elche,1 - 1,0 - 1,X,2,Evet
2026-05-23,2025,La Liga,Mallorca,Oviedo,3 - 0,1 - 0,1,3,Yok
2026-05-24,2025,La Liga,Villarreal,Atletico Madrid,5 - 1,4 - 1,1,6,Evet
2024-08-15,2024,La Liga,Athletic Club,Getafe,1 - 1,1 - 0,X,2,Evet
2024-08-15,2024,La Liga,Real Betis,Girona,1 - 1,1 - 0,X,2,Evet
2024-08-16,2024,La Liga,Celta Vigo,Alaves,2 - 1,0 - 1,1,3,Evet
2024-08-16,2024,La Liga,Las Palmas,Sevilla,2 - 2,1 - 1,X,4,Evet
2024-08-17,2024,La Liga,Osasuna,Leganes,1 - 1,0 - 1,X,2,Evet
2024-08-17,2024,La Liga,Valencia,Barcelona,1 - 2,1 - 1,2,3,Evet
2024-08-18,2024,La Liga,Real Sociedad,Rayo Vallecano,1 - 2,0 - 0,2,3,Evet
2024-08-18,2024,La Liga,Mallorca,Real Madrid,1 - 1,0 - 1,X,2,Evet
2024-08-19,2024,La Liga,Valladolid,Espanyol,1 - 0,1 - 0,1,1,Yok
2024-08-19,2024,La Liga,Villarreal,Atletico Madrid,2 - 2,2 - 2,X,4,Evet
2024-08-23,2024,La Liga,Celta Vigo,Valencia,3 - 1,2 - 1,1,4,Evet
2024-08-23,2024,La Liga,Sevilla,Villarreal,1 - 2,1 - 1,2,3,Evet
2024-08-24,2024,La Liga,Osasuna,Mallorca,1 - 0,0 - 0,1,1,Yok
2024-08-24,2024,La Liga,Barcelona,Athletic Club,2 - 1,1 - 1,1,3,Evet
2024-08-24,2024,La Liga,Espanyol,Real Sociedad,0 - 1,0 - 0,2,1,Yok
2024-08-24,2024,La Liga,Getafe,Rayo Vallecano,0 - 0,0 - 0,X,0,Yok
2024-08-25,2024,La Liga,Real Madrid,Valladolid,3 - 0,0 - 0,1,3,Yok
2024-08-25,2024,La Liga,Leganes,Las Palmas,2 - 1,0 - 0,1,3,Evet
2024-08-25,2024,La Liga,Alaves,Real Betis,0 - 0,0 - 0,X,0,Yok
2024-08-25,2024,La Liga,Atletico Madrid,Girona,3 - 0,1 - 0,1,3,Yok
2024-08-26,2024,La Liga,Villarreal,Celta Vigo,4 - 3,1 - 2,1,7,Evet
2024-08-27,2024,La Liga,Mallorca,Sevilla,0 - 0,0 - 0,X,0,Yok
2024-08-27,2024,La Liga,Rayo Vallecano,Barcelona,1 - 2,1 - 0,2,3,Evet
2024-08-28,2024,La Liga,Athletic Club,Valencia,1 - 0,1 - 0,1,1,Yok
2024-08-28,2024,La Liga,Valladolid,Leganes,0 - 0,0 - 0,X,0,Yok
2024-08-28,2024,La Liga,Atletico Madrid,Espanyol,0 - 0,0 - 0,X,0,Yok
2024-08-28,2024,La Liga,Real Sociedad,Alaves,1 - 2,1 - 1,2,3,Evet
2024-08-29,2024,La Liga,Girona,Osasuna,4 - 0,1 - 0,1,4,Yok
2024-08-29,2024,La Liga,Las Palmas,Real Madrid,1 - 1,1 - 0,X,2,Evet
2024-08-31,2024,La Liga,Barcelona,Valladolid,7 - 0,3 - 0,1,7,Yok
2024-08-31,2024,La Liga,Athletic Club,Atletico Madrid,0 - 1,0 - 0,2,1,Yok
2024-08-31,2024,La Liga,Espanyol,Rayo Vallecano,2 - 1,1 - 1,1,3,Evet
2024-08-31,2024,La Liga,Valencia,Villarreal,1 - 1,1 - 1,X,2,Evet
2024-08-31,2024,La Liga,Leganes,Mallorca,0 - 1,0 - 1,2,1,Yok
2024-09-01,2024,La Liga,Alaves,Las Palmas,2 - 0,1 - 0,1,2,Yok
2024-09-01,2024,La Liga,Osasuna,Celta Vigo,3 - 2,2 - 1,1,5,Evet
2024-09-01,2024,La Liga,Sevilla,Girona,0 - 2,0 - 1,2,2,Yok
2024-09-01,2024,La Liga,Getafe,Real Sociedad,0 - 0,0 - 0,X,0,Yok
2024-09-01,2024,La Liga,Real Madrid,Real Betis,2 - 0,0 - 0,1,2,Yok
2024-09-13,2024,La Liga,Real Betis,Leganes,2 - 0,0 - 0,1,2,Yok
2024-09-14,2024,La Liga,Mallorca,Villarreal,1 - 2,0 - 1,2,3,Evet
2024-09-14,2024,La Liga,Espanyol,Alaves,3 - 2,1 - 1,1,5,Evet
2024-09-14,2024,La Liga,Sevilla,Getafe,1 - 0,1 - 0,1,1,Yok
2024-09-14,2024,La Liga,Real Sociedad,Real Madrid,0 - 2,0 - 0,2,2,Yok
2024-09-15,2024,La Liga,Celta Vigo,Valladolid,3 - 1,2 - 0,1,4,Evet
2024-09-15,2024,La Liga,Girona,Barcelona,1 - 4,0 - 2,2,5,Evet
2024-09-15,2024,La Liga,Las Palmas,Athletic Club,2 - 3,0 - 2,2,5,Evet
2024-09-15,2024,La Liga,Atletico Madrid,Valencia,3 - 0,1 - 0,1,3,Yok
2024-09-16,2024,La Liga,Rayo Vallecano,Osasuna,3 - 1,0 - 1,1,4,Evet
2024-09-17,2024,La Liga,Mallorca,Real Sociedad,1 - 0,1 - 0,1,1,Yok
2024-09-18,2024,La Liga,Real Betis,Getafe,2 - 1,0 - 0,1,3,Evet
2024-09-19,2024,La Liga,Leganes,Athletic Club,0 - 2,0 - 0,2,2,Yok
2024-09-20,2024,La Liga,Alaves,Sevilla,2 - 1,1 - 0,1,3,Evet
2024-09-21,2024,La Liga,Valladolid,Real Sociedad,0 - 0,0 - 0,X,0,Yok
2024-09-21,2024,La Liga,Osasuna,Las Palmas,2 - 1,1 - 1,1,3,Evet
2024-09-21,2024,La Liga,Valencia,Girona,2 - 0,0 - 0,1,2,Yok
2024-09-21,2024,La Liga,Real Madrid,Espanyol,4 - 1,0 - 0,1,5,Evet
2024-09-22,2024,La Liga,Getafe,Leganes,1 - 1,0 - 0,X,2,Evet
2024-09-22,2024,La Liga,Athletic Club,Celta Vigo,3 - 1,2 - 1,1,4,Evet
2024-09-22,2024,La Liga,Villarreal,Barcelona,1 - 5,1 - 2,2,6,Evet
2024-09-22,2024,La Liga,Rayo Vallecano,Atletico Madrid,1 - 1,1 - 0,X,2,Evet
2024-09-23,2024,La Liga,Real Betis,Mallorca,1 - 2,1 - 1,2,3,Evet
2024-09-24,2024,La Liga,Valencia,Osasuna,0 - 0,0 - 0,X,0,Yok
2024-09-24,2024,La Liga,Sevilla,Valladolid,2 - 1,1 - 0,1,3,Evet
2024-09-24,2024,La Liga,Real Madrid,Alaves,3 - 2,2 - 0,1,5,Evet
2024-09-25,2024,La Liga,Girona,Rayo Vallecano,0 - 0,0 - 0,X,0,Yok
2024-09-25,2024,La Liga,Barcelona,Getafe,1 - 0,1 - 0,1,1,Yok
2024-09-26,2024,La Liga,Las Palmas,Real Betis,1 - 1,1 - 1,X,2,Evet
2024-09-26,2024,La Liga,Espanyol,Villarreal,1 - 2,1 - 1,2,3,Evet
2024-09-26,2024,La Liga,Celta Vigo,Atletico Madrid,0 - 1,0 - 0,2,1,Yok
2024-09-27,2024,La Liga,Valladolid,Mallorca,1 - 2,0 - 0,2,3,Evet
2024-09-28,2024,La Liga,Getafe,Alaves,2 - 0,1 - 0,1,2,Yok
2024-09-28,2024,La Liga,Rayo Vallecano,Leganes,1 - 1,1 - 0,X,2,Evet
2024-09-28,2024,La Liga,Real Sociedad,Valencia,3 - 0,1 - 0,1,3,Yok
2024-09-28,2024,La Liga,Osasuna,Barcelona,4 - 2,2 - 0,1,6,Evet
2024-09-29,2024,La Liga,Celta Vigo,Girona,1 - 1,0 - 1,X,2,Evet
2024-09-29,2024,La Liga,Athletic Club,Sevilla,1 - 1,1 - 0,X,2,Evet
2024-09-29,2024,La Liga,Real Betis,Espanyol,1 - 0,0 - 0,1,1,Yok
2024-09-29,2024,La Liga,Atletico Madrid,Real Madrid,1 - 1,0 - 0,X,2,Evet
2024-09-30,2024,La Liga,Villarreal,Las Palmas,3 - 1,1 - 0,1,4,Evet
2024-10-04,2024,La Liga,Leganes,Valencia,0 - 0,0 - 0,X,0,Yok
2024-10-05,2024,La Liga,Espanyol,Mallorca,2 - 1,1 - 0,1,3,Evet
2024-10-05,2024,La Liga,Getafe,Osasuna,1 - 1,1 - 0,X,2,Evet
2024-10-05,2024,La Liga,Las Palmas,Celta Vigo,0 - 1,0 - 1,2,1,Yok
2024-10-05,2024,La Liga,Valladolid,Rayo Vallecano,1 - 2,0 - 0,2,3,Evet
2024-10-05,2024,La Liga,Real Madrid,Villarreal,2 - 0,1 - 0,1,2,Yok
2024-10-06,2024,La Liga,Girona,Athletic Club,2 - 1,1 - 1,1,3,Evet
2024-10-06,2024,La Liga,Alaves,Barcelona,0 - 3,0 - 3,2,3,Yok
2024-10-06,2024,La Liga,Sevilla,Real Betis,1 - 0,0 - 0,1,1,Yok
2024-10-06,2024,La Liga,Real Sociedad,Atletico Madrid,1 - 1,0 - 1,X,2,Evet
2024-10-18,2024,La Liga,Alaves,Valladolid,2 - 3,1 - 1,2,5,Evet
2024-10-19,2024,La Liga,Athletic Club,Espanyol,4 - 1,3 - 0,1,5,Evet
2024-10-19,2024,La Liga,Osasuna,Real Betis,1 - 2,0 - 1,2,3,Evet
2024-10-19,2024,La Liga,Girona,Real Sociedad,0 - 1,0 - 1,2,1,Yok
2024-10-19,2024,La Liga,Celta Vigo,Real Madrid,1 - 2,0 - 1,2,3,Evet
2024-10-20,2024,La Liga,Mallorca,Rayo Vallecano,1 - 0,0 - 0,1,1,Yok
2024-10-20,2024,La Liga,Atletico Madrid,Leganes,3 - 1,0 - 1,1,4,Evet
2024-10-20,2024,La Liga,Villarreal,Getafe,1 - 1,1 - 0,X,2,Evet
2024-10-20,2024,La Liga,Barcelona,Sevilla,5 - 1,3 - 0,1,6,Evet
2024-10-21,2024,La Liga,Valencia,Las Palmas,2 - 3,1 - 1,2,5,Evet
2024-10-25,2024,La Liga,Espanyol,Sevilla,0 - 2,0 - 2,2,2,Yok
2024-10-26,2024,La Liga,Valladolid,Villarreal,1 - 2,0 - 1,2,3,Evet
2024-10-26,2024,La Liga,Rayo Vallecano,Alaves,1 - 0,0 - 0,1,1,Yok
2024-10-26,2024,La Liga,Las Palmas,Girona,1 - 0,1 - 0,1,1,Yok
2024-10-26,2024,La Liga,Real Madrid,Barcelona,0 - 4,0 - 0,2,4,Yok
2024-10-27,2024,La Liga,Leganes,Celta Vigo,3 - 0,0 - 0,1,3,Yok
2024-10-27,2024,La Liga,Getafe,Valencia,1 - 1,0 - 1,X,2,Evet
2024-10-27,2024,La Liga,Real Betis,Atletico Madrid,1 - 0,1 - 0,1,1,Yok
2024-10-27,2024,La Liga,Real Sociedad,Osasuna,0 - 2,0 - 2,2,2,Yok
2024-10-28,2024,La Liga,Mallorca,Athletic Club,0 - 0,0 - 0,X,0,Yok
2024-11-01,2024,La Liga,Alaves,Mallorca,1 - 0,0 - 0,1,1,Yok
2024-11-02,2024,La Liga,Osasuna,Valladolid,1 - 0,1 - 0,1,1,Yok
2024-11-02,2024,La Liga,Girona,Leganes,4 - 3,2 - 2,1,7,Evet
2024-11-03,2024,La Liga,Atletico Madrid,Las Palmas,2 - 0,1 - 0,1,2,Yok
2024-11-03,2024,La Liga,Barcelona,Espanyol,3 - 1,3 - 0,1,4,Evet
2024-11-03,2024,La Liga,Sevilla,Real Sociedad,0 - 2,0 - 1,2,2,Yok
2024-11-03,2024,La Liga,Athletic Club,Real Betis,1 - 1,0 - 0,X,2,Evet
2024-11-04,2024,La Liga,Celta Vigo,Getafe,1 - 0,1 - 0,1,1,Yok
2024-11-08,2024,La Liga,Rayo Vallecano,Las Palmas,1 - 3,0 - 1,2,4,Evet
2024-11-09,2024,La Liga,Real Madrid,Osasuna,4 - 0,2 - 0,1,4,Yok
2024-11-09,2024,La Liga,Villarreal,Alaves,3 - 0,1 - 0,1,3,Yok
2024-11-09,2024,La Liga,Leganes,Sevilla,1 - 0,0 - 0,1,1,Yok
2024-11-10,2024,La Liga,Real Betis,Celta Vigo,2 - 2,1 - 1,X,4,Evet
2024-11-10,2024,La Liga,Mallorca,Atletico Madrid,0 - 1,0 - 0,2,1,Yok
2024-11-10,2024,La Liga,Getafe,Girona,0 - 1,0 - 1,2,1,Yok
2024-11-10,2024,La Liga,Valladolid,Athletic Club,1 - 1,0 - 0,X,2,Evet
2024-11-10,2024,La Liga,Real Sociedad,Barcelona,1 - 0,1 - 0,1,1,Yok
2024-11-22,2024,La Liga,Getafe,Valladolid,2 - 0,0 - 0,1,2,Yok
2024-11-23,2024,La Liga,Valencia,Real Betis,4 - 2,1 - 1,1,6,Evet
2024-11-23,2024,La Liga,Atletico Madrid,Alaves,2 - 1,0 - 1,1,3,Evet
2024-11-23,2024,La Liga,Las Palmas,Mallorca,2 - 3,0 - 0,2,5,Evet
2024-11-23,2024,La Liga,Girona,Espanyol,4 - 1,4 - 0,1,5,Evet
2024-11-23,2024,La Liga,Celta Vigo,Barcelona,2 - 2,0 - 1,X,4,Evet
2024-11-24,2024,La Liga,Osasuna,Villarreal,2 - 2,2 - 0,X,4,Evet
2024-11-24,2024,La Liga,Sevilla,Rayo Vallecano,1 - 0,1 - 0,1,1,Yok
2024-11-24,2024,La Liga,Leganes,Real Madrid,0 - 3,0 - 1,2,3,Yok
2024-11-24,2024,La Liga,Athletic Club,Real Sociedad,1 - 0,1 - 0,1,1,Yok
2024-11-29,2024,La Liga,Mallorca,Valencia,2 - 1,1 - 1,1,3,Evet
2024-11-30,2024,La Liga,Barcelona,Las Palmas,1 - 2,0 - 0,2,3,Evet
2024-11-30,2024,La Liga,Alaves,Leganes,1 - 1,0 - 0,X,2,Evet
2024-11-30,2024,La Liga,Espanyol,Celta Vigo,3 - 1,1 - 0,1,4,Evet
2024-11-30,2024,La Liga,Valladolid,Atletico Madrid,0 - 5,0 - 3,2,5,Yok
2024-12-01,2024,La Liga,Villarreal,Girona,2 - 2,1 - 0,X,4,Evet
2024-12-01,2024,La Liga,Real Madrid,Getafe,2 - 0,2 - 0,1,2,Yok
2024-12-01,2024,La Liga,Rayo Vallecano,Athletic Club,1 - 2,1 - 0,2,3,Evet
2024-12-01,2024,La Liga,Real Sociedad,Real Betis,2 - 0,2 - 0,1,2,Yok
2024-12-02,2024,La Liga,Sevilla,Osasuna,1 - 1,0 - 0,X,2,Evet
2024-12-03,2024,La Liga,Mallorca,Barcelona,1 - 5,1 - 1,2,6,Evet
2024-12-04,2024,La Liga,Athletic Club,Real Madrid,2 - 1,0 - 0,1,3,Evet
2024-12-06,2024,La Liga,Celta Vigo,Mallorca,2 - 0,1 - 0,1,2,Yok
2024-12-07,2024,La Liga,Las Palmas,Valladolid,2 - 1,1 - 1,1,3,Evet
2024-12-07,2024,La Liga,Real Betis,Barcelona,2 - 2,0 - 1,X,4,Evet
2024-12-07,2024,La Liga,Valencia,Rayo Vallecano,0 - 1,0 - 1,2,1,Yok
2024-12-07,2024,La Liga,Girona,Real Madrid,0 - 3,0 - 1,2,3,Yok
2024-12-08,2024,La Liga,Leganes,Real Sociedad,0 - 3,0 - 1,2,3,Yok
2024-12-08,2024,La Liga,Athletic Club,Villarreal,2 - 0,1 - 0,1,2,Yok
2024-12-08,2024,La Liga,Osasuna,Alaves,2 - 2,0 - 1,X,4,Evet
2024-12-08,2024,La Liga,Atletico Madrid,Sevilla,4 - 3,1 - 2,1,7,Evet
2024-12-09,2024,La Liga,Getafe,Espanyol,1 - 0,1 - 0,1,1,Yok
2024-12-13,2024,La Liga,Valladolid,Valencia,1 - 0,1 - 0,1,1,Yok
2024-12-14,2024,La Liga,Espanyol,Osasuna,0 - 0,0 - 0,X,0,Yok
2024-12-14,2024,La Liga,Mallorca,Girona,2 - 1,1 - 1,1,3,Evet
2024-12-14,2024,La Liga,Sevilla,Celta Vigo,1 - 0,0 - 0,1,1,Yok
2024-12-14,2024,La Liga,Rayo Vallecano,Real Madrid,3 - 3,2 - 2,X,6,Evet
2024-12-15,2024,La Liga,Atletico Madrid,Getafe,1 - 0,0 - 0,1,1,Yok
2024-12-15,2024,La Liga,Alaves,Athletic Club,1 - 1,0 - 1,X,2,Evet
2024-12-15,2024,La Liga,Villarreal,Real Betis,1 - 2,0 - 1,2,3,Evet
2024-12-15,2024,La Liga,Real Sociedad,Las Palmas,0 - 0,0 - 0,X,0,Yok
2024-12-15,2024,La Liga,Barcelona,Leganes,0 - 1,0 - 1,2,1,Yok
2024-12-18,2024,La Liga,Villarreal,Rayo Vallecano,1 - 1,1 - 1,X,2,Evet
2024-12-18,2024,La Liga,Espanyol,Valencia,1 - 1,1 - 0,X,2,Evet
2024-12-20,2024,La Liga,Girona,Valladolid,3 - 0,2 - 0,1,3,Yok
2024-12-21,2024,La Liga,Getafe,Mallorca,0 - 1,0 - 0,2,1,Yok
2024-12-21,2024,La Liga,Celta Vigo,Real Sociedad,2 - 0,2 - 0,1,2,Yok
2024-12-21,2024,La Liga,Osasuna,Athletic Club,1 - 2,1 - 1,2,3,Evet
2024-12-21,2024,La Liga,Barcelona,Atletico Madrid,1 - 2,1 - 0,2,3,Evet
2024-12-22,2024,La Liga,Valencia,Alaves,2 - 2,0 - 1,X,4,Evet
2024-12-22,2024,La Liga,Real Madrid,Sevilla,4 - 2,3 - 1,1,6,Evet
2024-12-22,2024,La Liga,Las Palmas,Espanyol,1 - 0,0 - 0,1,1,Yok
2024-12-22,2024,La Liga,Leganes,Villarreal,2 - 5,2 - 2,2,7,Evet
2024-12-22,2024,La Liga,Real Betis,Rayo Vallecano,1 - 1,1 - 0,X,2,Evet
2025-01-03,2024,La Liga,Valencia,Real Madrid,1 - 2,1 - 0,2,3,Evet
2025-01-10,2024,La Liga,Rayo Vallecano,Celta Vigo,2 - 1,1 - 1,1,3,Evet
2025-01-11,2024,La Liga,Alaves,Girona,0 - 1,0 - 0,2,1,Yok
2025-01-11,2024,La Liga,Valladolid,Real Betis,1 - 0,0 - 0,1,1,Yok
2025-01-11,2024,La Liga,Espanyol,Leganes,1 - 1,1 - 1,X,2,Evet
2025-01-11,2024,La Liga,Sevilla,Valencia,1 - 1,0 - 0,X,2,Evet
2025-01-12,2024,La Liga,Las Palmas,Getafe,1 - 2,0 - 0,2,3,Evet
2025-01-12,2024,La Liga,Atletico Madrid,Osasuna,1 - 0,0 - 0,1,1,Yok
2025-01-13,2024,La Liga,Real Sociedad,Villarreal,1 - 0,0 - 0,1,1,Yok
2025-01-17,2024,La Liga,Espanyol,Valladolid,2 - 1,1 - 0,1,3,Evet
2025-01-18,2024,La Liga,Girona,Sevilla,1 - 2,1 - 0,2,3,Evet
2025-01-18,2024,La Liga,Leganes,Atletico Madrid,1 - 0,0 - 0,1,1,Yok
2025-01-18,2024,La Liga,Real Betis,Alaves,1 - 3,1 - 1,2,4,Evet
2025-01-18,2024,La Liga,Getafe,Barcelona,1 - 1,1 - 1,X,2,Evet
2025-01-19,2024,La Liga,Celta Vigo,Athletic Club,1 - 2,0 - 0,2,3,Evet
2025-01-19,2024,La Liga,Real Madrid,Las Palmas,4 - 1,3 - 1,1,5,Evet
2025-01-19,2024,La Liga,Osasuna,Rayo Vallecano,1 - 1,0 - 1,X,2,Evet
2025-01-19,2024,La Liga,Valencia,Real Sociedad,1 - 0,1 - 0,1,1,Yok
2025-01-20,2024,La Liga,Villarreal,Mallorca,4 - 0,4 - 0,1,4,Yok
2025-01-24,2024,La Liga,Las Palmas,Osasuna,1 - 1,0 - 0,X,2,Evet
2025-01-25,2024,La Liga,Mallorca,Real Betis,0 - 1,0 - 0,2,1,Yok
2025-01-25,2024,La Liga,Atletico Madrid,Villarreal,1 - 1,0 - 1,X,2,Evet
2025-01-25,2024,La Liga,Sevilla,Espanyol,1 - 1,0 - 1,X,2,Evet
2025-01-25,2024,La Liga,Valladolid,Real Madrid,0 - 3,0 - 1,2,3,Yok
2025-01-26,2024,La Liga,Rayo Vallecano,Girona,2 - 1,0 - 0,1,3,Evet
2025-01-26,2024,La Liga,Real Sociedad,Getafe,0 - 3,0 - 0,2,3,Yok
2025-01-26,2024,La Liga,Athletic Club,Leganes,0 - 0,0 - 0,X,0,Yok
2025-01-26,2024,La Liga,Barcelona,Valencia,7 - 1,5 - 0,1,8,Evet
2025-01-27,2024,La Liga,Alaves,Celta Vigo,1 - 1,1 - 0,X,2,Evet
2025-01-31,2024,La Liga,Leganes,Rayo Vallecano,0 - 1,0 - 0,2,1,Yok
2025-02-01,2024,La Liga,Getafe,Sevilla,0 - 0,0 - 0,X,0,Yok
2025-02-01,2024,La Liga,Villarreal,Valladolid,5 - 1,1 - 0,1,6,Evet
2025-02-01,2024,La Liga,Atletico Madrid,Mallorca,2 - 0,1 - 0,1,2,Yok
2025-02-01,2024,La Liga,Espanyol,Real Madrid,1 - 0,0 - 0,1,1,Yok
2025-02-02,2024,La Liga,Barcelona,Alaves,1 - 0,0 - 0,1,1,Yok
2025-02-02,2024,La Liga,Valencia,Celta Vigo,2 - 1,1 - 0,1,3,Evet
2025-02-02,2024,La Liga,Osasuna,Real Sociedad,2 - 1,1 - 0,1,3,Evet
2025-02-02,2024,La Liga,Real Betis,Athletic Club,2 - 2,2 - 1,X,4,Evet
2025-02-03,2024,La Liga,Girona,Las Palmas,2 - 1,1 - 0,1,3,Evet
2025-02-07,2024,La Liga,Rayo Vallecano,Valladolid,1 - 0,0 - 0,1,1,Yok
2025-02-08,2024,La Liga,Celta Vigo,Real Betis,3 - 2,0 - 2,1,5,Evet
2025-02-08,2024,La Liga,Athletic Club,Girona,3 - 0,2 - 0,1,3,Yok
2025-02-08,2024,La Liga,Las Palmas,Villarreal,1 - 2,0 - 0,2,3,Evet
2025-02-08,2024,La Liga,Real Madrid,Atletico Madrid,1 - 1,0 - 1,X,2,Evet
2025-02-09,2024,La Liga,Alaves,Getafe,0 - 1,0 - 1,2,1,Yok
2025-02-09,2024,La Liga,Valencia,Leganes,2 - 0,2 - 0,1,2,Yok
2025-02-09,2024,La Liga,Real Sociedad,Espanyol,2 - 1,1 - 0,1,3,Evet
2025-02-09,2024,La Liga,Sevilla,Barcelona,1 - 4,1 - 1,2,5,Evet
2025-02-10,2024,La Liga,Mallorca,Osasuna,1 - 1,0 - 0,X,2,Evet
2025-02-14,2024,La Liga,Girona,Getafe,1 - 2,0 - 1,2,3,Evet
2025-02-15,2024,La Liga,Leganes,Alaves,3 - 3,2 - 1,X,6,Evet
2025-02-15,2024,La Liga,Osasuna,Real Madrid,1 - 1,0 - 1,X,2,Evet
2025-02-15,2024,La Liga,Atletico Madrid,Celta Vigo,1 - 1,0 - 0,X,2,Evet
2025-02-15,2024,La Liga,Villarreal,Valencia,1 - 1,1 - 0,X,2,Evet
2025-02-16,2024,La Liga,Espanyol,Athletic Club,1 - 1,0 - 0,X,2,Evet
2025-02-16,2024,La Liga,Valladolid,Sevilla,0 - 4,0 - 2,2,4,Yok
2025-02-16,2024,La Liga,Mallorca,Las Palmas,3 - 1,3 - 0,1,4,Evet
2025-02-16,2024,La Liga,Real Betis,Real Sociedad,3 - 0,0 - 0,1,3,Yok
2025-02-17,2024,La Liga,Barcelona,Rayo Vallecano,1 - 0,1 - 0,1,1,Yok
2025-02-21,2024,La Liga,Celta Vigo,Osasuna,1 - 0,0 - 0,1,1,Yok
2025-02-22,2024,La Liga,Alaves,Espanyol,0 - 1,0 - 0,2,1,Yok
2025-02-22,2024,La Liga,Rayo Vallecano,Villarreal,0 - 1,0 - 0,2,1,Yok
2025-02-22,2024,La Liga,Valencia,Atletico Madrid,0 - 3,0 - 2,2,3,Yok
2025-02-22,2024,La Liga,Las Palmas,Barcelona,0 - 2,0 - 0,2,2,Yok
2025-02-23,2024,La Liga,Athletic Club,Valladolid,7 - 1,4 - 0,1,8,Evet
2025-02-23,2024,La Liga,Real Madrid,Girona,2 - 0,1 - 0,1,2,Yok
2025-02-23,2024,La Liga,Getafe,Real Betis,1 - 2,0 - 1,2,3,Evet
2025-02-23,2024,La Liga,Real Sociedad,Leganes,3 - 0,1 - 0,1,3,Yok
2025-02-24,2024,La Liga,Sevilla,Mallorca,1 - 1,1 - 0,X,2,Evet
2025-02-28,2024,La Liga,Valladolid,Las Palmas,1 - 1,0 - 1,X,2,Evet
2025-03-01,2024,La Liga,Girona,Celta Vigo,2 - 2,1 - 1,X,4,Evet
2025-03-01,2024,La Liga,Rayo Vallecano,Sevilla,1 - 1,0 - 0,X,2,Evet
2025-03-01,2024,La Liga,Real Betis,Real Madrid,2 - 1,1 - 1,1,3,Evet
2025-03-01,2024,La Liga,Atletico Madrid,Athletic Club,1 - 0,0 - 0,1,1,Yok
2025-03-02,2024,La Liga,Leganes,Getafe,1 - 0,0 - 0,1,1,Yok
2025-03-02,2024,La Liga,Barcelona,Real Sociedad,4 - 0,2 - 0,1,4,Yok
2025-03-02,2024,La Liga,Mallorca,Alaves,1 - 1,1 - 0,X,2,Evet
2025-03-02,2024,La Liga,Osasuna,Valencia,3 - 3,3 - 2,X,6,Evet
2025-03-08,2024,La Liga,Celta Vigo,Leganes,2 - 1,2 - 1,1,3,Evet
2025-03-08,2024,La Liga,Alaves,Villarreal,1 - 0,1 - 0,1,1,Yok
2025-03-08,2024,La Liga,Valencia,Valladolid,2 - 1,1 - 1,1,3,Evet
2025-03-09,2024,La Liga,Getafe,Atletico Madrid,2 - 1,0 - 0,1,3,Evet
2025-03-09,2024,La Liga,Real Madrid,Rayo Vallecano,2 - 1,2 - 1,1,3,Evet
2025-03-09,2024,La Liga,Athletic Club,Mallorca,1 - 1,0 - 0,X,2,Evet
2025-03-09,2024,La Liga,Real Betis,Las Palmas,1 - 0,0 - 0,1,1,Yok
2025-03-09,2024,La Liga,Real Sociedad,Sevilla,0 - 1,0 - 0,2,1,Yok
2025-03-10,2024,La Liga,Espanyol,Girona,1 - 1,0 - 0,X,2,Evet
2025-03-14,2024,La Liga,Las Palmas,Alaves,2 - 2,0 - 1,X,4,Evet
2025-03-15,2024,La Liga,Valladolid,Celta Vigo,0 - 1,0 - 0,2,1,Yok
2025-03-15,2024,La Liga,Mallorca,Espanyol,2 - 1,0 - 0,1,3,Evet
2025-03-15,2024,La Liga,Villarreal,Real Madrid,1 - 2,1 - 2,2,3,Evet
2025-03-15,2024,La Liga,Girona,Valencia,1 - 1,0 - 0,X,2,Evet
2025-03-16,2024,La Liga,Leganes,Real Betis,2 - 3,2 - 0,2,5,Evet
2025-03-16,2024,La Liga,Sevilla,Athletic Club,0 - 1,0 - 0,2,1,Yok
2025-03-16,2024,La Liga,Osasuna,Getafe,1 - 2,1 - 0,2,3,Evet
2025-03-16,2024,La Liga,Rayo Vallecano,Real Sociedad,2 - 2,0 - 1,X,4,Evet
2025-03-16,2024,La Liga,Atletico Madrid,Barcelona,2 - 4,1 - 0,2,6,Evet
2025-03-27,2024,La Liga,Barcelona,Osasuna,3 - 0,2 - 0,1,3,Yok
2025-03-29,2024,La Liga,Real Sociedad,Valladolid,2 - 1,1 - 0,1,3,Evet
2025-03-29,2024,La Liga,Espanyol,Atletico Madrid,1 - 1,0 - 1,X,2,Evet
2025-03-29,2024,La Liga,Alaves,Rayo Vallecano,0 - 2,0 - 1,2,2,Yok
2025-03-29,2024,La Liga,Real Madrid,Leganes,3 - 2,1 - 2,1,5,Evet
2025-03-30,2024,La Liga,Getafe,Villarreal,1 - 2,1 - 2,2,3,Evet
2025-03-30,2024,La Liga,Barcelona,Girona,4 - 1,1 - 0,1,5,Evet
2025-03-30,2024,La Liga,Athletic Club,Osasuna,0 - 0,0 - 0,X,0,Yok
2025-03-30,2024,La Liga,Valencia,Mallorca,1 - 0,0 - 0,1,1,Yok
2025-03-30,2024,La Liga,Real Betis,Sevilla,2 - 1,2 - 1,1,3,Evet
2025-03-31,2024,La Liga,Celta Vigo,Las Palmas,1 - 1,1 - 0,X,2,Evet
2025-04-04,2024,La Liga,Rayo Vallecano,Espanyol,0 - 4,0 - 2,2,4,Yok
2025-04-05,2024,La Liga,Girona,Alaves,0 - 1,0 - 0,2,1,Yok
2025-04-05,2024,La Liga,Real Madrid,Valencia,1 - 2,0 - 1,2,3,Evet
2025-04-05,2024,La Liga,Mallorca,Celta Vigo,1 - 2,1 - 0,2,3,Evet
2025-04-05,2024,La Liga,Barcelona,Real Betis,1 - 1,1 - 1,X,2,Evet
2025-04-06,2024,La Liga,Las Palmas,Real Sociedad,1 - 3,0 - 1,2,4,Evet
2025-04-06,2024,La Liga,Sevilla,Atletico Madrid,1 - 2,1 - 1,2,3,Evet
2025-04-06,2024,La Liga,Valladolid,Getafe,0 - 4,0 - 3,2,4,Yok
2025-04-06,2024,La Liga,Villarreal,Athletic Club,0 - 0,0 - 0,X,0,Yok
2025-04-07,2024,La Liga,Leganes,Osasuna,1 - 1,0 - 0,X,2,Evet
2025-04-11,2024,La Liga,Valencia,Sevilla,1 - 0,1 - 0,1,1,Yok
2025-04-12,2024,La Liga,Real Sociedad,Mallorca,0 - 2,0 - 1,2,2,Yok
2025-04-12,2024,La Liga,Getafe,Las Palmas,1 - 3,1 - 0,2,4,Evet
2025-04-12,2024,La Liga,Celta Vigo,Espanyol,0 - 2,0 - 1,2,2,Yok
2025-04-12,2024,La Liga,Leganes,Barcelona,0 - 1,0 - 0,2,1,Yok
2025-04-13,2024,La Liga,Osasuna,Girona,2 - 1,1 - 0,1,3,Evet
2025-04-13,2024,La Liga,Alaves,Real Madrid,0 - 1,0 - 1,2,1,Yok
2025-04-13,2024,La Liga,Real Betis,Villarreal,1 - 2,1 - 1,2,3,Evet
2025-04-13,2024,La Liga,Athletic Club,Rayo Vallecano,3 - 1,0 - 1,1,4,Evet
2025-04-14,2024,La Liga,Atletico Madrid,Valladolid,4 - 2,2 - 1,1,6,Evet
2025-04-18,2024,La Liga,Espanyol,Getafe,1 - 0,1 - 0,1,1,Yok
2025-04-19,2024,La Liga,Rayo Vallecano,Valencia,1 - 1,1 - 0,X,2,Evet
2025-04-19,2024,La Liga,Barcelona,Celta Vigo,4 - 3,1 - 1,1,7,Evet
2025-04-19,2024,La Liga,Mallorca,Leganes,0 - 0,0 - 0,X,0,Yok
2025-04-19,2024,La Liga,Las Palmas,Atletico Madrid,1 - 0,0 - 0,1,1,Yok
2025-04-20,2024,La Liga,Valladolid,Osasuna,2 - 3,0 - 2,2,5,Evet
2025-04-20,2024,La Liga,Villarreal,Real Sociedad,2 - 2,1 - 1,X,4,Evet
2025-04-20,2024,La Liga,Sevilla,Alaves,1 - 1,1 - 1,X,2,Evet
2025-04-20,2024,La Liga,Real Madrid,Athletic Club,1 - 0,0 - 0,1,1,Yok
2025-04-21,2024,La Liga,Girona,Real Betis,1 - 3,0 - 3,2,4,Evet
2025-04-22,2024,La Liga,Valencia,Espanyol,1 - 1,0 - 1,X,2,Evet
2025-04-22,2024,La Liga,Barcelona,Mallorca,1 - 0,0 - 0,1,1,Yok
2025-04-23,2024,La Liga,Athletic Club,Las Palmas,1 - 0,1 - 0,1,1,Yok
2025-04-23,2024,La Liga,Celta Vigo,Villarreal,3 - 0,1 - 0,1,3,Yok
2025-04-23,2024,La Liga,Alaves,Real Sociedad,1 - 0,0 - 0,1,1,Yok
2025-04-23,2024,La Liga,Getafe,Real Madrid,0 - 1,0 - 1,2,1,Yok
2025-04-24,2024,La Liga,Leganes,Girona,1 - 1,0 - 0,X,2,Evet
2025-04-24,2024,La Liga,Osasuna,Sevilla,1 - 0,1 - 0,1,1,Yok
2025-04-24,2024,La Liga,Atletico Madrid,Rayo Vallecano,3 - 0,2 - 0,1,3,Yok
2025-04-24,2024,La Liga,Real Betis,Valladolid,5 - 1,1 - 1,1,6,Evet
2025-04-27,2024,La Liga,Villarreal,Espanyol,1 - 0,0 - 0,1,1,Yok
2025-05-02,2024,La Liga,Rayo Vallecano,Getafe,1 - 0,1 - 0,1,1,Yok
2025-05-03,2024,La Liga,Alaves,Atletico Madrid,0 - 0,0 - 0,X,0,Yok
2025-05-03,2024,La Liga,Villarreal,Osasuna,4 - 2,3 - 0,1,6,Evet
2025-05-03,2024,La Liga,Las Palmas,Valencia,2 - 3,1 - 1,2,5,Evet
2025-05-03,2024,La Liga,Valladolid,Barcelona,1 - 2,1 - 0,2,3,Evet
2025-05-04,2024,La Liga,Real Madrid,Celta Vigo,3 - 2,2 - 0,1,5,Evet
2025-05-04,2024,La Liga,Sevilla,Leganes,2 - 2,1 - 1,X,4,Evet
2025-05-04,2024,La Liga,Espanyol,Real Betis,1 - 2,1 - 0,2,3,Evet
2025-05-04,2024,La Liga,Real Sociedad,Athletic Club,0 - 0,0 - 0,X,0,Yok
2025-05-05,2024,La Liga,Girona,Mallorca,1 - 0,1 - 0,1,1,Yok
2025-05-09,2024,La Liga,Las Palmas,Rayo Vallecano,0 - 1,0 - 0,2,1,Yok
2025-05-10,2024,La Liga,Valencia,Getafe,3 - 0,3 - 0,1,3,Yok
2025-05-10,2024,La Liga,Celta Vigo,Sevilla,3 - 2,1 - 1,1,5,Evet
2025-05-10,2024,La Liga,Girona,Villarreal,0 - 1,0 - 0,2,1,Yok
2025-05-10,2024,La Liga,Mallorca,Valladolid,2 - 1,1 - 1,1,3,Evet
2025-05-10,2024,La Liga,Atletico Madrid,Real Sociedad,4 - 0,4 - 0,1,4,Yok
2025-05-11,2024,La Liga,Leganes,Espanyol,3 - 2,2 - 0,1,5,Evet
2025-05-11,2024,La Liga,Barcelona,Real Madrid,4 - 3,4 - 2,1,7,Evet
2025-05-11,2024,La Liga,Athletic Club,Alaves,1 - 0,0 - 0,1,1,Yok
2025-05-11,2024,La Liga,Real Betis,Osasuna,1 - 1,0 - 0,X,2,Evet
2025-05-13,2024,La Liga,Valladolid,Girona,0 - 1,0 - 0,2,1,Yok
2025-05-13,2024,La Liga,Real Sociedad,Celta Vigo,0 - 1,0 - 1,2,1,Yok
2025-05-13,2024,La Liga,Sevilla,Las Palmas,1 - 0,0 - 0,1,1,Yok
2025-05-14,2024,La Liga,Villarreal,Leganes,3 - 0,3 - 0,1,3,Yok
2025-05-14,2024,La Liga,Alaves,Valencia,1 - 0,0 - 0,1,1,Yok
2025-05-14,2024,La Liga,Real Madrid,Mallorca,2 - 1,0 - 1,1,3,Evet
2025-05-15,2024,La Liga,Osasuna,Atletico Madrid,2 - 0,1 - 0,1,2,Yok
2025-05-15,2024,La Liga,Rayo Vallecano,Real Betis,2 - 2,2 - 0,X,4,Evet
2025-05-15,2024,La Liga,Espanyol,Barcelona,0 - 2,0 - 0,2,2,Yok
2025-05-15,2024,La Liga,Getafe,Athletic Club,0 - 2,0 - 0,2,2,Yok
2025-05-18,2024,La Liga,Barcelona,Villarreal,2 - 3,2 - 1,2,5,Evet
2025-05-18,2024,La Liga,Atletico Madrid,Real Betis,4 - 1,2 - 0,1,5,Evet
2025-05-18,2024,La Liga,Valencia,Athletic Club,0 - 1,0 - 0,2,1,Yok
2025-05-18,2024,La Liga,Las Palmas,Leganes,0 - 1,0 - 1,2,1,Yok
2025-05-18,2024,La Liga,Sevilla,Real Madrid,0 - 2,0 - 0,2,2,Yok
2025-05-18,2024,La Liga,Celta Vigo,Rayo Vallecano,1 - 2,1 - 2,2,3,Evet
2025-05-18,2024,La Liga,Real Sociedad,Girona,3 - 2,2 - 1,1,5,Evet
2025-05-18,2024,La Liga,Valladolid,Alaves,0 - 1,0 - 1,2,1,Yok
2025-05-18,2024,La Liga,Osasuna,Espanyol,2 - 0,1 - 0,1,2,Yok
2025-05-18,2024,La Liga,Mallorca,Getafe,1 - 2,0 - 0,2,3,Evet
2025-05-23,2024,La Liga,Real Betis,Valencia,1 - 1,1 - 0,X,2,Evet
2025-05-24,2024,La Liga,Real Madrid,Real Sociedad,2 - 0,1 - 0,1,2,Yok
2025-05-24,2024,La Liga,Leganes,Valladolid,3 - 0,3 - 0,1,3,Yok
2025-05-24,2024,La Liga,Espanyol,Las Palmas,2 - 0,0 - 0,1,2,Yok
2025-05-24,2024,La Liga,Alaves,Osasuna,1 - 1,0 - 0,X,2,Evet
2025-05-24,2024,La Liga,Getafe,Celta Vigo,1 - 2,1 - 1,2,3,Evet
2025-05-24,2024,La Liga,Rayo Vallecano,Mallorca,0 - 0,0 - 0,X,0,Yok
2025-05-25,2024,La Liga,Girona,Atletico Madrid,0 - 4,0 - 0,2,4,Yok
2025-05-25,2024,La Liga,Villarreal,Sevilla,4 - 2,3 - 1,1,6,Evet
2025-05-25,2024,La Liga,Athletic Club,Barcelona,0 - 3,0 - 2,2,3,Yok
2023-08-11,2023,La Liga,Almeria,Rayo Vallecano,0 - 2,0 - 2,2,2,Yok
2023-08-11,2023,La Liga,Sevilla,Valencia,1 - 2,0 - 0,2,3,Evet
2023-08-12,2023,La Liga,Real Sociedad,Girona,1 - 1,1 - 0,X,2,Evet
2023-08-12,2023,La Liga,Las Palmas,Mallorca,1 - 1,1 - 0,X,2,Evet
2023-08-12,2023,La Liga,Athletic Club,Real Madrid,0 - 2,0 - 2,2,2,Yok
2023-08-13,2023,La Liga,Celta Vigo,Osasuna,0 - 2,0 - 1,2,2,Yok
2023-08-13,2023,La Liga,Villarreal,Real Betis,1 - 2,0 - 1,2,3,Evet
2023-08-13,2023,La Liga,Getafe,Barcelona,0 - 0,0 - 0,X,0,Yok
2023-08-14,2023,La Liga,Cadiz,Alaves,1 - 0,1 - 0,1,1,Yok
2023-08-14,2023,La Liga,Atletico Madrid,Granada CF,3 - 1,1 - 0,1,4,Evet
2023-08-18,2023,La Liga,Mallorca,Villarreal,0 - 1,0 - 0,2,1,Yok
2023-08-18,2023,La Liga,Valencia,Las Palmas,1 - 0,0 - 0,1,1,Yok
2023-08-19,2023,La Liga,Real Sociedad,Celta Vigo,1 - 1,1 - 0,X,2,Evet
2023-08-19,2023,La Liga,Almeria,Real Madrid,1 - 3,1 - 1,2,4,Evet
2023-08-19,2023,La Liga,Osasuna,Athletic Club,0 - 2,0 - 2,2,2,Yok
2023-08-20,2023,La Liga,Girona,Getafe,3 - 0,1 - 0,1,3,Yok
2023-08-20,2023,La Liga,Barcelona,Cadiz,2 - 0,0 - 0,1,2,Yok
2023-08-20,2023,La Liga,Real Betis,Atletico Madrid,0 - 0,0 - 0,X,0,Yok
2023-08-21,2023,La Liga,Alaves,Sevilla,4 - 3,2 - 2,1,7,Evet
2023-08-21,2023,La Liga,Granada CF,Rayo Vallecano,0 - 2,0 - 0,2,2,Yok
2023-08-25,2023,La Liga,Las Palmas,Real Sociedad,0 - 0,0 - 0,X,0,Yok
2023-08-25,2023,La Liga,Celta Vigo,Real Madrid,0 - 1,0 - 0,2,1,Yok
2023-08-26,2023,La Liga,Cadiz,Almeria,1 - 1,0 - 0,X,2,Evet
2023-08-26,2023,La Liga,Granada CF,Mallorca,3 - 2,1 - 1,1,5,Evet
2023-08-26,2023,La Liga,Sevilla,Girona,1 - 2,1 - 1,2,3,Evet
2023-08-27,2023,La Liga,Villarreal,Barcelona,3 - 4,2 - 2,2,7,Evet
2023-08-27,2023,La Liga,Valencia,Osasuna,1 - 2,0 - 1,2,3,Evet
2023-08-27,2023,La Liga,Athletic Club,Real Betis,4 - 2,3 - 2,1,6,Evet
2023-08-28,2023,La Liga,Getafe,Alaves,1 - 0,0 - 0,1,1,Yok
2023-08-28,2023,La Liga,Rayo Vallecano,Atletico Madrid,0 - 7,0 - 3,2,7,Yok
2023-09-01,2023,La Liga,Cadiz,Villarreal,3 - 1,2 - 1,1,4,Evet
2023-09-01,2023,La Liga,Almeria,Celta Vigo,2 - 3,0 - 2,2,5,Evet
2023-09-02,2023,La Liga,Real Sociedad,Granada CF,5 - 3,2 - 1,1,8,Evet
2023-09-02,2023,La Liga,Real Madrid,Getafe,2 - 1,0 - 1,1,3,Evet
2023-09-02,2023,La Liga,Alaves,Valencia,1 - 0,1 - 0,1,1,Yok
2023-09-02,2023,La Liga,Real Betis,Rayo Vallecano,1 - 0,0 - 0,1,1,Yok
2023-09-03,2023,La Liga,Girona,Las Palmas,1 - 0,0 - 0,1,1,Yok
2023-09-03,2023,La Liga,Mallorca,Athletic Club,0 - 0,0 - 0,X,0,Yok
2023-09-03,2023,La Liga,Osasuna,Barcelona,1 - 2,0 - 1,2,3,Evet
2023-09-15,2023,La Liga,Rayo Vallecano,Alaves,2 - 0,1 - 0,1,2,Yok
2023-09-16,2023,La Liga,Athletic Club,Cadiz,3 - 0,0 - 0,1,3,Yok
2023-09-16,2023,La Liga,Valencia,Atletico Madrid,3 - 0,2 - 0,1,3,Yok
2023-09-16,2023,La Liga,Celta Vigo,Mallorca,0 - 1,0 - 0,2,1,Yok
2023-09-16,2023,La Liga,Barcelona,Real Betis,5 - 0,2 - 0,1,5,Yok
2023-09-17,2023,La Liga,Getafe,Osasuna,3 - 2,1 - 1,1,5,Evet
2023-09-17,2023,La Liga,Villarreal,Almeria,2 - 1,1 - 1,1,3,Evet
2023-09-17,2023,La Liga,Sevilla,Las Palmas,1 - 0,0 - 0,1,1,Yok
2023-09-17,2023,La Liga,Real Madrid,Real Sociedad,2 - 1,0 - 1,1,3,Evet
2023-09-18,2023,La Liga,Granada CF,Girona,2 - 4,0 - 3,2,6,Evet
2023-09-22,2023,La Liga,Alaves,Athletic Club,0 - 2,0 - 1,2,2,Yok
2023-09-23,2023,La Liga,Girona,Mallorca,5 - 3,4 - 1,1,8,Evet
2023-09-23,2023,La Liga,Osasuna,Sevilla,0 - 0,0 - 0,X,0,Yok
2023-09-23,2023,La Liga,Barcelona,Celta Vigo,3 - 2,0 - 1,1,5,Evet
2023-09-23,2023,La Liga,Almeria,Valencia,2 - 2,0 - 1,X,4,Evet
2023-09-24,2023,La Liga,Real Sociedad,Getafe,4 - 3,1 - 2,1,7,Evet
2023-09-24,2023,La Liga,Rayo Vallecano,Villarreal,1 - 1,1 - 1,X,2,Evet
2023-09-24,2023,La Liga,Las Palmas,Granada CF,1 - 0,0 - 0,1,1,Yok
2023-09-24,2023,La Liga,Real Betis,Cadiz,1 - 1,0 - 1,X,2,Evet
2023-09-24,2023,La Liga,Atletico Madrid,Real Madrid,3 - 1,2 - 1,1,4,Evet
2023-09-26,2023,La Liga,Sevilla,Almeria,5 - 1,3 - 0,1,6,Evet
2023-09-26,2023,La Liga,Mallorca,Barcelona,2 - 2,2 - 1,X,4,Evet
2023-09-27,2023,La Liga,Athletic Club,Getafe,2 - 2,1 - 0,X,4,Evet
2023-09-27,2023,La Liga,Villarreal,Girona,1 - 2,0 - 0,2,3,Evet
2023-09-27,2023,La Liga,Real Madrid,Las Palmas,2 - 0,1 - 0,1,2,Yok
2023-09-27,2023,La Liga,Valencia,Real Sociedad,0 - 1,0 - 1,2,1,Yok
2023-09-27,2023,La Liga,Cadiz,Rayo Vallecano,0 - 0,0 - 0,X,0,Yok
2023-09-28,2023,La Liga,Celta Vigo,Alaves,1 - 1,1 - 0,X,2,Evet
2023-09-28,2023,La Liga,Granada CF,Real Betis,1 - 1,0 - 0,X,2,Evet
2023-09-28,2023,La Liga,Osasuna,Atletico Madrid,0 - 2,0 - 1,2,2,Yok
2023-09-29,2023,La Liga,Barcelona,Sevilla,1 - 0,0 - 0,1,1,Yok
2023-09-30,2023,La Liga,Getafe,Villarreal,0 - 0,0 - 0,X,0,Yok
2023-09-30,2023,La Liga,Rayo Vallecano,Mallorca,2 - 2,1 - 1,X,4,Evet
2023-09-30,2023,La Liga,Girona,Real Madrid,0 - 3,0 - 2,2,3,Yok
2023-09-30,2023,La Liga,Real Sociedad,Athletic Club,3 - 0,1 - 0,1,3,Yok
2023-10-01,2023,La Liga,Almeria,Granada CF,3 - 3,3 - 0,X,6,Evet
2023-10-01,2023,La Liga,Alaves,Osasuna,0 - 2,0 - 1,2,2,Yok
2023-10-01,2023,La Liga,Atletico Madrid,Cadiz,3 - 2,1 - 2,1,5,Evet
2023-10-01,2023,La Liga,Real Betis,Valencia,3 - 0,1 - 0,1,3,Yok
2023-10-02,2023,La Liga,Las Palmas,Celta Vigo,2 - 1,0 - 0,1,3,Evet
2023-10-06,2023,La Liga,Athletic Club,Almeria,3 - 0,1 - 0,1,3,Yok
2023-10-07,2023,La Liga,Cadiz,Girona,0 - 1,0 - 0,2,1,Yok
2023-10-07,2023,La Liga,Real Madrid,Osasuna,4 - 0,1 - 0,1,4,Yok
2023-10-07,2023,La Liga,Mallorca,Valencia,1 - 1,1 - 1,X,2,Evet
2023-10-07,2023,La Liga,Sevilla,Rayo Vallecano,2 - 2,0 - 2,X,4,Evet
2023-10-08,2023,La Liga,Villarreal,Las Palmas,1 - 2,0 - 1,2,3,Evet
2023-10-08,2023,La Liga,Atletico Madrid,Real Sociedad,2 - 1,1 - 0,1,3,Evet
2023-10-08,2023,La Liga,Celta Vigo,Getafe,2 - 2,2 - 2,X,4,Evet
2023-10-08,2023,La Liga,Alaves,Real Betis,1 - 1,1 - 1,X,2,Evet
2023-10-08,2023,La Liga,Granada CF,Barcelona,2 - 2,2 - 1,X,4,Evet
2023-10-20,2023,La Liga,Osasuna,Granada CF,2 - 0,1 - 0,1,2,Yok
2023-10-21,2023,La Liga,Real Sociedad,Mallorca,1 - 0,0 - 0,1,1,Yok
2023-10-21,2023,La Liga,Getafe,Real Betis,1 - 1,1 - 1,X,2,Evet
2023-10-21,2023,La Liga,Sevilla,Real Madrid,1 - 1,0 - 0,X,2,Evet
2023-10-21,2023,La Liga,Celta Vigo,Atletico Madrid,0 - 3,0 - 1,2,3,Yok
2023-10-22,2023,La Liga,Las Palmas,Rayo Vallecano,0 - 1,0 - 0,2,1,Yok
2023-10-22,2023,La Liga,Girona,Almeria,5 - 2,3 - 2,1,7,Evet
2023-10-22,2023,La Liga,Villarreal,Alaves,1 - 1,0 - 0,X,2,Evet
2023-10-22,2023,La Liga,Barcelona,Athletic Club,1 - 0,0 - 0,1,1,Yok
2023-10-23,2023,La Liga,Valencia,Cadiz,2 - 0,2 - 0,1,2,Yok
2023-10-27,2023,La Liga,Girona,Celta Vigo,1 - 0,0 - 0,1,1,Yok
2023-10-28,2023,La Liga,Almeria,Las Palmas,1 - 2,0 - 1,2,3,Evet
2023-10-28,2023,La Liga,Barcelona,Real Madrid,1 - 2,1 - 0,2,3,Evet
2023-10-28,2023,La Liga,Mallorca,Getafe,0 - 0,0 - 0,X,0,Yok
2023-10-28,2023,La Liga,Cadiz,Sevilla,2 - 2,2 - 1,X,4,Evet
2023-10-29,2023,La Liga,Real Betis,Osasuna,2 - 1,1 - 0,1,3,Evet
2023-10-29,2023,La Liga,Rayo Vallecano,Real Sociedad,2 - 2,1 - 1,X,4,Evet
2023-10-29,2023,La Liga,Athletic Club,Valencia,2 - 2,1 - 0,X,4,Evet
2023-10-29,2023,La Liga,Atletico Madrid,Alaves,2 - 1,2 - 0,1,3,Evet
2023-10-30,2023,La Liga,Granada CF,Villarreal,2 - 3,2 - 3,2,5,Evet
2023-11-03,2023,La Liga,Las Palmas,Atletico Madrid,2 - 1,0 - 0,1,3,Evet
2023-11-04,2023,La Liga,Osasuna,Girona,2 - 4,1 - 1,2,6,Evet
2023-11-04,2023,La Liga,Real Betis,Mallorca,2 - 0,1 - 0,1,2,Yok
2023-11-04,2023,La Liga,Celta Vigo,Sevilla,1 - 1,1 - 0,X,2,Evet
2023-11-04,2023,La Liga,Real Sociedad,Barcelona,0 - 1,0 - 0,2,1,Yok
2023-11-05,2023,La Liga,Alaves,Almeria,1 - 0,0 - 0,1,1,Yok
2023-11-05,2023,La Liga,Valencia,Granada CF,1 - 0,1 - 0,1,1,Yok
2023-11-05,2023,La Liga,Villarreal,Athletic Club,2 - 3,0 - 3,2,5,Evet
2023-11-05,2023,La Liga,Real Madrid,Rayo Vallecano,0 - 0,0 - 0,X,0,Yok
2023-11-06,2023,La Liga,Getafe,Cadiz,1 - 0,0 - 0,1,1,Yok
2023-11-10,2023,La Liga,Athletic Club,Celta Vigo,4 - 3,2 - 2,1,7,Evet
2023-11-11,2023,La Liga,Rayo Vallecano,Girona,1 - 2,1 - 1,2,3,Evet
2023-11-11,2023,La Liga,Almeria,Real Sociedad,1 - 3,0 - 0,2,4,Evet
2023-11-11,2023,La Liga,Granada CF,Getafe,1 - 1,1 - 1,X,2,Evet
2023-11-11,2023,La Liga,Osasuna,Las Palmas,1 - 1,0 - 0,X,2,Evet
2023-11-11,2023,La Liga,Real Madrid,Valencia,5 - 1,2 - 0,1,6,Evet
2023-11-12,2023,La Liga,Barcelona,Alaves,2 - 1,0 - 1,1,3,Evet
2023-11-12,2023,La Liga,Sevilla,Real Betis,1 - 1,0 - 0,X,2,Evet
2023-11-12,2023,La Liga,Atletico Madrid,Villarreal,3 - 1,1 - 1,1,4,Evet
2023-11-24,2023,La Liga,Alaves,Granada CF,3 - 1,2 - 0,1,4,Evet
2023-11-25,2023,La Liga,Rayo Vallecano,Barcelona,1 - 1,1 - 0,X,2,Evet
2023-11-25,2023,La Liga,Valencia,Celta Vigo,0 - 0,0 - 0,X,0,Yok
2023-11-25,2023,La Liga,Getafe,Almeria,2 - 1,2 - 1,1,3,Evet
2023-11-25,2023,La Liga,Atletico Madrid,Mallorca,1 - 0,0 - 0,1,1,Yok
2023-11-26,2023,La Liga,Villarreal,Osasuna,3 - 1,0 - 0,1,4,Evet
2023-11-26,2023,La Liga,Real Sociedad,Sevilla,2 - 1,2 - 0,1,3,Evet
2023-11-26,2023,La Liga,Cadiz,Real Madrid,0 - 3,0 - 1,2,3,Yok
2023-11-26,2023,La Liga,Real Betis,Las Palmas,1 - 0,1 - 0,1,1,Yok
2023-11-27,2023,La Liga,Girona,Athletic Club,1 - 1,0 - 0,X,2,Evet
2023-11-29,2023,La Liga,Mallorca,Cadiz,1 - 1,1 - 1,X,2,Evet
2023-12-01,2023,La Liga,Las Palmas,Getafe,2 - 0,1 - 0,1,2,Yok
2023-12-02,2023,La Liga,Girona,Valencia,2 - 1,0 - 0,1,3,Evet
2023-12-02,2023,La Liga,Athletic Club,Rayo Vallecano,4 - 0,1 - 0,1,4,Yok
2023-12-02,2023,La Liga,Real Madrid,Granada CF,2 - 0,1 - 0,1,2,Yok
2023-12-02,2023,La Liga,Osasuna,Real Sociedad,1 - 1,1 - 1,X,2,Evet
2023-12-03,2023,La Liga,Mallorca,Alaves,0 - 0,0 - 0,X,0,Yok
2023-12-03,2023,La Liga,Almeria,Real Betis,0 - 0,0 - 0,X,0,Yok
2023-12-03,2023,La Liga,Sevilla,Villarreal,1 - 1,0 - 0,X,2,Evet
2023-12-03,2023,La Liga,Barcelona,Atletico Madrid,1 - 0,1 - 0,1,1,Yok
2023-12-04,2023,La Liga,Celta Vigo,Cadiz,1 - 1,0 - 1,X,2,Evet
2023-12-08,2023,La Liga,Getafe,Valencia,1 - 0,0 - 0,1,1,Yok
2023-12-09,2023,La Liga,Alaves,Las Palmas,0 - 1,0 - 1,2,1,Yok
2023-12-09,2023,La Liga,Real Betis,Real Madrid,1 - 1,0 - 0,X,2,Evet
2023-12-09,2023,La Liga,Villarreal,Real Sociedad,0 - 3,0 - 3,2,3,Yok
2023-12-09,2023,La Liga,Mallorca,Sevilla,1 - 0,1 - 0,1,1,Yok
2023-12-10,2023,La Liga,Atletico Madrid,Almeria,2 - 1,2 - 0,1,3,Evet
2023-12-10,2023,La Liga,Cadiz,Osasuna,1 - 1,1 - 0,X,2,Evet
2023-12-10,2023,La Liga,Barcelona,Girona,2 - 4,1 - 2,2,6,Evet
2023-12-11,2023,La Liga,Granada CF,Athletic Club,1 - 1,0 - 1,X,2,Evet
2023-12-11,2023,La Liga,Rayo Vallecano,Celta Vigo,0 - 0,0 - 0,X,0,Yok
2023-12-15,2023,La Liga,Osasuna,Rayo Vallecano,1 - 0,0 - 0,1,1,Yok
2023-12-16,2023,La Liga,Celta Vigo,Granada CF,1 - 0,1 - 0,1,1,Yok
2023-12-16,2023,La Liga,Athletic Club,Atletico Madrid,2 - 0,0 - 0,1,2,Yok
2023-12-16,2023,La Liga,Sevilla,Getafe,0 - 3,0 - 2,2,3,Yok
2023-12-16,2023,La Liga,Valencia,Barcelona,1 - 1,0 - 0,X,2,Evet
2023-12-17,2023,La Liga,Almeria,Mallorca,0 - 0,0 - 0,X,0,Yok
2023-12-17,2023,La Liga,Real Sociedad,Real Betis,0 - 0,0 - 0,X,0,Yok
2023-12-17,2023,La Liga,Las Palmas,Cadiz,1 - 1,1 - 0,X,2,Evet
2023-12-17,2023,La Liga,Real Madrid,Villarreal,4 - 1,2 - 0,1,5,Evet
2023-12-18,2023,La Liga,Girona,Alaves,3 - 0,2 - 0,1,3,Yok
2023-12-19,2023,La Liga,Rayo Vallecano,Valencia,0 - 1,0 - 0,2,1,Yok
2023-12-19,2023,La Liga,Atletico Madrid,Getafe,3 - 3,1 - 0,X,6,Evet
2023-12-19,2023,La Liga,Granada CF,Sevilla,0 - 3,0 - 2,2,3,Yok
2023-12-20,2023,La Liga,Barcelona,Almeria,3 - 2,1 - 1,1,5,Evet
2023-12-20,2023,La Liga,Athletic Club,Las Palmas,1 - 0,0 - 0,1,1,Yok
2023-12-20,2023,La Liga,Villarreal,Celta Vigo,3 - 2,2 - 0,1,5,Evet
2023-12-21,2023,La Liga,Real Betis,Girona,1 - 1,0 - 1,X,2,Evet
2023-12-21,2023,La Liga,Cadiz,Real Sociedad,0 - 0,0 - 0,X,0,Yok
2023-12-21,2023,La Liga,Alaves,Real Madrid,0 - 1,0 - 0,2,1,Yok
2023-12-21,2023,La Liga,Mallorca,Osasuna,3 - 2,1 - 1,1,5,Evet
2023-12-23,2023,La Liga,Atletico Madrid,Sevilla,1 - 0,0 - 0,1,1,Yok
2024-01-02,2023,La Liga,Getafe,Rayo Vallecano,0 - 2,0 - 1,2,2,Yok
2024-01-02,2023,La Liga,Real Sociedad,Alaves,1 - 1,0 - 0,X,2,Evet
2024-01-02,2023,La Liga,Valencia,Villarreal,3 - 1,2 - 0,1,4,Evet
2024-01-03,2023,La Liga,Granada CF,Cadiz,2 - 0,1 - 0,1,2,Yok
2024-01-03,2023,La Liga,Celta Vigo,Real Betis,2 - 1,1 - 1,1,3,Evet
2024-01-03,2023,La Liga,Real Madrid,Mallorca,1 - 0,0 - 0,1,1,Yok
2024-01-03,2023,La Liga,Girona,Atletico Madrid,4 - 3,3 - 2,1,7,Evet
2024-01-04,2023,La Liga,Osasuna,Almeria,1 - 0,1 - 0,1,1,Yok
2024-01-04,2023,La Liga,Sevilla,Athletic Club,0 - 2,0 - 1,2,2,Yok
2024-01-04,2023,La Liga,Las Palmas,Barcelona,1 - 2,1 - 0,2,3,Evet
2024-01-12,2023,La Liga,Sevilla,Alaves,2 - 3,0 - 2,2,5,Evet
2024-01-13,2023,La Liga,Las Palmas,Villarreal,3 - 0,1 - 0,1,3,Yok
2024-01-13,2023,La Liga,Mallorca,Celta Vigo,1 - 1,1 - 1,X,2,Evet
2024-01-13,2023,La Liga,Athletic Club,Real Sociedad,2 - 1,2 - 0,1,3,Evet
2024-01-13,2023,La Liga,Real Betis,Granada CF,1 - 0,0 - 0,1,1,Yok
2024-01-14,2023,La Liga,Almeria,Girona,0 - 0,0 - 0,X,0,Yok
2024-01-14,2023,La Liga,Cadiz,Valencia,1 - 4,1 - 1,2,5,Evet
2024-01-19,2023,La Liga,Alaves,Cadiz,1 - 0,0 - 0,1,1,Yok
2024-01-20,2023,La Liga,Rayo Vallecano,Las Palmas,0 - 2,0 - 1,2,2,Yok
2024-01-20,2023,La Liga,Villarreal,Mallorca,1 - 1,1 - 0,X,2,Evet
2024-01-20,2023,La Liga,Valencia,Athletic Club,1 - 0,0 - 0,1,1,Yok
2024-01-20,2023,La Liga,Celta Vigo,Real Sociedad,0 - 1,0 - 1,2,1,Yok
2024-01-21,2023,La Liga,Osasuna,Getafe,3 - 2,2 - 0,1,5,Evet
2024-01-21,2023,La Liga,Real Madrid,Almeria,3 - 2,0 - 2,1,5,Evet
2024-01-21,2023,La Liga,Real Betis,Barcelona,2 - 4,0 - 1,2,6,Evet
2024-01-21,2023,La Liga,Girona,Sevilla,5 - 1,3 - 1,1,6,Evet
2024-01-22,2023,La Liga,Granada CF,Atletico Madrid,0 - 1,0 - 0,2,1,Yok
2024-01-26,2023,La Liga,Almeria,Alaves,0 - 3,0 - 1,2,3,Yok
2024-01-27,2023,La Liga,Real Sociedad,Rayo Vallecano,0 - 0,0 - 0,X,0,Yok
2024-01-27,2023,La Liga,Las Palmas,Real Madrid,1 - 2,0 - 0,2,3,Evet
2024-01-27,2023,La Liga,Barcelona,Villarreal,3 - 5,0 - 1,2,8,Evet
2024-01-27,2023,La Liga,Mallorca,Real Betis,0 - 1,0 - 1,2,1,Yok
2024-01-28,2023,La Liga,Celta Vigo,Girona,0 - 1,0 - 1,2,1,Yok
2024-01-28,2023,La Liga,Cadiz,Athletic Club,0 - 0,0 - 0,X,0,Yok
2024-01-28,2023,La Liga,Sevilla,Osasuna,1 - 1,1 - 0,X,2,Evet
2024-01-28,2023,La Liga,Atletico Madrid,Valencia,2 - 0,1 - 0,1,2,Yok
2024-01-29,2023,La Liga,Getafe,Granada CF,2 - 0,2 - 0,1,2,Yok
2024-01-31,2023,La Liga,Barcelona,Osasuna,1 - 0,0 - 0,1,1,Yok
2024-01-31,2023,La Liga,Atletico Madrid,Rayo Vallecano,2 - 1,1 - 1,1,3,Evet
2024-02-01,2023,La Liga,Getafe,Real Madrid,0 - 2,0 - 1,2,2,Yok
2024-02-02,2023,La Liga,Athletic Club,Mallorca,4 - 0,2 - 0,1,4,Yok
2024-02-03,2023,La Liga,Valencia,Almeria,2 - 1,2 - 0,1,3,Evet
2024-02-03,2023,La Liga,Granada CF,Las Palmas,1 - 1,1 - 0,X,2,Evet
2024-02-03,2023,La Liga,Alaves,Barcelona,1 - 3,0 - 1,2,4,Evet
2024-02-03,2023,La Liga,Girona,Real Sociedad,0 - 0,0 - 0,X,0,Yok
2024-02-04,2023,La Liga,Villarreal,Cadiz,0 - 0,0 - 0,X,0,Yok
2024-02-04,2023,La Liga,Osasuna,Celta Vigo,0 - 3,0 - 2,2,3,Yok
2024-02-04,2023,La Liga,Real Betis,Getafe,1 - 1,1 - 1,X,2,Evet
2024-02-04,2023,La Liga,Real Madrid,Atletico Madrid,1 - 1,1 - 0,X,2,Evet
2024-02-05,2023,La Liga,Rayo Vallecano,Sevilla,1 - 2,1 - 2,2,3,Evet
2024-02-09,2023,La Liga,Cadiz,Real Betis,0 - 2,0 - 1,2,2,Yok
2024-02-10,2023,La Liga,Alaves,Villarreal,1 - 1,1 - 1,X,2,Evet
2024-02-10,2023,La Liga,Real Sociedad,Osasuna,0 - 1,0 - 0,2,1,Yok
2024-02-10,2023,La Liga,Real Madrid,Girona,4 - 0,2 - 0,1,4,Yok
2024-02-10,2023,La Liga,Las Palmas,Valencia,2 - 0,0 - 0,1,2,Yok
2024-02-11,2023,La Liga,Getafe,Celta Vigo,3 - 2,2 - 0,1,5,Evet
2024-02-11,2023,La Liga,Mallorca,Rayo Vallecano,2 - 1,0 - 0,1,3,Evet
2024-02-11,2023,La Liga,Sevilla,Atletico Madrid,1 - 0,1 - 0,1,1,Yok
2024-02-11,2023,La Liga,Barcelona,Granada CF,3 - 3,1 - 1,X,6,Evet
2024-02-12,2023,La Liga,Almeria,Athletic Club,0 - 0,0 - 0,X,0,Yok
2024-02-16,2023,La Liga,Villarreal,Getafe,1 - 1,0 - 1,X,2,Evet
2024-02-17,2023,La Liga,Atletico Madrid,Las Palmas,5 - 0,2 - 0,1,5,Yok
2024-02-17,2023,La Liga,Osasuna,Cadiz,2 - 0,0 - 0,1,2,Yok
2024-02-17,2023,La Liga,Celta Vigo,Barcelona,1 - 2,0 - 1,2,3,Evet
2024-02-17,2023,La Liga,Valencia,Sevilla,0 - 0,0 - 0,X,0,Yok
2024-02-18,2023,La Liga,Rayo Vallecano,Real Madrid,1 - 1,1 - 1,X,2,Evet
2024-02-18,2023,La Liga,Granada CF,Almeria,1 - 1,0 - 1,X,2,Evet
2024-02-18,2023,La Liga,Mallorca,Real Sociedad,1 - 2,1 - 1,2,3,Evet
2024-02-18,2023,La Liga,Real Betis,Alaves,0 - 0,0 - 0,X,0,Yok
2024-02-19,2023,La Liga,Athletic Club,Girona,3 - 2,1 - 0,1,5,Evet
2024-02-23,2023,La Liga,Real Sociedad,Villarreal,1 - 3,0 - 1,2,4,Evet
2024-02-24,2023,La Liga,Barcelona,Getafe,4 - 0,1 - 0,1,4,Yok
2024-02-24,2023,La Liga,Alaves,Mallorca,1 - 1,0 - 0,X,2,Evet
2024-02-24,2023,La Liga,Almeria,Atletico Madrid,2 - 2,1 - 1,X,4,Evet
2024-02-25,2023,La Liga,Cadiz,Celta Vigo,2 - 2,0 - 1,X,4,Evet
2024-02-25,2023,La Liga,Real Betis,Athletic Club,3 - 1,2 - 1,1,4,Evet
2024-02-25,2023,La Liga,Las Palmas,Osasuna,1 - 1,0 - 0,X,2,Evet
2024-02-25,2023,La Liga,Real Madrid,Sevilla,1 - 0,0 - 0,1,1,Yok
2024-02-26,2023,La Liga,Girona,Rayo Vallecano,3 - 0,0 - 0,1,3,Yok
2024-03-01,2023,La Liga,Celta Vigo,Almeria,1 - 0,0 - 0,1,1,Yok
2024-03-02,2023,La Liga,Sevilla,Real Sociedad,3 - 2,2 - 1,1,5,Evet
2024-03-02,2023,La Liga,Rayo Vallecano,Cadiz,1 - 1,0 - 0,X,2,Evet
2024-03-02,2023,La Liga,Getafe,Las Palmas,3 - 3,3 - 1,X,6,Evet
2024-03-02,2023,La Liga,Valencia,Real Madrid,2 - 2,2 - 1,X,4,Evet
2024-03-03,2023,La Liga,Villarreal,Granada CF,5 - 1,3 - 0,1,6,Evet
2024-03-03,2023,La Liga,Atletico Madrid,Real Betis,2 - 1,2 - 0,1,3,Evet
2024-03-03,2023,La Liga,Mallorca,Girona,1 - 0,1 - 0,1,1,Yok
2024-03-03,2023,La Liga,Athletic Club,Barcelona,0 - 0,0 - 0,X,0,Yok
2024-03-04,2023,La Liga,Osasuna,Alaves,1 - 0,0 - 0,1,1,Yok
2024-03-08,2023,La Liga,Barcelona,Mallorca,1 - 0,0 - 0,1,1,Yok
2024-03-09,2023,La Liga,Valencia,Getafe,1 - 0,1 - 0,1,1,Yok
2024-03-09,2023,La Liga,Cadiz,Atletico Madrid,2 - 0,1 - 0,1,2,Yok
2024-03-09,2023,La Liga,Granada CF,Real Sociedad,2 - 3,2 - 1,2,5,Evet
2024-03-09,2023,La Liga,Girona,Osasuna,2 - 0,1 - 0,1,2,Yok
2024-03-10,2023,La Liga,Alaves,Rayo Vallecano,1 - 0,1 - 0,1,1,Yok
2024-03-10,2023,La Liga,Las Palmas,Athletic Club,0 - 2,0 - 1,2,2,Yok
2024-03-10,2023,La Liga,Real Madrid,Celta Vigo,4 - 0,1 - 0,1,4,Yok
2024-03-10,2023,La Liga,Real Betis,Villarreal,2 - 3,2 - 1,2,5,Evet
2024-03-11,2023,La Liga,Almeria,Sevilla,2 - 2,1 - 0,X,4,Evet
2024-03-15,2023,La Liga,Real Sociedad,Cadiz,2 - 0,1 - 0,1,2,Yok
2024-03-16,2023,La Liga,Mallorca,Granada CF,1 - 0,0 - 0,1,1,Yok
2024-03-16,2023,La Liga,Osasuna,Real Madrid,2 - 4,1 - 2,2,6,Evet
2024-03-16,2023,La Liga,Getafe,Girona,1 - 0,1 - 0,1,1,Yok
2024-03-16,2023,La Liga,Athletic Club,Alaves,2 - 0,2 - 0,1,2,Yok
2024-03-17,2023,La Liga,Sevilla,Celta Vigo,1 - 2,1 - 0,2,3,Evet
2024-03-17,2023,La Liga,Villarreal,Valencia,1 - 0,0 - 0,1,1,Yok
2024-03-17,2023,La Liga,Las Palmas,Almeria,0 - 1,0 - 1,2,1,Yok
2024-03-17,2023,La Liga,Rayo Vallecano,Real Betis,2 - 0,1 - 0,1,2,Yok
2024-03-17,2023,La Liga,Atletico Madrid,Barcelona,0 - 3,0 - 1,2,3,Yok
2024-03-29,2023,La Liga,Cadiz,Granada CF,1 - 0,0 - 0,1,1,Yok
2024-03-30,2023,La Liga,Getafe,Sevilla,0 - 1,0 - 1,2,1,Yok
2024-03-30,2023,La Liga,Almeria,Osasuna,0 - 3,0 - 2,2,3,Yok
2024-03-30,2023,La Liga,Valencia,Mallorca,0 - 0,0 - 0,X,0,Yok
2024-03-30,2023,La Liga,Barcelona,Las Palmas,1 - 0,0 - 0,1,1,Yok
2024-03-31,2023,La Liga,Celta Vigo,Rayo Vallecano,0 - 0,0 - 0,X,0,Yok
2024-03-31,2023,La Liga,Girona,Real Betis,3 - 2,1 - 1,1,5,Evet
2024-03-31,2023,La Liga,Alaves,Real Sociedad,0 - 1,0 - 0,2,1,Yok
2024-03-31,2023,La Liga,Real Madrid,Athletic Club,2 - 0,1 - 0,1,2,Yok
2024-04-01,2023,La Liga,Villarreal,Atletico Madrid,1 - 2,0 - 1,2,3,Evet
2024-04-04,2023,La Liga,Granada CF,Valencia,0 - 1,0 - 0,2,1,Yok
2024-04-12,2023,La Liga,Real Betis,Celta Vigo,2 - 1,0 - 0,1,3,Evet
2024-04-13,2023,La Liga,Atletico Madrid,Girona,3 - 1,2 - 1,1,4,Evet
2024-04-13,2023,La Liga,Rayo Vallecano,Getafe,0 - 0,0 - 0,X,0,Yok
2024-04-13,2023,La Liga,Mallorca,Real Madrid,0 - 1,0 - 0,2,1,Yok
2024-04-13,2023,La Liga,Cadiz,Barcelona,0 - 1,0 - 1,2,1,Yok
2024-04-14,2023,La Liga,Las Palmas,Sevilla,0 - 2,0 - 1,2,2,Yok
2024-04-14,2023,La Liga,Granada CF,Alaves,2 - 0,2 - 0,1,2,Yok
2024-04-14,2023,La Liga,Athletic Club,Villarreal,1 - 1,0 - 0,X,2,Evet
2024-04-14,2023,La Liga,Real Sociedad,Almeria,2 - 2,1 - 1,X,4,Evet
2024-04-15,2023,La Liga,Osasuna,Valencia,0 - 1,0 - 1,2,1,Yok
2024-04-19,2023,La Liga,Athletic Club,Granada CF,1 - 1,1 - 1,X,2,Evet
2024-04-20,2023,La Liga,Celta Vigo,Las Palmas,4 - 1,2 - 1,1,5,Evet
2024-04-20,2023,La Liga,Rayo Vallecano,Osasuna,2 - 1,0 - 1,1,3,Evet
2024-04-20,2023,La Liga,Valencia,Real Betis,1 - 2,0 - 1,2,3,Evet
2024-04-20,2023,La Liga,Girona,Cadiz,4 - 1,2 - 0,1,5,Evet
2024-04-21,2023,La Liga,Getafe,Real Sociedad,1 - 1,1 - 1,X,2,Evet
2024-04-21,2023,La Liga,Almeria,Villarreal,1 - 2,1 - 1,2,3,Evet
2024-04-21,2023,La Liga,Alaves,Atletico Madrid,2 - 0,1 - 0,1,2,Yok
2024-04-21,2023,La Liga,Real Madrid,Barcelona,3 - 2,1 - 1,1,5,Evet
2024-04-22,2023,La Liga,Sevilla,Mallorca,2 - 1,0 - 0,1,3,Evet
2024-04-26,2023,La Liga,Real Sociedad,Real Madrid,0 - 1,0 - 1,2,1,Yok
2024-04-27,2023,La Liga,Las Palmas,Girona,0 - 2,0 - 1,2,2,Yok
2024-04-27,2023,La Liga,Almeria,Getafe,1 - 3,1 - 1,2,4,Evet
2024-04-27,2023,La Liga,Alaves,Celta Vigo,3 - 0,0 - 0,1,3,Yok
2024-04-27,2023,La Liga,Atletico Madrid,Athletic Club,3 - 1,1 - 1,1,4,Evet
2024-04-28,2023,La Liga,Cadiz,Mallorca,1 - 1,0 - 1,X,2,Evet
2024-04-28,2023,La Liga,Granada CF,Osasuna,3 - 0,1 - 0,1,3,Yok
2024-04-28,2023,La Liga,Villarreal,Rayo Vallecano,3 - 0,1 - 0,1,3,Yok
2024-04-28,2023,La Liga,Real Betis,Sevilla,1 - 1,1 - 0,X,2,Evet
2024-04-29,2023,La Liga,Barcelona,Valencia,4 - 2,1 - 2,1,6,Evet
2024-05-03,2023,La Liga,Getafe,Athletic Club,0 - 2,0 - 1,2,2,Yok
2024-05-04,2023,La Liga,Real Sociedad,Las Palmas,2 - 0,2 - 0,1,2,Yok
2024-05-04,2023,La Liga,Real Madrid,Cadiz,3 - 0,0 - 0,1,3,Yok
2024-05-04,2023,La Liga,Girona,Barcelona,4 - 2,1 - 2,1,6,Evet
2024-05-04,2023,La Liga,Mallorca,Atletico Madrid,0 - 1,0 - 1,2,1,Yok
2024-05-05,2023,La Liga,Osasuna,Real Betis,0 - 2,0 - 2,2,2,Yok
2024-05-05,2023,La Liga,Celta Vigo,Villarreal,3 - 2,2 - 1,1,5,Evet
2024-05-05,2023,La Liga,Valencia,Alaves,0 - 1,0 - 0,2,1,Yok
2024-05-05,2023,La Liga,Sevilla,Granada CF,3 - 0,1 - 0,1,3,Yok
2024-05-05,2023,La Liga,Rayo Vallecano,Almeria,0 - 1,0 - 1,2,1,Yok
2024-05-10,2023,La Liga,Alaves,Girona,2 - 2,1 - 2,X,4,Evet
2024-05-11,2023,La Liga,Mallorca,Las Palmas,1 - 0,1 - 0,1,1,Yok
2024-05-11,2023,La Liga,Villarreal,Sevilla,3 - 2,1 - 2,1,5,Evet
2024-05-11,2023,La Liga,Granada CF,Real Madrid,0 - 4,0 - 2,2,4,Yok
2024-05-11,2023,La Liga,Athletic Club,Osasuna,2 - 2,0 - 1,X,4,Evet
2024-05-12,2023,La Liga,Cadiz,Getafe,1 - 0,1 - 0,1,1,Yok
2024-05-12,2023,La Liga,Atletico Madrid,Celta Vigo,1 - 0,0 - 0,1,1,Yok
2024-05-12,2023,La Liga,Valencia,Rayo Vallecano,0 - 0,0 - 0,X,0,Yok
2024-05-12,2023,La Liga,Real Betis,Almeria,3 - 2,2 - 1,1,5,Evet
2024-05-13,2023,La Liga,Barcelona,Real Sociedad,2 - 0,1 - 0,1,2,Yok
2024-05-14,2023,La Liga,Osasuna,Mallorca,1 - 1,1 - 0,X,2,Evet
2024-05-14,2023,La Liga,Real Madrid,Alaves,5 - 0,3 - 0,1,5,Yok
2024-05-14,2023,La Liga,Girona,Villarreal,0 - 1,0 - 0,2,1,Yok
2024-05-15,2023,La Liga,Sevilla,Cadiz,0 - 1,0 - 0,2,1,Yok
2024-05-15,2023,La Liga,Rayo Vallecano,Granada CF,2 - 1,1 - 0,1,3,Evet
2024-05-15,2023,La Liga,Celta Vigo,Athletic Club,2 - 1,0 - 1,1,3,Evet
2024-05-15,2023,La Liga,Getafe,Atletico Madrid,0 - 3,0 - 2,2,3,Yok
2024-05-16,2023,La Liga,Las Palmas,Real Betis,2 - 2,1 - 1,X,4,Evet
2024-05-16,2023,La Liga,Almeria,Barcelona,0 - 2,0 - 1,2,2,Yok
2024-05-16,2023,La Liga,Real Sociedad,Valencia,1 - 0,1 - 0,1,1,Yok
2024-05-18,2023,La Liga,Alaves,Getafe,1 - 0,1 - 0,1,1,Yok
2024-05-19,2023,La Liga,Barcelona,Rayo Vallecano,3 - 0,1 - 0,1,3,Yok
2024-05-19,2023,La Liga,Atletico Madrid,Osasuna,1 - 4,0 - 1,2,5,Evet
2024-05-19,2023,La Liga,Athletic Club,Sevilla,2 - 0,2 - 0,1,2,Yok
2024-05-19,2023,La Liga,Valencia,Girona,1 - 3,0 - 1,2,4,Evet
2024-05-19,2023,La Liga,Villarreal,Real Madrid,4 - 4,1 - 4,X,8,Evet
2024-05-19,2023,La Liga,Real Betis,Real Sociedad,0 - 2,0 - 2,2,2,Yok
2024-05-19,2023,La Liga,Granada CF,Celta Vigo,1 - 2,0 - 0,2,3,Evet
2024-05-19,2023,La Liga,Cadiz,Las Palmas,0 - 0,0 - 0,X,0,Yok
2024-05-19,2023,La Liga,Mallorca,Almeria,2 - 2,1 - 1,X,4,Evet
2024-05-24,2023,La Liga,Girona,Granada CF,7 - 0,3 - 0,1,7,Yok
2024-05-25,2023,La Liga,Osasuna,Villarreal,1 - 1,1 - 0,X,2,Evet
2024-05-25,2023,La Liga,Real Sociedad,Atletico Madrid,0 - 2,0 - 1,2,2,Yok
2024-05-25,2023,La Liga,Almeria,Cadiz,6 - 1,0 - 1,1,7,Evet
2024-05-25,2023,La Liga,Rayo Vallecano,Athletic Club,0 - 1,0 - 0,2,1,Yok
2024-05-25,2023,La Liga,Real Madrid,Real Betis,0 - 0,0 - 0,X,0,Yok
2024-05-26,2023,La Liga,Getafe,Mallorca,1 - 2,0 - 0,2,3,Evet
2024-05-26,2023,La Liga,Las Palmas,Alaves,1 - 1,0 - 0,X,2,Evet
2024-05-26,2023,La Liga,Celta Vigo,Valencia,2 - 2,0 - 1,X,4,Evet
2024-05-26,2023,La Liga,Sevilla,Barcelona,1 - 2,1 - 1,2,3,Evet
2022-08-12,2022,La Liga,Osasuna,Sevilla,2 - 1,1 - 1,1,3,Evet
2022-08-13,2022,La Liga,Celta Vigo,Espanyol,2 - 2,1 - 0,X,4,Evet
2022-08-13,2022,La Liga,Valladolid,Villarreal,0 - 3,0 - 0,2,3,Yok
2022-08-13,2022,La Liga,Barcelona,Rayo Vallecano,0 - 0,0 - 0,X,0,Yok
2022-08-14,2022,La Liga,Cadiz,Real Sociedad,0 - 1,0 - 1,2,1,Yok
2022-08-14,2022,La Liga,Valencia,Girona,1 - 0,1 - 0,1,1,Yok
2022-08-14,2022,La Liga,Almeria,Real Madrid,1 - 2,1 - 0,2,3,Evet
2022-08-15,2022,La Liga,Athletic Club,Mallorca,0 - 0,0 - 0,X,0,Yok
2022-08-15,2022,La Liga,Getafe,Atletico Madrid,0 - 3,0 - 1,2,3,Yok
2022-08-15,2022,La Liga,Real Betis,Elche,3 - 0,2 - 0,1,3,Yok
2022-08-19,2022,La Liga,Espanyol,Rayo Vallecano,0 - 2,0 - 1,2,2,Yok
2022-08-19,2022,La Liga,Sevilla,Valladolid,1 - 1,0 - 0,X,2,Evet
2022-08-20,2022,La Liga,Osasuna,Cadiz,2 - 0,1 - 0,1,2,Yok
2022-08-20,2022,La Liga,Mallorca,Real Betis,1 - 2,0 - 1,2,3,Evet
2022-08-20,2022,La Liga,Celta Vigo,Real Madrid,1 - 4,1 - 2,2,5,Evet
2022-08-21,2022,La Liga,Athletic Club,Valencia,1 - 0,1 - 0,1,1,Yok
2022-08-21,2022,La Liga,Atletico Madrid,Villarreal,0 - 2,0 - 0,2,2,Yok
2022-08-21,2022,La Liga,Real Sociedad,Barcelona,1 - 4,1 - 1,2,5,Evet
2022-08-22,2022,La Liga,Elche,Almeria,1 - 1,1 - 1,X,2,Evet
2022-08-22,2022,La Liga,Girona,Getafe,3 - 1,1 - 0,1,4,Evet
2022-08-26,2022,La Liga,Girona,Celta Vigo,0 - 1,0 - 0,2,1,Yok
2022-08-26,2022,La Liga,Real Betis,Osasuna,1 - 0,1 - 0,1,1,Yok
2022-08-27,2022,La Liga,Elche,Real Sociedad,0 - 1,0 - 1,2,1,Yok
2022-08-27,2022,La Liga,Rayo Vallecano,Mallorca,0 - 2,0 - 1,2,2,Yok
2022-08-27,2022,La Liga,Almeria,Sevilla,2 - 1,1 - 1,1,3,Evet
2022-08-28,2022,La Liga,Getafe,Villarreal,0 - 0,0 - 0,X,0,Yok
2022-08-28,2022,La Liga,Barcelona,Valladolid,4 - 0,2 - 0,1,4,Yok
2022-08-28,2022,La Liga,Espanyol,Real Madrid,1 - 3,1 - 1,2,4,Evet
2022-08-29,2022,La Liga,Cadiz,Athletic Club,0 - 4,0 - 1,2,4,Yok
2022-08-29,2022,La Liga,Valencia,Atletico Madrid,0 - 1,0 - 0,2,1,Yok
2022-09-02,2022,La Liga,Celta Vigo,Cadiz,3 - 0,0 - 0,1,3,Yok
2022-09-03,2022,La Liga,Mallorca,Girona,1 - 1,0 - 0,X,2,Evet
2022-09-03,2022,La Liga,Real Madrid,Real Betis,2 - 1,1 - 1,1,3,Evet
2022-09-03,2022,La Liga,Real Sociedad,Atletico Madrid,1 - 1,0 - 1,X,2,Evet
2022-09-03,2022,La Liga,Sevilla,Barcelona,0 - 3,0 - 2,2,3,Yok
2022-09-04,2022,La Liga,Osasuna,Rayo Vallecano,2 - 1,0 - 0,1,3,Evet
2022-09-04,2022,La Liga,Athletic Club,Espanyol,0 - 1,0 - 0,2,1,Yok
2022-09-04,2022,La Liga,Villarreal,Elche,4 - 0,2 - 0,1,4,Yok
2022-09-04,2022,La Liga,Valencia,Getafe,5 - 1,3 - 0,1,6,Evet
2022-09-05,2022,La Liga,Valladolid,Almeria,1 - 0,0 - 0,1,1,Yok
2022-09-09,2022,La Liga,Girona,Valladolid,2 - 1,1 - 1,1,3,Evet
2022-09-10,2022,La Liga,Rayo Vallecano,Valencia,2 - 1,1 - 0,1,3,Evet
2022-09-10,2022,La Liga,Espanyol,Sevilla,2 - 3,1 - 3,2,5,Evet
2022-09-10,2022,La Liga,Cadiz,Barcelona,0 - 4,0 - 0,2,4,Yok
2022-09-10,2022,La Liga,Atletico Madrid,Celta Vigo,4 - 1,1 - 0,1,5,Evet
2022-09-11,2022,La Liga,Real Madrid,Mallorca,4 - 1,1 - 1,1,5,Evet
2022-09-11,2022,La Liga,Elche,Athletic Club,1 - 4,0 - 4,2,5,Evet
2022-09-11,2022,La Liga,Getafe,Real Sociedad,2 - 1,1 - 0,1,3,Evet
2022-09-11,2022,La Liga,Real Betis,Villarreal,1 - 0,0 - 0,1,1,Yok
2022-09-12,2022,La Liga,Almeria,Osasuna,0 - 1,0 - 1,2,1,Yok
2022-09-16,2022,La Liga,Valladolid,Cadiz,0 - 1,0 - 0,2,1,Yok
2022-09-17,2022,La Liga,Mallorca,Almeria,1 - 0,1 - 0,1,1,Yok
2022-09-17,2022,La Liga,Barcelona,Elche,3 - 0,2 - 0,1,3,Yok
2022-09-17,2022,La Liga,Valencia,Celta Vigo,3 - 0,1 - 0,1,3,Yok
2022-09-17,2022,La Liga,Athletic Club,Rayo Vallecano,3 - 2,3 - 1,1,5,Evet
2022-09-18,2022,La Liga,Osasuna,Getafe,0 - 2,0 - 1,2,2,Yok
2022-09-18,2022,La Liga,Villarreal,Sevilla,1 - 1,0 - 1,X,2,Evet
2022-09-18,2022,La Liga,Real Betis,Girona,2 - 1,1 - 1,1,3,Evet
2022-09-18,2022,La Liga,Real Sociedad,Espanyol,2 - 1,2 - 1,1,3,Evet
2022-09-18,2022,La Liga,Atletico Madrid,Real Madrid,1 - 2,0 - 2,2,3,Evet
2022-09-30,2022,La Liga,Athletic Club,Almeria,4 - 0,2 - 0,1,4,Yok
2022-10-01,2022,La Liga,Cadiz,Villarreal,0 - 0,0 - 0,X,0,Yok
2022-10-01,2022,La Liga,Getafe,Valladolid,2 - 3,2 - 2,2,5,Evet
2022-10-01,2022,La Liga,Sevilla,Atletico Madrid,0 - 2,0 - 1,2,2,Yok
2022-10-01,2022,La Liga,Mallorca,Barcelona,0 - 1,0 - 1,2,1,Yok
2022-10-02,2022,La Liga,Espanyol,Valencia,2 - 2,0 - 0,X,4,Evet
2022-10-02,2022,La Liga,Celta Vigo,Real Betis,1 - 0,1 - 0,1,1,Yok
2022-10-02,2022,La Liga,Girona,Real Sociedad,3 - 5,2 - 2,2,8,Evet
2022-10-02,2022,La Liga,Real Madrid,Osasuna,1 - 1,1 - 0,X,2,Evet
2022-10-03,2022,La Liga,Rayo Vallecano,Elche,2 - 1,1 - 1,1,3,Evet
2022-10-07,2022,La Liga,Osasuna,Valencia,1 - 2,0 - 1,2,3,Evet
2022-10-08,2022,La Liga,Almeria,Rayo Vallecano,3 - 1,3 - 0,1,4,Evet
2022-10-08,2022,La Liga,Atletico Madrid,Girona,2 - 1,1 - 0,1,3,Evet
2022-10-08,2022,La Liga,Sevilla,Athletic Club,1 - 1,1 - 0,X,2,Evet
2022-10-08,2022,La Liga,Getafe,Real Madrid,0 - 1,0 - 1,2,1,Yok
2022-10-09,2022,La Liga,Valladolid,Real Betis,0 - 0,0 - 0,X,0,Yok
2022-10-09,2022,La Liga,Cadiz,Espanyol,2 - 2,1 - 0,X,4,Evet
2022-10-09,2022,La Liga,Real Sociedad,Villarreal,1 - 0,1 - 0,1,1,Yok
2022-10-09,2022,La Liga,Barcelona,Celta Vigo,1 - 0,1 - 0,1,1,Yok
2022-10-10,2022,La Liga,Elche,Mallorca,1 - 1,1 - 0,X,2,Evet
2022-10-14,2022,La Liga,Rayo Vallecano,Getafe,0 - 0,0 - 0,X,0,Yok
2022-10-15,2022,La Liga,Girona,Cadiz,1 - 1,0 - 0,X,2,Evet
2022-10-15,2022,La Liga,Valencia,Elche,2 - 2,2 - 1,X,4,Evet
2022-10-15,2022,La Liga,Mallorca,Sevilla,0 - 1,0 - 0,2,1,Yok
2022-10-15,2022,La Liga,Athletic Club,Atletico Madrid,0 - 1,0 - 0,2,1,Yok
2022-10-16,2022,La Liga,Celta Vigo,Real Sociedad,1 - 2,1 - 1,2,3,Evet
2022-10-16,2022,La Liga,Real Madrid,Barcelona,3 - 1,2 - 0,1,4,Evet
2022-10-16,2022,La Liga,Espanyol,Valladolid,1 - 0,0 - 0,1,1,Yok
2022-10-16,2022,La Liga,Real Betis,Almeria,3 - 1,1 - 0,1,4,Evet
2022-10-17,2022,La Liga,Villarreal,Osasuna,2 - 0,1 - 0,1,2,Yok
2022-10-18,2022,La Liga,Sevilla,Valencia,1 - 1,0 - 1,X,2,Evet
2022-10-18,2022,La Liga,Getafe,Athletic Club,2 - 2,1 - 1,X,4,Evet
2022-10-18,2022,La Liga,Atletico Madrid,Rayo Vallecano,1 - 1,1 - 0,X,2,Evet
2022-10-19,2022,La Liga,Valladolid,Celta Vigo,4 - 1,1 - 1,1,5,Evet
2022-10-19,2022,La Liga,Cadiz,Real Betis,0 - 0,0 - 0,X,0,Yok
2022-10-19,2022,La Liga,Real Sociedad,Mallorca,1 - 0,1 - 0,1,1,Yok
2022-10-19,2022,La Liga,Elche,Real Madrid,0 - 3,0 - 1,2,3,Yok
2022-10-20,2022,La Liga,Almeria,Girona,3 - 2,3 - 0,1,5,Evet
2022-10-20,2022,La Liga,Osasuna,Espanyol,1 - 0,0 - 0,1,1,Yok
2022-10-20,2022,La Liga,Barcelona,Villarreal,3 - 0,3 - 0,1,3,Yok
2022-10-22,2022,La Liga,Rayo Vallecano,Cadiz,5 - 1,2 - 0,1,6,Evet
2022-10-22,2022,La Liga,Valladolid,Real Sociedad,1 - 0,1 - 0,1,1,Yok
2022-10-22,2022,La Liga,Valencia,Mallorca,1 - 2,0 - 0,2,3,Evet
2022-10-22,2022,La Liga,Real Madrid,Sevilla,3 - 1,1 - 0,1,4,Evet
2022-10-23,2022,La Liga,Espanyol,Elche,2 - 2,1 - 1,X,4,Evet
2022-10-23,2022,La Liga,Real Betis,Atletico Madrid,1 - 2,0 - 0,2,3,Evet
2022-10-23,2022,La Liga,Villarreal,Almeria,2 - 1,0 - 1,1,3,Evet
2022-10-23,2022,La Liga,Girona,Osasuna,1 - 1,1 - 1,X,2,Evet
2022-10-23,2022,La Liga,Barcelona,Athletic Club,4 - 0,3 - 0,1,4,Yok
2022-10-24,2022,La Liga,Celta Vigo,Getafe,1 - 1,0 - 1,X,2,Evet
2022-10-28,2022,La Liga,Mallorca,Espanyol,1 - 1,0 - 0,X,2,Evet
2022-10-29,2022,La Liga,Almeria,Celta Vigo,3 - 1,0 - 1,1,4,Evet
2022-10-29,2022,La Liga,Cadiz,Atletico Madrid,3 - 2,1 - 0,1,5,Evet
2022-10-29,2022,La Liga,Sevilla,Rayo Vallecano,0 - 1,0 - 0,2,1,Yok
2022-10-29,2022,La Liga,Valencia,Barcelona,0 - 1,0 - 0,2,1,Yok
2022-10-30,2022,La Liga,Osasuna,Valladolid,2 - 0,2 - 0,1,2,Yok
2022-10-30,2022,La Liga,Real Madrid,Girona,1 - 1,0 - 0,X,2,Evet
2022-10-30,2022,La Liga,Athletic Club,Villarreal,1 - 0,0 - 0,1,1,Yok
2022-10-30,2022,La Liga,Real Sociedad,Real Betis,0 - 2,0 - 0,2,2,Yok
2022-10-31,2022,La Liga,Elche,Getafe,0 - 1,0 - 0,2,1,Yok
2022-11-04,2022,La Liga,Girona,Athletic Club,2 - 1,0 - 0,1,3,Evet
2022-11-05,2022,La Liga,Getafe,Cadiz,0 - 0,0 - 0,X,0,Yok
2022-11-05,2022,La Liga,Valladolid,Elche,2 - 1,1 - 0,1,3,Evet
2022-11-05,2022,La Liga,Celta Vigo,Osasuna,1 - 2,1 - 2,2,3,Evet
2022-11-05,2022,La Liga,Barcelona,Almeria,2 - 0,0 - 0,1,2,Yok
2022-11-06,2022,La Liga,Atletico Madrid,Espanyol,1 - 1,0 - 0,X,2,Evet
2022-11-06,2022,La Liga,Real Sociedad,Valencia,1 - 1,1 - 1,X,2,Evet
2022-11-06,2022,La Liga,Villarreal,Mallorca,0 - 2,0 - 1,2,2,Yok
2022-11-06,2022,La Liga,Real Betis,Sevilla,1 - 1,1 - 0,X,2,Evet
2022-11-07,2022,La Liga,Rayo Vallecano,Real Madrid,3 - 2,2 - 2,1,5,Evet
2022-11-08,2022,La Liga,Elche,Girona,1 - 2,1 - 1,2,3,Evet
2022-11-08,2022,La Liga,Athletic Club,Valladolid,3 - 0,1 - 0,1,3,Yok
2022-11-08,2022,La Liga,Osasuna,Barcelona,1 - 2,1 - 0,2,3,Evet
2022-11-09,2022,La Liga,Sevilla,Real Sociedad,1 - 2,1 - 2,2,3,Evet
2022-11-09,2022,La Liga,Almeria,Getafe,1 - 0,1 - 0,1,1,Yok
2022-11-09,2022,La Liga,Espanyol,Villarreal,0 - 1,0 - 0,2,1,Yok
2022-11-09,2022,La Liga,Mallorca,Atletico Madrid,1 - 0,1 - 0,1,1,Yok
2022-11-10,2022,La Liga,Rayo Vallecano,Celta Vigo,0 - 0,0 - 0,X,0,Yok
2022-11-10,2022,La Liga,Valencia,Real Betis,3 - 0,0 - 0,1,3,Yok
2022-11-10,2022,La Liga,Real Madrid,Cadiz,2 - 1,1 - 0,1,3,Evet
2022-12-29,2022,La Liga,Girona,Rayo Vallecano,2 - 2,1 - 1,X,4,Evet
2022-12-29,2022,La Liga,Real Betis,Athletic Club,0 - 0,0 - 0,X,0,Yok
2022-12-29,2022,La Liga,Atletico Madrid,Elche,2 - 0,0 - 0,1,2,Yok
2022-12-30,2022,La Liga,Getafe,Mallorca,2 - 0,0 - 0,1,2,Yok
2022-12-30,2022,La Liga,Celta Vigo,Sevilla,1 - 1,1 - 0,X,2,Evet
2022-12-30,2022,La Liga,Cadiz,Almeria,1 - 1,0 - 1,X,2,Evet
2022-12-30,2022,La Liga,Valladolid,Real Madrid,0 - 2,0 - 0,2,2,Yok
2022-12-31,2022,La Liga,Barcelona,Espanyol,1 - 1,1 - 0,X,2,Evet
2022-12-31,2022,La Liga,Villarreal,Valencia,2 - 1,1 - 1,1,3,Evet
2022-12-31,2022,La Liga,Real Sociedad,Osasuna,2 - 0,1 - 0,1,2,Yok
2023-01-06,2022,La Liga,Elche,Celta Vigo,0 - 1,0 - 1,2,1,Yok
2023-01-06,2022,La Liga,Valencia,Cadiz,0 - 1,0 - 1,2,1,Yok
2023-01-07,2022,La Liga,Villarreal,Real Madrid,2 - 1,0 - 0,1,3,Evet
2023-01-07,2022,La Liga,Mallorca,Valladolid,1 - 0,0 - 0,1,1,Yok
2023-01-07,2022,La Liga,Espanyol,Girona,2 - 2,0 - 1,X,4,Evet
2023-01-08,2022,La Liga,Almeria,Real Sociedad,0 - 2,0 - 0,2,2,Yok
2023-01-08,2022,La Liga,Rayo Vallecano,Real Betis,1 - 2,1 - 2,2,3,Evet
2023-01-08,2022,La Liga,Sevilla,Getafe,2 - 1,1 - 0,1,3,Evet
2023-01-08,2022,La Liga,Atletico Madrid,Barcelona,0 - 1,0 - 1,2,1,Yok
2023-01-09,2022,La Liga,Athletic Club,Osasuna,0 - 0,0 - 0,X,0,Yok
2023-01-13,2022,La Liga,Celta Vigo,Villarreal,1 - 1,0 - 1,X,2,Evet
2023-01-14,2022,La Liga,Valladolid,Rayo Vallecano,0 - 1,0 - 0,2,1,Yok
2023-01-14,2022,La Liga,Girona,Sevilla,2 - 1,0 - 1,1,3,Evet
2023-01-14,2022,La Liga,Osasuna,Mallorca,1 - 0,0 - 0,1,1,Yok
2023-01-14,2022,La Liga,Real Sociedad,Athletic Club,3 - 1,2 - 1,1,4,Evet
2023-01-15,2022,La Liga,Getafe,Espanyol,1 - 2,1 - 1,2,3,Evet
2023-01-15,2022,La Liga,Almeria,Atletico Madrid,1 - 1,1 - 1,X,2,Evet
2023-01-16,2022,La Liga,Cadiz,Elche,1 - 1,1 - 0,X,2,Evet
2023-01-20,2022,La Liga,Mallorca,Celta Vigo,1 - 0,0 - 0,1,1,Yok
2023-01-21,2022,La Liga,Rayo Vallecano,Real Sociedad,0 - 2,0 - 2,2,2,Yok
2023-01-21,2022,La Liga,Espanyol,Real Betis,1 - 0,1 - 0,1,1,Yok
2023-01-21,2022,La Liga,Atletico Madrid,Valladolid,3 - 0,3 - 0,1,3,Yok
2023-01-21,2022,La Liga,Sevilla,Cadiz,1 - 0,0 - 0,1,1,Yok
2023-01-22,2022,La Liga,Villarreal,Girona,1 - 0,0 - 0,1,1,Yok
2023-01-22,2022,La Liga,Elche,Osasuna,1 - 1,0 - 1,X,2,Evet
2023-01-22,2022,La Liga,Barcelona,Getafe,1 - 0,1 - 0,1,1,Yok
2023-01-22,2022,La Liga,Athletic Club,Real Madrid,0 - 2,0 - 1,2,2,Yok
2023-01-23,2022,La Liga,Valencia,Almeria,2 - 2,0 - 0,X,4,Evet
2023-01-27,2022,La Liga,Almeria,Espanyol,3 - 1,1 - 0,1,4,Evet
2023-01-28,2022,La Liga,Cadiz,Mallorca,2 - 0,2 - 0,1,2,Yok
2023-01-28,2022,La Liga,Girona,Barcelona,0 - 1,0 - 0,2,1,Yok
2023-01-28,2022,La Liga,Sevilla,Elche,3 - 0,3 - 0,1,3,Yok
2023-01-28,2022,La Liga,Getafe,Real Betis,0 - 1,0 - 0,2,1,Yok
2023-01-29,2022,La Liga,Valladolid,Valencia,1 - 0,0 - 0,1,1,Yok
2023-01-29,2022,La Liga,Osasuna,Atletico Madrid,0 - 1,0 - 0,2,1,Yok
2023-01-29,2022,La Liga,Celta Vigo,Athletic Club,1 - 0,0 - 0,1,1,Yok
2023-01-29,2022,La Liga,Real Madrid,Real Sociedad,0 - 0,0 - 0,X,0,Yok
2023-01-30,2022,La Liga,Villarreal,Rayo Vallecano,0 - 1,0 - 0,2,1,Yok
2023-02-01,2022,La Liga,Real Betis,Barcelona,1 - 2,0 - 0,2,3,Evet
2023-02-02,2022,La Liga,Real Madrid,Valencia,2 - 0,0 - 0,1,2,Yok
2023-02-03,2022,La Liga,Athletic Club,Cadiz,4 - 1,3 - 1,1,5,Evet
2023-02-04,2022,La Liga,Espanyol,Osasuna,1 - 1,0 - 1,X,2,Evet
2023-02-04,2022,La Liga,Elche,Villarreal,3 - 1,2 - 1,1,4,Evet
2023-02-04,2022,La Liga,Atletico Madrid,Getafe,1 - 1,0 - 0,X,2,Evet
2023-02-04,2022,La Liga,Real Betis,Celta Vigo,3 - 4,2 - 2,2,7,Evet
2023-02-05,2022,La Liga,Mallorca,Real Madrid,1 - 0,1 - 0,1,1,Yok
2023-02-05,2022,La Liga,Girona,Valencia,1 - 0,0 - 0,1,1,Yok
2023-02-05,2022,La Liga,Real Sociedad,Valladolid,0 - 1,0 - 0,2,1,Yok
2023-02-05,2022,La Liga,Barcelona,Sevilla,3 - 0,0 - 0,1,3,Yok
2023-02-06,2022,La Liga,Rayo Vallecano,Almeria,2 - 0,0 - 0,1,2,Yok
2023-02-10,2022,La Liga,Cadiz,Girona,2 - 0,2 - 0,1,2,Yok
2023-02-11,2022,La Liga,Almeria,Real Betis,2 - 3,1 - 2,2,5,Evet
2023-02-11,2022,La Liga,Sevilla,Mallorca,2 - 0,2 - 0,1,2,Yok
2023-02-11,2022,La Liga,Valencia,Athletic Club,1 - 2,1 - 1,2,3,Evet
2023-02-12,2022,La Liga,Getafe,Rayo Vallecano,1 - 1,0 - 1,X,2,Evet
2023-02-12,2022,La Liga,Celta Vigo,Atletico Madrid,0 - 1,0 - 0,2,1,Yok
2023-02-12,2022,La Liga,Valladolid,Osasuna,0 - 0,0 - 0,X,0,Yok
2023-02-12,2022,La Liga,Villarreal,Barcelona,0 - 1,0 - 1,2,1,Yok
2023-02-13,2022,La Liga,Espanyol,Real Sociedad,2 - 3,0 - 1,2,5,Evet
2023-02-15,2022,La Liga,Real Madrid,Elche,4 - 0,3 - 0,1,4,Yok
2023-02-17,2022,La Liga,Girona,Almeria,6 - 2,4 - 0,1,8,Evet
2023-02-18,2022,La Liga,Real Sociedad,Celta Vigo,1 - 1,1 - 0,X,2,Evet
2023-02-18,2022,La Liga,Real Betis,Valladolid,2 - 1,2 - 1,1,3,Evet
2023-02-18,2022,La Liga,Mallorca,Villarreal,4 - 2,2 - 1,1,6,Evet
2023-02-18,2022,La Liga,Osasuna,Real Madrid,0 - 2,0 - 0,2,2,Yok
2023-02-19,2022,La Liga,Elche,Espanyol,0 - 1,0 - 0,2,1,Yok
2023-02-19,2022,La Liga,Rayo Vallecano,Sevilla,1 - 1,0 - 1,X,2,Evet
2023-02-19,2022,La Liga,Atletico Madrid,Athletic Club,1 - 0,0 - 0,1,1,Yok
2023-02-19,2022,La Liga,Barcelona,Cadiz,2 - 0,2 - 0,1,2,Yok
2023-02-20,2022,La Liga,Getafe,Valencia,1 - 0,0 - 0,1,1,Yok
2023-02-24,2022,La Liga,Elche,Real Betis,2 - 3,2 - 0,2,5,Evet
2023-02-25,2022,La Liga,Espanyol,Mallorca,2 - 1,1 - 1,1,3,Evet
2023-02-25,2022,La Liga,Cadiz,Rayo Vallecano,1 - 0,0 - 0,1,1,Yok
2023-02-25,2022,La Liga,Real Madrid,Atletico Madrid,1 - 1,0 - 0,X,2,Evet
2023-02-25,2022,La Liga,Valencia,Real Sociedad,1 - 0,1 - 0,1,1,Yok
2023-02-26,2022,La Liga,Athletic Club,Girona,2 - 3,1 - 3,2,5,Evet
2023-02-26,2022,La Liga,Celta Vigo,Valladolid,3 - 0,2 - 0,1,3,Yok
2023-02-26,2022,La Liga,Almeria,Barcelona,1 - 0,1 - 0,1,1,Yok
2023-02-26,2022,La Liga,Sevilla,Osasuna,2 - 3,0 - 1,2,5,Evet
2023-02-27,2022,La Liga,Villarreal,Getafe,2 - 1,1 - 1,1,3,Evet
2023-03-03,2022,La Liga,Real Sociedad,Cadiz,0 - 0,0 - 0,X,0,Yok
2023-03-04,2022,La Liga,Getafe,Girona,3 - 2,3 - 0,1,5,Evet
2023-03-04,2022,La Liga,Almeria,Villarreal,0 - 2,0 - 0,2,2,Yok
2023-03-04,2022,La Liga,Mallorca,Elche,0 - 1,0 - 0,2,1,Yok
2023-03-04,2022,La Liga,Atletico Madrid,Sevilla,6 - 1,2 - 1,1,7,Evet
2023-03-05,2022,La Liga,Valladolid,Espanyol,2 - 1,1 - 0,1,3,Evet
2023-03-05,2022,La Liga,Barcelona,Valencia,1 - 0,1 - 0,1,1,Yok
2023-03-05,2022,La Liga,Rayo Vallecano,Athletic Club,0 - 0,0 - 0,X,0,Yok
2023-03-05,2022,La Liga,Real Betis,Real Madrid,0 - 0,0 - 0,X,0,Yok
2023-03-06,2022,La Liga,Osasuna,Celta Vigo,0 - 0,0 - 0,X,0,Yok
2023-03-10,2022,La Liga,Cadiz,Getafe,2 - 2,1 - 0,X,4,Evet
2023-03-11,2022,La Liga,Real Madrid,Espanyol,3 - 1,2 - 1,1,4,Evet
2023-03-11,2022,La Liga,Elche,Valladolid,1 - 1,0 - 1,X,2,Evet
2023-03-11,2022,La Liga,Celta Vigo,Rayo Vallecano,3 - 0,0 - 0,1,3,Yok
2023-03-11,2022,La Liga,Valencia,Osasuna,1 - 0,0 - 0,1,1,Yok
2023-03-12,2022,La Liga,Mallorca,Real Sociedad,1 - 1,0 - 1,X,2,Evet
2023-03-12,2022,La Liga,Sevilla,Almeria,2 - 1,1 - 1,1,3,Evet
2023-03-12,2022,La Liga,Villarreal,Real Betis,1 - 1,0 - 1,X,2,Evet
2023-03-12,2022,La Liga,Athletic Club,Barcelona,0 - 1,0 - 1,2,1,Yok
2023-03-13,2022,La Liga,Girona,Atletico Madrid,0 - 1,0 - 0,2,1,Yok
2023-03-17,2022,La Liga,Valladolid,Athletic Club,1 - 3,0 - 1,2,4,Evet
2023-03-18,2022,La Liga,Almeria,Cadiz,1 - 1,0 - 0,X,2,Evet
2023-03-18,2022,La Liga,Rayo Vallecano,Girona,2 - 2,2 - 1,X,4,Evet
2023-03-18,2022,La Liga,Espanyol,Celta Vigo,1 - 3,0 - 2,2,4,Evet
2023-03-18,2022,La Liga,Atletico Madrid,Valencia,3 - 0,1 - 0,1,3,Yok
2023-03-19,2022,La Liga,Real Betis,Mallorca,1 - 0,0 - 0,1,1,Yok
2023-03-19,2022,La Liga,Real Sociedad,Elche,2 - 0,0 - 0,1,2,Yok
2023-03-19,2022,La Liga,Osasuna,Villarreal,0 - 3,0 - 1,2,3,Yok
2023-03-19,2022,La Liga,Getafe,Sevilla,2 - 0,0 - 0,1,2,Yok
2023-03-19,2022,La Liga,Barcelona,Real Madrid,2 - 1,1 - 1,1,3,Evet
2023-03-31,2022,La Liga,Mallorca,Osasuna,0 - 0,0 - 0,X,0,Yok
2023-04-01,2022,La Liga,Girona,Espanyol,2 - 1,0 - 0,1,3,Evet
2023-04-01,2022,La Liga,Athletic Club,Getafe,0 - 0,0 - 0,X,0,Yok
2023-04-01,2022,La Liga,Cadiz,Sevilla,0 - 2,0 - 0,2,2,Yok
2023-04-01,2022,La Liga,Elche,Barcelona,0 - 4,0 - 1,2,4,Yok
2023-04-02,2022,La Liga,Celta Vigo,Almeria,2 - 2,2 - 2,X,4,Evet
2023-04-02,2022,La Liga,Real Madrid,Valladolid,6 - 0,4 - 0,1,6,Yok
2023-04-02,2022,La Liga,Villarreal,Real Sociedad,2 - 0,0 - 0,1,2,Yok
2023-04-02,2022,La Liga,Atletico Madrid,Real Betis,1 - 0,0 - 0,1,1,Yok
2023-04-03,2022,La Liga,Valencia,Rayo Vallecano,1 - 1,0 - 1,X,2,Evet
2023-04-07,2022,La Liga,Sevilla,Celta Vigo,2 - 2,1 - 0,X,4,Evet
2023-04-08,2022,La Liga,Osasuna,Elche,2 - 1,0 - 1,1,3,Evet
2023-04-08,2022,La Liga,Espanyol,Athletic Club,1 - 2,0 - 1,2,3,Evet
2023-04-08,2022,La Liga,Real Sociedad,Getafe,2 - 0,1 - 0,1,2,Yok
2023-04-08,2022,La Liga,Real Madrid,Villarreal,2 - 3,1 - 1,2,5,Evet
2023-04-09,2022,La Liga,Valladolid,Mallorca,3 - 3,1 - 0,X,6,Evet
2023-04-09,2022,La Liga,Real Betis,Cadiz,0 - 2,0 - 0,2,2,Yok
2023-04-09,2022,La Liga,Almeria,Valencia,2 - 1,0 - 0,1,3,Evet
2023-04-09,2022,La Liga,Rayo Vallecano,Atletico Madrid,1 - 2,0 - 2,2,3,Evet
2023-04-10,2022,La Liga,Barcelona,Girona,0 - 0,0 - 0,X,0,Yok
2023-04-14,2022,La Liga,Rayo Vallecano,Osasuna,2 - 1,2 - 0,1,3,Evet
2023-04-15,2022,La Liga,Villarreal,Valladolid,1 - 2,0 - 2,2,3,Evet
2023-04-15,2022,La Liga,Athletic Club,Real Sociedad,2 - 0,1 - 0,1,2,Yok
2023-04-15,2022,La Liga,Real Betis,Espanyol,3 - 1,2 - 0,1,4,Evet
2023-04-15,2022,La Liga,Cadiz,Real Madrid,0 - 2,0 - 0,2,2,Yok
2023-04-16,2022,La Liga,Girona,Elche,2 - 0,1 - 0,1,2,Yok
2023-04-16,2022,La Liga,Getafe,Barcelona,0 - 0,0 - 0,X,0,Yok
2023-04-16,2022,La Liga,Atletico Madrid,Almeria,2 - 1,2 - 1,1,3,Evet
2023-04-16,2022,La Liga,Valencia,Sevilla,0 - 2,0 - 0,2,2,Yok
2023-04-17,2022,La Liga,Celta Vigo,Mallorca,0 - 1,0 - 1,2,1,Yok
2023-04-21,2022,La Liga,Espanyol,Cadiz,0 - 0,0 - 0,X,0,Yok
2023-04-22,2022,La Liga,Osasuna,Real Betis,3 - 2,3 - 1,1,5,Evet
2023-04-22,2022,La Liga,Almeria,Athletic Club,1 - 2,0 - 1,2,3,Evet
2023-04-22,2022,La Liga,Real Sociedad,Rayo Vallecano,2 - 1,0 - 0,1,3,Evet
2023-04-22,2022,La Liga,Valladolid,Girona,1 - 0,1 - 0,1,1,Yok
2023-04-22,2022,La Liga,Real Madrid,Celta Vigo,2 - 0,1 - 0,1,2,Yok
2023-04-23,2022,La Liga,Elche,Valencia,0 - 2,0 - 2,2,2,Yok
2023-04-23,2022,La Liga,Barcelona,Atletico Madrid,1 - 0,1 - 0,1,1,Yok
2023-04-23,2022,La Liga,Mallorca,Getafe,3 - 1,0 - 1,1,4,Evet
2023-04-23,2022,La Liga,Sevilla,Villarreal,2 - 1,1 - 0,1,3,Evet
2023-04-25,2022,La Liga,Girona,Real Madrid,4 - 2,2 - 1,1,6,Evet
2023-04-25,2022,La Liga,Cadiz,Osasuna,0 - 1,0 - 0,2,1,Yok
2023-04-25,2022,La Liga,Real Betis,Real Sociedad,0 - 0,0 - 0,X,0,Yok
2023-04-26,2022,La Liga,Atletico Madrid,Mallorca,3 - 1,1 - 1,1,4,Evet
2023-04-26,2022,La Liga,Getafe,Almeria,1 - 2,0 - 1,2,3,Evet
2023-04-26,2022,La Liga,Celta Vigo,Elche,1 - 0,0 - 0,1,1,Yok
2023-04-26,2022,La Liga,Rayo Vallecano,Barcelona,2 - 1,1 - 0,1,3,Evet
2023-04-27,2022,La Liga,Valencia,Valladolid,2 - 1,0 - 1,1,3,Evet
2023-04-27,2022,La Liga,Villarreal,Espanyol,4 - 2,0 - 1,1,6,Evet
2023-04-27,2022,La Liga,Athletic Club,Sevilla,0 - 1,0 - 0,2,1,Yok
2023-04-28,2022,La Liga,Osasuna,Real Sociedad,0 - 2,0 - 1,2,2,Yok
2023-04-29,2022,La Liga,Elche,Rayo Vallecano,4 - 0,1 - 0,1,4,Yok
2023-04-29,2022,La Liga,Real Madrid,Almeria,4 - 2,3 - 1,1,6,Evet
2023-04-29,2022,La Liga,Barcelona,Real Betis,4 - 0,3 - 0,1,4,Yok
2023-04-30,2022,La Liga,Cadiz,Valencia,2 - 1,1 - 0,1,3,Evet
2023-04-30,2022,La Liga,Villarreal,Celta Vigo,3 - 1,2 - 1,1,4,Evet
2023-04-30,2022,La Liga,Espanyol,Getafe,1 - 0,1 - 0,1,1,Yok
2023-04-30,2022,La Liga,Valladolid,Atletico Madrid,2 - 5,1 - 3,2,7,Evet
2023-05-01,2022,La Liga,Mallorca,Athletic Club,1 - 1,0 - 0,X,2,Evet
2023-05-01,2022,La Liga,Sevilla,Girona,0 - 2,0 - 1,2,2,Yok
2023-05-02,2022,La Liga,Barcelona,Osasuna,1 - 0,0 - 0,1,1,Yok
2023-05-02,2022,La Liga,Almeria,Elche,2 - 1,1 - 0,1,3,Evet
2023-05-02,2022,La Liga,Real Sociedad,Real Madrid,2 - 0,0 - 0,1,2,Yok
2023-05-03,2022,La Liga,Valencia,Villarreal,1 - 1,0 - 0,X,2,Evet
2023-05-03,2022,La Liga,Atletico Madrid,Cadiz,5 - 1,2 - 0,1,6,Evet
2023-05-03,2022,La Liga,Getafe,Celta Vigo,1 - 0,1 - 0,1,1,Yok
2023-05-04,2022,La Liga,Sevilla,Espanyol,3 - 2,1 - 2,1,5,Evet
2023-05-04,2022,La Liga,Girona,Mallorca,2 - 1,1 - 0,1,3,Evet
2023-05-04,2022,La Liga,Athletic Club,Real Betis,0 - 1,0 - 1,2,1,Yok
2023-05-04,2022,La Liga,Rayo Vallecano,Valladolid,2 - 1,0 - 0,1,3,Evet
2023-05-12,2022,La Liga,Mallorca,Cadiz,1 - 0,1 - 0,1,1,Yok
2023-05-13,2022,La Liga,Real Sociedad,Girona,2 - 2,2 - 2,X,4,Evet
2023-05-13,2022,La Liga,Osasuna,Almeria,3 - 1,0 - 0,1,4,Evet
2023-05-13,2022,La Liga,Villarreal,Athletic Club,5 - 1,2 - 1,1,6,Evet
2023-05-13,2022,La Liga,Real Madrid,Getafe,1 - 0,0 - 0,1,1,Yok
2023-05-14,2022,La Liga,Celta Vigo,Valencia,1 - 2,0 - 1,2,3,Evet
2023-05-14,2022,La Liga,Elche,Atletico Madrid,1 - 0,1 - 0,1,1,Yok
2023-05-14,2022,La Liga,Valladolid,Sevilla,0 - 3,0 - 0,2,3,Yok
2023-05-14,2022,La Liga,Espanyol,Barcelona,2 - 4,0 - 3,2,6,Evet
2023-05-15,2022,La Liga,Real Betis,Rayo Vallecano,3 - 1,2 - 0,1,4,Evet
2023-05-19,2022,La Liga,Cadiz,Valladolid,2 - 0,0 - 0,1,2,Yok
2023-05-20,2022,La Liga,Girona,Villarreal,1 - 2,1 - 1,2,3,Evet
2023-05-20,2022,La Liga,Athletic Club,Celta Vigo,2 - 1,1 - 0,1,3,Evet
2023-05-20,2022,La Liga,Getafe,Elche,1 - 1,1 - 1,X,2,Evet
2023-05-20,2022,La Liga,Almeria,Mallorca,3 - 0,2 - 0,1,3,Yok
2023-05-20,2022,La Liga,Barcelona,Real Sociedad,1 - 2,0 - 1,2,3,Evet
2023-05-21,2022,La Liga,Rayo Vallecano,Espanyol,1 - 2,1 - 1,2,3,Evet
2023-05-21,2022,La Liga,Atletico Madrid,Osasuna,3 - 0,1 - 0,1,3,Yok
2023-05-21,2022,La Liga,Valencia,Real Madrid,1 - 0,1 - 0,1,1,Yok
2023-05-21,2022,La Liga,Sevilla,Real Betis,0 - 0,0 - 0,X,0,Yok
2023-05-23,2022,La Liga,Celta Vigo,Girona,1 - 1,1 - 0,X,2,Evet
2023-05-23,2022,La Liga,Real Sociedad,Almeria,1 - 0,1 - 0,1,1,Yok
2023-05-23,2022,La Liga,Valladolid,Barcelona,3 - 1,2 - 0,1,4,Evet
2023-05-24,2022,La Liga,Villarreal,Cadiz,2 - 0,2 - 0,1,2,Yok
2023-05-24,2022,La Liga,Real Madrid,Rayo Vallecano,2 - 1,1 - 0,1,3,Evet
2023-05-24,2022,La Liga,Elche,Sevilla,1 - 1,1 - 1,X,2,Evet
2023-05-24,2022,La Liga,Espanyol,Atletico Madrid,3 - 3,0 - 2,X,6,Evet
2023-05-24,2022,La Liga,Real Betis,Getafe,0 - 1,0 - 0,2,1,Yok
2023-05-25,2022,La Liga,Mallorca,Valencia,1 - 0,0 - 0,1,1,Yok
2023-05-25,2022,La Liga,Osasuna,Athletic Club,2 - 0,0 - 0,1,2,Yok
2023-05-27,2022,La Liga,Sevilla,Real Madrid,1 - 2,1 - 1,2,3,Evet
2023-05-28,2022,La Liga,Barcelona,Mallorca,3 - 0,2 - 0,1,3,Yok
2023-05-28,2022,La Liga,Atletico Madrid,Real Sociedad,2 - 1,1 - 0,1,3,Evet
2023-05-28,2022,La Liga,Athletic Club,Elche,0 - 1,0 - 0,2,1,Yok
2023-05-28,2022,La Liga,Valencia,Espanyol,2 - 2,1 - 1,X,4,Evet
2023-05-28,2022,La Liga,Getafe,Osasuna,2 - 1,1 - 1,1,3,Evet
2023-05-28,2022,La Liga,Girona,Real Betis,1 - 2,1 - 0,2,3,Evet
2023-05-28,2022,La Liga,Almeria,Valladolid,0 - 0,0 - 0,X,0,Yok
2023-05-28,2022,La Liga,Cadiz,Celta Vigo,1 - 0,0 - 0,1,1,Yok
2023-05-28,2022,La Liga,Rayo Vallecano,Villarreal,2 - 1,0 - 0,1,3,Evet
2023-06-04,2022,La Liga,Villarreal,Atletico Madrid,2 - 2,1 - 1,X,4,Evet
2023-06-04,2022,La Liga,Real Madrid,Athletic Club,1 - 1,0 - 0,X,2,Evet
2023-06-04,2022,La Liga,Real Sociedad,Sevilla,2 - 1,1 - 0,1,3,Evet
2023-06-04,2022,La Liga,Osasuna,Girona,2 - 1,0 - 0,1,3,Evet
2023-06-04,2022,La Liga,Mallorca,Rayo Vallecano,3 - 0,0 - 0,1,3,Yok
2023-06-04,2022,La Liga,Celta Vigo,Barcelona,2 - 1,1 - 0,1,3,Evet
2023-06-04,2022,La Liga,Espanyol,Almeria,3 - 3,1 - 1,X,6,Evet
2023-06-04,2022,La Liga,Real Betis,Valencia,1 - 1,1 - 0,X,2,Evet
2023-06-04,2022,La Liga,Valladolid,Getafe,0 - 0,0 - 0,X,0,Yok
2023-06-04,2022,La Liga,Elche,Cadiz,1 - 1,0 - 1,X,2,Evet
2021-08-13,2021,La Liga,Valencia,Getafe,1 - 0,1 - 0,1,1,Yok
2021-08-14,2021,La Liga,Cadiz,Levante,1 - 1,0 - 1,X,2,Evet
2021-08-14,2021,La Liga,Mallorca,Real Betis,1 - 1,1 - 0,X,2,Evet
2021-08-14,2021,La Liga,Alaves,Real Madrid,1 - 4,0 - 0,2,5,Evet
2021-08-14,2021,La Liga,Osasuna,Espanyol,0 - 0,0 - 0,X,0,Yok
2021-08-15,2021,La Liga,Celta Vigo,Atletico Madrid,1 - 2,0 - 1,2,3,Evet
2021-08-15,2021,La Liga,Barcelona,Real Sociedad,4 - 2,2 - 0,1,6,Evet
2021-08-15,2021,La Liga,Sevilla,Rayo Vallecano,3 - 0,1 - 0,1,3,Yok
2021-08-16,2021,La Liga,Villarreal,Granada CF,0 - 0,0 - 0,X,0,Yok
2021-08-16,2021,La Liga,Elche,Athletic Club,0 - 0,0 - 0,X,0,Yok
2021-08-20,2021,La Liga,Real Betis,Cadiz,1 - 1,1 - 1,X,2,Evet
2021-08-21,2021,La Liga,Alaves,Mallorca,0 - 1,0 - 0,2,1,Yok
2021-08-21,2021,La Liga,Espanyol,Villarreal,0 - 0,0 - 0,X,0,Yok
2021-08-21,2021,La Liga,Granada CF,Valencia,1 - 1,1 - 0,X,2,Evet
2021-08-21,2021,La Liga,Athletic Club,Barcelona,1 - 1,0 - 0,X,2,Evet
2021-08-22,2021,La Liga,Real Sociedad,Rayo Vallecano,1 - 0,0 - 0,1,1,Yok
2021-08-22,2021,La Liga,Atletico Madrid,Elche,1 - 0,1 - 0,1,1,Yok
2021-08-22,2021,La Liga,Levante,Real Madrid,3 - 3,0 - 1,X,6,Evet
2021-08-23,2021,La Liga,Getafe,Sevilla,0 - 1,0 - 0,2,1,Yok
2021-08-23,2021,La Liga,Osasuna,Celta Vigo,0 - 0,0 - 0,X,0,Yok
2021-08-27,2021,La Liga,Mallorca,Espanyol,1 - 0,1 - 0,1,1,Yok
2021-08-27,2021,La Liga,Valencia,Alaves,3 - 0,2 - 0,1,3,Yok
2021-08-28,2021,La Liga,Celta Vigo,Athletic Club,0 - 1,0 - 1,2,1,Yok
2021-08-28,2021,La Liga,Real Sociedad,Levante,1 - 0,1 - 0,1,1,Yok
2021-08-28,2021,La Liga,Elche,Sevilla,1 - 1,1 - 1,X,2,Evet
2021-08-28,2021,La Liga,Real Betis,Real Madrid,0 - 1,0 - 0,2,1,Yok
2021-08-29,2021,La Liga,Barcelona,Getafe,2 - 1,2 - 1,1,3,Evet
2021-08-29,2021,La Liga,Cadiz,Osasuna,2 - 3,1 - 0,2,5,Evet
2021-08-29,2021,La Liga,Rayo Vallecano,Granada CF,4 - 0,3 - 0,1,4,Yok
2021-08-29,2021,La Liga,Atletico Madrid,Villarreal,2 - 2,0 - 0,X,4,Evet
2021-09-11,2021,La Liga,Levante,Rayo Vallecano,1 - 1,1 - 0,X,2,Evet
2021-09-11,2021,La Liga,Athletic Club,Mallorca,2 - 0,0 - 0,1,2,Yok
2021-09-12,2021,La Liga,Espanyol,Atletico Madrid,1 - 2,1 - 0,2,3,Evet
2021-09-12,2021,La Liga,Osasuna,Valencia,1 - 4,1 - 1,2,5,Evet
2021-09-12,2021,La Liga,Cadiz,Real Sociedad,0 - 2,0 - 0,2,2,Yok
2021-09-12,2021,La Liga,Real Madrid,Celta Vigo,5 - 2,1 - 2,1,7,Evet
2021-09-13,2021,La Liga,Getafe,Elche,0 - 1,0 - 0,2,1,Yok
2021-09-13,2021,La Liga,Granada CF,Real Betis,1 - 2,0 - 1,2,3,Evet
2021-09-17,2021,La Liga,Celta Vigo,Cadiz,1 - 2,0 - 2,2,3,Evet
2021-09-18,2021,La Liga,Rayo Vallecano,Getafe,3 - 0,1 - 0,1,3,Yok
2021-09-18,2021,La Liga,Atletico Madrid,Athletic Club,0 - 0,0 - 0,X,0,Yok
2021-09-18,2021,La Liga,Elche,Levante,1 - 1,1 - 0,X,2,Evet
2021-09-18,2021,La Liga,Alaves,Osasuna,0 - 2,0 - 2,2,2,Yok
2021-09-19,2021,La Liga,Mallorca,Villarreal,0 - 0,0 - 0,X,0,Yok
2021-09-19,2021,La Liga,Real Sociedad,Sevilla,0 - 0,0 - 0,X,0,Yok
2021-09-19,2021,La Liga,Real Betis,Espanyol,2 - 2,2 - 1,X,4,Evet
2021-09-19,2021,La Liga,Valencia,Real Madrid,1 - 2,0 - 0,2,3,Evet
2021-09-20,2021,La Liga,Barcelona,Granada CF,1 - 1,0 - 1,X,2,Evet
2021-09-21,2021,La Liga,Getafe,Atletico Madrid,1 - 2,1 - 0,2,3,Evet
2021-09-21,2021,La Liga,Athletic Club,Rayo Vallecano,1 - 2,1 - 1,2,3,Evet
2021-09-21,2021,La Liga,Levante,Celta Vigo,0 - 2,0 - 0,2,2,Yok
2021-09-22,2021,La Liga,Sevilla,Valencia,3 - 1,3 - 1,1,4,Evet
2021-09-22,2021,La Liga,Espanyol,Alaves,1 - 0,0 - 0,1,1,Yok
2021-09-22,2021,La Liga,Villarreal,Elche,4 - 1,2 - 1,1,5,Evet
2021-09-22,2021,La Liga,Real Madrid,Mallorca,6 - 1,3 - 1,1,7,Evet
2021-09-23,2021,La Liga,Granada CF,Real Sociedad,2 - 3,1 - 0,2,5,Evet
2021-09-23,2021,La Liga,Osasuna,Real Betis,1 - 3,1 - 1,2,4,Evet
2021-09-23,2021,La Liga,Cadiz,Barcelona,0 - 0,0 - 0,X,0,Yok
2021-09-25,2021,La Liga,Alaves,Atletico Madrid,1 - 0,1 - 0,1,1,Yok
2021-09-25,2021,La Liga,Valencia,Athletic Club,1 - 1,0 - 0,X,2,Evet
2021-09-25,2021,La Liga,Sevilla,Espanyol,2 - 0,1 - 0,1,2,Yok
2021-09-25,2021,La Liga,Real Madrid,Villarreal,0 - 0,0 - 0,X,0,Yok
2021-09-26,2021,La Liga,Mallorca,Osasuna,2 - 3,2 - 1,2,5,Evet
2021-09-26,2021,La Liga,Barcelona,Levante,3 - 0,2 - 0,1,3,Yok
2021-09-26,2021,La Liga,Real Sociedad,Elche,1 - 0,0 - 0,1,1,Yok
2021-09-26,2021,La Liga,Rayo Vallecano,Cadiz,3 - 1,2 - 1,1,4,Evet
2021-09-26,2021,La Liga,Real Betis,Getafe,2 - 0,1 - 0,1,2,Yok
2021-09-27,2021,La Liga,Celta Vigo,Granada CF,1 - 0,0 - 0,1,1,Yok
2021-10-01,2021,La Liga,Athletic Club,Alaves,1 - 0,1 - 0,1,1,Yok
2021-10-02,2021,La Liga,Osasuna,Rayo Vallecano,1 - 0,0 - 0,1,1,Yok
2021-10-02,2021,La Liga,Mallorca,Levante,1 - 0,0 - 0,1,1,Yok
2021-10-02,2021,La Liga,Cadiz,Valencia,0 - 0,0 - 0,X,0,Yok
2021-10-02,2021,La Liga,Atletico Madrid,Barcelona,2 - 0,2 - 0,1,2,Yok
2021-10-03,2021,La Liga,Elche,Celta Vigo,1 - 0,0 - 0,1,1,Yok
2021-10-03,2021,La Liga,Espanyol,Real Madrid,2 - 1,1 - 0,1,3,Evet
2021-10-03,2021,La Liga,Villarreal,Real Betis,2 - 0,1 - 0,1,2,Yok
2021-10-03,2021,La Liga,Getafe,Real Sociedad,1 - 1,1 - 0,X,2,Evet
2021-10-03,2021,La Liga,Granada CF,Sevilla,1 - 0,1 - 0,1,1,Yok
2021-10-16,2021,La Liga,Levante,Getafe,0 - 0,0 - 0,X,0,Yok
2021-10-16,2021,La Liga,Real Sociedad,Mallorca,1 - 0,0 - 0,1,1,Yok
2021-10-17,2021,La Liga,Rayo Vallecano,Elche,2 - 1,1 - 1,1,3,Evet
2021-10-17,2021,La Liga,Celta Vigo,Sevilla,0 - 1,0 - 0,2,1,Yok
2021-10-17,2021,La Liga,Villarreal,Osasuna,1 - 2,0 - 1,2,3,Evet
2021-10-17,2021,La Liga,Barcelona,Valencia,3 - 1,2 - 1,1,4,Evet
2021-10-18,2021,La Liga,Alaves,Real Betis,0 - 1,0 - 0,2,1,Yok
2021-10-18,2021,La Liga,Espanyol,Cadiz,2 - 0,1 - 0,1,2,Yok
2021-10-22,2021,La Liga,Osasuna,Granada CF,1 - 1,1 - 0,X,2,Evet
2021-10-23,2021,La Liga,Valencia,Mallorca,2 - 2,0 - 2,X,4,Evet
2021-10-23,2021,La Liga,Cadiz,Alaves,0 - 2,0 - 1,2,2,Yok
2021-10-23,2021,La Liga,Elche,Espanyol,2 - 2,1 - 0,X,4,Evet
2021-10-23,2021,La Liga,Athletic Club,Villarreal,2 - 1,1 - 1,1,3,Evet
2021-10-24,2021,La Liga,Sevilla,Levante,5 - 3,3 - 1,1,8,Evet
2021-10-24,2021,La Liga,Barcelona,Real Madrid,1 - 2,0 - 1,2,3,Evet
2021-10-24,2021,La Liga,Real Betis,Rayo Vallecano,3 - 2,2 - 1,1,5,Evet
2021-10-24,2021,La Liga,Atletico Madrid,Real Sociedad,2 - 2,0 - 1,X,4,Evet
2021-10-25,2021,La Liga,Getafe,Celta Vigo,0 - 3,0 - 0,2,3,Yok
2021-10-26,2021,La Liga,Alaves,Elche,1 - 0,0 - 0,1,1,Yok
2021-10-26,2021,La Liga,Espanyol,Athletic Club,1 - 1,1 - 0,X,2,Evet
2021-10-26,2021,La Liga,Villarreal,Cadiz,3 - 3,1 - 2,X,6,Evet
2021-10-27,2021,La Liga,Rayo Vallecano,Barcelona,1 - 0,1 - 0,1,1,Yok
2021-10-27,2021,La Liga,Mallorca,Sevilla,1 - 1,1 - 0,X,2,Evet
2021-10-27,2021,La Liga,Real Betis,Valencia,4 - 1,2 - 1,1,5,Evet
2021-10-27,2021,La Liga,Real Madrid,Osasuna,0 - 0,0 - 0,X,0,Yok
2021-10-28,2021,La Liga,Celta Vigo,Real Sociedad,0 - 2,0 - 0,2,2,Yok
2021-10-28,2021,La Liga,Granada CF,Getafe,1 - 1,0 - 1,X,2,Evet
2021-10-28,2021,La Liga,Levante,Atletico Madrid,2 - 2,1 - 1,X,4,Evet
2021-10-30,2021,La Liga,Elche,Real Madrid,1 - 2,0 - 1,2,3,Evet
2021-10-30,2021,La Liga,Sevilla,Osasuna,2 - 0,1 - 0,1,2,Yok
2021-10-30,2021,La Liga,Valencia,Villarreal,2 - 0,1 - 0,1,2,Yok
2021-10-30,2021,La Liga,Barcelona,Alaves,1 - 1,0 - 0,X,2,Evet
2021-10-31,2021,La Liga,Cadiz,Mallorca,1 - 1,0 - 1,X,2,Evet
2021-10-31,2021,La Liga,Atletico Madrid,Real Betis,3 - 0,1 - 0,1,3,Yok
2021-10-31,2021,La Liga,Getafe,Espanyol,2 - 1,1 - 1,1,3,Evet
2021-10-31,2021,La Liga,Real Sociedad,Athletic Club,1 - 1,0 - 0,X,2,Evet
2021-11-01,2021,La Liga,Rayo Vallecano,Celta Vigo,0 - 0,0 - 0,X,0,Yok
2021-11-01,2021,La Liga,Levante,Granada CF,0 - 3,0 - 2,2,3,Yok
2021-11-05,2021,La Liga,Athletic Club,Cadiz,0 - 1,0 - 1,2,1,Yok
2021-11-06,2021,La Liga,Espanyol,Granada CF,2 - 0,2 - 0,1,2,Yok
2021-11-06,2021,La Liga,Celta Vigo,Barcelona,3 - 3,0 - 3,X,6,Evet
2021-11-06,2021,La Liga,Alaves,Levante,2 - 1,0 - 1,1,3,Evet
2021-11-06,2021,La Liga,Real Madrid,Rayo Vallecano,2 - 1,2 - 0,1,3,Evet
2021-11-07,2021,La Liga,Villarreal,Getafe,1 - 0,1 - 0,1,1,Yok
2021-11-07,2021,La Liga,Valencia,Atletico Madrid,3 - 3,0 - 1,X,6,Evet
2021-11-07,2021,La Liga,Osasuna,Real Sociedad,0 - 2,0 - 0,2,2,Yok
2021-11-07,2021,La Liga,Mallorca,Elche,2 - 2,0 - 0,X,4,Evet
2021-11-07,2021,La Liga,Real Betis,Sevilla,0 - 2,0 - 0,2,2,Yok
2021-11-19,2021,La Liga,Levante,Athletic Club,0 - 0,0 - 0,X,0,Yok
2021-11-20,2021,La Liga,Celta Vigo,Villarreal,1 - 1,0 - 1,X,2,Evet
2021-11-20,2021,La Liga,Sevilla,Alaves,2 - 2,1 - 2,X,4,Evet
2021-11-20,2021,La Liga,Atletico Madrid,Osasuna,1 - 0,0 - 0,1,1,Yok
2021-11-20,2021,La Liga,Barcelona,Espanyol,1 - 0,0 - 0,1,1,Yok
2021-11-21,2021,La Liga,Getafe,Cadiz,4 - 0,1 - 0,1,4,Yok
2021-11-21,2021,La Liga,Granada CF,Real Madrid,1 - 4,1 - 2,2,5,Evet
2021-11-21,2021,La Liga,Elche,Real Betis,0 - 3,0 - 3,2,3,Yok
2021-11-21,2021,La Liga,Real Sociedad,Valencia,0 - 0,0 - 0,X,0,Yok
2021-11-22,2021,La Liga,Rayo Vallecano,Mallorca,3 - 1,2 - 0,1,4,Evet
2021-11-26,2021,La Liga,Athletic Club,Granada CF,2 - 2,1 - 2,X,4,Evet
2021-11-27,2021,La Liga,Alaves,Celta Vigo,1 - 2,1 - 1,2,3,Evet
2021-11-27,2021,La Liga,Valencia,Rayo Vallecano,1 - 1,1 - 0,X,2,Evet
2021-11-27,2021,La Liga,Mallorca,Getafe,0 - 0,0 - 0,X,0,Yok
2021-11-27,2021,La Liga,Villarreal,Barcelona,1 - 3,0 - 0,2,4,Evet
2021-11-28,2021,La Liga,Real Betis,Levante,3 - 1,0 - 1,1,4,Evet
2021-11-28,2021,La Liga,Espanyol,Real Sociedad,1 - 0,0 - 0,1,1,Yok
2021-11-28,2021,La Liga,Cadiz,Atletico Madrid,1 - 4,0 - 0,2,5,Evet
2021-11-28,2021,La Liga,Real Madrid,Sevilla,2 - 1,1 - 1,1,3,Evet
2021-11-29,2021,La Liga,Osasuna,Elche,1 - 1,1 - 1,X,2,Evet
2021-12-01,2021,La Liga,Real Madrid,Athletic Club,1 - 0,1 - 0,1,1,Yok
2021-12-03,2021,La Liga,Granada CF,Alaves,2 - 1,1 - 0,1,3,Evet
2021-12-04,2021,La Liga,Sevilla,Villarreal,1 - 0,1 - 0,1,1,Yok
2021-12-04,2021,La Liga,Barcelona,Real Betis,0 - 1,0 - 0,2,1,Yok
2021-12-04,2021,La Liga,Atletico Madrid,Mallorca,1 - 2,0 - 0,2,3,Evet
2021-12-04,2021,La Liga,Real Sociedad,Real Madrid,0 - 2,0 - 0,2,2,Yok
2021-12-05,2021,La Liga,Rayo Vallecano,Espanyol,1 - 0,0 - 0,1,1,Yok
2021-12-05,2021,La Liga,Elche,Cadiz,3 - 1,1 - 0,1,4,Evet
2021-12-05,2021,La Liga,Levante,Osasuna,0 - 0,0 - 0,X,0,Yok
2021-12-05,2021,La Liga,Celta Vigo,Valencia,1 - 2,1 - 1,2,3,Evet
2021-12-06,2021,La Liga,Getafe,Athletic Club,0 - 0,0 - 0,X,0,Yok
2021-12-10,2021,La Liga,Mallorca,Celta Vigo,0 - 0,0 - 0,X,0,Yok
2021-12-11,2021,La Liga,Espanyol,Levante,4 - 3,1 - 2,1,7,Evet
2021-12-11,2021,La Liga,Alaves,Getafe,1 - 1,0 - 1,X,2,Evet
2021-12-11,2021,La Liga,Valencia,Elche,2 - 1,1 - 0,1,3,Evet
2021-12-11,2021,La Liga,Athletic Club,Sevilla,0 - 1,0 - 1,2,1,Yok
2021-12-12,2021,La Liga,Villarreal,Rayo Vallecano,2 - 0,2 - 0,1,2,Yok
2021-12-12,2021,La Liga,Osasuna,Barcelona,2 - 2,1 - 1,X,4,Evet
2021-12-12,2021,La Liga,Real Betis,Real Sociedad,4 - 0,1 - 0,1,4,Yok
2021-12-12,2021,La Liga,Real Madrid,Atletico Madrid,2 - 0,1 - 0,1,2,Yok
2021-12-13,2021,La Liga,Cadiz,Granada CF,1 - 1,1 - 0,X,2,Evet
2021-12-17,2021,La Liga,Celta Vigo,Espanyol,3 - 1,1 - 0,1,4,Evet
2021-12-18,2021,La Liga,Rayo Vallecano,Alaves,2 - 0,2 - 0,1,2,Yok
2021-12-18,2021,La Liga,Real Sociedad,Villarreal,1 - 3,1 - 1,2,4,Evet
2021-12-18,2021,La Liga,Barcelona,Elche,3 - 2,2 - 0,1,5,Evet
2021-12-18,2021,La Liga,Sevilla,Atletico Madrid,2 - 1,1 - 1,1,3,Evet
2021-12-19,2021,La Liga,Granada CF,Mallorca,4 - 1,1 - 1,1,5,Evet
2021-12-19,2021,La Liga,Athletic Club,Real Betis,3 - 2,1 - 1,1,5,Evet
2021-12-19,2021,La Liga,Getafe,Osasuna,1 - 0,0 - 0,1,1,Yok
2021-12-19,2021,La Liga,Real Madrid,Cadiz,0 - 0,0 - 0,X,0,Yok
2021-12-20,2021,La Liga,Levante,Valencia,3 - 4,2 - 1,2,7,Evet
2021-12-21,2021,La Liga,Villarreal,Alaves,5 - 2,2 - 1,1,7,Evet
2021-12-21,2021,La Liga,Sevilla,Barcelona,1 - 1,1 - 1,X,2,Evet
2021-12-22,2021,La Liga,Granada CF,Atletico Madrid,2 - 1,1 - 1,1,3,Evet
2021-12-22,2021,La Liga,Athletic Club,Real Madrid,1 - 2,1 - 2,2,3,Evet
2021-12-31,2021,La Liga,Valencia,Espanyol,1 - 2,0 - 0,2,3,Evet
2022-01-02,2021,La Liga,Getafe,Real Madrid,1 - 0,1 - 0,1,1,Yok
2022-01-02,2021,La Liga,Atletico Madrid,Rayo Vallecano,2 - 0,1 - 0,1,2,Yok
2022-01-02,2021,La Liga,Elche,Granada CF,0 - 0,0 - 0,X,0,Yok
2022-01-02,2021,La Liga,Alaves,Real Sociedad,1 - 1,0 - 1,X,2,Evet
2022-01-02,2021,La Liga,Real Betis,Celta Vigo,0 - 2,0 - 2,2,2,Yok
2022-01-02,2021,La Liga,Mallorca,Barcelona,0 - 1,0 - 1,2,1,Yok
2022-01-03,2021,La Liga,Villarreal,Levante,5 - 0,3 - 0,1,5,Yok
2022-01-03,2021,La Liga,Osasuna,Athletic Club,1 - 3,1 - 2,2,4,Evet
2022-01-03,2021,La Liga,Cadiz,Sevilla,0 - 1,0 - 0,2,1,Yok
2022-01-08,2021,La Liga,Levante,Mallorca,2 - 0,0 - 0,1,2,Yok
2022-01-08,2021,La Liga,Real Sociedad,Celta Vigo,1 - 0,1 - 0,1,1,Yok
2022-01-08,2021,La Liga,Granada CF,Barcelona,1 - 1,0 - 0,X,2,Evet
2022-01-08,2021,La Liga,Real Madrid,Valencia,4 - 1,1 - 0,1,5,Evet
2022-01-09,2021,La Liga,Rayo Vallecano,Real Betis,1 - 1,0 - 1,X,2,Evet
2022-01-09,2021,La Liga,Sevilla,Getafe,1 - 0,1 - 0,1,1,Yok
2022-01-09,2021,La Liga,Alaves,Athletic Club,0 - 0,0 - 0,X,0,Yok
2022-01-09,2021,La Liga,Osasuna,Cadiz,2 - 0,1 - 0,1,2,Yok
2022-01-09,2021,La Liga,Villarreal,Atletico Madrid,2 - 2,1 - 1,X,4,Evet
2022-01-10,2021,La Liga,Espanyol,Elche,1 - 2,1 - 2,2,3,Evet
2022-01-16,2021,La Liga,Elche,Villarreal,1 - 0,0 - 0,1,1,Yok
2022-01-18,2021,La Liga,Real Betis,Alaves,4 - 0,3 - 0,1,4,Yok
2022-01-18,2021,La Liga,Cadiz,Espanyol,2 - 2,0 - 1,X,4,Evet
2022-01-19,2021,La Liga,Celta Vigo,Osasuna,2 - 0,2 - 0,1,2,Yok
2022-01-19,2021,La Liga,Valencia,Sevilla,1 - 1,1 - 1,X,2,Evet
2022-01-20,2021,La Liga,Getafe,Granada CF,4 - 2,1 - 1,1,6,Evet
2022-01-21,2021,La Liga,Espanyol,Real Betis,1 - 4,1 - 2,2,5,Evet
2022-01-22,2021,La Liga,Levante,Cadiz,0 - 2,0 - 1,2,2,Yok
2022-01-22,2021,La Liga,Villarreal,Mallorca,3 - 0,2 - 0,1,3,Yok
2022-01-22,2021,La Liga,Sevilla,Celta Vigo,2 - 2,0 - 2,X,4,Evet
2022-01-22,2021,La Liga,Atletico Madrid,Valencia,3 - 2,0 - 2,1,5,Evet
2022-01-23,2021,La Liga,Granada CF,Osasuna,0 - 2,0 - 0,2,2,Yok
2022-01-23,2021,La Liga,Real Madrid,Elche,2 - 2,0 - 1,X,4,Evet
2022-01-23,2021,La Liga,Real Sociedad,Getafe,0 - 0,0 - 0,X,0,Yok
2022-01-23,2021,La Liga,Rayo Vallecano,Athletic Club,0 - 1,0 - 1,2,1,Yok
2022-01-23,2021,La Liga,Alaves,Barcelona,0 - 1,0 - 0,2,1,Yok
2022-02-04,2021,La Liga,Getafe,Levante,3 - 0,2 - 0,1,3,Yok
2022-02-05,2021,La Liga,Elche,Alaves,3 - 1,0 - 1,1,4,Evet
2022-02-05,2021,La Liga,Mallorca,Cadiz,2 - 1,1 - 1,1,3,Evet
2022-02-05,2021,La Liga,Celta Vigo,Rayo Vallecano,2 - 0,1 - 0,1,2,Yok
2022-02-05,2021,La Liga,Osasuna,Sevilla,0 - 0,0 - 0,X,0,Yok
2022-02-06,2021,La Liga,Valencia,Real Sociedad,0 - 0,0 - 0,X,0,Yok
2022-02-06,2021,La Liga,Barcelona,Atletico Madrid,4 - 2,3 - 1,1,6,Evet
2022-02-06,2021,La Liga,Real Betis,Villarreal,0 - 2,0 - 1,2,2,Yok
2022-02-06,2021,La Liga,Real Madrid,Granada CF,1 - 0,0 - 0,1,1,Yok
2022-02-07,2021,La Liga,Athletic Club,Espanyol,2 - 1,2 - 1,1,3,Evet
2022-02-11,2021,La Liga,Sevilla,Elche,2 - 0,0 - 0,1,2,Yok
2022-02-12,2021,La Liga,Cadiz,Celta Vigo,0 - 0,0 - 0,X,0,Yok
2022-02-12,2021,La Liga,Villarreal,Real Madrid,0 - 0,0 - 0,X,0,Yok
2022-02-12,2021,La Liga,Rayo Vallecano,Osasuna,0 - 3,0 - 2,2,3,Yok
2022-02-12,2021,La Liga,Atletico Madrid,Getafe,4 - 3,3 - 3,1,7,Evet
2022-02-13,2021,La Liga,Alaves,Valencia,2 - 1,1 - 0,1,3,Evet
2022-02-13,2021,La Liga,Levante,Real Betis,2 - 4,1 - 3,2,6,Evet
2022-02-13,2021,La Liga,Real Sociedad,Granada CF,2 - 0,1 - 0,1,2,Yok
2022-02-13,2021,La Liga,Espanyol,Barcelona,2 - 2,1 - 1,X,4,Evet
2022-02-14,2021,La Liga,Mallorca,Athletic Club,3 - 2,2 - 0,1,5,Evet
2022-02-16,2021,La Liga,Atletico Madrid,Levante,0 - 1,0 - 0,2,1,Yok
2022-02-18,2021,La Liga,Elche,Rayo Vallecano,2 - 1,0 - 0,1,3,Evet
2022-02-19,2021,La Liga,Granada CF,Villarreal,1 - 4,0 - 2,2,5,Evet
2022-02-19,2021,La Liga,Osasuna,Atletico Madrid,0 - 3,0 - 1,2,3,Yok
2022-02-19,2021,La Liga,Cadiz,Getafe,1 - 1,1 - 1,X,2,Evet
2022-02-19,2021,La Liga,Real Madrid,Alaves,3 - 0,0 - 0,1,3,Yok
2022-02-20,2021,La Liga,Espanyol,Sevilla,1 - 1,0 - 1,X,2,Evet
2022-02-20,2021,La Liga,Valencia,Barcelona,1 - 4,0 - 3,2,5,Evet
2022-02-20,2021,La Liga,Real Betis,Mallorca,2 - 1,1 - 0,1,3,Evet
2022-02-20,2021,La Liga,Athletic Club,Real Sociedad,4 - 0,0 - 0,1,4,Yok
2022-02-21,2021,La Liga,Celta Vigo,Levante,1 - 1,0 - 0,X,2,Evet
2022-02-25,2021,La Liga,Levante,Elche,3 - 0,1 - 0,1,3,Yok
2022-02-26,2021,La Liga,Mallorca,Valencia,0 - 1,0 - 1,2,1,Yok
2022-02-26,2021,La Liga,Getafe,Alaves,2 - 2,0 - 1,X,4,Evet
2022-02-26,2021,La Liga,Rayo Vallecano,Real Madrid,0 - 1,0 - 0,2,1,Yok
2022-02-26,2021,La Liga,Atletico Madrid,Celta Vigo,2 - 0,1 - 0,1,2,Yok
2022-02-27,2021,La Liga,Villarreal,Espanyol,5 - 1,3 - 0,1,6,Evet
2022-02-27,2021,La Liga,Sevilla,Real Betis,2 - 1,2 - 0,1,3,Evet
2022-02-27,2021,La Liga,Real Sociedad,Osasuna,1 - 0,0 - 0,1,1,Yok
2022-02-27,2021,La Liga,Barcelona,Athletic Club,4 - 0,1 - 0,1,4,Yok
2022-02-28,2021,La Liga,Granada CF,Cadiz,0 - 0,0 - 0,X,0,Yok
2022-03-02,2021,La Liga,Mallorca,Real Sociedad,0 - 2,0 - 1,2,2,Yok
2022-03-04,2021,La Liga,Alaves,Sevilla,0 - 0,0 - 0,X,0,Yok
2022-03-05,2021,La Liga,Osasuna,Villarreal,1 - 0,0 - 0,1,1,Yok
2022-03-05,2021,La Liga,Espanyol,Getafe,2 - 0,2 - 0,1,2,Yok
2022-03-05,2021,La Liga,Valencia,Granada CF,3 - 1,0 - 0,1,4,Evet
2022-03-05,2021,La Liga,Real Madrid,Real Sociedad,4 - 1,2 - 1,1,5,Evet
2022-03-06,2021,La Liga,Cadiz,Rayo Vallecano,2 - 0,0 - 0,1,2,Yok
2022-03-06,2021,La Liga,Elche,Barcelona,1 - 2,1 - 0,2,3,Evet
2022-03-06,2021,La Liga,Celta Vigo,Mallorca,4 - 3,2 - 1,1,7,Evet
2022-03-06,2021,La Liga,Real Betis,Atletico Madrid,1 - 3,1 - 1,2,4,Evet
2022-03-07,2021,La Liga,Athletic Club,Levante,3 - 1,0 - 0,1,4,Evet
2022-03-11,2021,La Liga,Atletico Madrid,Cadiz,2 - 1,1 - 1,1,3,Evet
2022-03-12,2021,La Liga,Levante,Espanyol,1 - 1,0 - 0,X,2,Evet
2022-03-12,2021,La Liga,Granada CF,Elche,0 - 1,0 - 1,2,1,Yok
2022-03-12,2021,La Liga,Villarreal,Celta Vigo,1 - 0,0 - 0,1,1,Yok
2022-03-12,2021,La Liga,Getafe,Valencia,0 - 0,0 - 0,X,0,Yok
2022-03-13,2021,La Liga,Rayo Vallecano,Sevilla,1 - 1,0 - 0,X,2,Evet
2022-03-13,2021,La Liga,Real Betis,Athletic Club,1 - 0,1 - 0,1,1,Yok
2022-03-13,2021,La Liga,Real Sociedad,Alaves,1 - 0,0 - 0,1,1,Yok
2022-03-13,2021,La Liga,Barcelona,Osasuna,4 - 0,3 - 0,1,4,Yok
2022-03-14,2021,La Liga,Mallorca,Real Madrid,0 - 3,0 - 0,2,3,Yok
2022-03-18,2021,La Liga,Athletic Club,Getafe,1 - 1,1 - 1,X,2,Evet
2022-03-19,2021,La Liga,Alaves,Granada CF,2 - 3,0 - 0,2,5,Evet
2022-03-19,2021,La Liga,Elche,Valencia,0 - 1,0 - 0,2,1,Yok
2022-03-19,2021,La Liga,Osasuna,Levante,3 - 1,1 - 0,1,4,Evet
2022-03-19,2021,La Liga,Rayo Vallecano,Atletico Madrid,0 - 1,0 - 0,2,1,Yok
2022-03-20,2021,La Liga,Espanyol,Mallorca,1 - 0,1 - 0,1,1,Yok
2022-03-20,2021,La Liga,Celta Vigo,Real Betis,0 - 0,0 - 0,X,0,Yok
2022-03-20,2021,La Liga,Cadiz,Villarreal,1 - 0,0 - 0,1,1,Yok
2022-03-20,2021,La Liga,Sevilla,Real Sociedad,0 - 0,0 - 0,X,0,Yok
2022-03-20,2021,La Liga,Real Madrid,Barcelona,0 - 4,0 - 2,2,4,Yok
2022-04-02,2021,La Liga,Getafe,Mallorca,1 - 0,0 - 0,1,1,Yok
2022-04-02,2021,La Liga,Levante,Villarreal,2 - 0,0 - 0,1,2,Yok
2022-04-02,2021,La Liga,Celta Vigo,Real Madrid,1 - 2,0 - 1,2,3,Evet
2022-04-02,2021,La Liga,Atletico Madrid,Alaves,4 - 1,1 - 0,1,5,Evet
2022-04-03,2021,La Liga,Athletic Club,Elche,2 - 1,1 - 0,1,3,Evet
2022-04-03,2021,La Liga,Real Betis,Osasuna,4 - 1,2 - 0,1,5,Evet
2022-04-03,2021,La Liga,Valencia,Cadiz,0 - 0,0 - 0,X,0,Yok
2022-04-03,2021,La Liga,Granada CF,Rayo Vallecano,2 - 2,0 - 2,X,4,Evet
2022-04-03,2021,La Liga,Barcelona,Sevilla,1 - 0,0 - 0,1,1,Yok
2022-04-04,2021,La Liga,Real Sociedad,Espanyol,1 - 0,0 - 0,1,1,Yok
2022-04-08,2021,La Liga,Sevilla,Granada CF,4 - 2,1 - 1,1,6,Evet
2022-04-09,2021,La Liga,Cadiz,Real Betis,1 - 2,0 - 0,2,3,Evet
2022-04-09,2021,La Liga,Mallorca,Atletico Madrid,1 - 0,0 - 0,1,1,Yok
2022-04-09,2021,La Liga,Villarreal,Athletic Club,1 - 1,0 - 1,X,2,Evet
2022-04-09,2021,La Liga,Real Madrid,Getafe,2 - 0,1 - 0,1,2,Yok
2022-04-10,2021,La Liga,Osasuna,Alaves,1 - 0,0 - 0,1,1,Yok
2022-04-10,2021,La Liga,Espanyol,Celta Vigo,1 - 0,0 - 0,1,1,Yok
2022-04-10,2021,La Liga,Elche,Real Sociedad,1 - 2,1 - 2,2,3,Evet
2022-04-10,2021,La Liga,Levante,Barcelona,2 - 3,0 - 0,2,5,Evet
2022-04-11,2021,La Liga,Rayo Vallecano,Valencia,1 - 1,0 - 0,X,2,Evet
2022-04-15,2021,La Liga,Real Sociedad,Real Betis,0 - 0,0 - 0,X,0,Yok
2022-04-16,2021,La Liga,Elche,Mallorca,3 - 0,1 - 0,1,3,Yok
2022-04-16,2021,La Liga,Alaves,Rayo Vallecano,1 - 0,0 - 0,1,1,Yok
2022-04-16,2021,La Liga,Valencia,Osasuna,1 - 2,0 - 0,2,3,Evet
2022-04-16,2021,La Liga,Getafe,Villarreal,1 - 2,0 - 2,2,3,Evet
2022-04-17,2021,La Liga,Granada CF,Levante,1 - 4,0 - 1,2,5,Evet
2022-04-17,2021,La Liga,Atletico Madrid,Espanyol,2 - 1,0 - 0,1,3,Evet
2022-04-17,2021,La Liga,Athletic Club,Celta Vigo,0 - 2,0 - 2,2,2,Yok
2022-04-17,2021,La Liga,Sevilla,Real Madrid,2 - 3,2 - 0,2,5,Evet
2022-04-18,2021,La Liga,Barcelona,Cadiz,0 - 1,0 - 0,2,1,Yok
2022-04-19,2021,La Liga,Mallorca,Alaves,2 - 1,2 - 0,1,3,Evet
2022-04-19,2021,La Liga,Real Betis,Elche,0 - 1,0 - 0,2,1,Yok
2022-04-19,2021,La Liga,Villarreal,Valencia,2 - 0,2 - 0,1,2,Yok
2022-04-20,2021,La Liga,Atletico Madrid,Granada CF,0 - 0,0 - 0,X,0,Yok
2022-04-20,2021,La Liga,Celta Vigo,Getafe,0 - 2,0 - 1,2,2,Yok
2022-04-20,2021,La Liga,Osasuna,Real Madrid,1 - 3,1 - 2,2,4,Evet
2022-04-21,2021,La Liga,Levante,Sevilla,2 - 3,1 - 2,2,5,Evet
2022-04-21,2021,La Liga,Espanyol,Rayo Vallecano,0 - 1,0 - 1,2,1,Yok
2022-04-21,2021,La Liga,Cadiz,Athletic Club,2 - 3,0 - 3,2,5,Evet
2022-04-21,2021,La Liga,Real Sociedad,Barcelona,0 - 1,0 - 1,2,1,Yok
2022-04-24,2021,La Liga,Barcelona,Rayo Vallecano,0 - 1,0 - 1,2,1,Yok
2022-04-29,2021,La Liga,Sevilla,Cadiz,1 - 1,1 - 0,X,2,Evet
2022-04-30,2021,La Liga,Alaves,Villarreal,2 - 1,2 - 0,1,3,Evet
2022-04-30,2021,La Liga,Real Madrid,Espanyol,4 - 0,2 - 0,1,4,Yok
2022-04-30,2021,La Liga,Valencia,Levante,1 - 1,1 - 0,X,2,Evet
2022-04-30,2021,La Liga,Athletic Club,Atletico Madrid,2 - 0,1 - 0,1,2,Yok
2022-05-01,2021,La Liga,Elche,Osasuna,1 - 1,0 - 0,X,2,Evet
2022-05-01,2021,La Liga,Granada CF,Celta Vigo,1 - 1,0 - 0,X,2,Evet
2022-05-01,2021,La Liga,Rayo Vallecano,Real Sociedad,1 - 1,0 - 1,X,2,Evet
2022-05-01,2021,La Liga,Barcelona,Mallorca,2 - 1,1 - 0,1,3,Evet
2022-05-02,2021,La Liga,Getafe,Real Betis,0 - 0,0 - 0,X,0,Yok
2022-05-06,2021,La Liga,Levante,Real Sociedad,2 - 1,0 - 0,1,3,Evet
2022-05-07,2021,La Liga,Mallorca,Granada CF,2 - 6,1 - 1,2,8,Evet
2022-05-07,2021,La Liga,Athletic Club,Valencia,0 - 0,0 - 0,X,0,Yok
2022-05-07,2021,La Liga,Celta Vigo,Alaves,4 - 0,2 - 0,1,4,Yok
2022-05-07,2021,La Liga,Cadiz,Elche,3 - 0,0 - 0,1,3,Yok
2022-05-07,2021,La Liga,Real Betis,Barcelona,1 - 2,0 - 0,2,3,Evet
2022-05-08,2021,La Liga,Getafe,Rayo Vallecano,0 - 0,0 - 0,X,0,Yok
2022-05-08,2021,La Liga,Villarreal,Sevilla,1 - 1,0 - 0,X,2,Evet
2022-05-08,2021,La Liga,Espanyol,Osasuna,1 - 1,0 - 1,X,2,Evet
2022-05-08,2021,La Liga,Atletico Madrid,Real Madrid,1 - 0,1 - 0,1,1,Yok
2022-05-10,2021,La Liga,Valencia,Real Betis,0 - 3,0 - 0,2,3,Yok
2022-05-10,2021,La Liga,Granada CF,Athletic Club,1 - 0,1 - 0,1,1,Yok
2022-05-10,2021,La Liga,Barcelona,Celta Vigo,3 - 1,2 - 0,1,4,Evet
2022-05-11,2021,La Liga,Alaves,Espanyol,2 - 1,1 - 1,1,3,Evet
2022-05-11,2021,La Liga,Osasuna,Getafe,1 - 1,1 - 1,X,2,Evet
2022-05-11,2021,La Liga,Sevilla,Mallorca,0 - 0,0 - 0,X,0,Yok
2022-05-11,2021,La Liga,Elche,Atletico Madrid,0 - 2,0 - 1,2,2,Yok
2022-05-12,2021,La Liga,Real Sociedad,Cadiz,3 - 0,1 - 0,1,3,Yok
2022-05-12,2021,La Liga,Rayo Vallecano,Villarreal,1 - 5,1 - 4,2,6,Evet
2022-05-12,2021,La Liga,Real Madrid,Levante,6 - 0,4 - 0,1,6,Yok
2022-05-14,2021,La Liga,Espanyol,Valencia,1 - 1,1 - 1,X,2,Evet
2022-05-15,2021,La Liga,Atletico Madrid,Sevilla,1 - 1,1 - 0,X,2,Evet
2022-05-15,2021,La Liga,Athletic Club,Osasuna,2 - 0,1 - 0,1,2,Yok
2022-05-15,2021,La Liga,Villarreal,Real Sociedad,1 - 2,1 - 0,2,3,Evet
2022-05-15,2021,La Liga,Celta Vigo,Elche,1 - 0,1 - 0,1,1,Yok
2022-05-15,2021,La Liga,Levante,Alaves,3 - 1,0 - 1,1,4,Evet
2022-05-15,2021,La Liga,Real Betis,Granada CF,2 - 0,1 - 0,1,2,Yok
2022-05-15,2021,La Liga,Getafe,Barcelona,0 - 0,0 - 0,X,0,Yok
2022-05-15,2021,La Liga,Cadiz,Real Madrid,1 - 1,1 - 1,X,2,Evet
2022-05-15,2021,La Liga,Mallorca,Rayo Vallecano,2 - 1,1 - 0,1,3,Evet
2022-05-20,2021,La Liga,Real Madrid,Real Betis,0 - 0,0 - 0,X,0,Yok
2022-05-20,2021,La Liga,Rayo Vallecano,Levante,2 - 4,1 - 3,2,6,Evet
2022-05-21,2021,La Liga,Valencia,Celta Vigo,2 - 0,1 - 0,1,2,Yok
2022-05-22,2021,La Liga,Elche,Getafe,3 - 1,1 - 1,1,4,Evet
2022-05-22,2021,La Liga,Alaves,Cadiz,0 - 1,0 - 0,2,1,Yok
2022-05-22,2021,La Liga,Granada CF,Espanyol,0 - 0,0 - 0,X,0,Yok
2022-05-22,2021,La Liga,Osasuna,Mallorca,0 - 2,0 - 0,2,2,Yok
2022-05-22,2021,La Liga,Barcelona,Villarreal,0 - 2,0 - 1,2,2,Yok
2022-05-22,2021,La Liga,Sevilla,Athletic Club,1 - 0,0 - 0,1,1,Yok
2022-05-22,2021,La Liga,Real Sociedad,Atletico Madrid,1 - 2,0 - 0,2,3,Evet
