Tarih,Sezon,Lig,Ev Sahibi,Deplasman,MS Skor,IY Skor,MS Sonucu,Toplam Gol,KG Var
2026-08-07,2026,Primeira Liga,Estoril,Famalicao,1 - 1,0 - 1,X,2,Evet
2026-08-08,2026,Primeira Liga,Maritimo,Casa Pia,1 - 0,0 - 0,1,1,Yok
2026-08-08,2026,Primeira Liga,Vitória SC,Arouca,0 - 1,0 - 0,2,1,Yok
2026-08-08,2026,Primeira Liga,Estrela,Sporting CP,2 - 2,0 - 0,X,4,Evet
2026-08-09,2026,Primeira Liga,FC Porto,Alverca,2 - 0,2 - 0,1,2,Yok
2026-08-09,2026,Primeira Liga,Benfica,Academico Viseu,2 - 2,1 - 0,X,4,Evet
2026-08-09,2026,Primeira Liga,Moreirense,SC Braga,2 - 2,1 - 1,X,4,Evet
2026-08-09,2026,Primeira Liga,GIL Vicente,Rio Ave,1 - 0,0 - 0,1,1,Yok
2026-08-10,2026,Primeira Liga,Santa Clara,Nacional,2 - 2,2 - 2,X,4,Evet
2026-08-14,2026,Primeira Liga,Sporting CP,Vitória SC,3 - 2,3 - 0,1,5,Evet
2026-08-15,2026,Primeira Liga,Alverca,Estrela,2 - 2,0 - 0,X,4,Evet
2026-08-15,2026,Primeira Liga,Academico Viseu,Santa Clara,0 - 1,0 - 1,2,1,Yok
2026-08-15,2026,Primeira Liga,Rio Ave,FC Porto,0 - 2,0 - 1,2,2,Yok
2026-08-16,2026,Primeira Liga,Nacional,Estoril,2 - 0,0 - 0,1,2,Yok
2026-08-16,2026,Primeira Liga,Arouca,Moreirense,4 - 0,3 - 0,1,4,Yok
2026-08-16,2026,Primeira Liga,Famalicao,Maritimo,1 - 2,1 - 1,2,3,Evet
2026-08-17,2026,Primeira Liga,Casa Pia,Benfica,0 - 7,0 - 2,2,7,Yok
2026-08-22,2026,Primeira Liga,Maritimo,Academico Viseu,2 - 2,0 - 2,X,4,Evet
2026-08-22,2026,Primeira Liga,Estoril,Rio Ave,0 - 2,0 - 1,2,2,Yok
2026-08-22,2026,Primeira Liga,Sporting CP,Alverca,3 - 1,1 - 0,1,4,Evet
2026-08-23,2026,Primeira Liga,Vitória SC,Nacional,1 - 0,1 - 0,1,1,Yok
2026-08-23,2026,Primeira Liga,Santa Clara,Famalicao,1 - 0,1 - 0,1,1,Yok
2026-08-23,2026,Primeira Liga,FC Porto,Arouca,2 - 0,0 - 0,1,2,Yok
2026-08-24,2026,Primeira Liga,GIL Vicente,Casa Pia,2 - 0,2 - 0,1,2,Yok
2026-08-28,2026,Primeira Liga,Rio Ave,Sporting CP,0 - 4,0 - 4,2,4,Yok
2026-08-29,2026,Primeira Liga,Arouca,Maritimo,2 - 1,1 - 1,1,3,Evet
2026-08-29,2026,Primeira Liga,Alverca,Santa Clara,1 - 1,0 - 0,X,2,Evet
2026-08-29,2026,Primeira Liga,Academico Viseu,FC Porto,0 - 3,0 - 3,2,3,Yok
2026-08-30,2026,Primeira Liga,Nacional,Estrela,2 - 3,1 - 1,2,5,Evet
2026-08-30,2026,Primeira Liga,Casa Pia,Moreirense,0 - 1,0 - 1,2,1,Yok
2026-08-30,2026,Primeira Liga,Famalicao,GIL Vicente,0 - 0,0 - 0,X,0,Yok
2026-08-31,2026,Primeira Liga,Benfica,Estoril,2 - 1,1 - 0,1,3,Evet
2026-08-31,2026,Primeira Liga,SC Braga,Vitória SC,1 - 0,0 - 0,1,1,Yok
2026-09-04,2026,Primeira Liga,FC Porto,Moreirense,2 - 1,1 - 1,1,3,Evet
2026-09-05,2026,Primeira Liga,Estrela,Famalicao,2 - 2,0 - 1,X,4,Evet
2026-09-05,2026,Primeira Liga,Maritimo,Benfica,0 - 3,0 - 1,2,3,Yok
2026-09-05,2026,Primeira Liga,Alverca,SC Braga,1 - 2,1 - 0,2,3,Evet
2026-09-05,2026,Primeira Liga,Sporting CP,Nacional,2 - 0,1 - 0,1,2,Yok
2026-09-06,2026,Primeira Liga,Santa Clara,Rio Ave,4 - 0,1 - 0,1,4,Yok
2026-09-06,2026,Primeira Liga,Vitória SC,Casa Pia,0 - 0,0 - 0,X,0,Yok
2026-09-06,2026,Primeira Liga,GIL Vicente,Academico Viseu,0 - 1,0 - 1,2,1,Yok
2026-09-07,2026,Primeira Liga,Estoril,Arouca,0 - 0,0 - 0,X,0,Yok
2026-09-09,2026,Primeira Liga,Moreirense,Benfica,0 - 4,0 - 1,2,4,Yok
2026-09-10,2026,Primeira Liga,Estrela,SC Braga,2 - 1,1 - 1,1,3,Evet
2026-09-12,2026,Primeira Liga,Nacional,Alverca,1 - 3,0 - 3,2,4,Evet
2026-09-12,2026,Primeira Liga,Casa Pia,FC Porto,1 - 4,1 - 1,2,5,Evet
2026-09-12,2026,Primeira Liga,Academico Viseu,Vitória SC,2 - 1,0 - 0,1,3,Evet
2026-09-13,2026,Primeira Liga,Benfica,GIL Vicente,3 - 1,1 - 1,1,4,Evet
2026-09-13,2026,Primeira Liga,Arouca,Santa Clara,1 - 2,0 - 2,2,3,Evet
2026-09-13,2026,Primeira Liga,Famalicao,Sporting CP,1 - 1,0 - 0,X,2,Evet
2026-09-14,2026,Primeira Liga,Rio Ave,Estrela,3 - 3,1 - 1,X,6,Evet
2026-09-14,2026,Primeira Liga,Moreirense,Maritimo,3 - 1,2 - 0,1,4,Evet
2026-09-14,2026,Primeira Liga,SC Braga,Estoril,1 - 0,0 - 0,1,1,Yok
2026-09-19,2026,Primeira Liga,Nacional,Famalicao,0 - 4,0 - 3,2,4,Yok
2026-09-19,2026,Primeira Liga,GIL Vicente,Maritimo,1 - 1,1 - 0,X,2,Evet
2026-09-19,2026,Primeira Liga,Alverca,Rio Ave,1 - 0,1 - 0,1,1,Yok
2026-09-19,2026,Primeira Liga,Sporting CP,Arouca,2 - 2,2 - 0,X,4,Evet
2026-09-20,2026,Primeira Liga,Vitória SC,Moreirense,1 - 1,0 - 0,X,2,Evet
2026-09-20,2026,Primeira Liga,Estrela,Academico Viseu,0 - 2,0 - 2,2,2,Yok
2026-09-20,2026,Primeira Liga,Santa Clara,SC Braga,0 - 0,0 - 0,X,0,Yok
2026-09-20,2026,Primeira Liga,Estoril,Casa Pia,1 - 2,0 - 0,2,3,Evet
2026-09-20,2026,Primeira Liga,FC Porto,Benfica,3 - 1,1 - 0,1,4,Evet
2025-08-08,2025,Primeira Liga,Casa Pia,Sporting CP,0 - 2,0 - 1,2,2,Yok
2025-08-09,2025,Primeira Liga,Nacional,GIL Vicente,0 - 2,0 - 2,2,2,Yok
2025-08-09,2025,Primeira Liga,Arouca,AVS,3 - 1,1 - 0,1,4,Evet
2025-08-10,2025,Primeira Liga,Famalicao,Santa Clara,3 - 0,2 - 0,1,3,Yok
2025-08-10,2025,Primeira Liga,Moreirense,Alverca,2 - 1,1 - 1,1,3,Evet
2025-08-10,2025,Primeira Liga,SC Braga,Tondela,3 - 0,2 - 0,1,3,Yok
2025-08-11,2025,Primeira Liga,Estoril,Estrela,1 - 1,1 - 0,X,2,Evet
2025-08-11,2025,Primeira Liga,FC Porto,Vitória SC,3 - 0,2 - 0,1,3,Yok
2025-08-15,2025,Primeira Liga,AVS,Casa Pia,0 - 2,0 - 1,2,2,Yok
2025-08-16,2025,Primeira Liga,Tondela,Famalicao,0 - 1,0 - 0,2,1,Yok
2025-08-16,2025,Primeira Liga,Vitória SC,Estoril,3 - 2,1 - 1,1,5,Evet
2025-08-16,2025,Primeira Liga,Estrela,Benfica,0 - 1,0 - 0,2,1,Yok
2025-08-17,2025,Primeira Liga,Rio Ave,Nacional,1 - 1,1 - 0,X,2,Evet
2025-08-17,2025,Primeira Liga,Santa Clara,Moreirense,0 - 1,0 - 1,2,1,Yok
2025-08-17,2025,Primeira Liga,Alverca,SC Braga,0 - 3,0 - 3,2,3,Yok
2025-08-17,2025,Primeira Liga,Sporting CP,Arouca,6 - 0,3 - 0,1,6,Yok
2025-08-18,2025,Primeira Liga,GIL Vicente,FC Porto,0 - 2,0 - 1,2,2,Yok
2025-08-23,2025,Primeira Liga,Moreirense,Vitória SC,2 - 0,0 - 0,1,2,Yok
2025-08-23,2025,Primeira Liga,Nacional,Sporting CP,1 - 4,1 - 0,2,5,Evet
2025-08-23,2025,Primeira Liga,Benfica,Tondela,3 - 0,2 - 0,1,3,Yok
2025-08-23,2025,Primeira Liga,Arouca,Rio Ave,3 - 3,1 - 0,X,6,Evet
2025-08-24,2025,Primeira Liga,Famalicao,GIL Vicente,0 - 0,0 - 0,X,0,Yok
2025-08-24,2025,Primeira Liga,FC Porto,Casa Pia,4 - 0,3 - 0,1,4,Yok
2025-08-24,2025,Primeira Liga,SC Braga,AVS,2 - 2,1 - 2,X,4,Evet
2025-08-25,2025,Primeira Liga,Estrela,Alverca,2 - 2,1 - 2,X,4,Evet
2025-08-29,2025,Primeira Liga,GIL Vicente,Moreirense,2 - 0,0 - 0,1,2,Yok
2025-08-30,2025,Primeira Liga,Casa Pia,Nacional,0 - 2,0 - 2,2,2,Yok
2025-08-30,2025,Primeira Liga,Vitória SC,Arouca,1 - 1,1 - 1,X,2,Evet
2025-08-30,2025,Primeira Liga,AVS,Famalicao,0 - 1,0 - 0,2,1,Yok
2025-08-30,2025,Primeira Liga,Sporting CP,FC Porto,1 - 2,0 - 0,2,3,Evet
2025-08-31,2025,Primeira Liga,Tondela,Estoril,2 - 2,0 - 1,X,4,Evet
2025-08-31,2025,Primeira Liga,Alverca,Benfica,1 - 2,0 - 2,2,3,Evet
2025-08-31,2025,Primeira Liga,Rio Ave,SC Braga,2 - 2,2 - 1,X,4,Evet
2025-08-31,2025,Primeira Liga,Santa Clara,Estrela,0 - 0,0 - 0,X,0,Yok
2025-09-06,2025,Primeira Liga,Estoril,Santa Clara,0 - 1,0 - 0,2,1,Yok
2025-09-12,2025,Primeira Liga,Benfica,Santa Clara,1 - 1,0 - 0,X,2,Evet
2025-09-12,2025,Primeira Liga,Alverca,Tondela,1 - 0,1 - 0,1,1,Yok
2025-09-13,2025,Primeira Liga,Moreirense,Rio Ave,3 - 1,0 - 0,1,4,Evet
2025-09-13,2025,Primeira Liga,Estoril,AVS,3 - 1,2 - 0,1,4,Evet
2025-09-13,2025,Primeira Liga,FC Porto,Nacional,1 - 0,1 - 0,1,1,Yok
2025-09-13,2025,Primeira Liga,Famalicao,Sporting CP,1 - 2,1 - 1,2,3,Evet
2025-09-14,2025,Primeira Liga,Estrela,Vitória SC,0 - 2,0 - 1,2,2,Yok
2025-09-14,2025,Primeira Liga,Arouca,Casa Pia,0 - 2,0 - 1,2,2,Yok
2025-09-14,2025,Primeira Liga,SC Braga,GIL Vicente,0 - 1,0 - 1,2,1,Yok
2025-09-19,2025,Primeira Liga,Rio Ave,FC Porto,0 - 3,0 - 2,2,3,Yok
2025-09-20,2025,Primeira Liga,Nacional,Arouca,1 - 2,0 - 0,2,3,Evet
2025-09-20,2025,Primeira Liga,Santa Clara,Alverca,2 - 1,1 - 1,1,3,Evet
2025-09-20,2025,Primeira Liga,AVS,Benfica,0 - 3,0 - 1,2,3,Yok
2025-09-20,2025,Primeira Liga,Vitória SC,SC Braga,1 - 1,1 - 1,X,2,Evet
2025-09-21,2025,Primeira Liga,Tondela,Estrela,0 - 0,0 - 0,X,0,Yok
2025-09-21,2025,Primeira Liga,GIL Vicente,Estoril,2 - 0,1 - 0,1,2,Yok
2025-09-21,2025,Primeira Liga,Casa Pia,Famalicao,1 - 1,0 - 0,X,2,Evet
2025-09-22,2025,Primeira Liga,Sporting CP,Moreirense,3 - 0,0 - 0,1,3,Yok
2025-09-23,2025,Primeira Liga,Benfica,Rio Ave,1 - 1,0 - 0,X,2,Evet
2025-09-26,2025,Primeira Liga,Benfica,GIL Vicente,2 - 1,2 - 1,1,3,Evet
2025-09-27,2025,Primeira Liga,Moreirense,Casa Pia,2 - 1,1 - 1,1,3,Evet
2025-09-27,2025,Primeira Liga,Santa Clara,Tondela,1 - 2,0 - 0,2,3,Evet
2025-09-27,2025,Primeira Liga,Estrela,AVS,3 - 0,3 - 0,1,3,Yok
2025-09-27,2025,Primeira Liga,Estoril,Sporting CP,0 - 1,0 - 1,2,1,Yok
2025-09-28,2025,Primeira Liga,Alverca,Vitória SC,2 - 0,1 - 0,1,2,Yok
2025-09-28,2025,Primeira Liga,SC Braga,Nacional,0 - 1,0 - 1,2,1,Yok
2025-09-28,2025,Primeira Liga,Famalicao,Rio Ave,0 - 0,0 - 0,X,0,Yok
2025-09-29,2025,Primeira Liga,Arouca,FC Porto,0 - 4,0 - 1,2,4,Yok
2025-10-03,2025,Primeira Liga,Casa Pia,Estoril,2 - 2,2 - 1,X,4,Evet
2025-10-04,2025,Primeira Liga,Nacional,Moreirense,3 - 2,1 - 1,1,5,Evet
2025-10-04,2025,Primeira Liga,GIL Vicente,Estrela,2 - 0,2 - 0,1,2,Yok
2025-10-04,2025,Primeira Liga,AVS,Alverca,1 - 3,1 - 1,2,4,Evet
2025-10-04,2025,Primeira Liga,Vitória SC,Santa Clara,2 - 1,0 - 1,1,3,Evet
2025-10-05,2025,Primeira Liga,Arouca,Famalicao,1 - 1,0 - 0,X,2,Evet
2025-10-05,2025,Primeira Liga,Rio Ave,Tondela,3 - 0,2 - 0,1,3,Yok
2025-10-05,2025,Primeira Liga,Sporting CP,SC Braga,1 - 1,1 - 0,X,2,Evet
2025-10-05,2025,Primeira Liga,FC Porto,Benfica,0 - 0,0 - 0,X,0,Yok
2025-10-24,2025,Primeira Liga,Alverca,GIL Vicente,0 - 4,0 - 2,2,4,Yok
2025-10-25,2025,Primeira Liga,Santa Clara,AVS,2 - 0,0 - 0,1,2,Yok
2025-10-25,2025,Primeira Liga,Benfica,Arouca,5 - 0,3 - 0,1,5,Yok
2025-10-25,2025,Primeira Liga,Estrela,Rio Ave,1 - 2,1 - 0,2,3,Evet
2025-10-26,2025,Primeira Liga,Estoril,Nacional,1 - 1,0 - 1,X,2,Evet
2025-10-26,2025,Primeira Liga,Famalicao,Vitória SC,2 - 0,1 - 0,1,2,Yok
2025-10-26,2025,Primeira Liga,Tondela,Sporting CP,0 - 3,0 - 1,2,3,Yok
2025-10-26,2025,Primeira Liga,SC Braga,Casa Pia,4 - 0,2 - 0,1,4,Yok
2025-10-27,2025,Primeira Liga,Moreirense,FC Porto,1 - 2,1 - 1,2,3,Evet
2025-10-31,2025,Primeira Liga,Sporting CP,Alverca,2 - 0,0 - 0,1,2,Yok
2025-11-01,2025,Primeira Liga,Nacional,Famalicao,0 - 1,0 - 1,2,1,Yok
2025-11-01,2025,Primeira Liga,Rio Ave,Estoril,0 - 4,0 - 2,2,4,Yok
2025-11-01,2025,Primeira Liga,Casa Pia,Estrela,3 - 5,1 - 2,2,8,Evet
2025-11-01,2025,Primeira Liga,Vitória SC,Benfica,0 - 3,0 - 0,2,3,Yok
2025-11-02,2025,Primeira Liga,AVS,Tondela,2 - 2,1 - 1,X,4,Evet
2025-11-02,2025,Primeira Liga,Arouca,Moreirense,0 - 2,0 - 2,2,2,Yok
2025-11-02,2025,Primeira Liga,FC Porto,SC Braga,2 - 1,1 - 0,1,3,Evet
2025-11-03,2025,Primeira Liga,GIL Vicente,Santa Clara,1 - 0,1 - 0,1,1,Yok
2025-11-07,2025,Primeira Liga,Estoril,Arouca,4 - 3,2 - 2,1,7,Evet
2025-11-08,2025,Primeira Liga,Alverca,Rio Ave,1 - 1,0 - 1,X,2,Evet
2025-11-08,2025,Primeira Liga,Tondela,Vitória SC,0 - 1,0 - 0,2,1,Yok
2025-11-08,2025,Primeira Liga,Santa Clara,Sporting CP,1 - 2,1 - 1,2,3,Evet
2025-11-09,2025,Primeira Liga,Estrela,Nacional,1 - 1,0 - 1,X,2,Evet
2025-11-09,2025,Primeira Liga,AVS,GIL Vicente,1 - 1,0 - 1,X,2,Evet
2025-11-09,2025,Primeira Liga,Famalicao,FC Porto,0 - 1,0 - 1,2,1,Yok
2025-11-09,2025,Primeira Liga,Benfica,Casa Pia,2 - 2,1 - 0,X,4,Evet
2025-11-09,2025,Primeira Liga,SC Braga,Moreirense,2 - 1,1 - 0,1,3,Evet
2025-11-28,2025,Primeira Liga,Vitória SC,AVS,4 - 0,3 - 0,1,4,Yok
2025-11-29,2025,Primeira Liga,Moreirense,Famalicao,2 - 2,0 - 1,X,4,Evet
2025-11-29,2025,Primeira Liga,Casa Pia,Alverca,0 - 2,0 - 0,2,2,Yok
2025-11-29,2025,Primeira Liga,Nacional,Benfica,1 - 2,0 - 0,2,3,Evet
2025-11-29,2025,Primeira Liga,GIL Vicente,Tondela,0 - 1,0 - 1,2,1,Yok
2025-11-30,2025,Primeira Liga,Rio Ave,Santa Clara,1 - 1,1 - 1,X,2,Evet
2025-11-30,2025,Primeira Liga,Sporting CP,Estrela,4 - 0,3 - 0,1,4,Yok
2025-11-30,2025,Primeira Liga,FC Porto,Estoril,1 - 0,1 - 0,1,1,Yok
2025-12-01,2025,Primeira Liga,Arouca,SC Braga,0 - 4,0 - 3,2,4,Yok
2025-12-05,2025,Primeira Liga,Benfica,Sporting CP,1 - 1,1 - 1,X,2,Evet
2025-12-06,2025,Primeira Liga,Santa Clara,Casa Pia,1 - 0,1 - 0,1,1,Yok
2025-12-06,2025,Primeira Liga,AVS,Rio Ave,1 - 2,0 - 1,2,3,Evet
2025-12-06,2025,Primeira Liga,Famalicao,SC Braga,1 - 2,1 - 1,2,3,Evet
2025-12-07,2025,Primeira Liga,Estoril,Moreirense,3 - 3,1 - 1,X,6,Evet
2025-12-07,2025,Primeira Liga,Alverca,Nacional,1 - 0,0 - 0,1,1,Yok
2025-12-07,2025,Primeira Liga,Estrela,Arouca,3 - 1,2 - 0,1,4,Evet
2025-12-07,2025,Primeira Liga,Tondela,FC Porto,0 - 2,0 - 0,2,2,Yok
2025-12-08,2025,Primeira Liga,Vitória SC,GIL Vicente,0 - 0,0 - 0,X,0,Yok
2025-12-13,2025,Primeira Liga,Casa Pia,GIL Vicente,1 - 1,0 - 1,X,2,Evet
2025-12-13,2025,Primeira Liga,Rio Ave,Vitória SC,0 - 1,0 - 1,2,1,Yok
2025-12-13,2025,Primeira Liga,Sporting CP,AVS,6 - 0,3 - 0,1,6,Yok
2025-12-14,2025,Primeira Liga,Famalicao,Estoril,4 - 0,2 - 0,1,4,Yok
2025-12-14,2025,Primeira Liga,Moreirense,Benfica,0 - 4,0 - 1,2,4,Yok
2025-12-14,2025,Primeira Liga,Arouca,Alverca,1 - 0,0 - 0,1,1,Yok
2025-12-15,2025,Primeira Liga,Nacional,Tondela,3 - 1,0 - 0,1,4,Evet
2025-12-15,2025,Primeira Liga,SC Braga,Santa Clara,1 - 0,1 - 0,1,1,Yok
2025-12-15,2025,Primeira Liga,FC Porto,Estrela,3 - 1,1 - 0,1,4,Evet
2025-12-19,2025,Primeira Liga,Estoril,SC Braga,1 - 0,1 - 0,1,1,Yok
2025-12-20,2025,Primeira Liga,GIL Vicente,Rio Ave,2 - 2,1 - 1,X,4,Evet
2025-12-20,2025,Primeira Liga,Estrela,Moreirense,0 - 0,0 - 0,X,0,Yok
2025-12-21,2025,Primeira Liga,AVS,Nacional,2 - 2,2 - 0,X,4,Evet
2025-12-21,2025,Primeira Liga,Tondela,Casa Pia,1 - 2,0 - 0,2,3,Evet
2025-12-21,2025,Primeira Liga,Santa Clara,Arouca,0 - 0,0 - 0,X,0,Yok
2025-12-22,2025,Primeira Liga,Alverca,FC Porto,0 - 3,0 - 1,2,3,Yok
2025-12-22,2025,Primeira Liga,Benfica,Famalicao,1 - 0,1 - 0,1,1,Yok
2025-12-23,2025,Primeira Liga,Vitória SC,Sporting CP,1 - 4,0 - 2,2,5,Evet
2025-12-27,2025,Primeira Liga,Famalicao,Estrela,2 - 3,2 - 2,2,5,Evet
2025-12-27,2025,Primeira Liga,Estoril,Alverca,4 - 1,2 - 0,1,5,Evet
2025-12-28,2025,Primeira Liga,Arouca,GIL Vicente,2 - 2,2 - 1,X,4,Evet
2025-12-28,2025,Primeira Liga,Casa Pia,Vitória SC,0 - 0,0 - 0,X,0,Yok
2025-12-28,2025,Primeira Liga,SC Braga,Benfica,2 - 2,2 - 1,X,4,Evet
2025-12-28,2025,Primeira Liga,Sporting CP,Rio Ave,4 - 0,1 - 0,1,4,Yok
2025-12-29,2025,Primeira Liga,FC Porto,AVS,2 - 0,0 - 0,1,2,Yok
2026-01-02,2025,Primeira Liga,GIL Vicente,Sporting CP,1 - 1,0 - 1,X,2,Evet
2026-01-02,2025,Primeira Liga,Vitória SC,Nacional,2 - 1,0 - 0,1,3,Evet
2026-01-03,2025,Primeira Liga,Tondela,Arouca,3 - 1,2 - 1,1,4,Evet
2026-01-03,2025,Primeira Liga,Benfica,Estoril,3 - 1,2 - 1,1,4,Evet
2026-01-03,2025,Primeira Liga,Estrela,SC Braga,3 - 3,1 - 1,X,6,Evet
2026-01-03,2025,Primeira Liga,AVS,Moreirense,0 - 2,0 - 1,2,2,Yok
2026-01-04,2025,Primeira Liga,Rio Ave,Casa Pia,3 - 1,0 - 0,1,4,Evet
2026-01-04,2025,Primeira Liga,Santa Clara,FC Porto,0 - 1,0 - 0,2,1,Yok
2026-01-04,2025,Primeira Liga,Alverca,Famalicao,1 - 0,0 - 0,1,1,Yok
2026-01-11,2025,Primeira Liga,Nacional,Santa Clara,3 - 3,2 - 2,X,6,Evet
2026-01-11,2025,Primeira Liga,Moreirense,Tondela,1 - 0,0 - 0,1,1,Yok
2026-01-16,2025,Primeira Liga,Sporting CP,Casa Pia,3 - 0,2 - 0,1,3,Yok
2026-01-17,2025,Primeira Liga,GIL Vicente,Nacional,2 - 1,1 - 1,1,3,Evet
2026-01-17,2025,Primeira Liga,Alverca,Moreirense,2 - 1,0 - 0,1,3,Evet
2026-01-17,2025,Primeira Liga,AVS,Arouca,0 - 1,0 - 1,2,1,Yok
2026-01-17,2025,Primeira Liga,Rio Ave,Benfica,0 - 2,0 - 2,2,2,Yok
2026-01-18,2025,Primeira Liga,Santa Clara,Famalicao,0 - 1,0 - 0,2,1,Yok
2026-01-18,2025,Primeira Liga,Tondela,SC Braga,0 - 1,0 - 0,2,1,Yok
2026-01-18,2025,Primeira Liga,Vitória SC,FC Porto,0 - 1,0 - 0,2,1,Yok
2026-01-19,2025,Primeira Liga,Estrela,Estoril,0 - 5,0 - 1,2,5,Yok
2026-01-23,2025,Primeira Liga,Casa Pia,AVS,3 - 3,1 - 0,X,6,Evet
2026-01-24,2025,Primeira Liga,Moreirense,Santa Clara,1 - 0,0 - 0,1,1,Yok
2026-01-24,2025,Primeira Liga,Arouca,Sporting CP,1 - 2,0 - 1,2,3,Evet
2026-01-24,2025,Primeira Liga,Estoril,Vitória SC,4 - 2,1 - 2,1,6,Evet
2026-01-25,2025,Primeira Liga,Nacional,Rio Ave,4 - 0,1 - 0,1,4,Yok
2026-01-25,2025,Primeira Liga,Benfica,Estrela,4 - 0,1 - 0,1,4,Yok
2026-01-25,2025,Primeira Liga,Famalicao,Tondela,3 - 0,1 - 0,1,3,Yok
2026-01-25,2025,Primeira Liga,SC Braga,Alverca,5 - 0,4 - 0,1,5,Yok
2026-01-26,2025,Primeira Liga,FC Porto,GIL Vicente,3 - 0,1 - 0,1,3,Yok
2026-01-30,2025,Primeira Liga,Vitória SC,Moreirense,1 - 0,0 - 0,1,1,Yok
2026-01-31,2025,Primeira Liga,Santa Clara,Estoril,2 - 4,0 - 2,2,6,Evet
2026-01-31,2025,Primeira Liga,Rio Ave,Arouca,0 - 3,0 - 1,2,3,Yok
2026-01-31,2025,Primeira Liga,Alverca,Estrela,1 - 1,0 - 0,X,2,Evet
2026-02-01,2025,Primeira Liga,GIL Vicente,Famalicao,5 - 0,1 - 0,1,5,Yok
2026-02-01,2025,Primeira Liga,Sporting CP,Nacional,2 - 1,0 - 0,1,3,Evet
2026-02-01,2025,Primeira Liga,Tondela,Benfica,0 - 0,0 - 0,X,0,Yok
2026-02-02,2025,Primeira Liga,AVS,SC Braga,0 - 4,0 - 2,2,4,Yok
2026-02-02,2025,Primeira Liga,Casa Pia,FC Porto,2 - 1,2 - 0,1,3,Evet
2026-02-07,2025,Primeira Liga,Moreirense,GIL Vicente,1 - 2,0 - 1,2,3,Evet
2026-02-07,2025,Primeira Liga,Estrela,Santa Clara,1 - 0,0 - 0,1,1,Yok
2026-02-07,2025,Primeira Liga,Estoril,Tondela,2 - 2,2 - 2,X,4,Evet
2026-02-07,2025,Primeira Liga,Arouca,Vitória SC,3 - 2,1 - 2,1,5,Evet
2026-02-08,2025,Primeira Liga,Nacional,Casa Pia,0 - 0,0 - 0,X,0,Yok
2026-02-08,2025,Primeira Liga,SC Braga,Rio Ave,3 - 0,1 - 0,1,3,Yok
2026-02-08,2025,Primeira Liga,Benfica,Alverca,2 - 1,1 - 1,1,3,Evet
2026-02-09,2025,Primeira Liga,Famalicao,AVS,3 - 1,0 - 0,1,4,Evet
2026-02-09,2025,Primeira Liga,FC Porto,Sporting CP,1 - 1,0 - 0,X,2,Evet
2026-02-13,2025,Primeira Liga,Santa Clara,Benfica,1 - 2,0 - 2,2,3,Evet
2026-02-13,2025,Primeira Liga,Tondela,Alverca,1 - 1,0 - 1,X,2,Evet
2026-02-14,2025,Primeira Liga,Casa Pia,Arouca,3 - 2,3 - 2,1,5,Evet
2026-02-14,2025,Primeira Liga,Vitória SC,Estrela,2 - 1,0 - 1,1,3,Evet
2026-02-14,2025,Primeira Liga,GIL Vicente,SC Braga,2 - 1,0 - 1,1,3,Evet
2026-02-15,2025,Primeira Liga,Nacional,FC Porto,0 - 1,0 - 0,2,1,Yok
2026-02-15,2025,Primeira Liga,AVS,Estoril,3 - 0,0 - 0,1,3,Yok
2026-02-15,2025,Primeira Liga,Sporting CP,Famalicao,1 - 0,0 - 0,1,1,Yok
2026-02-16,2025,Primeira Liga,Rio Ave,Moreirense,1 - 2,1 - 1,2,3,Evet
2026-02-20,2025,Primeira Liga,Estrela,Tondela,0 - 2,0 - 1,2,2,Yok
2026-02-21,2025,Primeira Liga,Arouca,Nacional,3 - 0,0 - 0,1,3,Yok
2026-02-21,2025,Primeira Liga,Alverca,Santa Clara,1 - 1,1 - 0,X,2,Evet
2026-02-21,2025,Primeira Liga,Benfica,AVS,3 - 0,3 - 0,1,3,Yok
2026-02-21,2025,Primeira Liga,Moreirense,Sporting CP,0 - 3,0 - 0,2,3,Yok
2026-02-21,2025,Primeira Liga,SC Braga,Vitória SC,3 - 2,2 - 1,1,5,Evet
2026-02-22,2025,Primeira Liga,Estoril,GIL Vicente,3 - 1,1 - 1,1,4,Evet
2026-02-22,2025,Primeira Liga,FC Porto,Rio Ave,1 - 0,1 - 0,1,1,Yok
2026-02-23,2025,Primeira Liga,Famalicao,Casa Pia,2 - 0,1 - 0,1,2,Yok
2026-02-27,2025,Primeira Liga,FC Porto,Arouca,3 - 1,1 - 0,1,4,Evet
2026-02-27,2025,Primeira Liga,Sporting CP,Estoril,3 - 0,2 - 0,1,3,Yok
2026-02-28,2025,Primeira Liga,AVS,Estrela,0 - 0,0 - 0,X,0,Yok
2026-02-28,2025,Primeira Liga,Nacional,SC Braga,1 - 2,0 - 1,2,3,Evet
2026-02-28,2025,Primeira Liga,Vitória SC,Alverca,1 - 1,0 - 0,X,2,Evet
2026-03-01,2025,Primeira Liga,Tondela,Santa Clara,2 - 2,1 - 1,X,4,Evet
2026-03-01,2025,Primeira Liga,Casa Pia,Moreirense,1 - 1,1 - 0,X,2,Evet
2026-03-01,2025,Primeira Liga,Rio Ave,Famalicao,0 - 0,0 - 0,X,0,Yok
2026-03-02,2025,Primeira Liga,GIL Vicente,Benfica,1 - 2,0 - 1,2,3,Evet
2026-03-06,2025,Primeira Liga,Famalicao,Arouca,1 - 0,0 - 0,1,1,Yok
2026-03-07,2025,Primeira Liga,Moreirense,Nacional,1 - 1,1 - 0,X,2,Evet
2026-03-07,2025,Primeira Liga,Alverca,AVS,0 - 0,0 - 0,X,0,Yok
2026-03-07,2025,Primeira Liga,SC Braga,Sporting CP,2 - 2,1 - 2,X,4,Evet
2026-03-07,2025,Primeira Liga,Estoril,Casa Pia,0 - 0,0 - 0,X,0,Yok
2026-03-08,2025,Primeira Liga,Estrela,GIL Vicente,2 - 2,0 - 1,X,4,Evet
2026-03-08,2025,Primeira Liga,Benfica,FC Porto,2 - 2,0 - 2,X,4,Evet
2026-03-08,2025,Primeira Liga,Santa Clara,Vitória SC,2 - 0,2 - 0,1,2,Yok
2026-03-09,2025,Primeira Liga,Tondela,Rio Ave,0 - 1,0 - 0,2,1,Yok
2026-03-14,2025,Primeira Liga,Vitória SC,Famalicao,1 - 2,1 - 1,2,3,Evet
2026-03-14,2025,Primeira Liga,GIL Vicente,Alverca,2 - 2,1 - 0,X,4,Evet
2026-03-14,2025,Primeira Liga,Arouca,Benfica,1 - 2,1 - 0,2,3,Evet
2026-03-15,2025,Primeira Liga,Nacional,Estoril,0 - 1,0 - 1,2,1,Yok
2026-03-15,2025,Primeira Liga,AVS,Santa Clara,0 - 1,0 - 0,2,1,Yok
2026-03-15,2025,Primeira Liga,Rio Ave,Estrela,2 - 1,1 - 0,1,3,Evet
2026-03-15,2025,Primeira Liga,FC Porto,Moreirense,3 - 0,2 - 0,1,3,Yok
2026-03-20,2025,Primeira Liga,Estrela,Casa Pia,4 - 0,3 - 0,1,4,Yok
2026-03-21,2025,Primeira Liga,Moreirense,Arouca,0 - 1,0 - 0,2,1,Yok
2026-03-21,2025,Primeira Liga,Famalicao,Nacional,1 - 0,0 - 0,1,1,Yok
2026-03-21,2025,Primeira Liga,Benfica,Vitória SC,3 - 0,1 - 0,1,3,Yok
2026-03-21,2025,Primeira Liga,Santa Clara,GIL Vicente,1 - 0,0 - 0,1,1,Yok
2026-03-21,2025,Primeira Liga,Tondela,AVS,0 - 0,0 - 0,X,0,Yok
2026-03-22,2025,Primeira Liga,Estoril,Rio Ave,1 - 2,1 - 0,2,3,Evet
2026-03-22,2025,Primeira Liga,Alverca,Sporting CP,1 - 4,0 - 1,2,5,Evet
2026-03-22,2025,Primeira Liga,SC Braga,FC Porto,1 - 2,0 - 0,2,3,Evet
2026-04-03,2025,Primeira Liga,GIL Vicente,AVS,3 - 0,2 - 0,1,3,Yok
2026-04-03,2025,Primeira Liga,Vitória SC,Tondela,5 - 0,2 - 0,1,5,Yok
2026-04-03,2025,Primeira Liga,Sporting CP,Santa Clara,4 - 2,3 - 1,1,6,Evet
2026-04-04,2025,Primeira Liga,Nacional,Estrela,2 - 0,1 - 0,1,2,Yok
2026-04-04,2025,Primeira Liga,Moreirense,SC Braga,0 - 1,0 - 1,2,1,Yok
2026-04-04,2025,Primeira Liga,Rio Ave,Alverca,1 - 2,0 - 2,2,3,Evet
2026-04-04,2025,Primeira Liga,FC Porto,Famalicao,2 - 2,1 - 0,X,4,Evet
2026-04-06,2025,Primeira Liga,Arouca,Estoril,3 - 2,2 - 2,1,5,Evet
2026-04-06,2025,Primeira Liga,Casa Pia,Benfica,1 - 1,0 - 0,X,2,Evet
2026-04-10,2025,Primeira Liga,Famalicao,Moreirense,1 - 1,0 - 1,X,2,Evet
2026-04-11,2025,Primeira Liga,AVS,Vitória SC,1 - 1,1 - 1,X,2,Evet
2026-04-11,2025,Primeira Liga,Santa Clara,Rio Ave,0 - 2,0 - 0,2,2,Yok
2026-04-11,2025,Primeira Liga,Estrela,Sporting CP,0 - 1,0 - 0,2,1,Yok
2026-04-12,2025,Primeira Liga,Alverca,Casa Pia,3 - 1,0 - 1,1,4,Evet
2026-04-12,2025,Primeira Liga,Benfica,Nacional,2 - 0,2 - 0,1,2,Yok
2026-04-12,2025,Primeira Liga,SC Braga,Arouca,1 - 0,0 - 0,1,1,Yok
2026-04-12,2025,Primeira Liga,Estoril,FC Porto,1 - 3,0 - 2,2,4,Evet
2026-04-13,2025,Primeira Liga,Tondela,GIL Vicente,2 - 2,1 - 1,X,4,Evet
2026-04-17,2025,Primeira Liga,Rio Ave,AVS,2 - 2,1 - 1,X,4,Evet
2026-04-18,2025,Primeira Liga,Nacional,Alverca,1 - 0,0 - 0,1,1,Yok
2026-04-18,2025,Primeira Liga,Casa Pia,Santa Clara,0 - 0,0 - 0,X,0,Yok
2026-04-18,2025,Primeira Liga,GIL Vicente,Vitória SC,0 - 1,0 - 0,2,1,Yok
2026-04-19,2025,Primeira Liga,Arouca,Estrela,1 - 0,0 - 0,1,1,Yok
2026-04-19,2025,Primeira Liga,Sporting CP,Benfica,1 - 2,0 - 1,2,3,Evet
2026-04-19,2025,Primeira Liga,FC Porto,Tondela,2 - 0,0 - 0,1,2,Yok
2026-04-19,2025,Primeira Liga,SC Braga,Famalicao,2 - 2,1 - 1,X,4,Evet
2026-04-20,2025,Primeira Liga,Moreirense,Estoril,1 - 0,1 - 0,1,1,Yok
2026-04-23,2025,Primeira Liga,Casa Pia,SC Braga,0 - 1,0 - 1,2,1,Yok
2026-04-24,2025,Primeira Liga,Alverca,Arouca,2 - 1,1 - 0,1,3,Evet
2026-04-25,2025,Primeira Liga,Tondela,Nacional,0 - 2,0 - 2,2,2,Yok
2026-04-25,2025,Primeira Liga,Benfica,Moreirense,4 - 1,2 - 1,1,5,Evet
2026-04-25,2025,Primeira Liga,Vitória SC,Rio Ave,2 - 0,0 - 0,1,2,Yok
2026-04-26,2025,Primeira Liga,Estoril,Famalicao,0 - 1,0 - 0,2,1,Yok
2026-04-26,2025,Primeira Liga,Santa Clara,SC Braga,2 - 1,0 - 1,1,3,Evet
2026-04-26,2025,Primeira Liga,Estrela,FC Porto,1 - 2,0 - 2,2,3,Evet
2026-04-26,2025,Primeira Liga,AVS,Sporting CP,1 - 1,0 - 0,X,2,Evet
2026-04-27,2025,Primeira Liga,GIL Vicente,Casa Pia,2 - 1,1 - 1,1,3,Evet
2026-04-29,2025,Primeira Liga,Sporting CP,Tondela,2 - 2,0 - 0,X,4,Evet
2026-05-02,2025,Primeira Liga,Moreirense,Estrela,3 - 2,1 - 2,1,5,Evet
2026-05-02,2025,Primeira Liga,Nacional,AVS,1 - 2,1 - 1,2,3,Evet
2026-05-02,2025,Primeira Liga,Arouca,Santa Clara,2 - 2,1 - 1,X,4,Evet
2026-05-02,2025,Primeira Liga,Famalicao,Benfica,2 - 2,0 - 2,X,4,Evet
2026-05-02,2025,Primeira Liga,FC Porto,Alverca,1 - 0,1 - 0,1,1,Yok
2026-05-03,2025,Primeira Liga,Casa Pia,Tondela,0 - 1,0 - 0,2,1,Yok
2026-05-03,2025,Primeira Liga,SC Braga,Estoril,1 - 1,1 - 0,X,2,Evet
2026-05-03,2025,Primeira Liga,Rio Ave,GIL Vicente,0 - 0,0 - 0,X,0,Yok
2026-05-04,2025,Primeira Liga,Sporting CP,Vitória SC,5 - 1,3 - 0,1,6,Evet
2026-05-10,2025,Primeira Liga,AVS,FC Porto,3 - 1,1 - 0,1,4,Evet
2026-05-10,2025,Primeira Liga,Alverca,Estoril,1 - 1,1 - 0,X,2,Evet
2026-05-11,2025,Primeira Liga,Benfica,SC Braga,2 - 2,0 - 0,X,4,Evet
2026-05-11,2025,Primeira Liga,Tondela,Moreirense,2 - 0,1 - 0,1,2,Yok
2026-05-11,2025,Primeira Liga,Vitória SC,Casa Pia,0 - 1,0 - 0,2,1,Yok
2026-05-11,2025,Primeira Liga,Rio Ave,Sporting CP,1 - 4,1 - 2,2,5,Evet
2026-05-11,2025,Primeira Liga,Santa Clara,Nacional,2 - 0,1 - 0,1,2,Yok
2026-05-11,2025,Primeira Liga,GIL Vicente,Arouca,1 - 3,0 - 0,2,4,Evet
2026-05-11,2025,Primeira Liga,Estrela,Famalicao,0 - 0,0 - 0,X,0,Yok
2026-05-16,2025,Primeira Liga,FC Porto,Santa Clara,1 - 0,0 - 0,1,1,Yok
2026-05-16,2025,Primeira Liga,Moreirense,AVS,0 - 0,0 - 0,X,0,Yok
2026-05-16,2025,Primeira Liga,SC Braga,Estrela,2 - 2,1 - 1,X,4,Evet
2026-05-16,2025,Primeira Liga,Nacional,Vitória SC,2 - 0,0 - 0,1,2,Yok
2026-05-16,2025,Primeira Liga,Arouca,Tondela,3 - 1,1 - 0,1,4,Evet
2026-05-16,2025,Primeira Liga,Casa Pia,Rio Ave,1 - 1,1 - 0,X,2,Evet
2026-05-16,2025,Primeira Liga,Sporting CP,GIL Vicente,3 - 0,2 - 0,1,3,Yok
2026-05-16,2025,Primeira Liga,Estoril,Benfica,1 - 3,0 - 3,2,4,Evet
2026-05-16,2025,Primeira Liga,Famalicao,Alverca,1 - 0,0 - 0,1,1,Yok
2026-05-20,2025,Primeira Liga,Torreense,Casa Pia,0 - 0,0 - 0,X,0,Yok
2026-05-28,2025,Primeira Liga,Casa Pia,Torreense,2 - 0,1 - 0,1,2,Yok
2024-08-09,2024,Primeira Liga,Sporting CP,Rio Ave,3 - 1,2 - 0,1,4,Evet
2024-08-10,2024,Primeira Liga,AVS,Nacional,1 - 1,0 - 1,X,2,Evet
2024-08-10,2024,Primeira Liga,Casa Pia,Boavista,0 - 1,0 - 0,2,1,Yok
2024-08-10,2024,Primeira Liga,FC Porto,GIL Vicente,3 - 0,1 - 0,1,3,Yok
2024-08-11,2024,Primeira Liga,Estoril,Santa Clara,1 - 4,1 - 1,2,5,Evet
2024-08-11,2024,Primeira Liga,Farense,Moreirense,1 - 2,0 - 1,2,3,Evet
2024-08-11,2024,Primeira Liga,Famalicao,Benfica,2 - 0,1 - 0,1,2,Yok
2024-08-11,2024,Primeira Liga,SC Braga,Estrela,1 - 1,0 - 0,X,2,Evet
2024-08-12,2024,Primeira Liga,Arouca,Vitória SC,0 - 1,0 - 1,2,1,Yok
2024-08-16,2024,Primeira Liga,Santa Clara,FC Porto,0 - 2,0 - 2,2,2,Yok
2024-08-16,2024,Primeira Liga,GIL Vicente,AVS,4 - 2,2 - 2,1,6,Evet
2024-08-17,2024,Primeira Liga,Rio Ave,Farense,1 - 0,1 - 0,1,1,Yok
2024-08-17,2024,Primeira Liga,Nacional,Sporting CP,1 - 6,1 - 2,2,7,Evet
2024-08-17,2024,Primeira Liga,Benfica,Casa Pia,3 - 0,0 - 0,1,3,Yok
2024-08-18,2024,Primeira Liga,Moreirense,Arouca,3 - 1,2 - 1,1,4,Evet
2024-08-18,2024,Primeira Liga,Vitória SC,Estoril,1 - 0,1 - 0,1,1,Yok
2024-08-18,2024,Primeira Liga,Boavista,SC Braga,0 - 1,0 - 1,2,1,Yok
2024-08-19,2024,Primeira Liga,Estrela,Famalicao,0 - 3,0 - 1,2,3,Yok
2024-08-23,2024,Primeira Liga,Farense,Sporting CP,0 - 5,0 - 2,2,5,Yok
2024-08-24,2024,Primeira Liga,Casa Pia,Santa Clara,0 - 2,0 - 0,2,2,Yok
2024-08-24,2024,Primeira Liga,FC Porto,Rio Ave,2 - 0,2 - 0,1,2,Yok
2024-08-24,2024,Primeira Liga,Benfica,Estrela,1 - 0,1 - 0,1,1,Yok
2024-08-24,2024,Primeira Liga,Famalicao,Boavista,1 - 0,1 - 0,1,1,Yok
2024-08-25,2024,Primeira Liga,Arouca,Nacional,1 - 0,1 - 0,1,1,Yok
2024-08-25,2024,Primeira Liga,Estoril,GIL Vicente,0 - 0,0 - 0,X,0,Yok
2024-08-25,2024,Primeira Liga,SC Braga,Moreirense,3 - 1,1 - 0,1,4,Evet
2024-08-25,2024,Primeira Liga,AVS,Vitória SC,1 - 0,0 - 0,1,1,Yok
2024-08-30,2024,Primeira Liga,Moreirense,Benfica,1 - 1,0 - 0,X,2,Evet
2024-08-31,2024,Primeira Liga,Santa Clara,AVS,2 - 1,1 - 1,1,3,Evet
2024-08-31,2024,Primeira Liga,Boavista,Estoril,0 - 0,0 - 0,X,0,Yok
2024-08-31,2024,Primeira Liga,Estrela,Casa Pia,0 - 1,0 - 0,2,1,Yok
2024-08-31,2024,Primeira Liga,Sporting CP,FC Porto,2 - 0,0 - 0,1,2,Yok
2024-09-01,2024,Primeira Liga,Nacional,Farense,2 - 0,1 - 0,1,2,Yok
2024-09-01,2024,Primeira Liga,Rio Ave,Arouca,1 - 0,1 - 0,1,1,Yok
2024-09-01,2024,Primeira Liga,Vitória SC,Famalicao,2 - 1,1 - 1,1,3,Evet
2024-09-01,2024,Primeira Liga,GIL Vicente,SC Braga,0 - 0,0 - 0,X,0,Yok
2024-09-13,2024,Primeira Liga,Arouca,Sporting CP,0 - 3,0 - 1,2,3,Yok
2024-09-14,2024,Primeira Liga,Casa Pia,Moreirense,3 - 1,0 - 1,1,4,Evet
2024-09-14,2024,Primeira Liga,AVS,Rio Ave,1 - 0,0 - 0,1,1,Yok
2024-09-14,2024,Primeira Liga,Benfica,Santa Clara,4 - 1,2 - 1,1,5,Evet
2024-09-14,2024,Primeira Liga,Famalicao,GIL Vicente,1 - 1,1 - 0,X,2,Evet
2024-09-15,2024,Primeira Liga,FC Porto,Farense,2 - 1,0 - 0,1,3,Evet
2024-09-15,2024,Primeira Liga,Estoril,Nacional,1 - 0,1 - 0,1,1,Yok
2024-09-15,2024,Primeira Liga,SC Braga,Vitória SC,0 - 2,0 - 0,2,2,Yok
2024-09-16,2024,Primeira Liga,Estrela,Boavista,2 - 2,1 - 2,X,4,Evet
2024-09-20,2024,Primeira Liga,Nacional,SC Braga,0 - 3,0 - 0,2,3,Yok
2024-09-21,2024,Primeira Liga,Rio Ave,Estoril,2 - 2,1 - 0,X,4,Evet
2024-09-21,2024,Primeira Liga,Santa Clara,Estrela,1 - 0,0 - 0,1,1,Yok
2024-09-21,2024,Primeira Liga,Vitória SC,FC Porto,0 - 3,0 - 0,2,3,Yok
2024-09-21,2024,Primeira Liga,Moreirense,Famalicao,0 - 0,0 - 0,X,0,Yok
2024-09-22,2024,Primeira Liga,GIL Vicente,Casa Pia,1 - 1,1 - 0,X,2,Evet
2024-09-22,2024,Primeira Liga,Farense,Arouca,0 - 1,0 - 1,2,1,Yok
2024-09-22,2024,Primeira Liga,Sporting CP,AVS,3 - 0,2 - 0,1,3,Yok
2024-09-23,2024,Primeira Liga,Boavista,Benfica,0 - 3,0 - 2,2,3,Yok
2024-09-27,2024,Primeira Liga,Estoril,Sporting CP,0 - 3,0 - 2,2,3,Yok
2024-09-28,2024,Primeira Liga,Estrela,Moreirense,2 - 1,2 - 0,1,3,Evet
2024-09-28,2024,Primeira Liga,Casa Pia,Vitória SC,1 - 1,1 - 0,X,2,Evet
2024-09-28,2024,Primeira Liga,Benfica,GIL Vicente,5 - 1,2 - 1,1,6,Evet
2024-09-29,2024,Primeira Liga,Famalicao,Nacional,0 - 0,0 - 0,X,0,Yok
2024-09-29,2024,Primeira Liga,FC Porto,Arouca,4 - 0,0 - 0,1,4,Yok
2024-09-29,2024,Primeira Liga,SC Braga,Rio Ave,4 - 0,2 - 0,1,4,Yok
2024-09-29,2024,Primeira Liga,Santa Clara,Boavista,1 - 0,1 - 0,1,1,Yok
2024-09-30,2024,Primeira Liga,AVS,Farense,0 - 0,0 - 0,X,0,Yok
2024-10-04,2024,Primeira Liga,Rio Ave,Famalicao,1 - 1,0 - 0,X,2,Evet
2024-10-05,2024,Primeira Liga,Moreirense,Santa Clara,1 - 0,0 - 0,1,1,Yok
2024-10-05,2024,Primeira Liga,GIL Vicente,Estrela,3 - 0,2 - 0,1,3,Yok
2024-10-05,2024,Primeira Liga,Arouca,AVS,1 - 1,1 - 0,X,2,Evet
2024-10-05,2024,Primeira Liga,Sporting CP,Casa Pia,2 - 0,1 - 0,1,2,Yok
2024-10-06,2024,Primeira Liga,Vitória SC,Boavista,2 - 2,1 - 0,X,4,Evet
2024-10-06,2024,Primeira Liga,Farense,Estoril,1 - 0,0 - 0,1,1,Yok
2024-10-06,2024,Primeira Liga,FC Porto,SC Braga,2 - 1,1 - 0,1,3,Evet
2024-10-25,2024,Primeira Liga,Casa Pia,Nacional,1 - 0,1 - 0,1,1,Yok
2024-10-25,2024,Primeira Liga,Santa Clara,GIL Vicente,2 - 1,2 - 1,1,3,Evet
2024-10-26,2024,Primeira Liga,Estoril,Arouca,4 - 1,2 - 1,1,5,Evet
2024-10-26,2024,Primeira Liga,Boavista,Moreirense,0 - 2,0 - 1,2,2,Yok
2024-10-26,2024,Primeira Liga,Famalicao,Sporting CP,0 - 3,0 - 0,2,3,Yok
2024-10-27,2024,Primeira Liga,SC Braga,Farense,2 - 0,1 - 0,1,2,Yok
2024-10-27,2024,Primeira Liga,Benfica,Rio Ave,5 - 0,3 - 0,1,5,Yok
2024-10-27,2024,Primeira Liga,Estrela,Vitória SC,2 - 2,1 - 1,X,4,Evet
2024-10-28,2024,Primeira Liga,AVS,FC Porto,0 - 5,0 - 4,2,5,Yok
2024-11-01,2024,Primeira Liga,Sporting CP,Estrela,5 - 1,3 - 1,1,6,Evet
2024-11-02,2024,Primeira Liga,Rio Ave,Casa Pia,2 - 2,2 - 2,X,4,Evet
2024-11-02,2024,Primeira Liga,Farense,Benfica,1 - 2,1 - 1,2,3,Evet
2024-11-02,2024,Primeira Liga,GIL Vicente,Boavista,1 - 2,0 - 0,2,3,Evet
2024-11-03,2024,Primeira Liga,AVS,Famalicao,2 - 3,2 - 2,2,5,Evet
2024-11-03,2024,Primeira Liga,Vitória SC,Moreirense,1 - 0,0 - 0,1,1,Yok
2024-11-03,2024,Primeira Liga,Arouca,SC Braga,1 - 2,0 - 1,2,3,Evet
2024-11-03,2024,Primeira Liga,FC Porto,Estoril,4 - 0,2 - 0,1,4,Yok
2024-11-04,2024,Primeira Liga,Nacional,Santa Clara,2 - 0,2 - 0,1,2,Yok
2024-11-08,2024,Primeira Liga,Moreirense,GIL Vicente,3 - 2,0 - 1,1,5,Evet
2024-11-09,2024,Primeira Liga,Estoril,AVS,0 - 0,0 - 0,X,0,Yok
2024-11-09,2024,Primeira Liga,Casa Pia,Farense,1 - 1,1 - 1,X,2,Evet
2024-11-09,2024,Primeira Liga,Famalicao,Arouca,0 - 0,0 - 0,X,0,Yok
2024-11-09,2024,Primeira Liga,Boavista,Rio Ave,0 - 2,0 - 1,2,2,Yok
2024-11-10,2024,Primeira Liga,Estrela,Nacional,2 - 0,0 - 0,1,2,Yok
2024-11-10,2024,Primeira Liga,Santa Clara,Vitória SC,1 - 0,0 - 0,1,1,Yok
2024-11-10,2024,Primeira Liga,SC Braga,Sporting CP,2 - 4,2 - 0,2,6,Evet
2024-11-10,2024,Primeira Liga,Benfica,FC Porto,4 - 1,1 - 1,1,5,Evet
2024-11-29,2024,Primeira Liga,Farense,Estrela,1 - 0,1 - 0,1,1,Yok
2024-11-30,2024,Primeira Liga,Rio Ave,Moreirense,3 - 2,1 - 0,1,5,Evet
2024-11-30,2024,Primeira Liga,Nacional,Boavista,0 - 0,0 - 0,X,0,Yok
2024-11-30,2024,Primeira Liga,Sporting CP,Santa Clara,0 - 1,0 - 1,2,1,Yok
2024-12-01,2024,Primeira Liga,Estoril,Famalicao,2 - 1,2 - 1,1,3,Evet
2024-12-01,2024,Primeira Liga,Arouca,Benfica,0 - 2,0 - 1,2,2,Yok
2024-12-01,2024,Primeira Liga,AVS,SC Braga,0 - 1,0 - 0,2,1,Yok
2024-12-02,2024,Primeira Liga,Vitória SC,GIL Vicente,4 - 0,1 - 0,1,4,Yok
2024-12-02,2024,Primeira Liga,FC Porto,Casa Pia,2 - 0,0 - 0,1,2,Yok
2024-12-05,2024,Primeira Liga,Moreirense,Sporting CP,2 - 1,2 - 1,1,3,Evet
2024-12-06,2024,Primeira Liga,SC Braga,Estoril,2 - 2,1 - 0,X,4,Evet
2024-12-07,2024,Primeira Liga,GIL Vicente,Nacional,2 - 1,1 - 0,1,3,Evet
2024-12-07,2024,Primeira Liga,Benfica,Vitória SC,1 - 0,1 - 0,1,1,Yok
2024-12-07,2024,Primeira Liga,Santa Clara,Rio Ave,1 - 0,1 - 0,1,1,Yok
2024-12-07,2024,Primeira Liga,Famalicao,FC Porto,1 - 1,1 - 0,X,2,Evet
2024-12-08,2024,Primeira Liga,Boavista,Farense,1 - 1,0 - 0,X,2,Evet
2024-12-08,2024,Primeira Liga,Casa Pia,AVS,1 - 1,1 - 0,X,2,Evet
2024-12-09,2024,Primeira Liga,Estrela,Arouca,2 - 1,0 - 1,1,3,Evet
2024-12-14,2024,Primeira Liga,Farense,GIL Vicente,0 - 1,0 - 0,2,1,Yok
2024-12-14,2024,Primeira Liga,Nacional,Moreirense,1 - 0,0 - 0,1,1,Yok
2024-12-14,2024,Primeira Liga,Sporting CP,Boavista,3 - 2,1 - 1,1,5,Evet
2024-12-15,2024,Primeira Liga,Arouca,Santa Clara,1 - 0,0 - 0,1,1,Yok
2024-12-15,2024,Primeira Liga,AVS,Benfica,1 - 1,0 - 1,X,2,Evet
2024-12-15,2024,Primeira Liga,Estoril,Casa Pia,0 - 2,0 - 0,2,2,Yok
2024-12-16,2024,Primeira Liga,SC Braga,Famalicao,3 - 3,0 - 1,X,6,Evet
2024-12-16,2024,Primeira Liga,FC Porto,Estrela,2 - 0,1 - 0,1,2,Yok
2024-12-16,2024,Primeira Liga,Rio Ave,Vitória SC,2 - 2,2 - 0,X,4,Evet
2024-12-19,2024,Primeira Liga,Nacional,Benfica,0 - 2,0 - 0,2,2,Yok
2024-12-20,2024,Primeira Liga,Casa Pia,Arouca,3 - 1,2 - 0,1,4,Evet
2024-12-21,2024,Primeira Liga,Famalicao,Farense,1 - 2,0 - 1,2,3,Evet
2024-12-21,2024,Primeira Liga,Boavista,AVS,0 - 0,0 - 0,X,0,Yok
2024-12-21,2024,Primeira Liga,Moreirense,FC Porto,0 - 3,0 - 1,2,3,Yok
2024-12-22,2024,Primeira Liga,Santa Clara,SC Braga,0 - 2,0 - 0,2,2,Yok
2024-12-22,2024,Primeira Liga,GIL Vicente,Sporting CP,0 - 0,0 - 0,X,0,Yok
2024-12-23,2024,Primeira Liga,Benfica,Estoril,3 - 0,1 - 0,1,3,Yok
2024-12-23,2024,Primeira Liga,Vitória SC,Nacional,2 - 2,1 - 1,X,4,Evet
2024-12-23,2024,Primeira Liga,Estrela,Rio Ave,1 - 0,1 - 0,1,1,Yok
2024-12-27,2024,Primeira Liga,Arouca,GIL Vicente,1 - 1,0 - 0,X,2,Evet
2024-12-28,2024,Primeira Liga,AVS,Estrela,1 - 1,0 - 1,X,2,Evet
2024-12-28,2024,Primeira Liga,Estoril,Moreirense,2 - 2,2 - 1,X,4,Evet
2024-12-28,2024,Primeira Liga,FC Porto,Boavista,4 - 0,1 - 0,1,4,Yok
2024-12-29,2024,Primeira Liga,Rio Ave,Nacional,2 - 1,1 - 1,1,3,Evet
2024-12-29,2024,Primeira Liga,Farense,Vitória SC,2 - 2,1 - 0,X,4,Evet
2024-12-29,2024,Primeira Liga,SC Braga,Casa Pia,1 - 2,1 - 1,2,3,Evet
2024-12-29,2024,Primeira Liga,Sporting CP,Benfica,1 - 0,1 - 0,1,1,Yok
2024-12-30,2024,Primeira Liga,Famalicao,Santa Clara,1 - 2,0 - 1,2,3,Evet
2025-01-03,2024,Primeira Liga,Vitória SC,Sporting CP,4 - 4,1 - 2,X,8,Evet
2025-01-04,2024,Primeira Liga,Moreirense,AVS,1 - 1,1 - 1,X,2,Evet
2025-01-04,2024,Primeira Liga,Benfica,SC Braga,1 - 2,0 - 2,2,3,Evet
2025-01-04,2024,Primeira Liga,Boavista,Arouca,1 - 3,0 - 1,2,4,Evet
2025-01-05,2024,Primeira Liga,Santa Clara,Farense,0 - 0,0 - 0,X,0,Yok
2025-01-05,2024,Primeira Liga,Casa Pia,Famalicao,1 - 1,1 - 1,X,2,Evet
2025-01-05,2024,Primeira Liga,Estrela,Estoril,2 - 4,0 - 3,2,6,Evet
2025-01-06,2024,Primeira Liga,GIL Vicente,Rio Ave,1 - 1,1 - 0,X,2,Evet
2025-01-12,2024,Primeira Liga,Nacional,FC Porto,2 - 0,2 - 0,1,2,Yok
2025-01-17,2024,Primeira Liga,Benfica,Famalicao,4 - 0,2 - 0,1,4,Yok
2025-01-18,2024,Primeira Liga,Santa Clara,Estoril,2 - 3,1 - 2,2,5,Evet
2025-01-18,2024,Primeira Liga,Rio Ave,Sporting CP,0 - 3,0 - 2,2,3,Yok
2025-01-18,2024,Primeira Liga,Vitória SC,Arouca,2 - 2,2 - 0,X,4,Evet
2025-01-19,2024,Primeira Liga,Moreirense,Farense,0 - 0,0 - 0,X,0,Yok
2025-01-19,2024,Primeira Liga,Nacional,AVS,3 - 1,3 - 1,1,4,Evet
2025-01-19,2024,Primeira Liga,Estrela,SC Braga,0 - 1,0 - 0,2,1,Yok
2025-01-19,2024,Primeira Liga,GIL Vicente,FC Porto,3 - 1,1 - 0,1,4,Evet
2025-01-20,2024,Primeira Liga,Boavista,Casa Pia,2 - 3,1 - 2,2,5,Evet
2025-01-24,2024,Primeira Liga,Arouca,Moreirense,1 - 0,0 - 0,1,1,Yok
2025-01-25,2024,Primeira Liga,Farense,Rio Ave,1 - 2,0 - 1,2,3,Evet
2025-01-25,2024,Primeira Liga,Famalicao,Estrela,0 - 0,0 - 0,X,0,Yok
2025-01-25,2024,Primeira Liga,Casa Pia,Benfica,3 - 1,1 - 1,1,4,Evet
2025-01-25,2024,Primeira Liga,Sporting CP,Nacional,2 - 0,1 - 0,1,2,Yok
2025-01-26,2024,Primeira Liga,Estoril,Vitória SC,1 - 0,0 - 0,1,1,Yok
2025-01-26,2024,Primeira Liga,FC Porto,Santa Clara,1 - 1,0 - 1,X,2,Evet
2025-01-26,2024,Primeira Liga,SC Braga,Boavista,3 - 0,2 - 0,1,3,Yok
2025-01-27,2024,Primeira Liga,AVS,GIL Vicente,1 - 0,0 - 0,1,1,Yok
2025-01-31,2024,Primeira Liga,Boavista,Famalicao,0 - 2,0 - 1,2,2,Yok
2025-02-01,2024,Primeira Liga,Nacional,Arouca,1 - 2,1 - 2,2,3,Evet
2025-02-01,2024,Primeira Liga,Santa Clara,Casa Pia,2 - 1,0 - 1,1,3,Evet
2025-02-01,2024,Primeira Liga,GIL Vicente,Estoril,1 - 2,1 - 1,2,3,Evet
2025-02-01,2024,Primeira Liga,Vitória SC,AVS,2 - 0,0 - 0,1,2,Yok
2025-02-02,2024,Primeira Liga,Sporting CP,Farense,3 - 1,2 - 1,1,4,Evet
2025-02-02,2024,Primeira Liga,Estrela,Benfica,2 - 3,1 - 3,2,5,Evet
2025-02-03,2024,Primeira Liga,Moreirense,SC Braga,1 - 2,1 - 0,2,3,Evet
2025-02-03,2024,Primeira Liga,Rio Ave,FC Porto,2 - 2,1 - 0,X,4,Evet
2025-02-07,2024,Primeira Liga,FC Porto,Sporting CP,1 - 1,0 - 1,X,2,Evet
2025-02-08,2024,Primeira Liga,AVS,Santa Clara,1 - 2,0 - 0,2,3,Evet
2025-02-08,2024,Primeira Liga,Benfica,Moreirense,3 - 2,3 - 1,1,5,Evet
2025-02-08,2024,Primeira Liga,Famalicao,Vitória SC,0 - 0,0 - 0,X,0,Yok
2025-02-09,2024,Primeira Liga,Estoril,Boavista,2 - 1,1 - 0,1,3,Evet
2025-02-09,2024,Primeira Liga,Farense,Nacional,0 - 2,0 - 0,2,2,Yok
2025-02-09,2024,Primeira Liga,SC Braga,GIL Vicente,2 - 0,1 - 0,1,2,Yok
2025-02-09,2024,Primeira Liga,Casa Pia,Estrela,1 - 0,1 - 0,1,1,Yok
2025-02-10,2024,Primeira Liga,Arouca,Rio Ave,1 - 1,0 - 0,X,2,Evet
2025-02-14,2024,Primeira Liga,Boavista,Estrela,0 - 1,0 - 1,2,1,Yok
2025-02-15,2024,Primeira Liga,Moreirense,Casa Pia,3 - 2,3 - 0,1,5,Evet
2025-02-15,2024,Primeira Liga,Nacional,Estoril,2 - 2,1 - 1,X,4,Evet
2025-02-15,2024,Primeira Liga,Santa Clara,Benfica,0 - 1,0 - 0,2,1,Yok
2025-02-15,2024,Primeira Liga,Sporting CP,Arouca,2 - 2,1 - 2,X,4,Evet
2025-02-16,2024,Primeira Liga,Rio Ave,AVS,1 - 1,0 - 1,X,2,Evet
2025-02-16,2024,Primeira Liga,Farense,FC Porto,0 - 1,0 - 0,2,1,Yok
2025-02-16,2024,Primeira Liga,Vitória SC,SC Braga,0 - 0,0 - 0,X,0,Yok
2025-02-17,2024,Primeira Liga,GIL Vicente,Famalicao,0 - 2,0 - 1,2,2,Yok
2025-02-21,2024,Primeira Liga,SC Braga,Nacional,1 - 0,1 - 0,1,1,Yok
2025-02-22,2024,Primeira Liga,Casa Pia,GIL Vicente,1 - 0,0 - 0,1,1,Yok
2025-02-22,2024,Primeira Liga,Benfica,Boavista,3 - 0,1 - 0,1,3,Yok
2025-02-22,2024,Primeira Liga,Estoril,Rio Ave,2 - 1,0 - 0,1,3,Evet
2025-02-23,2024,Primeira Liga,Arouca,Farense,2 - 2,0 - 1,X,4,Evet
2025-02-23,2024,Primeira Liga,Estrela,Santa Clara,0 - 0,0 - 0,X,0,Yok
2025-02-23,2024,Primeira Liga,AVS,Sporting CP,2 - 2,0 - 2,X,4,Evet
2025-02-23,2024,Primeira Liga,Famalicao,Moreirense,2 - 0,0 - 0,1,2,Yok
2025-02-24,2024,Primeira Liga,FC Porto,Vitória SC,1 - 1,0 - 0,X,2,Evet
2025-03-01,2024,Primeira Liga,Nacional,Famalicao,2 - 1,1 - 0,1,3,Evet
2025-03-01,2024,Primeira Liga,Arouca,FC Porto,0 - 2,0 - 1,2,2,Yok
2025-03-01,2024,Primeira Liga,Vitória SC,Casa Pia,1 - 0,0 - 0,1,1,Yok
2025-03-02,2024,Primeira Liga,Moreirense,Estrela,1 - 1,0 - 0,X,2,Evet
2025-03-02,2024,Primeira Liga,Boavista,Santa Clara,1 - 0,0 - 0,1,1,Yok
2025-03-02,2024,Primeira Liga,Farense,AVS,0 - 1,0 - 0,2,1,Yok
2025-03-02,2024,Primeira Liga,Rio Ave,SC Braga,2 - 1,1 - 1,1,3,Evet
2025-03-03,2024,Primeira Liga,Sporting CP,Estoril,3 - 1,2 - 0,1,4,Evet
2025-03-07,2024,Primeira Liga,Estrela,GIL Vicente,1 - 1,0 - 0,X,2,Evet
2025-03-08,2024,Primeira Liga,AVS,Arouca,0 - 1,0 - 0,2,1,Yok
2025-03-08,2024,Primeira Liga,Benfica,Nacional,3 - 0,2 - 0,1,3,Yok
2025-03-08,2024,Primeira Liga,Estoril,Farense,2 - 2,0 - 0,X,4,Evet
2025-03-08,2024,Primeira Liga,SC Braga,FC Porto,1 - 0,1 - 0,1,1,Yok
2025-03-09,2024,Primeira Liga,Santa Clara,Moreirense,1 - 1,0 - 0,X,2,Evet
2025-03-09,2024,Primeira Liga,Casa Pia,Sporting CP,1 - 3,1 - 2,2,4,Evet
2025-03-09,2024,Primeira Liga,Boavista,Vitória SC,1 - 2,1 - 0,2,3,Evet
2025-03-10,2024,Primeira Liga,Famalicao,Rio Ave,1 - 0,1 - 0,1,1,Yok
2025-03-15,2024,Primeira Liga,Farense,SC Braga,0 - 1,0 - 0,2,1,Yok
2025-03-15,2024,Primeira Liga,GIL Vicente,Santa Clara,0 - 1,0 - 1,2,1,Yok
2025-03-15,2024,Primeira Liga,FC Porto,AVS,2 - 0,1 - 0,1,2,Yok
2025-03-15,2024,Primeira Liga,Sporting CP,Famalicao,3 - 1,1 - 1,1,4,Evet
2025-03-16,2024,Primeira Liga,Nacional,Casa Pia,3 - 1,1 - 0,1,4,Evet
2025-03-16,2024,Primeira Liga,Arouca,Estoril,1 - 1,1 - 0,X,2,Evet
2025-03-16,2024,Primeira Liga,Rio Ave,Benfica,2 - 3,0 - 1,2,5,Evet
2025-03-16,2024,Primeira Liga,Moreirense,Boavista,1 - 0,1 - 0,1,1,Yok
2025-03-16,2024,Primeira Liga,Vitória SC,Estrela,2 - 0,1 - 0,1,2,Yok
2025-03-28,2024,Primeira Liga,GIL Vicente,Benfica,0 - 3,0 - 1,2,3,Yok
2025-03-29,2024,Primeira Liga,Casa Pia,Rio Ave,2 - 1,1 - 1,1,3,Evet
2025-03-29,2024,Primeira Liga,Estrela,Sporting CP,0 - 3,0 - 0,2,3,Yok
2025-03-29,2024,Primeira Liga,SC Braga,Arouca,2 - 1,2 - 0,1,3,Evet
2025-03-30,2024,Primeira Liga,Santa Clara,Nacional,1 - 0,1 - 0,1,1,Yok
2025-03-30,2024,Primeira Liga,Famalicao,AVS,4 - 1,0 - 0,1,5,Evet
2025-03-30,2024,Primeira Liga,Estoril,FC Porto,1 - 2,1 - 1,2,3,Evet
2025-03-30,2024,Primeira Liga,Moreirense,Vitória SC,2 - 2,1 - 1,X,4,Evet
2025-04-01,2024,Primeira Liga,Boavista,GIL Vicente,1 - 3,0 - 0,2,4,Evet
2025-04-02,2024,Primeira Liga,Benfica,Farense,3 - 2,2 - 1,1,5,Evet
2025-04-04,2024,Primeira Liga,AVS,Estoril,0 - 3,0 - 2,2,3,Yok
2025-04-05,2024,Primeira Liga,Arouca,Famalicao,1 - 2,0 - 1,2,3,Evet
2025-04-05,2024,Primeira Liga,Vitória SC,Santa Clara,2 - 0,1 - 0,1,2,Yok
2025-04-06,2024,Primeira Liga,GIL Vicente,Moreirense,0 - 1,0 - 0,2,1,Yok
2025-04-06,2024,Primeira Liga,Nacional,Estrela,0 - 1,0 - 0,2,1,Yok
2025-04-06,2024,Primeira Liga,FC Porto,Benfica,1 - 4,0 - 2,2,5,Evet
2025-04-07,2024,Primeira Liga,Farense,Casa Pia,0 - 0,0 - 0,X,0,Yok
2025-04-07,2024,Primeira Liga,Rio Ave,Boavista,0 - 2,0 - 1,2,2,Yok
2025-04-07,2024,Primeira Liga,Sporting CP,SC Braga,1 - 1,1 - 0,X,2,Evet
2025-04-11,2024,Primeira Liga,GIL Vicente,Vitória SC,0 - 1,0 - 0,2,1,Yok
2025-04-12,2024,Primeira Liga,Boavista,Nacional,0 - 1,0 - 1,2,1,Yok
2025-04-12,2024,Primeira Liga,Famalicao,Estoril,3 - 0,0 - 0,1,3,Yok
2025-04-12,2024,Primeira Liga,Santa Clara,Sporting CP,0 - 1,0 - 0,2,1,Yok
2025-04-12,2024,Primeira Liga,Casa Pia,FC Porto,0 - 1,0 - 1,2,1,Yok
2025-04-13,2024,Primeira Liga,Estrela,Farense,0 - 1,0 - 0,2,1,Yok
2025-04-13,2024,Primeira Liga,Benfica,Arouca,2 - 2,0 - 0,X,4,Evet
2025-04-13,2024,Primeira Liga,SC Braga,AVS,4 - 1,3 - 1,1,5,Evet
2025-04-13,2024,Primeira Liga,Moreirense,Rio Ave,0 - 2,0 - 0,2,2,Yok
2025-04-18,2024,Primeira Liga,Rio Ave,Santa Clara,1 - 1,1 - 0,X,2,Evet
2025-04-18,2024,Primeira Liga,Farense,Boavista,0 - 1,0 - 0,2,1,Yok
2025-04-18,2024,Primeira Liga,FC Porto,Famalicao,2 - 1,1 - 0,1,3,Evet
2025-04-18,2024,Primeira Liga,Sporting CP,Moreirense,3 - 1,2 - 0,1,4,Evet
2025-04-19,2024,Primeira Liga,Nacional,GIL Vicente,0 - 3,0 - 1,2,3,Yok
2025-04-19,2024,Primeira Liga,AVS,Casa Pia,1 - 1,1 - 0,X,2,Evet
2025-04-19,2024,Primeira Liga,Estoril,SC Braga,0 - 2,0 - 2,2,2,Yok
2025-04-19,2024,Primeira Liga,Arouca,Estrela,1 - 0,0 - 0,1,1,Yok
2025-04-19,2024,Primeira Liga,Vitória SC,Benfica,0 - 3,0 - 1,2,3,Yok
2025-04-25,2024,Primeira Liga,Famalicao,SC Braga,1 - 1,1 - 0,X,2,Evet
2025-04-26,2024,Primeira Liga,Santa Clara,Arouca,2 - 0,2 - 0,1,2,Yok
2025-04-26,2024,Primeira Liga,GIL Vicente,Farense,1 - 0,0 - 0,1,1,Yok
2025-04-26,2024,Primeira Liga,Estrela,FC Porto,2 - 0,1 - 0,1,2,Yok
2025-04-27,2024,Primeira Liga,Moreirense,Nacional,1 - 1,0 - 0,X,2,Evet
2025-04-27,2024,Primeira Liga,Benfica,AVS,6 - 0,4 - 0,1,6,Yok
2025-04-27,2024,Primeira Liga,Vitória SC,Rio Ave,3 - 0,3 - 0,1,3,Yok
2025-04-27,2024,Primeira Liga,Boavista,Sporting CP,0 - 5,0 - 2,2,5,Yok
2025-04-29,2024,Primeira Liga,Casa Pia,Estoril,1 - 3,1 - 1,2,4,Evet
2025-05-02,2024,Primeira Liga,FC Porto,Moreirense,3 - 1,1 - 1,1,4,Evet
2025-05-03,2024,Primeira Liga,Nacional,Vitória SC,1 - 2,0 - 1,2,3,Evet
2025-05-03,2024,Primeira Liga,Farense,Famalicao,2 - 1,1 - 1,1,3,Evet
2025-05-03,2024,Primeira Liga,SC Braga,Santa Clara,1 - 1,0 - 1,X,2,Evet
2025-05-03,2024,Primeira Liga,Estoril,Benfica,1 - 2,0 - 2,2,3,Evet
2025-05-04,2024,Primeira Liga,Arouca,Casa Pia,0 - 0,0 - 0,X,0,Yok
2025-05-04,2024,Primeira Liga,Sporting CP,GIL Vicente,2 - 1,0 - 1,1,3,Evet
2025-05-05,2024,Primeira Liga,Rio Ave,Estrela,2 - 0,0 - 0,1,2,Yok
2025-05-05,2024,Primeira Liga,AVS,Boavista,1 - 2,0 - 0,2,3,Evet
2025-05-10,2024,Primeira Liga,Nacional,Rio Ave,3 - 3,0 - 3,X,6,Evet
2025-05-10,2024,Primeira Liga,Santa Clara,Famalicao,2 - 1,1 - 0,1,3,Evet
2025-05-10,2024,Primeira Liga,Benfica,Sporting CP,1 - 1,0 - 1,X,2,Evet
2025-05-10,2024,Primeira Liga,GIL Vicente,Arouca,1 - 1,0 - 0,X,2,Evet
2025-05-10,2024,Primeira Liga,Casa Pia,SC Braga,2 - 1,1 - 1,1,3,Evet
2025-05-11,2024,Primeira Liga,Estrela,AVS,0 - 1,0 - 0,2,1,Yok
2025-05-11,2024,Primeira Liga,Moreirense,Estoril,2 - 2,1 - 0,X,4,Evet
2025-05-11,2024,Primeira Liga,Vitória SC,Farense,1 - 2,0 - 1,2,3,Evet
2025-05-11,2024,Primeira Liga,Boavista,FC Porto,1 - 2,1 - 2,2,3,Evet
2025-05-16,2024,Primeira Liga,Rio Ave,GIL Vicente,1 - 1,1 - 1,X,2,Evet
2025-05-16,2024,Primeira Liga,Famalicao,Casa Pia,2 - 1,1 - 0,1,3,Evet
2025-05-17,2024,Primeira Liga,FC Porto,Nacional,3 - 0,1 - 0,1,3,Yok
2025-05-17,2024,Primeira Liga,SC Braga,Benfica,1 - 1,1 - 0,X,2,Evet
2025-05-17,2024,Primeira Liga,Sporting CP,Vitória SC,2 - 0,0 - 0,1,2,Yok
2025-05-17,2024,Primeira Liga,Estoril,Estrela,4 - 0,4 - 0,1,4,Yok
2025-05-17,2024,Primeira Liga,Farense,Santa Clara,1 - 2,1 - 1,2,3,Evet
2025-05-17,2024,Primeira Liga,Arouca,Boavista,4 - 1,3 - 1,1,5,Evet
2025-05-17,2024,Primeira Liga,AVS,Moreirense,0 - 3,0 - 2,2,3,Yok
2025-05-24,2024,Primeira Liga,AVS,Vizela,3 - 0,0 - 0,1,3,Yok
2025-06-01,2024,Primeira Liga,Vizela,AVS,2 - 2,1 - 1,X,4,Evet
2023-08-11,2023,Primeira Liga,SC Braga,Famalicao,1 - 2,1 - 0,2,3,Evet
2023-08-12,2023,Primeira Liga,GIL Vicente,Portimonense,5 - 0,2 - 0,1,5,Yok
2023-08-12,2023,Primeira Liga,Farense,Casa Pia,0 - 3,0 - 1,2,3,Yok
2023-08-12,2023,Primeira Liga,Sporting CP,Vizela,3 - 2,2 - 0,1,5,Evet
2023-08-13,2023,Primeira Liga,Rio Ave,Chaves,2 - 0,0 - 0,1,2,Yok
2023-08-13,2023,Primeira Liga,Estrela,Vitória SC,0 - 1,0 - 1,2,1,Yok
2023-08-13,2023,Primeira Liga,Arouca,Estoril,4 - 3,1 - 1,1,7,Evet
2023-08-14,2023,Primeira Liga,Moreirense,FC Porto,1 - 2,0 - 0,2,3,Evet
2023-08-14,2023,Primeira Liga,Boavista,Benfica,3 - 2,0 - 1,1,5,Evet
2023-08-18,2023,Primeira Liga,Casa Pia,Sporting CP,1 - 2,0 - 1,2,3,Evet
2023-08-19,2023,Primeira Liga,Vitória SC,GIL Vicente,2 - 1,0 - 0,1,3,Evet
2023-08-19,2023,Primeira Liga,Chaves,SC Braga,2 - 4,1 - 1,2,6,Evet
2023-08-19,2023,Primeira Liga,Benfica,Estrela,2 - 0,0 - 0,1,2,Yok
2023-08-19,2023,Primeira Liga,Portimonense,Boavista,1 - 4,0 - 3,2,5,Evet
2023-08-20,2023,Primeira Liga,Estoril,Rio Ave,2 - 0,0 - 0,1,2,Yok
2023-08-20,2023,Primeira Liga,FC Porto,Farense,2 - 1,1 - 1,1,3,Evet
2023-08-20,2023,Primeira Liga,Vizela,Arouca,2 - 2,1 - 1,X,4,Evet
2023-08-21,2023,Primeira Liga,Famalicao,Moreirense,0 - 0,0 - 0,X,0,Yok
2023-08-25,2023,Primeira Liga,Estrela,Estoril,2 - 1,0 - 0,1,3,Evet
2023-08-26,2023,Primeira Liga,Arouca,Portimonense,1 - 1,0 - 1,X,2,Evet
2023-08-26,2023,Primeira Liga,Farense,Chaves,5 - 0,4 - 0,1,5,Yok
2023-08-26,2023,Primeira Liga,GIL Vicente,Benfica,2 - 3,0 - 1,2,5,Evet
2023-08-27,2023,Primeira Liga,Boavista,Casa Pia,1 - 1,0 - 1,X,2,Evet
2023-08-27,2023,Primeira Liga,Vitória SC,Vizela,2 - 0,0 - 0,1,2,Yok
2023-08-27,2023,Primeira Liga,Sporting CP,Famalicao,1 - 0,0 - 0,1,1,Yok
2023-08-28,2023,Primeira Liga,Rio Ave,FC Porto,1 - 2,0 - 0,2,3,Evet
2023-09-01,2023,Primeira Liga,Vizela,GIL Vicente,1 - 0,0 - 0,1,1,Yok
2023-09-02,2023,Primeira Liga,Casa Pia,Rio Ave,1 - 1,1 - 0,X,2,Evet
2023-09-02,2023,Primeira Liga,Portimonense,Estrela,1 - 1,1 - 1,X,2,Evet
2023-09-02,2023,Primeira Liga,Famalicao,Farense,1 - 0,0 - 0,1,1,Yok
2023-09-02,2023,Primeira Liga,Benfica,Vitória SC,4 - 0,3 - 0,1,4,Yok
2023-09-03,2023,Primeira Liga,Chaves,Moreirense,1 - 2,0 - 1,2,3,Evet
2023-09-03,2023,Primeira Liga,Estoril,Boavista,1 - 2,1 - 2,2,3,Evet
2023-09-03,2023,Primeira Liga,FC Porto,Arouca,1 - 1,0 - 0,X,2,Evet
2023-09-03,2023,Primeira Liga,SC Braga,Sporting CP,1 - 1,0 - 1,X,2,Evet
2023-09-09,2023,Primeira Liga,Moreirense,SC Braga,2 - 3,2 - 1,2,5,Evet
2023-09-15,2023,Primeira Liga,Estrela,FC Porto,0 - 1,0 - 1,2,1,Yok
2023-09-16,2023,Primeira Liga,Rio Ave,Famalicao,1 - 1,0 - 1,X,2,Evet
2023-09-16,2023,Primeira Liga,Farense,SC Braga,3 - 1,2 - 0,1,4,Evet
2023-09-16,2023,Primeira Liga,Vizela,Benfica,1 - 2,0 - 2,2,3,Evet
2023-09-17,2023,Primeira Liga,Arouca,Casa Pia,0 - 1,0 - 0,2,1,Yok
2023-09-17,2023,Primeira Liga,GIL Vicente,Estoril,5 - 3,3 - 0,1,8,Evet
2023-09-17,2023,Primeira Liga,Vitória SC,Portimonense,1 - 2,1 - 0,2,3,Evet
2023-09-17,2023,Primeira Liga,Sporting CP,Moreirense,3 - 0,0 - 0,1,3,Yok
2023-09-18,2023,Primeira Liga,Boavista,Chaves,4 - 1,4 - 0,1,5,Evet
2023-09-22,2023,Primeira Liga,Famalicao,Arouca,1 - 0,1 - 0,1,1,Yok
2023-09-23,2023,Primeira Liga,Moreirense,Farense,1 - 0,1 - 0,1,1,Yok
2023-09-23,2023,Primeira Liga,Estoril,Vizela,2 - 2,0 - 0,X,4,Evet
2023-09-23,2023,Primeira Liga,Casa Pia,Vitória SC,0 - 0,0 - 0,X,0,Yok
2023-09-23,2023,Primeira Liga,FC Porto,GIL Vicente,2 - 1,1 - 1,1,3,Evet
2023-09-24,2023,Primeira Liga,Chaves,Estrela,2 - 2,0 - 1,X,4,Evet
2023-09-24,2023,Primeira Liga,Portimonense,Benfica,1 - 3,0 - 2,2,4,Evet
2023-09-24,2023,Primeira Liga,SC Braga,Boavista,4 - 1,2 - 1,1,5,Evet
2023-09-25,2023,Primeira Liga,Sporting CP,Rio Ave,2 - 0,2 - 0,1,2,Yok
2023-09-28,2023,Primeira Liga,Estrela,SC Braga,2 - 4,0 - 1,2,6,Evet
2023-09-29,2023,Primeira Liga,Benfica,FC Porto,1 - 0,0 - 0,1,1,Yok
2023-09-30,2023,Primeira Liga,Vizela,Portimonense,2 - 3,0 - 2,2,5,Evet
2023-09-30,2023,Primeira Liga,Boavista,Famalicao,2 - 2,1 - 1,X,4,Evet
2023-09-30,2023,Primeira Liga,Farense,Sporting CP,2 - 3,1 - 2,2,5,Evet
2023-10-01,2023,Primeira Liga,Arouca,Chaves,0 - 2,0 - 0,2,2,Yok
2023-10-01,2023,Primeira Liga,Vitória SC,Estoril,3 - 2,0 - 2,1,5,Evet
2023-10-01,2023,Primeira Liga,Rio Ave,Moreirense,0 - 4,0 - 2,2,4,Yok
2023-10-02,2023,Primeira Liga,GIL Vicente,Casa Pia,2 - 0,0 - 0,1,2,Yok
2023-10-06,2023,Primeira Liga,Moreirense,Boavista,1 - 1,1 - 1,X,2,Evet
2023-10-07,2023,Primeira Liga,Chaves,GIL Vicente,4 - 2,1 - 2,1,6,Evet
2023-10-07,2023,Primeira Liga,Farense,Vizela,0 - 0,0 - 0,X,0,Yok
2023-10-07,2023,Primeira Liga,SC Braga,Rio Ave,2 - 1,0 - 1,1,3,Evet
2023-10-07,2023,Primeira Liga,Estoril,Benfica,0 - 1,0 - 0,2,1,Yok
2023-10-08,2023,Primeira Liga,Famalicao,Vitória SC,1 - 3,0 - 2,2,4,Evet
2023-10-08,2023,Primeira Liga,Casa Pia,Estrela,0 - 1,0 - 0,2,1,Yok
2023-10-08,2023,Primeira Liga,FC Porto,Portimonense,1 - 0,1 - 0,1,1,Yok
2023-10-08,2023,Primeira Liga,Sporting CP,Arouca,2 - 1,1 - 0,1,3,Evet
2023-10-27,2023,Primeira Liga,Arouca,Moreirense,0 - 1,0 - 1,2,1,Yok
2023-10-28,2023,Primeira Liga,Portimonense,Estoril,1 - 0,1 - 0,1,1,Yok
2023-10-28,2023,Primeira Liga,Benfica,Casa Pia,1 - 1,1 - 0,X,2,Evet
2023-10-28,2023,Primeira Liga,Vitória SC,Chaves,5 - 0,3 - 0,1,5,Yok
2023-10-28,2023,Primeira Liga,GIL Vicente,SC Braga,3 - 3,1 - 0,X,6,Evet
2023-10-29,2023,Primeira Liga,Rio Ave,Farense,3 - 4,2 - 2,2,7,Evet
2023-10-29,2023,Primeira Liga,Estrela,Famalicao,1 - 0,0 - 0,1,1,Yok
2023-10-29,2023,Primeira Liga,Vizela,FC Porto,0 - 2,0 - 2,2,2,Yok
2023-10-30,2023,Primeira Liga,Boavista,Sporting CP,0 - 2,0 - 1,2,2,Yok
2023-11-03,2023,Primeira Liga,FC Porto,Estoril,0 - 1,0 - 0,2,1,Yok
2023-11-04,2023,Primeira Liga,Chaves,Benfica,0 - 2,0 - 0,2,2,Yok
2023-11-04,2023,Primeira Liga,Famalicao,GIL Vicente,3 - 1,2 - 0,1,4,Evet
2023-11-04,2023,Primeira Liga,SC Braga,Portimonense,6 - 1,0 - 1,1,7,Evet
2023-11-05,2023,Primeira Liga,Moreirense,Vitória SC,1 - 0,0 - 0,1,1,Yok
2023-11-05,2023,Primeira Liga,Casa Pia,Vizela,0 - 1,0 - 0,2,1,Yok
2023-11-05,2023,Primeira Liga,Rio Ave,Boavista,2 - 0,1 - 0,1,2,Yok
2023-11-05,2023,Primeira Liga,Sporting CP,Estrela,3 - 2,1 - 0,1,5,Evet
2023-11-06,2023,Primeira Liga,Farense,Arouca,2 - 0,2 - 0,1,2,Yok
2023-11-10,2023,Primeira Liga,Estoril,Casa Pia,4 - 0,2 - 0,1,4,Yok
2023-11-11,2023,Primeira Liga,Portimonense,Chaves,2 - 1,2 - 0,1,3,Evet
2023-11-11,2023,Primeira Liga,Vizela,Famalicao,0 - 0,0 - 0,X,0,Yok
2023-11-11,2023,Primeira Liga,Estrela,Moreirense,0 - 1,0 - 0,2,1,Yok
2023-11-11,2023,Primeira Liga,Vitória SC,FC Porto,1 - 2,1 - 1,2,3,Evet
2023-11-12,2023,Primeira Liga,Boavista,Farense,1 - 3,0 - 1,2,4,Evet
2023-11-12,2023,Primeira Liga,GIL Vicente,Rio Ave,1 - 1,0 - 0,X,2,Evet
2023-11-12,2023,Primeira Liga,Arouca,SC Braga,0 - 1,0 - 1,2,1,Yok
2023-11-12,2023,Primeira Liga,Benfica,Sporting CP,2 - 1,0 - 1,1,3,Evet
2023-12-01,2023,Primeira Liga,Chaves,Vizela,2 - 1,1 - 1,1,3,Evet
2023-12-02,2023,Primeira Liga,Rio Ave,Estrela,1 - 1,0 - 0,X,2,Evet
2023-12-02,2023,Primeira Liga,Farense,Vitória SC,1 - 2,0 - 1,2,3,Evet
2023-12-02,2023,Primeira Liga,Famalicao,FC Porto,0 - 3,0 - 2,2,3,Yok
2023-12-02,2023,Primeira Liga,Casa Pia,Portimonense,1 - 0,0 - 0,1,1,Yok
2023-12-03,2023,Primeira Liga,SC Braga,Estoril,3 - 1,1 - 1,1,4,Evet
2023-12-03,2023,Primeira Liga,Moreirense,Benfica,0 - 0,0 - 0,X,0,Yok
2023-12-03,2023,Primeira Liga,Boavista,Arouca,0 - 4,0 - 3,2,4,Yok
2023-12-04,2023,Primeira Liga,Sporting CP,GIL Vicente,3 - 1,1 - 1,1,4,Evet
2023-12-08,2023,Primeira Liga,Vizela,SC Braga,1 - 3,0 - 1,2,4,Evet
2023-12-08,2023,Primeira Liga,Benfica,Farense,1 - 1,0 - 0,X,2,Evet
2023-12-09,2023,Primeira Liga,Portimonense,Famalicao,1 - 1,0 - 1,X,2,Evet
2023-12-09,2023,Primeira Liga,Vitória SC,Sporting CP,3 - 2,1 - 1,1,5,Evet
2023-12-09,2023,Primeira Liga,FC Porto,Casa Pia,3 - 1,1 - 0,1,4,Evet
2023-12-10,2023,Primeira Liga,Estrela,Boavista,3 - 1,0 - 0,1,4,Evet
2023-12-10,2023,Primeira Liga,Arouca,Rio Ave,2 - 2,0 - 2,X,4,Evet
2023-12-10,2023,Primeira Liga,Estoril,Chaves,4 - 0,1 - 0,1,4,Yok
2023-12-11,2023,Primeira Liga,GIL Vicente,Moreirense,1 - 1,1 - 0,X,2,Evet
2023-12-15,2023,Primeira Liga,Farense,Estrela,0 - 0,0 - 0,X,0,Yok
2023-12-16,2023,Primeira Liga,Rio Ave,Vizela,1 - 1,0 - 0,X,2,Evet
2023-12-16,2023,Primeira Liga,Arouca,GIL Vicente,3 - 0,1 - 0,1,3,Yok
2023-12-16,2023,Primeira Liga,Boavista,Vitória SC,1 - 1,0 - 1,X,2,Evet
2023-12-17,2023,Primeira Liga,Moreirense,Portimonense,5 - 2,2 - 1,1,7,Evet
2023-12-17,2023,Primeira Liga,Chaves,Casa Pia,1 - 3,1 - 2,2,4,Evet
2023-12-17,2023,Primeira Liga,Famalicao,Estoril,1 - 1,1 - 1,X,2,Evet
2023-12-17,2023,Primeira Liga,SC Braga,Benfica,0 - 1,0 - 1,2,1,Yok
2023-12-18,2023,Primeira Liga,Sporting CP,FC Porto,2 - 0,1 - 0,1,2,Yok
2023-12-23,2023,Primeira Liga,Vitória SC,Rio Ave,1 - 0,0 - 0,1,1,Yok
2023-12-23,2023,Primeira Liga,Vizela,Moreirense,0 - 0,0 - 0,X,0,Yok
2023-12-28,2023,Primeira Liga,Estrela,Arouca,1 - 4,1 - 0,2,5,Evet
2023-12-29,2023,Primeira Liga,Benfica,Famalicao,3 - 0,1 - 0,1,3,Yok
2023-12-29,2023,Primeira Liga,FC Porto,Chaves,1 - 0,0 - 0,1,1,Yok
2023-12-30,2023,Primeira Liga,Estoril,Farense,4 - 0,2 - 0,1,4,Yok
2023-12-30,2023,Primeira Liga,GIL Vicente,Boavista,1 - 0,0 - 0,1,1,Yok
2023-12-30,2023,Primeira Liga,Casa Pia,SC Braga,1 - 3,0 - 0,2,4,Evet
2023-12-30,2023,Primeira Liga,Portimonense,Sporting CP,1 - 2,0 - 0,2,3,Evet
2024-01-05,2023,Primeira Liga,Sporting CP,Estoril,5 - 1,2 - 0,1,6,Evet
2024-01-05,2023,Primeira Liga,Boavista,FC Porto,1 - 1,1 - 1,X,2,Evet
2024-01-06,2023,Primeira Liga,Farense,GIL Vicente,1 - 0,0 - 0,1,1,Yok
2024-01-06,2023,Primeira Liga,Estrela,Vizela,1 - 1,1 - 0,X,2,Evet
2024-01-06,2023,Primeira Liga,Arouca,Benfica,0 - 3,0 - 1,2,3,Yok
2024-01-06,2023,Primeira Liga,SC Braga,Vitória SC,1 - 1,0 - 0,X,2,Evet
2024-01-07,2023,Primeira Liga,Rio Ave,Portimonense,2 - 0,0 - 0,1,2,Yok
2024-01-07,2023,Primeira Liga,Famalicao,Chaves,2 - 2,2 - 1,X,4,Evet
2024-01-08,2023,Primeira Liga,Moreirense,Casa Pia,1 - 4,1 - 3,2,5,Evet
2024-01-12,2023,Primeira Liga,Portimonense,Farense,1 - 0,0 - 0,1,1,Yok
2024-01-13,2023,Primeira Liga,Casa Pia,Famalicao,0 - 2,0 - 1,2,2,Yok
2024-01-13,2023,Primeira Liga,Chaves,Sporting CP,0 - 3,0 - 1,2,3,Yok
2024-01-13,2023,Primeira Liga,Estoril,Moreirense,1 - 3,0 - 2,2,4,Evet
2024-01-14,2023,Primeira Liga,GIL Vicente,Estrela,1 - 1,1 - 0,X,2,Evet
2024-01-14,2023,Primeira Liga,Benfica,Rio Ave,4 - 1,1 - 1,1,5,Evet
2024-01-14,2023,Primeira Liga,Vizela,Boavista,1 - 4,0 - 2,2,5,Evet
2024-01-14,2023,Primeira Liga,FC Porto,SC Braga,2 - 0,1 - 0,1,2,Yok
2024-01-15,2023,Primeira Liga,Vitória SC,Arouca,2 - 1,1 - 1,1,3,Evet
2024-01-18,2023,Primeira Liga,Famalicao,SC Braga,1 - 2,0 - 0,2,3,Evet
2024-01-18,2023,Primeira Liga,Vizela,Sporting CP,2 - 5,1 - 1,2,7,Evet
2024-01-19,2023,Primeira Liga,Benfica,Boavista,2 - 0,0 - 0,1,2,Yok
2024-01-20,2023,Primeira Liga,Estoril,Arouca,1 - 2,1 - 2,2,3,Evet
2024-01-20,2023,Primeira Liga,Casa Pia,Farense,1 - 3,0 - 2,2,4,Evet
2024-01-20,2023,Primeira Liga,FC Porto,Moreirense,5 - 0,1 - 0,1,5,Yok
2024-01-21,2023,Primeira Liga,Portimonense,GIL Vicente,0 - 2,0 - 1,2,2,Yok
2024-01-21,2023,Primeira Liga,Chaves,Rio Ave,0 - 0,0 - 0,X,0,Yok
2024-01-21,2023,Primeira Liga,Vitória SC,Estrela,3 - 0,1 - 0,1,3,Yok
2024-01-28,2023,Primeira Liga,Moreirense,Famalicao,1 - 0,0 - 0,1,1,Yok
2024-01-28,2023,Primeira Liga,Boavista,Portimonense,1 - 4,0 - 3,2,5,Evet
2024-01-28,2023,Primeira Liga,Farense,FC Porto,1 - 3,0 - 2,2,4,Evet
2024-01-28,2023,Primeira Liga,Arouca,Vizela,5 - 0,2 - 0,1,5,Yok
2024-01-28,2023,Primeira Liga,GIL Vicente,Vitória SC,1 - 0,0 - 0,1,1,Yok
2024-01-29,2023,Primeira Liga,Estrela,Benfica,1 - 4,1 - 2,2,5,Evet
2024-01-29,2023,Primeira Liga,Sporting CP,Casa Pia,8 - 0,5 - 0,1,8,Yok
2024-01-31,2023,Primeira Liga,Rio Ave,Estoril,1 - 1,0 - 0,X,2,Evet
2024-01-31,2023,Primeira Liga,SC Braga,Chaves,1 - 1,0 - 0,X,2,Evet
2024-02-03,2023,Primeira Liga,Portimonense,Arouca,1 - 2,0 - 0,2,3,Evet
2024-02-03,2023,Primeira Liga,FC Porto,Rio Ave,0 - 0,0 - 0,X,0,Yok
2024-02-04,2023,Primeira Liga,Chaves,Farense,1 - 1,0 - 1,X,2,Evet
2024-02-04,2023,Primeira Liga,Vizela,Vitória SC,0 - 1,0 - 0,2,1,Yok
2024-02-04,2023,Primeira Liga,Benfica,GIL Vicente,3 - 0,2 - 0,1,3,Yok
2024-02-04,2023,Primeira Liga,Estoril,Estrela,1 - 0,0 - 0,1,1,Yok
2024-02-04,2023,Primeira Liga,SC Braga,Moreirense,1 - 0,1 - 0,1,1,Yok
2024-02-05,2023,Primeira Liga,Casa Pia,Boavista,0 - 0,0 - 0,X,0,Yok
2024-02-09,2023,Primeira Liga,Estrela,Portimonense,3 - 0,3 - 0,1,3,Yok
2024-02-10,2023,Primeira Liga,Farense,Famalicao,1 - 1,0 - 1,X,2,Evet
2024-02-10,2023,Primeira Liga,Moreirense,Chaves,1 - 0,0 - 0,1,1,Yok
2024-02-10,2023,Primeira Liga,Boavista,Estoril,2 - 1,2 - 0,1,3,Evet
2024-02-11,2023,Primeira Liga,Rio Ave,Casa Pia,1 - 0,0 - 0,1,1,Yok
2024-02-11,2023,Primeira Liga,Sporting CP,SC Braga,5 - 0,2 - 0,1,5,Yok
2024-02-11,2023,Primeira Liga,Vitória SC,Benfica,2 - 2,1 - 1,X,4,Evet
2024-02-12,2023,Primeira Liga,Arouca,FC Porto,3 - 2,2 - 1,1,5,Evet
2024-02-13,2023,Primeira Liga,GIL Vicente,Vizela,0 - 1,0 - 1,2,1,Yok
2024-02-16,2023,Primeira Liga,Famalicao,Rio Ave,2 - 1,1 - 1,1,3,Evet
2024-02-17,2023,Primeira Liga,Chaves,Boavista,2 - 1,1 - 1,1,3,Evet
2024-02-17,2023,Primeira Liga,Portimonense,Vitória SC,1 - 1,0 - 1,X,2,Evet
2024-02-17,2023,Primeira Liga,FC Porto,Estrela,2 - 0,1 - 0,1,2,Yok
2024-02-18,2023,Primeira Liga,Casa Pia,Arouca,1 - 0,0 - 0,1,1,Yok
2024-02-18,2023,Primeira Liga,Benfica,Vizela,6 - 1,5 - 0,1,7,Evet
2024-02-18,2023,Primeira Liga,Estoril,GIL Vicente,1 - 3,0 - 0,2,4,Evet
2024-02-18,2023,Primeira Liga,SC Braga,Farense,2 - 1,0 - 0,1,3,Evet
2024-02-19,2023,Primeira Liga,Moreirense,Sporting CP,0 - 2,0 - 2,2,2,Yok
2024-02-23,2023,Primeira Liga,Arouca,Famalicao,3 - 2,2 - 1,1,5,Evet
2024-02-24,2023,Primeira Liga,Farense,Moreirense,0 - 1,0 - 1,2,1,Yok
2024-02-24,2023,Primeira Liga,Estrela,Chaves,1 - 1,1 - 1,X,2,Evet
2024-02-24,2023,Primeira Liga,Vitória SC,Casa Pia,0 - 2,0 - 2,2,2,Yok
2024-02-25,2023,Primeira Liga,Vizela,Estoril,3 - 3,2 - 0,X,6,Evet
2024-02-25,2023,Primeira Liga,Benfica,Portimonense,4 - 0,0 - 0,1,4,Yok
2024-02-25,2023,Primeira Liga,GIL Vicente,FC Porto,1 - 1,0 - 0,X,2,Evet
2024-02-25,2023,Primeira Liga,Rio Ave,Sporting CP,3 - 3,2 - 2,X,6,Evet
2024-02-26,2023,Primeira Liga,Boavista,SC Braga,0 - 4,0 - 2,2,4,Yok
2024-03-01,2023,Primeira Liga,Chaves,Arouca,1 - 5,1 - 2,2,6,Evet
2024-03-02,2023,Primeira Liga,Moreirense,Rio Ave,0 - 0,0 - 0,X,0,Yok
2024-03-02,2023,Primeira Liga,Estoril,Vitória SC,1 - 3,0 - 3,2,4,Evet
2024-03-02,2023,Primeira Liga,SC Braga,Estrela,3 - 0,0 - 0,1,3,Yok
2024-03-03,2023,Primeira Liga,Portimonense,Vizela,0 - 0,0 - 0,X,0,Yok
2024-03-03,2023,Primeira Liga,Casa Pia,GIL Vicente,0 - 0,0 - 0,X,0,Yok
2024-03-03,2023,Primeira Liga,Sporting CP,Farense,3 - 2,2 - 1,1,5,Evet
2024-03-03,2023,Primeira Liga,FC Porto,Benfica,5 - 0,2 - 0,1,5,Yok
2024-03-04,2023,Primeira Liga,Famalicao,Boavista,1 - 1,1 - 0,X,2,Evet
2024-03-08,2023,Primeira Liga,Portimonense,FC Porto,0 - 3,0 - 1,2,3,Yok
2024-03-08,2023,Primeira Liga,Estrela,Casa Pia,3 - 1,0 - 0,1,4,Evet
2024-03-09,2023,Primeira Liga,Vizela,Farense,2 - 1,0 - 1,1,3,Evet
2024-03-09,2023,Primeira Liga,Boavista,Moreirense,1 - 0,0 - 0,1,1,Yok
2024-03-09,2023,Primeira Liga,Rio Ave,SC Braga,0 - 0,0 - 0,X,0,Yok
2024-03-09,2023,Primeira Liga,Vitória SC,Famalicao,1 - 0,1 - 0,1,1,Yok
2024-03-10,2023,Primeira Liga,Arouca,Sporting CP,0 - 3,0 - 1,2,3,Yok
2024-03-10,2023,Primeira Liga,Benfica,Estoril,3 - 1,2 - 1,1,4,Evet
2024-03-11,2023,Primeira Liga,GIL Vicente,Chaves,0 - 0,0 - 0,X,0,Yok
2024-03-15,2023,Primeira Liga,Estoril,Portimonense,1 - 0,0 - 0,1,1,Yok
2024-03-16,2023,Primeira Liga,Famalicao,Estrela,0 - 0,0 - 0,X,0,Yok
2024-03-16,2023,Primeira Liga,SC Braga,GIL Vicente,2 - 1,1 - 0,1,3,Evet
2024-03-16,2023,Primeira Liga,Farense,Rio Ave,1 - 1,1 - 0,X,2,Evet
2024-03-16,2023,Primeira Liga,FC Porto,Vizela,4 - 1,0 - 1,1,5,Evet
2024-03-17,2023,Primeira Liga,Moreirense,Arouca,1 - 0,1 - 0,1,1,Yok
2024-03-17,2023,Primeira Liga,Chaves,Vitória SC,1 - 2,1 - 1,2,3,Evet
2024-03-17,2023,Primeira Liga,Casa Pia,Benfica,0 - 1,0 - 0,2,1,Yok
2024-03-17,2023,Primeira Liga,Sporting CP,Boavista,6 - 1,1 - 1,1,7,Evet
2024-03-29,2023,Primeira Liga,GIL Vicente,Famalicao,1 - 2,0 - 1,2,3,Evet
2024-03-29,2023,Primeira Liga,Benfica,Chaves,1 - 0,0 - 0,1,1,Yok
2024-03-29,2023,Primeira Liga,Estrela,Sporting CP,1 - 2,1 - 2,2,3,Evet
2024-03-30,2023,Primeira Liga,Vitória SC,Moreirense,1 - 0,0 - 0,1,1,Yok
2024-03-30,2023,Primeira Liga,Arouca,Farense,2 - 1,1 - 0,1,3,Evet
2024-03-30,2023,Primeira Liga,Boavista,Rio Ave,0 - 0,0 - 0,X,0,Yok
2024-03-30,2023,Primeira Liga,Estoril,FC Porto,1 - 0,0 - 0,1,1,Yok
2024-03-31,2023,Primeira Liga,Vizela,Casa Pia,0 - 4,0 - 1,2,4,Yok
2024-04-01,2023,Primeira Liga,Portimonense,SC Braga,3 - 5,1 - 2,2,8,Evet
2024-04-05,2023,Primeira Liga,Farense,Boavista,2 - 0,2 - 0,1,2,Yok
2024-04-06,2023,Primeira Liga,Rio Ave,GIL Vicente,3 - 0,2 - 0,1,3,Yok
2024-04-06,2023,Primeira Liga,Famalicao,Vizela,3 - 2,2 - 0,1,5,Evet
2024-04-06,2023,Primeira Liga,SC Braga,Arouca,0 - 3,0 - 2,2,3,Yok
2024-04-06,2023,Primeira Liga,Sporting CP,Benfica,2 - 1,1 - 1,1,3,Evet
2024-04-07,2023,Primeira Liga,Chaves,Portimonense,2 - 3,1 - 0,2,5,Evet
2024-04-07,2023,Primeira Liga,Moreirense,Estrela,2 - 2,2 - 0,X,4,Evet
2024-04-07,2023,Primeira Liga,FC Porto,Vitória SC,1 - 2,1 - 2,2,3,Evet
2024-04-08,2023,Primeira Liga,Casa Pia,Estoril,0 - 0,0 - 0,X,0,Yok
2024-04-12,2023,Primeira Liga,GIL Vicente,Sporting CP,0 - 4,0 - 4,2,4,Yok
2024-04-13,2023,Primeira Liga,Vitória SC,Farense,1 - 1,0 - 1,X,2,Evet
2024-04-13,2023,Primeira Liga,FC Porto,Famalicao,2 - 2,1 - 2,X,4,Evet
2024-04-13,2023,Primeira Liga,Estoril,SC Braga,0 - 1,0 - 0,2,1,Yok
2024-04-14,2023,Primeira Liga,Estrela,Rio Ave,2 - 2,1 - 1,X,4,Evet
2024-04-14,2023,Primeira Liga,Portimonense,Casa Pia,2 - 2,2 - 1,X,4,Evet
2024-04-14,2023,Primeira Liga,Arouca,Boavista,2 - 1,2 - 0,1,3,Evet
2024-04-14,2023,Primeira Liga,Benfica,Moreirense,3 - 0,2 - 0,1,3,Yok
2024-04-15,2023,Primeira Liga,Vizela,Chaves,0 - 1,0 - 1,2,1,Yok
2024-04-16,2023,Primeira Liga,Famalicao,Sporting CP,0 - 1,0 - 1,2,1,Yok
2024-04-19,2023,Primeira Liga,Rio Ave,Arouca,1 - 1,1 - 0,X,2,Evet
2024-04-20,2023,Primeira Liga,Moreirense,GIL Vicente,0 - 1,0 - 1,2,1,Yok
2024-04-20,2023,Primeira Liga,Boavista,Estrela,1 - 1,0 - 0,X,2,Evet
2024-04-20,2023,Primeira Liga,SC Braga,Vizela,2 - 1,0 - 0,1,3,Evet
2024-04-21,2023,Primeira Liga,Chaves,Estoril,2 - 2,1 - 0,X,4,Evet
2024-04-21,2023,Primeira Liga,Famalicao,Portimonense,2 - 2,0 - 1,X,4,Evet
2024-04-21,2023,Primeira Liga,Casa Pia,FC Porto,1 - 2,1 - 1,2,3,Evet
2024-04-21,2023,Primeira Liga,Sporting CP,Vitória SC,3 - 0,2 - 0,1,3,Yok
2024-04-22,2023,Primeira Liga,Farense,Benfica,1 - 3,1 - 2,2,4,Evet
2024-04-26,2023,Primeira Liga,GIL Vicente,Arouca,2 - 2,0 - 0,X,4,Evet
2024-04-27,2023,Primeira Liga,Vizela,Rio Ave,1 - 1,1 - 1,X,2,Evet
2024-04-27,2023,Primeira Liga,Casa Pia,Chaves,3 - 1,1 - 0,1,4,Evet
2024-04-27,2023,Primeira Liga,Benfica,SC Braga,3 - 1,0 - 1,1,4,Evet
2024-04-27,2023,Primeira Liga,Vitória SC,Boavista,1 - 0,1 - 0,1,1,Yok
2024-04-28,2023,Primeira Liga,Portimonense,Moreirense,0 - 2,0 - 0,2,2,Yok
2024-04-28,2023,Primeira Liga,Estoril,Famalicao,1 - 0,1 - 0,1,1,Yok
2024-04-28,2023,Primeira Liga,FC Porto,Sporting CP,2 - 2,2 - 0,X,4,Evet
2024-04-29,2023,Primeira Liga,Estrela,Farense,0 - 3,0 - 1,2,3,Yok
2024-05-03,2023,Primeira Liga,Moreirense,Vizela,1 - 0,1 - 0,1,1,Yok
2024-05-04,2023,Primeira Liga,Boavista,GIL Vicente,1 - 1,1 - 1,X,2,Evet
2024-05-04,2023,Primeira Liga,Rio Ave,Vitória SC,2 - 1,1 - 0,1,3,Evet
2024-05-04,2023,Primeira Liga,Sporting CP,Portimonense,3 - 0,1 - 0,1,3,Yok
2024-05-04,2023,Primeira Liga,Chaves,FC Porto,0 - 3,0 - 2,2,3,Yok
2024-05-05,2023,Primeira Liga,Farense,Estoril,3 - 2,2 - 1,1,5,Evet
2024-05-05,2023,Primeira Liga,SC Braga,Casa Pia,4 - 3,1 - 1,1,7,Evet
2024-05-05,2023,Primeira Liga,Arouca,Estrela,0 - 0,0 - 0,X,0,Yok
2024-05-05,2023,Primeira Liga,Famalicao,Benfica,2 - 0,0 - 0,1,2,Yok
2024-05-10,2023,Primeira Liga,Chaves,Famalicao,0 - 1,0 - 1,2,1,Yok
2024-05-11,2023,Primeira Liga,Portimonense,Rio Ave,2 - 2,0 - 1,X,4,Evet
2024-05-11,2023,Primeira Liga,Vizela,Estrela,4 - 0,1 - 0,1,4,Yok
2024-05-11,2023,Primeira Liga,Estoril,Sporting CP,0 - 1,0 - 0,2,1,Yok
2024-05-11,2023,Primeira Liga,Vitória SC,SC Braga,2 - 3,1 - 1,2,5,Evet
2024-05-12,2023,Primeira Liga,GIL Vicente,Farense,2 - 0,2 - 0,1,2,Yok
2024-05-12,2023,Primeira Liga,Benfica,Arouca,5 - 0,3 - 0,1,5,Yok
2024-05-12,2023,Primeira Liga,Casa Pia,Moreirense,0 - 1,0 - 1,2,1,Yok
2024-05-12,2023,Primeira Liga,FC Porto,Boavista,2 - 1,0 - 0,1,3,Evet
2024-05-17,2023,Primeira Liga,Famalicao,Casa Pia,1 - 2,1 - 1,2,3,Evet
2024-05-17,2023,Primeira Liga,Rio Ave,Benfica,1 - 1,0 - 1,X,2,Evet
2024-05-18,2023,Primeira Liga,Boavista,Vizela,2 - 2,0 - 1,X,4,Evet
2024-05-18,2023,Primeira Liga,Farense,Portimonense,1 - 3,0 - 2,2,4,Evet
2024-05-18,2023,Primeira Liga,Arouca,Vitória SC,1 - 3,1 - 0,2,4,Evet
2024-05-18,2023,Primeira Liga,Estrela,GIL Vicente,1 - 0,1 - 0,1,1,Yok
2024-05-18,2023,Primeira Liga,Moreirense,Estoril,2 - 1,1 - 0,1,3,Evet
2024-05-18,2023,Primeira Liga,Sporting CP,Chaves,3 - 0,2 - 0,1,3,Yok
2024-05-18,2023,Primeira Liga,SC Braga,FC Porto,0 - 1,0 - 0,2,1,Yok
2024-05-25,2023,Primeira Liga,Portimonense,AVS,1 - 2,0 - 1,2,3,Evet
2024-06-02,2023,Primeira Liga,AVS,Portimonense,2 - 1,0 - 0,1,3,Evet
2022-08-05,2022,Primeira Liga,Benfica,Arouca,4 - 0,3 - 0,1,4,Yok
2022-08-06,2022,Primeira Liga,Rio Ave,Vizela,0 - 1,0 - 0,2,1,Yok
2022-08-06,2022,Primeira Liga,Estoril,Famalicao,2 - 0,2 - 0,1,2,Yok
2022-08-06,2022,Primeira Liga,FC Porto,Maritimo,5 - 1,3 - 0,1,6,Evet
2022-08-07,2022,Primeira Liga,Santa Clara,Casa Pia,0 - 0,0 - 0,X,0,Yok
2022-08-07,2022,Primeira Liga,SC Braga,Sporting CP,3 - 3,2 - 2,X,6,Evet
2022-08-07,2022,Primeira Liga,Portimonense,Boavista,0 - 1,0 - 1,2,1,Yok
2022-08-07,2022,Primeira Liga,Chaves,Vitória SC,0 - 1,0 - 1,2,1,Yok
2022-08-08,2022,Primeira Liga,GIL Vicente,Pacos Ferreira,1 - 0,0 - 0,1,1,Yok
2022-08-12,2022,Primeira Liga,Famalicao,SC Braga,0 - 3,0 - 2,2,3,Yok
2022-08-13,2022,Primeira Liga,Casa Pia,Benfica,0 - 1,0 - 0,2,1,Yok
2022-08-13,2022,Primeira Liga,Sporting CP,Rio Ave,3 - 0,1 - 0,1,3,Yok
2022-08-14,2022,Primeira Liga,Boavista,Santa Clara,2 - 1,0 - 1,1,3,Evet
2022-08-14,2022,Primeira Liga,Vizela,FC Porto,0 - 1,0 - 0,2,1,Yok
2022-08-14,2022,Primeira Liga,Vitória SC,Estoril,1 - 0,1 - 0,1,1,Yok
2022-08-15,2022,Primeira Liga,Maritimo,Chaves,1 - 2,1 - 0,2,3,Evet
2022-08-15,2022,Primeira Liga,Arouca,GIL Vicente,1 - 0,1 - 0,1,1,Yok
2022-08-15,2022,Primeira Liga,Pacos Ferreira,Portimonense,0 - 3,0 - 1,2,3,Yok
2022-08-19,2022,Primeira Liga,Estoril,Rio Ave,2 - 2,1 - 0,X,4,Evet
2022-08-20,2022,Primeira Liga,Santa Clara,Arouca,1 - 2,0 - 0,2,3,Evet
2022-08-20,2022,Primeira Liga,Chaves,Vizela,1 - 1,1 - 1,X,2,Evet
2022-08-20,2022,Primeira Liga,FC Porto,Sporting CP,3 - 0,1 - 0,1,3,Yok
2022-08-21,2022,Primeira Liga,Casa Pia,Boavista,2 - 0,0 - 0,1,2,Yok
2022-08-21,2022,Primeira Liga,SC Braga,Maritimo,5 - 0,2 - 0,1,5,Yok
2022-08-21,2022,Primeira Liga,Portimonense,Vitória SC,2 - 1,0 - 0,1,3,Evet
2022-08-22,2022,Primeira Liga,GIL Vicente,Famalicao,0 - 0,0 - 0,X,0,Yok
2022-08-26,2022,Primeira Liga,Pacos Ferreira,Estoril,0 - 3,0 - 2,2,3,Yok
2022-08-27,2022,Primeira Liga,Maritimo,Portimonense,0 - 1,0 - 1,2,1,Yok
2022-08-27,2022,Primeira Liga,Boavista,Benfica,0 - 3,0 - 1,2,3,Yok
2022-08-27,2022,Primeira Liga,Sporting CP,Chaves,0 - 2,0 - 0,2,2,Yok
2022-08-28,2022,Primeira Liga,Famalicao,Santa Clara,1 - 0,1 - 0,1,1,Yok
2022-08-28,2022,Primeira Liga,Arouca,SC Braga,0 - 6,0 - 4,2,6,Yok
2022-08-28,2022,Primeira Liga,Rio Ave,FC Porto,3 - 1,3 - 0,1,4,Evet
2022-08-29,2022,Primeira Liga,Vitória SC,Casa Pia,0 - 1,0 - 1,2,1,Yok
2022-08-29,2022,Primeira Liga,Vizela,GIL Vicente,2 - 2,2 - 2,X,4,Evet
2022-08-30,2022,Primeira Liga,Benfica,Pacos Ferreira,3 - 2,2 - 1,1,5,Evet
2022-09-02,2022,Primeira Liga,Benfica,Vizela,2 - 1,0 - 1,1,3,Evet
2022-09-02,2022,Primeira Liga,Estoril,Sporting CP,0 - 2,0 - 2,2,2,Yok
2022-09-03,2022,Primeira Liga,SC Braga,Vitória SC,1 - 0,0 - 0,1,1,Yok
2022-09-03,2022,Primeira Liga,GIL Vicente,FC Porto,0 - 2,0 - 2,2,2,Yok
2022-09-04,2022,Primeira Liga,Casa Pia,Arouca,0 - 0,0 - 0,X,0,Yok
2022-09-04,2022,Primeira Liga,Santa Clara,Maritimo,2 - 1,0 - 1,1,3,Evet
2022-09-04,2022,Primeira Liga,Portimonense,Famalicao,1 - 0,0 - 0,1,1,Yok
2022-09-05,2022,Primeira Liga,Boavista,Pacos Ferreira,1 - 0,0 - 0,1,1,Yok
2022-09-05,2022,Primeira Liga,Chaves,Rio Ave,1 - 1,1 - 0,X,2,Evet
2022-09-09,2022,Primeira Liga,Vitória SC,Santa Clara,1 - 0,0 - 0,1,1,Yok
2022-09-10,2022,Primeira Liga,Famalicao,Benfica,0 - 1,0 - 0,2,1,Yok
2022-09-10,2022,Primeira Liga,Sporting CP,Portimonense,4 - 0,2 - 0,1,4,Yok
2022-09-10,2022,Primeira Liga,FC Porto,Chaves,3 - 0,1 - 0,1,3,Yok
2022-09-11,2022,Primeira Liga,Pacos Ferreira,Casa Pia,2 - 3,1 - 0,2,5,Evet
2022-09-11,2022,Primeira Liga,Maritimo,GIL Vicente,1 - 2,1 - 0,2,3,Evet
2022-09-11,2022,Primeira Liga,Arouca,Boavista,1 - 2,1 - 1,2,3,Evet
2022-09-11,2022,Primeira Liga,Rio Ave,SC Braga,2 - 3,0 - 2,2,5,Evet
2022-09-12,2022,Primeira Liga,Vizela,Estoril,0 - 1,0 - 1,2,1,Yok
2022-09-16,2022,Primeira Liga,Portimonense,Chaves,1 - 0,1 - 0,1,1,Yok
2022-09-17,2022,Primeira Liga,Santa Clara,Pacos Ferreira,1 - 1,1 - 0,X,2,Evet
2022-09-17,2022,Primeira Liga,GIL Vicente,Rio Ave,2 - 2,0 - 1,X,4,Evet
2022-09-17,2022,Primeira Liga,Estoril,FC Porto,1 - 1,1 - 0,X,2,Evet
2022-09-17,2022,Primeira Liga,Boavista,Sporting CP,2 - 1,1 - 0,1,3,Evet
2022-09-18,2022,Primeira Liga,Arouca,Vitória SC,2 - 2,1 - 0,X,4,Evet
2022-09-18,2022,Primeira Liga,Benfica,Maritimo,5 - 0,1 - 0,1,5,Yok
2022-09-18,2022,Primeira Liga,Casa Pia,Famalicao,1 - 0,0 - 0,1,1,Yok
2022-09-18,2022,Primeira Liga,SC Braga,Vizela,2 - 0,0 - 0,1,2,Yok
2022-09-30,2022,Primeira Liga,Sporting CP,GIL Vicente,3 - 1,2 - 0,1,4,Evet
2022-09-30,2022,Primeira Liga,FC Porto,SC Braga,4 - 1,2 - 0,1,5,Evet
2022-10-01,2022,Primeira Liga,Vizela,Portimonense,1 - 0,1 - 0,1,1,Yok
2022-10-01,2022,Primeira Liga,Chaves,Estoril,1 - 1,1 - 0,X,2,Evet
2022-10-01,2022,Primeira Liga,Vitória SC,Benfica,0 - 0,0 - 0,X,0,Yok
2022-10-02,2022,Primeira Liga,Rio Ave,Santa Clara,1 - 0,1 - 0,1,1,Yok
2022-10-02,2022,Primeira Liga,Pacos Ferreira,Arouca,1 - 1,0 - 0,X,2,Evet
2022-10-02,2022,Primeira Liga,Famalicao,Boavista,4 - 0,2 - 0,1,4,Yok
2022-10-03,2022,Primeira Liga,Maritimo,Casa Pia,1 - 2,1 - 1,2,3,Evet
2022-10-07,2022,Primeira Liga,GIL Vicente,Estoril,0 - 1,0 - 0,2,1,Yok
2022-10-08,2022,Primeira Liga,Santa Clara,Sporting CP,1 - 2,0 - 1,2,3,Evet
2022-10-08,2022,Primeira Liga,Benfica,Rio Ave,4 - 2,3 - 1,1,6,Evet
2022-10-08,2022,Primeira Liga,Portimonense,FC Porto,0 - 2,0 - 1,2,2,Yok
2022-10-08,2022,Primeira Liga,Pacos Ferreira,Vitória SC,0 - 1,0 - 1,2,1,Yok
2022-10-09,2022,Primeira Liga,Boavista,Maritimo,1 - 1,1 - 0,X,2,Evet
2022-10-09,2022,Primeira Liga,Casa Pia,Vizela,0 - 1,0 - 0,2,1,Yok
2022-10-09,2022,Primeira Liga,SC Braga,Chaves,0 - 1,0 - 1,2,1,Yok
2022-10-10,2022,Primeira Liga,Arouca,Famalicao,4 - 1,1 - 1,1,5,Evet
2022-10-21,2022,Primeira Liga,FC Porto,Benfica,0 - 1,0 - 0,2,1,Yok
2022-10-22,2022,Primeira Liga,Famalicao,Pacos Ferreira,2 - 1,1 - 1,1,3,Evet
2022-10-22,2022,Primeira Liga,Estoril,SC Braga,0 - 2,0 - 2,2,2,Yok
2022-10-22,2022,Primeira Liga,Sporting CP,Casa Pia,3 - 1,0 - 1,1,4,Evet
2022-10-23,2022,Primeira Liga,Maritimo,Arouca,1 - 1,1 - 1,X,2,Evet
2022-10-23,2022,Primeira Liga,Vizela,Santa Clara,0 - 1,0 - 0,2,1,Yok
2022-10-23,2022,Primeira Liga,Chaves,GIL Vicente,3 - 1,0 - 1,1,4,Evet
2022-10-23,2022,Primeira Liga,Vitória SC,Boavista,3 - 2,1 - 1,1,5,Evet
2022-10-24,2022,Primeira Liga,Rio Ave,Portimonense,1 - 0,1 - 0,1,1,Yok
2022-10-28,2022,Primeira Liga,Pacos Ferreira,Maritimo,0 - 1,0 - 1,2,1,Yok
2022-10-29,2022,Primeira Liga,Santa Clara,FC Porto,1 - 1,0 - 1,X,2,Evet
2022-10-29,2022,Primeira Liga,Benfica,Chaves,5 - 0,3 - 0,1,5,Yok
2022-10-29,2022,Primeira Liga,Arouca,Sporting CP,1 - 0,0 - 0,1,1,Yok
2022-10-30,2022,Primeira Liga,Portimonense,Estoril,1 - 1,0 - 1,X,2,Evet
2022-10-30,2022,Primeira Liga,Boavista,Vizela,2 - 2,1 - 2,X,4,Evet
2022-10-30,2022,Primeira Liga,Casa Pia,Rio Ave,1 - 0,0 - 0,1,1,Yok
2022-10-30,2022,Primeira Liga,GIL Vicente,SC Braga,0 - 1,0 - 0,2,1,Yok
2022-10-31,2022,Primeira Liga,Vitória SC,Famalicao,3 - 2,1 - 0,1,5,Evet
2022-11-04,2022,Primeira Liga,GIL Vicente,Portimonense,1 - 2,1 - 1,2,3,Evet
2022-11-05,2022,Primeira Liga,Vizela,Arouca,0 - 1,0 - 1,2,1,Yok
2022-11-05,2022,Primeira Liga,FC Porto,Pacos Ferreira,4 - 0,3 - 0,1,4,Yok
2022-11-05,2022,Primeira Liga,Sporting CP,Vitória SC,3 - 0,2 - 0,1,3,Yok
2022-11-06,2022,Primeira Liga,Rio Ave,Boavista,1 - 0,0 - 0,1,1,Yok
2022-11-06,2022,Primeira Liga,Maritimo,Famalicao,0 - 0,0 - 0,X,0,Yok
2022-11-06,2022,Primeira Liga,SC Braga,Casa Pia,0 - 1,0 - 1,2,1,Yok
2022-11-06,2022,Primeira Liga,Estoril,Benfica,1 - 5,0 - 3,2,6,Evet
2022-11-07,2022,Primeira Liga,Chaves,Santa Clara,0 - 0,0 - 0,X,0,Yok
2022-11-12,2022,Primeira Liga,Arouca,Rio Ave,0 - 1,0 - 0,2,1,Yok
2022-11-12,2022,Primeira Liga,Boavista,FC Porto,1 - 4,0 - 1,2,5,Evet
2022-11-13,2022,Primeira Liga,Vitória SC,Maritimo,1 - 0,0 - 0,1,1,Yok
2022-11-13,2022,Primeira Liga,Pacos Ferreira,Vizela,0 - 2,0 - 0,2,2,Yok
2022-11-13,2022,Primeira Liga,Benfica,GIL Vicente,3 - 1,2 - 1,1,4,Evet
2022-11-13,2022,Primeira Liga,Portimonense,SC Braga,1 - 2,1 - 0,2,3,Evet
2022-11-13,2022,Primeira Liga,Casa Pia,Chaves,1 - 2,1 - 0,2,3,Evet
2022-11-13,2022,Primeira Liga,Famalicao,Sporting CP,1 - 2,0 - 2,2,3,Evet
2022-11-14,2022,Primeira Liga,Santa Clara,Estoril,3 - 1,2 - 1,1,4,Evet
2022-12-23,2022,Primeira Liga,Rio Ave,Maritimo,1 - 1,1 - 1,X,2,Evet
2022-12-28,2022,Primeira Liga,Portimonense,Casa Pia,1 - 2,1 - 1,2,3,Evet
2022-12-28,2022,Primeira Liga,FC Porto,Arouca,5 - 1,3 - 0,1,6,Evet
2022-12-29,2022,Primeira Liga,GIL Vicente,Santa Clara,1 - 0,1 - 0,1,1,Yok
2022-12-29,2022,Primeira Liga,Sporting CP,Pacos Ferreira,3 - 0,3 - 0,1,3,Yok
2022-12-30,2022,Primeira Liga,Chaves,Famalicao,0 - 2,0 - 1,2,2,Yok
2022-12-30,2022,Primeira Liga,Vizela,Vitória SC,3 - 0,1 - 0,1,3,Yok
2022-12-30,2022,Primeira Liga,SC Braga,Benfica,3 - 0,2 - 0,1,3,Yok
2023-01-05,2022,Primeira Liga,Santa Clara,SC Braga,0 - 4,0 - 2,2,4,Yok
2023-01-06,2022,Primeira Liga,Benfica,Portimonense,1 - 0,1 - 0,1,1,Yok
2023-01-06,2022,Primeira Liga,Famalicao,Vizela,2 - 1,1 - 0,1,3,Evet
2023-01-07,2022,Primeira Liga,Arouca,Estoril,2 - 0,1 - 0,1,2,Yok
2023-01-07,2022,Primeira Liga,Vitória SC,Rio Ave,0 - 0,0 - 0,X,0,Yok
2023-01-07,2022,Primeira Liga,Casa Pia,FC Porto,0 - 0,0 - 0,X,0,Yok
2023-01-08,2022,Primeira Liga,Pacos Ferreira,Chaves,1 - 1,0 - 0,X,2,Evet
2023-01-08,2022,Primeira Liga,Maritimo,Sporting CP,1 - 0,0 - 0,1,1,Yok
2023-01-08,2022,Primeira Liga,Boavista,GIL Vicente,1 - 0,1 - 0,1,1,Yok
2023-01-13,2022,Primeira Liga,Portimonense,Santa Clara,0 - 0,0 - 0,X,0,Yok
2023-01-14,2022,Primeira Liga,Vizela,Maritimo,3 - 0,2 - 0,1,3,Yok
2023-01-14,2022,Primeira Liga,Rio Ave,Pacos Ferreira,0 - 1,0 - 1,2,1,Yok
2023-01-14,2022,Primeira Liga,SC Braga,Boavista,1 - 0,0 - 0,1,1,Yok
2023-01-15,2022,Primeira Liga,Chaves,Arouca,1 - 1,1 - 0,X,2,Evet
2023-01-15,2022,Primeira Liga,Benfica,Sporting CP,2 - 2,1 - 1,X,4,Evet
2023-01-15,2022,Primeira Liga,FC Porto,Famalicao,4 - 1,3 - 0,1,5,Evet
2023-01-16,2022,Primeira Liga,Estoril,Casa Pia,2 - 0,1 - 0,1,2,Yok
2023-01-16,2022,Primeira Liga,GIL Vicente,Vitória SC,2 - 1,1 - 1,1,3,Evet
2023-01-20,2022,Primeira Liga,Arouca,Portimonense,4 - 0,2 - 0,1,4,Yok
2023-01-20,2022,Primeira Liga,Sporting CP,Vizela,2 - 1,0 - 0,1,3,Evet
2023-01-21,2022,Primeira Liga,Pacos Ferreira,SC Braga,1 - 2,0 - 0,2,3,Evet
2023-01-21,2022,Primeira Liga,Santa Clara,Benfica,0 - 3,0 - 2,2,3,Yok
2023-01-21,2022,Primeira Liga,Vitória SC,FC Porto,0 - 1,0 - 1,2,1,Yok
2023-01-22,2022,Primeira Liga,Maritimo,Estoril,1 - 0,1 - 0,1,1,Yok
2023-01-22,2022,Primeira Liga,Casa Pia,GIL Vicente,1 - 3,0 - 0,2,4,Evet
2023-01-22,2022,Primeira Liga,Famalicao,Rio Ave,0 - 0,0 - 0,X,0,Yok
2023-01-23,2022,Primeira Liga,Boavista,Chaves,1 - 1,1 - 0,X,2,Evet
2023-01-26,2022,Primeira Liga,Pacos Ferreira,Benfica,0 - 2,0 - 2,2,2,Yok
2023-01-29,2022,Primeira Liga,Vizela,Rio Ave,3 - 1,0 - 1,1,4,Evet
2023-01-29,2022,Primeira Liga,Casa Pia,Santa Clara,2 - 1,0 - 0,1,3,Evet
2023-01-29,2022,Primeira Liga,Boavista,Portimonense,4 - 2,0 - 0,1,6,Evet
2023-01-29,2022,Primeira Liga,Famalicao,Estoril,1 - 0,0 - 0,1,1,Yok
2023-01-30,2022,Primeira Liga,Vitória SC,Chaves,2 - 1,1 - 0,1,3,Evet
2023-01-31,2022,Primeira Liga,Pacos Ferreira,GIL Vicente,2 - 1,1 - 0,1,3,Evet
2023-01-31,2022,Primeira Liga,Arouca,Benfica,0 - 3,0 - 1,2,3,Yok
2023-02-01,2022,Primeira Liga,Maritimo,FC Porto,0 - 2,0 - 0,2,2,Yok
2023-02-01,2022,Primeira Liga,Sporting CP,SC Braga,5 - 0,1 - 0,1,5,Yok
2023-02-04,2022,Primeira Liga,Santa Clara,Boavista,2 - 2,0 - 1,X,4,Evet
2023-02-04,2022,Primeira Liga,Benfica,Casa Pia,3 - 0,2 - 0,1,3,Yok
2023-02-04,2022,Primeira Liga,Estoril,Vitória SC,0 - 1,0 - 1,2,1,Yok
2023-02-05,2022,Primeira Liga,SC Braga,Famalicao,4 - 1,1 - 0,1,5,Evet
2023-02-05,2022,Primeira Liga,Chaves,Maritimo,2 - 1,2 - 1,1,3,Evet
2023-02-05,2022,Primeira Liga,FC Porto,Vizela,2 - 0,1 - 0,1,2,Yok
2023-02-05,2022,Primeira Liga,GIL Vicente,Arouca,1 - 1,1 - 1,X,2,Evet
2023-02-06,2022,Primeira Liga,Portimonense,Pacos Ferreira,1 - 0,0 - 0,1,1,Yok
2023-02-06,2022,Primeira Liga,Rio Ave,Sporting CP,0 - 1,0 - 0,2,1,Yok
2023-02-09,2022,Primeira Liga,Estoril,Boavista,2 - 1,0 - 1,1,3,Evet
2023-02-10,2022,Primeira Liga,Vizela,Chaves,0 - 0,0 - 0,X,0,Yok
2023-02-11,2022,Primeira Liga,Arouca,Santa Clara,1 - 0,0 - 0,1,1,Yok
2023-02-11,2022,Primeira Liga,Vitória SC,Portimonense,1 - 0,1 - 0,1,1,Yok
2023-02-12,2022,Primeira Liga,Famalicao,GIL Vicente,0 - 1,0 - 0,2,1,Yok
2023-02-12,2022,Primeira Liga,Sporting CP,FC Porto,1 - 2,0 - 0,2,3,Evet
2023-02-12,2022,Primeira Liga,Maritimo,SC Braga,1 - 2,1 - 2,2,3,Evet
2023-02-13,2022,Primeira Liga,Rio Ave,Estoril,2 - 0,0 - 0,1,2,Yok
2023-02-13,2022,Primeira Liga,Boavista,Casa Pia,0 - 0,0 - 0,X,0,Yok
2023-02-17,2022,Primeira Liga,GIL Vicente,Vizela,1 - 1,0 - 0,X,2,Evet
2023-02-18,2022,Primeira Liga,Portimonense,Maritimo,2 - 1,0 - 1,1,3,Evet
2023-02-18,2022,Primeira Liga,Estoril,Pacos Ferreira,1 - 3,0 - 2,2,4,Evet
2023-02-18,2022,Primeira Liga,FC Porto,Rio Ave,1 - 0,1 - 0,1,1,Yok
2023-02-19,2022,Primeira Liga,Santa Clara,Famalicao,1 - 3,0 - 0,2,4,Evet
2023-02-19,2022,Primeira Liga,SC Braga,Arouca,2 - 0,1 - 0,1,2,Yok
2023-02-19,2022,Primeira Liga,Casa Pia,Vitória SC,0 - 0,0 - 0,X,0,Yok
2023-02-20,2022,Primeira Liga,Chaves,Sporting CP,2 - 3,1 - 1,2,5,Evet
2023-02-20,2022,Primeira Liga,Benfica,Boavista,3 - 1,0 - 0,1,4,Evet
2023-02-24,2022,Primeira Liga,Famalicao,Portimonense,1 - 0,0 - 0,1,1,Yok
2023-02-25,2022,Primeira Liga,Arouca,Casa Pia,2 - 0,0 - 0,1,2,Yok
2023-02-25,2022,Primeira Liga,Maritimo,Santa Clara,3 - 1,0 - 1,1,4,Evet
2023-02-25,2022,Primeira Liga,Vizela,Benfica,0 - 2,0 - 1,2,2,Yok
2023-02-26,2022,Primeira Liga,Rio Ave,Chaves,1 - 0,0 - 0,1,1,Yok
2023-02-26,2022,Primeira Liga,Pacos Ferreira,Boavista,1 - 3,0 - 1,2,4,Evet
2023-02-26,2022,Primeira Liga,FC Porto,GIL Vicente,1 - 2,1 - 2,2,3,Evet
2023-02-27,2022,Primeira Liga,Sporting CP,Estoril,2 - 0,1 - 0,1,2,Yok
2023-02-27,2022,Primeira Liga,Vitória SC,SC Braga,2 - 1,2 - 0,1,3,Evet
2023-03-03,2022,Primeira Liga,Boavista,Arouca,0 - 0,0 - 0,X,0,Yok
2023-03-03,2022,Primeira Liga,Benfica,Famalicao,2 - 0,1 - 0,1,2,Yok
2023-03-04,2022,Primeira Liga,Estoril,Vizela,0 - 3,0 - 2,2,3,Yok
2023-03-04,2022,Primeira Liga,Portimonense,Sporting CP,0 - 1,0 - 0,2,1,Yok
2023-03-04,2022,Primeira Liga,Chaves,FC Porto,1 - 3,0 - 2,2,4,Evet
2023-03-05,2022,Primeira Liga,GIL Vicente,Maritimo,2 - 0,1 - 0,1,2,Yok
2023-03-05,2022,Primeira Liga,Santa Clara,Vitória SC,1 - 3,0 - 3,2,4,Evet
2023-03-05,2022,Primeira Liga,SC Braga,Rio Ave,2 - 0,1 - 0,1,2,Yok
2023-03-06,2022,Primeira Liga,Casa Pia,Pacos Ferreira,2 - 1,0 - 1,1,3,Evet
2023-03-10,2022,Primeira Liga,FC Porto,Estoril,3 - 2,2 - 1,1,5,Evet
2023-03-11,2022,Primeira Liga,Chaves,Portimonense,2 - 0,1 - 0,1,2,Yok
2023-03-11,2022,Primeira Liga,Pacos Ferreira,Santa Clara,1 - 0,0 - 0,1,1,Yok
2023-03-11,2022,Primeira Liga,Vitória SC,Arouca,0 - 2,0 - 0,2,2,Yok
2023-03-11,2022,Primeira Liga,Vizela,SC Braga,0 - 4,0 - 1,2,4,Yok
2023-03-12,2022,Primeira Liga,Rio Ave,GIL Vicente,2 - 1,2 - 0,1,3,Evet
2023-03-12,2022,Primeira Liga,Maritimo,Benfica,0 - 3,0 - 1,2,3,Yok
2023-03-12,2022,Primeira Liga,Sporting CP,Boavista,3 - 0,2 - 0,1,3,Yok
2023-03-13,2022,Primeira Liga,Famalicao,Casa Pia,1 - 0,1 - 0,1,1,Yok
2023-03-17,2022,Primeira Liga,Santa Clara,Rio Ave,0 - 2,0 - 0,2,2,Yok
2023-03-18,2022,Primeira Liga,Portimonense,Vizela,0 - 1,0 - 0,2,1,Yok
2023-03-18,2022,Primeira Liga,Benfica,Vitória SC,5 - 1,3 - 0,1,6,Evet
2023-03-18,2022,Primeira Liga,Arouca,Pacos Ferreira,1 - 1,0 - 0,X,2,Evet
2023-03-18,2022,Primeira Liga,Estoril,Chaves,0 - 2,0 - 1,2,2,Yok
2023-03-19,2022,Primeira Liga,Casa Pia,Maritimo,2 - 0,1 - 0,1,2,Yok
2023-03-19,2022,Primeira Liga,SC Braga,FC Porto,0 - 0,0 - 0,X,0,Yok
2023-03-19,2022,Primeira Liga,Boavista,Famalicao,1 - 2,0 - 0,2,3,Evet
2023-03-31,2022,Primeira Liga,Estoril,GIL Vicente,1 - 0,1 - 0,1,1,Yok
2023-04-01,2022,Primeira Liga,Vizela,Casa Pia,3 - 1,1 - 1,1,4,Evet
2023-04-01,2022,Primeira Liga,Vitória SC,Pacos Ferreira,0 - 0,0 - 0,X,0,Yok
2023-04-01,2022,Primeira Liga,Sporting CP,Santa Clara,3 - 0,2 - 0,1,3,Yok
2023-04-02,2022,Primeira Liga,Maritimo,Boavista,4 - 2,2 - 0,1,6,Evet
2023-04-02,2022,Primeira Liga,Chaves,SC Braga,1 - 2,1 - 1,2,3,Evet
2023-04-02,2022,Primeira Liga,Rio Ave,Benfica,0 - 1,0 - 0,2,1,Yok
2023-04-02,2022,Primeira Liga,FC Porto,Portimonense,1 - 0,1 - 0,1,1,Yok
2023-04-03,2022,Primeira Liga,Famalicao,Arouca,0 - 1,0 - 0,2,1,Yok
2023-04-05,2022,Primeira Liga,GIL Vicente,Sporting CP,0 - 0,0 - 0,X,0,Yok
2023-04-07,2022,Primeira Liga,Santa Clara,Vizela,0 - 1,0 - 1,2,1,Yok
2023-04-07,2022,Primeira Liga,Benfica,FC Porto,1 - 2,1 - 1,2,3,Evet
2023-04-07,2022,Primeira Liga,Boavista,Vitória SC,2 - 1,1 - 0,1,3,Evet
2023-04-08,2022,Primeira Liga,Arouca,Maritimo,1 - 0,1 - 0,1,1,Yok
2023-04-08,2022,Primeira Liga,Portimonense,Rio Ave,2 - 2,0 - 1,X,4,Evet
2023-04-08,2022,Primeira Liga,Pacos Ferreira,Famalicao,1 - 3,1 - 1,2,4,Evet
2023-04-08,2022,Primeira Liga,SC Braga,Estoril,4 - 1,1 - 0,1,5,Evet
2023-04-09,2022,Primeira Liga,Casa Pia,Sporting CP,3 - 4,2 - 2,2,7,Evet
2023-04-10,2022,Primeira Liga,GIL Vicente,Chaves,0 - 0,0 - 0,X,0,Yok
2023-04-14,2022,Primeira Liga,Famalicao,Vitória SC,2 - 1,1 - 0,1,3,Evet
2023-04-15,2022,Primeira Liga,Maritimo,Pacos Ferreira,3 - 1,2 - 0,1,4,Evet
2023-04-15,2022,Primeira Liga,Estoril,Portimonense,0 - 1,0 - 0,2,1,Yok
2023-04-15,2022,Primeira Liga,Chaves,Benfica,1 - 0,0 - 0,1,1,Yok
2023-04-15,2022,Primeira Liga,FC Porto,Santa Clara,2 - 1,1 - 0,1,3,Evet
2023-04-16,2022,Primeira Liga,Rio Ave,Casa Pia,1 - 1,0 - 1,X,2,Evet
2023-04-16,2022,Primeira Liga,SC Braga,GIL Vicente,1 - 0,1 - 0,1,1,Yok
2023-04-16,2022,Primeira Liga,Sporting CP,Arouca,1 - 1,0 - 1,X,2,Evet
2023-04-17,2022,Primeira Liga,Vizela,Boavista,1 - 1,0 - 0,X,2,Evet
2023-04-21,2022,Primeira Liga,Casa Pia,SC Braga,0 - 1,0 - 0,2,1,Yok
2023-04-22,2022,Primeira Liga,Famalicao,Maritimo,3 - 2,0 - 2,1,5,Evet
2023-04-22,2022,Primeira Liga,Boavista,Rio Ave,3 - 2,3 - 1,1,5,Evet
2023-04-22,2022,Primeira Liga,Pacos Ferreira,FC Porto,0 - 2,0 - 0,2,2,Yok
2023-04-23,2022,Primeira Liga,Portimonense,GIL Vicente,1 - 0,0 - 0,1,1,Yok
2023-04-23,2022,Primeira Liga,Benfica,Estoril,1 - 0,1 - 0,1,1,Yok
2023-04-23,2022,Primeira Liga,Santa Clara,Chaves,1 - 1,0 - 0,X,2,Evet
2023-04-23,2022,Primeira Liga,Arouca,Vizela,1 - 0,1 - 0,1,1,Yok
2023-04-24,2022,Primeira Liga,Vitória SC,Sporting CP,0 - 2,0 - 0,2,2,Yok
2023-04-28,2022,Primeira Liga,Rio Ave,Arouca,1 - 0,0 - 0,1,1,Yok
2023-04-29,2022,Primeira Liga,Maritimo,Vitória SC,1 - 2,0 - 1,2,3,Evet
2023-04-29,2022,Primeira Liga,SC Braga,Portimonense,4 - 1,3 - 1,1,5,Evet
2023-04-29,2022,Primeira Liga,Chaves,Casa Pia,1 - 0,1 - 0,1,1,Yok
2023-04-29,2022,Primeira Liga,Vizela,Pacos Ferreira,1 - 2,0 - 2,2,3,Evet
2023-04-29,2022,Primeira Liga,GIL Vicente,Benfica,0 - 2,0 - 0,2,2,Yok
2023-04-30,2022,Primeira Liga,Estoril,Santa Clara,3 - 0,2 - 0,1,3,Yok
2023-04-30,2022,Primeira Liga,FC Porto,Boavista,1 - 0,0 - 0,1,1,Yok
2023-04-30,2022,Primeira Liga,Sporting CP,Famalicao,2 - 1,1 - 0,1,3,Evet
2023-05-05,2022,Primeira Liga,Casa Pia,Portimonense,1 - 1,0 - 0,X,2,Evet
2023-05-06,2022,Primeira Liga,Santa Clara,GIL Vicente,3 - 2,2 - 0,1,5,Evet
2023-05-06,2022,Primeira Liga,Boavista,Estoril,1 - 0,0 - 0,1,1,Yok
2023-05-06,2022,Primeira Liga,Benfica,SC Braga,1 - 0,0 - 0,1,1,Yok
2023-05-07,2022,Primeira Liga,Maritimo,Rio Ave,2 - 2,1 - 2,X,4,Evet
2023-05-07,2022,Primeira Liga,Vitória SC,Vizela,3 - 0,2 - 0,1,3,Yok
2023-05-07,2022,Primeira Liga,Pacos Ferreira,Sporting CP,0 - 4,0 - 2,2,4,Yok
2023-05-08,2022,Primeira Liga,Famalicao,Chaves,1 - 2,0 - 0,2,3,Evet
2023-05-08,2022,Primeira Liga,Arouca,FC Porto,0 - 1,0 - 1,2,1,Yok
2023-05-12,2022,Primeira Liga,GIL Vicente,Boavista,3 - 1,1 - 0,1,4,Evet
2023-05-13,2022,Primeira Liga,Chaves,Pacos Ferreira,2 - 0,0 - 0,1,2,Yok
2023-05-13,2022,Primeira Liga,Vizela,Famalicao,0 - 0,0 - 0,X,0,Yok
2023-05-13,2022,Primeira Liga,Portimonense,Benfica,1 - 5,1 - 3,2,6,Evet
2023-05-13,2022,Primeira Liga,Sporting CP,Maritimo,2 - 1,0 - 1,1,3,Evet
2023-05-14,2022,Primeira Liga,Rio Ave,Vitória SC,0 - 1,0 - 0,2,1,Yok
2023-05-14,2022,Primeira Liga,SC Braga,Santa Clara,5 - 3,3 - 1,1,8,Evet
2023-05-14,2022,Primeira Liga,FC Porto,Casa Pia,2 - 1,0 - 1,1,3,Evet
2023-05-15,2022,Primeira Liga,Estoril,Arouca,2 - 0,0 - 0,1,2,Yok
2023-05-19,2022,Primeira Liga,Maritimo,Vizela,1 - 0,0 - 0,1,1,Yok
2023-05-20,2022,Primeira Liga,Santa Clara,Portimonense,1 - 0,1 - 0,1,1,Yok
2023-05-20,2022,Primeira Liga,Arouca,Chaves,1 - 0,0 - 0,1,1,Yok
2023-05-20,2022,Primeira Liga,Boavista,SC Braga,1 - 1,0 - 0,X,2,Evet
2023-05-20,2022,Primeira Liga,Famalicao,FC Porto,2 - 4,2 - 2,2,6,Evet
2023-05-21,2022,Primeira Liga,Vitória SC,GIL Vicente,1 - 0,0 - 0,1,1,Yok
2023-05-21,2022,Primeira Liga,Pacos Ferreira,Rio Ave,3 - 1,1 - 1,1,4,Evet
2023-05-21,2022,Primeira Liga,Casa Pia,Estoril,2 - 2,0 - 0,X,4,Evet
2023-05-21,2022,Primeira Liga,Sporting CP,Benfica,2 - 2,2 - 0,X,4,Evet
2023-05-26,2022,Primeira Liga,Rio Ave,Famalicao,2 - 2,0 - 2,X,4,Evet
2023-05-26,2022,Primeira Liga,Vizela,Sporting CP,1 - 2,1 - 1,2,3,Evet
2023-05-27,2022,Primeira Liga,GIL Vicente,Casa Pia,1 - 0,0 - 0,1,1,Yok
2023-05-27,2022,Primeira Liga,Chaves,Boavista,1 - 4,0 - 2,2,5,Evet
2023-05-27,2022,Primeira Liga,Estoril,Maritimo,3 - 1,1 - 0,1,4,Evet
2023-05-27,2022,Primeira Liga,Benfica,Santa Clara,3 - 0,2 - 0,1,3,Yok
2023-05-27,2022,Primeira Liga,FC Porto,Vitória SC,3 - 0,3 - 0,1,3,Yok
2023-05-27,2022,Primeira Liga,Portimonense,Arouca,0 - 2,0 - 0,2,2,Yok
2023-05-27,2022,Primeira Liga,SC Braga,Pacos Ferreira,3 - 0,2 - 0,1,3,Yok
2023-06-03,2022,Primeira Liga,Estrela,Maritimo,2 - 1,1 - 0,1,3,Evet
2023-06-11,2022,Primeira Liga,Maritimo,Estrela,2 - 1,1 - 1,1,3,Evet
2021-08-06,2021,Primeira Liga,Sporting CP,Vizela,3 - 0,0 - 0,1,3,Yok
2021-08-07,2021,Primeira Liga,Arouca,Estoril,0 - 2,0 - 1,2,2,Yok
2021-08-07,2021,Primeira Liga,Moreirense,Benfica,1 - 2,1 - 2,2,3,Evet
2021-08-07,2021,Primeira Liga,Maritimo,SC Braga,0 - 2,0 - 0,2,2,Yok
2021-08-08,2021,Primeira Liga,Tondela,Santa Clara,3 - 0,1 - 0,1,3,Yok
2021-08-08,2021,Primeira Liga,Vitória SC,Portimonense,0 - 1,0 - 0,2,1,Yok
2021-08-08,2021,Primeira Liga,FC Porto,Belenenses,2 - 0,1 - 0,1,2,Yok
2021-08-08,2021,Primeira Liga,Pacos Ferreira,Famalicao,2 - 0,0 - 0,1,2,Yok
2021-08-09,2021,Primeira Liga,GIL Vicente,Boavista,3 - 0,2 - 0,1,3,Yok
2021-08-13,2021,Primeira Liga,Estoril,Vitória SC,0 - 0,0 - 0,X,0,Yok
2021-08-14,2021,Primeira Liga,Vizela,Tondela,2 - 1,0 - 1,1,3,Evet
2021-08-14,2021,Primeira Liga,Benfica,Arouca,2 - 0,2 - 0,1,2,Yok
2021-08-14,2021,Primeira Liga,SC Braga,Sporting CP,1 - 2,0 - 1,2,3,Evet
2021-08-15,2021,Primeira Liga,Portimonense,GIL Vicente,0 - 1,0 - 0,2,1,Yok
2021-08-15,2021,Primeira Liga,Famalicao,FC Porto,1 - 2,0 - 2,2,3,Evet
2021-08-15,2021,Primeira Liga,Santa Clara,Moreirense,2 - 2,0 - 0,X,4,Evet
2021-08-16,2021,Primeira Liga,Boavista,Pacos Ferreira,3 - 0,1 - 0,1,3,Yok
2021-08-16,2021,Primeira Liga,Belenenses,Maritimo,1 - 2,1 - 2,2,3,Evet
2021-08-20,2021,Primeira Liga,Arouca,Famalicao,2 - 1,0 - 1,1,3,Evet
2021-08-20,2021,Primeira Liga,Moreirense,SC Braga,2 - 3,0 - 2,2,5,Evet
2021-08-21,2021,Primeira Liga,GIL Vicente,Benfica,0 - 2,0 - 0,2,2,Yok
2021-08-21,2021,Primeira Liga,Sporting CP,Belenenses,2 - 0,1 - 0,1,2,Yok
2021-08-22,2021,Primeira Liga,Tondela,Portimonense,0 - 3,0 - 2,2,3,Yok
2021-08-22,2021,Primeira Liga,Maritimo,FC Porto,1 - 1,1 - 1,X,2,Evet
2021-08-22,2021,Primeira Liga,Vitória SC,Vizela,4 - 0,0 - 0,1,4,Yok
2021-08-23,2021,Primeira Liga,Pacos Ferreira,Estoril,1 - 3,1 - 1,2,4,Evet
2021-08-23,2021,Primeira Liga,Boavista,Santa Clara,2 - 0,1 - 0,1,2,Yok
2021-08-27,2021,Primeira Liga,Belenenses,Moreirense,1 - 1,1 - 0,X,2,Evet
2021-08-27,2021,Primeira Liga,Estoril,Maritimo,2 - 1,1 - 1,1,3,Evet
2021-08-28,2021,Primeira Liga,Vizela,Boavista,1 - 1,0 - 0,X,2,Evet
2021-08-28,2021,Primeira Liga,FC Porto,Arouca,3 - 0,2 - 0,1,3,Yok
2021-08-28,2021,Primeira Liga,Famalicao,Sporting CP,1 - 1,0 - 0,X,2,Evet
2021-08-29,2021,Primeira Liga,Benfica,Tondela,2 - 1,0 - 1,1,3,Evet
2021-08-29,2021,Primeira Liga,SC Braga,Vitória SC,0 - 0,0 - 0,X,0,Yok
2021-08-29,2021,Primeira Liga,Portimonense,Pacos Ferreira,0 - 1,0 - 1,2,1,Yok
2021-08-29,2021,Primeira Liga,Santa Clara,GIL Vicente,1 - 0,1 - 0,1,1,Yok
2021-09-11,2021,Primeira Liga,Pacos Ferreira,SC Braga,0 - 0,0 - 0,X,0,Yok
2021-09-11,2021,Primeira Liga,Santa Clara,Benfica,0 - 5,0 - 1,2,5,Yok
2021-09-11,2021,Primeira Liga,Sporting CP,FC Porto,1 - 1,1 - 0,X,2,Evet
2021-09-12,2021,Primeira Liga,Moreirense,Famalicao,2 - 2,1 - 1,X,4,Evet
2021-09-12,2021,Primeira Liga,Boavista,Portimonense,1 - 1,0 - 1,X,2,Evet
2021-09-12,2021,Primeira Liga,GIL Vicente,Vizela,2 - 2,0 - 1,X,4,Evet
2021-09-12,2021,Primeira Liga,Vitória SC,Belenenses,0 - 0,0 - 0,X,0,Yok
2021-09-13,2021,Primeira Liga,Maritimo,Arouca,2 - 2,2 - 1,X,4,Evet
2021-09-13,2021,Primeira Liga,Tondela,Estoril,1 - 2,0 - 2,2,3,Evet
2021-09-17,2021,Primeira Liga,Portimonense,Santa Clara,2 - 1,2 - 1,1,3,Evet
2021-09-18,2021,Primeira Liga,Famalicao,Maritimo,0 - 0,0 - 0,X,0,Yok
2021-09-18,2021,Primeira Liga,Belenenses,GIL Vicente,1 - 1,0 - 0,X,2,Evet
2021-09-18,2021,Primeira Liga,Arouca,Vitória SC,2 - 2,0 - 1,X,4,Evet
2021-09-19,2021,Primeira Liga,Vizela,Pacos Ferreira,1 - 1,1 - 0,X,2,Evet
2021-09-19,2021,Primeira Liga,FC Porto,Moreirense,5 - 0,1 - 0,1,5,Yok
2021-09-19,2021,Primeira Liga,Estoril,Sporting CP,0 - 1,0 - 0,2,1,Yok
2021-09-20,2021,Primeira Liga,Benfica,Boavista,3 - 1,2 - 1,1,4,Evet
2021-09-20,2021,Primeira Liga,SC Braga,Tondela,3 - 1,0 - 0,1,4,Evet
2021-09-24,2021,Primeira Liga,Sporting CP,Maritimo,1 - 0,0 - 0,1,1,Yok
2021-09-24,2021,Primeira Liga,GIL Vicente,FC Porto,1 - 2,1 - 1,2,3,Evet
2021-09-25,2021,Primeira Liga,Moreirense,Arouca,2 - 1,1 - 0,1,3,Evet
2021-09-25,2021,Primeira Liga,Vitória SC,Benfica,1 - 3,0 - 2,2,4,Evet
2021-09-25,2021,Primeira Liga,Tondela,Famalicao,3 - 2,1 - 1,1,5,Evet
2021-09-26,2021,Primeira Liga,Santa Clara,SC Braga,1 - 1,0 - 0,X,2,Evet
2021-09-26,2021,Primeira Liga,Portimonense,Vizela,0 - 0,0 - 0,X,0,Yok
2021-09-27,2021,Primeira Liga,Pacos Ferreira,Belenenses,2 - 2,2 - 0,X,4,Evet
2021-09-27,2021,Primeira Liga,Boavista,Estoril,1 - 1,1 - 0,X,2,Evet
2021-10-01,2021,Primeira Liga,Maritimo,Moreirense,0 - 0,0 - 0,X,0,Yok
2021-10-01,2021,Primeira Liga,Famalicao,Vitória SC,1 - 2,1 - 1,2,3,Evet
2021-10-02,2021,Primeira Liga,Vizela,Santa Clara,1 - 1,0 - 0,X,2,Evet
2021-10-02,2021,Primeira Liga,FC Porto,Pacos Ferreira,2 - 1,1 - 1,1,3,Evet
2021-10-02,2021,Primeira Liga,Arouca,Sporting CP,1 - 2,0 - 1,2,3,Evet
2021-10-03,2021,Primeira Liga,Belenenses,Tondela,0 - 2,0 - 1,2,2,Yok
2021-10-03,2021,Primeira Liga,Benfica,Portimonense,0 - 1,0 - 0,2,1,Yok
2021-10-03,2021,Primeira Liga,Estoril,GIL Vicente,2 - 2,2 - 1,X,4,Evet
2021-10-03,2021,Primeira Liga,SC Braga,Boavista,2 - 2,1 - 1,X,4,Evet
2021-10-22,2021,Primeira Liga,Vitória SC,Maritimo,2 - 1,0 - 0,1,3,Evet
2021-10-23,2021,Primeira Liga,Santa Clara,Famalicao,0 - 2,0 - 1,2,2,Yok
2021-10-23,2021,Primeira Liga,Tondela,FC Porto,1 - 3,1 - 2,2,4,Evet
2021-10-23,2021,Primeira Liga,Sporting CP,Moreirense,1 - 0,1 - 0,1,1,Yok
2021-10-24,2021,Primeira Liga,Pacos Ferreira,Arouca,0 - 0,0 - 0,X,0,Yok
2021-10-24,2021,Primeira Liga,Vizela,Benfica,0 - 1,0 - 0,2,1,Yok
2021-10-24,2021,Primeira Liga,Portimonense,Estoril,0 - 2,0 - 0,2,2,Yok
2021-10-25,2021,Primeira Liga,GIL Vicente,SC Braga,0 - 1,0 - 1,2,1,Yok
2021-10-25,2021,Primeira Liga,Boavista,Belenenses,0 - 0,0 - 0,X,0,Yok
2021-10-29,2021,Primeira Liga,Arouca,Tondela,2 - 0,1 - 0,1,2,Yok
2021-10-30,2021,Primeira Liga,FC Porto,Boavista,4 - 1,2 - 1,1,5,Evet
2021-10-30,2021,Primeira Liga,Estoril,Benfica,1 - 1,0 - 1,X,2,Evet
2021-10-30,2021,Primeira Liga,Sporting CP,Vitória SC,1 - 0,1 - 0,1,1,Yok
2021-10-31,2021,Primeira Liga,Maritimo,GIL Vicente,1 - 2,1 - 1,2,3,Evet
2021-10-31,2021,Primeira Liga,Belenenses,Santa Clara,2 - 1,1 - 0,1,3,Evet
2021-10-31,2021,Primeira Liga,Famalicao,Vizela,1 - 1,0 - 0,X,2,Evet
2021-11-01,2021,Primeira Liga,SC Braga,Portimonense,3 - 0,1 - 0,1,3,Yok
2021-11-01,2021,Primeira Liga,Moreirense,Pacos Ferreira,1 - 1,0 - 0,X,2,Evet
2021-11-05,2021,Primeira Liga,GIL Vicente,Arouca,1 - 1,0 - 1,X,2,Evet
2021-11-05,2021,Primeira Liga,Boavista,Famalicao,2 - 5,1 - 3,2,7,Evet
2021-11-06,2021,Primeira Liga,Vizela,Estoril,1 - 1,0 - 0,X,2,Evet
2021-11-06,2021,Primeira Liga,Portimonense,Belenenses,2 - 0,1 - 0,1,2,Yok
2021-11-06,2021,Primeira Liga,Vitória SC,Moreirense,2 - 1,1 - 0,1,3,Evet
2021-11-07,2021,Primeira Liga,Tondela,Maritimo,4 - 2,3 - 0,1,6,Evet
2021-11-07,2021,Primeira Liga,Santa Clara,FC Porto,0 - 3,0 - 1,2,3,Yok
2021-11-07,2021,Primeira Liga,Pacos Ferreira,Sporting CP,0 - 2,0 - 0,2,2,Yok
2021-11-07,2021,Primeira Liga,Benfica,SC Braga,6 - 1,4 - 1,1,7,Evet
2021-11-26,2021,Primeira Liga,Moreirense,GIL Vicente,2 - 2,0 - 0,X,4,Evet
2021-11-27,2021,Primeira Liga,Famalicao,Portimonense,0 - 3,0 - 2,2,3,Yok
2021-11-27,2021,Primeira Liga,Arouca,Boavista,2 - 1,1 - 0,1,3,Evet
2021-11-27,2021,Primeira Liga,Belenenses,Benfica,0 - 7,0 - 7,2,7,Yok
2021-11-28,2021,Primeira Liga,Maritimo,Pacos Ferreira,2 - 0,0 - 0,1,2,Yok
2021-11-28,2021,Primeira Liga,Sporting CP,Tondela,2 - 0,1 - 0,1,2,Yok
2021-11-28,2021,Primeira Liga,FC Porto,Vitória SC,2 - 1,1 - 1,1,3,Evet
2021-11-29,2021,Primeira Liga,Estoril,Santa Clara,2 - 2,1 - 1,X,4,Evet
2021-11-30,2021,Primeira Liga,SC Braga,Vizela,4 - 1,2 - 0,1,5,Evet
2021-12-03,2021,Primeira Liga,Portimonense,FC Porto,0 - 3,0 - 1,2,3,Yok
2021-12-03,2021,Primeira Liga,Benfica,Sporting CP,1 - 3,0 - 1,2,4,Evet
2021-12-04,2021,Primeira Liga,Boavista,Maritimo,1 - 1,1 - 0,X,2,Evet
2021-12-04,2021,Primeira Liga,Pacos Ferreira,Vitória SC,1 - 2,1 - 0,2,3,Evet
2021-12-05,2021,Primeira Liga,Santa Clara,Arouca,2 - 1,2 - 1,1,3,Evet
2021-12-05,2021,Primeira Liga,GIL Vicente,Famalicao,4 - 0,3 - 0,1,4,Yok
2021-12-05,2021,Primeira Liga,SC Braga,Estoril,2 - 0,2 - 0,1,2,Yok
2021-12-10,2021,Primeira Liga,Pacos Ferreira,GIL Vicente,0 - 1,0 - 0,2,1,Yok
2021-12-11,2021,Primeira Liga,Maritimo,Santa Clara,4 - 1,2 - 1,1,5,Evet
2021-12-11,2021,Primeira Liga,Vitória SC,Tondela,5 - 2,2 - 2,1,7,Evet
2021-12-11,2021,Primeira Liga,Sporting CP,Boavista,2 - 0,0 - 0,1,2,Yok
2021-12-12,2021,Primeira Liga,Moreirense,Portimonense,0 - 1,0 - 0,2,1,Yok
2021-12-12,2021,Primeira Liga,Belenenses,Estoril,0 - 1,0 - 1,2,1,Yok
2021-12-12,2021,Primeira Liga,Famalicao,Benfica,1 - 4,1 - 2,2,5,Evet
2021-12-12,2021,Primeira Liga,FC Porto,SC Braga,1 - 0,1 - 0,1,1,Yok
2021-12-13,2021,Primeira Liga,Arouca,Vizela,1 - 4,0 - 4,2,5,Evet
2021-12-17,2021,Primeira Liga,Santa Clara,Vitória SC,1 - 0,1 - 0,1,1,Yok
2021-12-17,2021,Primeira Liga,Estoril,Famalicao,2 - 2,2 - 1,X,4,Evet
2021-12-18,2021,Primeira Liga,Portimonense,Arouca,1 - 1,0 - 0,X,2,Evet
2021-12-18,2021,Primeira Liga,Tondela,Pacos Ferreira,0 - 1,0 - 0,2,1,Yok
2021-12-18,2021,Primeira Liga,GIL Vicente,Sporting CP,0 - 3,0 - 0,2,3,Yok
2021-12-19,2021,Primeira Liga,Benfica,Maritimo,7 - 1,3 - 0,1,8,Evet
2021-12-19,2021,Primeira Liga,Boavista,Moreirense,1 - 0,1 - 0,1,1,Yok
2021-12-19,2021,Primeira Liga,Vizela,FC Porto,0 - 4,0 - 2,2,4,Yok
2021-12-19,2021,Primeira Liga,SC Braga,Belenenses,1 - 0,1 - 0,1,1,Yok
2021-12-28,2021,Primeira Liga,Tondela,GIL Vicente,0 - 3,0 - 0,2,3,Yok
2021-12-28,2021,Primeira Liga,Maritimo,Vizela,2 - 0,0 - 0,1,2,Yok
2021-12-28,2021,Primeira Liga,Moreirense,Estoril,1 - 0,1 - 0,1,1,Yok
2021-12-29,2021,Primeira Liga,Vitória SC,Boavista,1 - 1,0 - 0,X,2,Evet
2021-12-29,2021,Primeira Liga,Sporting CP,Portimonense,3 - 2,0 - 1,1,5,Evet
2021-12-30,2021,Primeira Liga,Pacos Ferreira,Santa Clara,2 - 1,0 - 1,1,3,Evet
2021-12-30,2021,Primeira Liga,Arouca,SC Braga,0 - 6,0 - 3,2,6,Yok
2021-12-30,2021,Primeira Liga,FC Porto,Benfica,3 - 1,2 - 0,1,4,Evet
2022-01-02,2021,Primeira Liga,Vizela,Belenenses,2 - 0,2 - 0,1,2,Yok
2022-01-03,2021,Primeira Liga,Tondela,Moreirense,2 - 1,0 - 1,1,3,Evet
2022-01-07,2021,Primeira Liga,Santa Clara,Sporting CP,3 - 2,1 - 1,1,5,Evet
2022-01-08,2021,Primeira Liga,Vizela,Moreirense,0 - 1,0 - 0,2,1,Yok
2022-01-08,2021,Primeira Liga,Estoril,FC Porto,2 - 3,2 - 0,2,5,Evet
2022-01-08,2021,Primeira Liga,Boavista,Tondela,1 - 1,0 - 0,X,2,Evet
2022-01-09,2021,Primeira Liga,Portimonense,Maritimo,1 - 2,0 - 1,2,3,Evet
2022-01-09,2021,Primeira Liga,Benfica,Pacos Ferreira,2 - 0,1 - 0,1,2,Yok
2022-01-09,2021,Primeira Liga,SC Braga,Famalicao,2 - 2,1 - 1,X,4,Evet
2022-01-09,2021,Primeira Liga,Belenenses,Arouca,2 - 1,0 - 1,1,3,Evet
2022-01-10,2021,Primeira Liga,GIL Vicente,Vitória SC,3 - 2,1 - 0,1,5,Evet
2022-01-13,2021,Primeira Liga,Famalicao,Belenenses,1 - 0,0 - 0,1,1,Yok
2022-01-15,2021,Primeira Liga,Boavista,GIL Vicente,1 - 1,1 - 0,X,2,Evet
2022-01-15,2021,Primeira Liga,Benfica,Moreirense,1 - 1,0 - 0,X,2,Evet
2022-01-15,2021,Primeira Liga,SC Braga,Maritimo,0 - 1,0 - 0,2,1,Yok
2022-01-16,2021,Primeira Liga,Santa Clara,Tondela,2 - 2,2 - 0,X,4,Evet
2022-01-16,2021,Primeira Liga,Vizela,Sporting CP,0 - 2,0 - 2,2,2,Yok
2022-01-16,2021,Primeira Liga,Famalicao,Pacos Ferreira,0 - 0,0 - 0,X,0,Yok
2022-01-16,2021,Primeira Liga,Belenenses,FC Porto,1 - 4,1 - 1,2,5,Evet
2022-01-17,2021,Primeira Liga,Portimonense,Vitória SC,1 - 1,0 - 1,X,2,Evet
2022-01-21,2021,Primeira Liga,Arouca,Benfica,0 - 2,0 - 1,2,2,Yok
2022-01-21,2021,Primeira Liga,Pacos Ferreira,Boavista,1 - 1,1 - 0,X,2,Evet
2022-01-22,2021,Primeira Liga,Moreirense,Santa Clara,0 - 2,0 - 1,2,2,Yok
2022-01-22,2021,Primeira Liga,Tondela,Vizela,2 - 3,2 - 1,2,5,Evet
2022-01-22,2021,Primeira Liga,Sporting CP,SC Braga,1 - 2,1 - 0,2,3,Evet
2022-01-23,2021,Primeira Liga,Maritimo,Belenenses,1 - 1,1 - 1,X,2,Evet
2022-01-23,2021,Primeira Liga,Vitória SC,Estoril,3 - 1,0 - 1,1,4,Evet
2022-01-23,2021,Primeira Liga,GIL Vicente,Portimonense,1 - 0,0 - 0,1,1,Yok
2022-01-23,2021,Primeira Liga,FC Porto,Famalicao,3 - 1,2 - 0,1,4,Evet
2022-01-27,2021,Primeira Liga,Estoril,Arouca,1 - 2,1 - 0,2,3,Evet
2022-01-30,2021,Primeira Liga,Portimonense,Tondela,1 - 2,1 - 0,2,3,Evet
2022-01-30,2021,Primeira Liga,Vizela,Vitória SC,3 - 2,1 - 1,1,5,Evet
2022-01-30,2021,Primeira Liga,SC Braga,Moreirense,2 - 0,0 - 0,1,2,Yok
2022-01-30,2021,Primeira Liga,FC Porto,Maritimo,2 - 1,1 - 0,1,3,Evet
2022-01-31,2021,Primeira Liga,Estoril,Pacos Ferreira,0 - 0,0 - 0,X,0,Yok
2022-01-31,2021,Primeira Liga,Famalicao,Arouca,0 - 0,0 - 0,X,0,Yok
2022-02-01,2021,Primeira Liga,Santa Clara,Boavista,2 - 1,1 - 1,1,3,Evet
2022-02-02,2021,Primeira Liga,Benfica,GIL Vicente,1 - 2,0 - 1,2,3,Evet
2022-02-02,2021,Primeira Liga,Belenenses,Sporting CP,1 - 4,1 - 3,2,5,Evet
2022-02-05,2021,Primeira Liga,Maritimo,Estoril,0 - 0,0 - 0,X,0,Yok
2022-02-05,2021,Primeira Liga,Pacos Ferreira,Portimonense,1 - 1,1 - 0,X,2,Evet
2022-02-05,2021,Primeira Liga,Vitória SC,SC Braga,2 - 1,1 - 0,1,3,Evet
2022-02-06,2021,Primeira Liga,Boavista,Vizela,2 - 2,0 - 1,X,4,Evet
2022-02-06,2021,Primeira Liga,GIL Vicente,Santa Clara,2 - 2,1 - 1,X,4,Evet
2022-02-06,2021,Primeira Liga,Arouca,FC Porto,0 - 2,0 - 0,2,2,Yok
2022-02-06,2021,Primeira Liga,Sporting CP,Famalicao,2 - 0,1 - 0,1,2,Yok
2022-02-07,2021,Primeira Liga,Tondela,Benfica,1 - 3,0 - 2,2,4,Evet
2022-02-07,2021,Primeira Liga,Moreirense,Belenenses,4 - 1,2 - 1,1,5,Evet
2022-02-11,2021,Primeira Liga,FC Porto,Sporting CP,2 - 2,1 - 2,X,4,Evet
2022-02-12,2021,Primeira Liga,SC Braga,Pacos Ferreira,2 - 1,0 - 1,1,3,Evet
2022-02-12,2021,Primeira Liga,Benfica,Santa Clara,2 - 1,0 - 1,1,3,Evet
2022-02-12,2021,Primeira Liga,Portimonense,Boavista,1 - 1,1 - 1,X,2,Evet
2022-02-12,2021,Primeira Liga,Estoril,Tondela,1 - 0,0 - 0,1,1,Yok
2022-02-13,2021,Primeira Liga,Famalicao,Moreirense,5 - 0,4 - 0,1,5,Yok
2022-02-13,2021,Primeira Liga,Belenenses,Vitória SC,1 - 0,0 - 0,1,1,Yok
2022-02-13,2021,Primeira Liga,Vizela,GIL Vicente,0 - 1,0 - 1,2,1,Yok
2022-02-14,2021,Primeira Liga,Arouca,Maritimo,0 - 3,0 - 2,2,3,Yok
2022-02-18,2021,Primeira Liga,Boavista,Benfica,2 - 2,0 - 2,X,4,Evet
2022-02-19,2021,Primeira Liga,GIL Vicente,Belenenses,2 - 0,0 - 0,1,2,Yok
2022-02-19,2021,Primeira Liga,Pacos Ferreira,Vizela,2 - 1,1 - 1,1,3,Evet
2022-02-19,2021,Primeira Liga,Vitória SC,Arouca,1 - 3,1 - 3,2,4,Evet
2022-02-20,2021,Primeira Liga,Maritimo,Famalicao,0 - 1,0 - 1,2,1,Yok
2022-02-20,2021,Primeira Liga,Sporting CP,Estoril,3 - 0,1 - 0,1,3,Yok
2022-02-20,2021,Primeira Liga,Moreirense,FC Porto,0 - 1,0 - 1,2,1,Yok
2022-02-20,2021,Primeira Liga,Tondela,SC Braga,0 - 1,0 - 0,2,1,Yok
2022-02-21,2021,Primeira Liga,Santa Clara,Portimonense,1 - 1,1 - 0,X,2,Evet
2022-02-25,2021,Primeira Liga,Belenenses,Pacos Ferreira,0 - 2,0 - 1,2,2,Yok
2022-02-26,2021,Primeira Liga,Famalicao,Tondela,2 - 1,0 - 0,1,3,Evet
2022-02-26,2021,Primeira Liga,Maritimo,Sporting CP,1 - 1,1 - 1,X,2,Evet
2022-02-26,2021,Primeira Liga,Arouca,Moreirense,1 - 1,0 - 1,X,2,Evet
2022-02-27,2021,Primeira Liga,Vizela,Portimonense,1 - 1,1 - 1,X,2,Evet
2022-02-27,2021,Primeira Liga,Benfica,Vitória SC,3 - 0,2 - 0,1,3,Yok
2022-02-27,2021,Primeira Liga,Estoril,Boavista,2 - 3,1 - 1,2,5,Evet
2022-02-27,2021,Primeira Liga,FC Porto,GIL Vicente,1 - 1,0 - 0,X,2,Evet
2022-02-28,2021,Primeira Liga,SC Braga,Santa Clara,0 - 0,0 - 0,X,0,Yok
2022-03-04,2021,Primeira Liga,GIL Vicente,Estoril,0 - 0,0 - 0,X,0,Yok
2022-03-05,2021,Primeira Liga,Boavista,SC Braga,1 - 1,0 - 1,X,2,Evet
2022-03-05,2021,Primeira Liga,Portimonense,Benfica,1 - 2,1 - 1,2,3,Evet
2022-03-05,2021,Primeira Liga,Sporting CP,Arouca,2 - 0,0 - 0,1,2,Yok
2022-03-06,2021,Primeira Liga,Moreirense,Maritimo,0 - 1,0 - 1,2,1,Yok
2022-03-06,2021,Primeira Liga,Pacos Ferreira,FC Porto,2 - 4,1 - 2,2,6,Evet
2022-03-06,2021,Primeira Liga,Vitória SC,Famalicao,2 - 1,1 - 1,1,3,Evet
2022-03-06,2021,Primeira Liga,Santa Clara,Vizela,3 - 1,0 - 0,1,4,Evet
2022-03-07,2021,Primeira Liga,Tondela,Belenenses,1 - 1,1 - 0,X,2,Evet
2022-03-11,2021,Primeira Liga,Benfica,Vizela,1 - 1,0 - 0,X,2,Evet
2022-03-12,2021,Primeira Liga,Estoril,Portimonense,2 - 0,1 - 0,1,2,Yok
2022-03-12,2021,Primeira Liga,Famalicao,Santa Clara,0 - 0,0 - 0,X,0,Yok
2022-03-12,2021,Primeira Liga,Arouca,Pacos Ferreira,0 - 1,0 - 1,2,1,Yok
2022-03-12,2021,Primeira Liga,Belenenses,Boavista,0 - 0,0 - 0,X,0,Yok
2022-03-13,2021,Primeira Liga,Maritimo,Vitória SC,0 - 1,0 - 0,2,1,Yok
2022-03-13,2021,Primeira Liga,FC Porto,Tondela,4 - 0,1 - 0,1,4,Yok
2022-03-13,2021,Primeira Liga,SC Braga,GIL Vicente,0 - 1,0 - 0,2,1,Yok
2022-03-14,2021,Primeira Liga,Moreirense,Sporting CP,0 - 2,0 - 2,2,2,Yok
2022-03-18,2021,Primeira Liga,Vizela,Famalicao,1 - 1,0 - 1,X,2,Evet
2022-03-19,2021,Primeira Liga,Tondela,Arouca,2 - 2,2 - 1,X,4,Evet
2022-03-19,2021,Primeira Liga,Santa Clara,Belenenses,0 - 0,0 - 0,X,0,Yok
2022-03-19,2021,Primeira Liga,Vitória SC,Sporting CP,1 - 3,1 - 1,2,4,Evet
2022-03-20,2021,Primeira Liga,Pacos Ferreira,Moreirense,2 - 1,1 - 0,1,3,Evet
2022-03-20,2021,Primeira Liga,GIL Vicente,Maritimo,1 - 1,1 - 1,X,2,Evet
2022-03-20,2021,Primeira Liga,Benfica,Estoril,2 - 1,1 - 0,1,3,Evet
2022-03-20,2021,Primeira Liga,Portimonense,SC Braga,1 - 2,0 - 2,2,3,Evet
2022-03-20,2021,Primeira Liga,Boavista,FC Porto,0 - 1,0 - 1,2,1,Yok
2022-04-01,2021,Primeira Liga,SC Braga,Benfica,3 - 2,1 - 0,1,5,Evet
2022-04-02,2021,Primeira Liga,Belenenses,Portimonense,2 - 0,1 - 0,1,2,Yok
2022-04-02,2021,Primeira Liga,Estoril,Vizela,1 - 2,1 - 1,2,3,Evet
2022-04-02,2021,Primeira Liga,Arouca,GIL Vicente,2 - 1,0 - 0,1,3,Evet
2022-04-02,2021,Primeira Liga,Famalicao,Boavista,1 - 2,0 - 2,2,3,Evet
2022-04-03,2021,Primeira Liga,Maritimo,Tondela,1 - 3,1 - 1,2,4,Evet
2022-04-03,2021,Primeira Liga,Moreirense,Vitória SC,0 - 1,0 - 0,2,1,Yok
2022-04-03,2021,Primeira Liga,Sporting CP,Pacos Ferreira,2 - 0,1 - 0,1,2,Yok
2022-04-04,2021,Primeira Liga,FC Porto,Santa Clara,3 - 0,2 - 0,1,3,Yok
2022-04-08,2021,Primeira Liga,GIL Vicente,Moreirense,1 - 2,0 - 0,2,3,Evet
2022-04-09,2021,Primeira Liga,Pacos Ferreira,Maritimo,2 - 0,2 - 0,1,2,Yok
2022-04-09,2021,Primeira Liga,Benfica,Belenenses,3 - 1,1 - 1,1,4,Evet
2022-04-09,2021,Primeira Liga,Boavista,Arouca,1 - 0,1 - 0,1,1,Yok
2022-04-09,2021,Primeira Liga,Tondela,Sporting CP,1 - 3,0 - 2,2,4,Evet
2022-04-10,2021,Primeira Liga,Portimonense,Famalicao,1 - 0,1 - 0,1,1,Yok
2022-04-10,2021,Primeira Liga,Santa Clara,Estoril,2 - 0,1 - 0,1,2,Yok
2022-04-10,2021,Primeira Liga,Vitória SC,FC Porto,0 - 1,0 - 1,2,1,Yok
2022-04-10,2021,Primeira Liga,Vizela,SC Braga,0 - 1,0 - 1,2,1,Yok
2022-04-15,2021,Primeira Liga,Arouca,Santa Clara,1 - 1,0 - 0,X,2,Evet
2022-04-15,2021,Primeira Liga,Famalicao,GIL Vicente,2 - 2,2 - 1,X,4,Evet
2022-04-15,2021,Primeira Liga,Vitória SC,Pacos Ferreira,4 - 0,2 - 0,1,4,Yok
2022-04-16,2021,Primeira Liga,Moreirense,Tondela,2 - 0,2 - 0,1,2,Yok
2022-04-16,2021,Primeira Liga,Maritimo,Boavista,4 - 0,2 - 0,1,4,Yok
2022-04-16,2021,Primeira Liga,Belenenses,Vizela,1 - 0,1 - 0,1,1,Yok
2022-04-16,2021,Primeira Liga,FC Porto,Portimonense,7 - 0,4 - 0,1,7,Yok
2022-04-17,2021,Primeira Liga,Sporting CP,Benfica,0 - 2,0 - 1,2,2,Yok
2022-04-18,2021,Primeira Liga,Estoril,SC Braga,0 - 0,0 - 0,X,0,Yok
2022-04-22,2021,Primeira Liga,Vizela,Arouca,2 - 1,1 - 0,1,3,Evet
2022-04-23,2021,Primeira Liga,Portimonense,Moreirense,1 - 0,1 - 0,1,1,Yok
2022-04-23,2021,Primeira Liga,Benfica,Famalicao,0 - 0,0 - 0,X,0,Yok
2022-04-23,2021,Primeira Liga,Santa Clara,Maritimo,2 - 2,2 - 0,X,4,Evet
2022-04-23,2021,Primeira Liga,GIL Vicente,Pacos Ferreira,1 - 1,0 - 0,X,2,Evet
2022-04-24,2021,Primeira Liga,Estoril,Belenenses,2 - 2,2 - 0,X,4,Evet
2022-04-24,2021,Primeira Liga,Tondela,Vitória SC,1 - 1,0 - 0,X,2,Evet
2022-04-25,2021,Primeira Liga,SC Braga,FC Porto,1 - 0,0 - 0,1,1,Yok
2022-04-25,2021,Primeira Liga,Boavista,Sporting CP,0 - 3,0 - 1,2,3,Yok
2022-04-29,2021,Primeira Liga,Famalicao,Estoril,3 - 1,1 - 0,1,4,Evet
2022-04-30,2021,Primeira Liga,Arouca,Portimonense,1 - 0,0 - 0,1,1,Yok
2022-04-30,2021,Primeira Liga,Maritimo,Benfica,0 - 1,0 - 1,2,1,Yok
2022-04-30,2021,Primeira Liga,FC Porto,Vizela,4 - 2,2 - 1,1,6,Evet
2022-04-30,2021,Primeira Liga,Belenenses,SC Braga,0 - 1,0 - 0,2,1,Yok
2022-05-01,2021,Primeira Liga,Vitória SC,Santa Clara,1 - 1,1 - 0,X,2,Evet
2022-05-01,2021,Primeira Liga,Moreirense,Boavista,1 - 2,0 - 1,2,3,Evet
2022-05-01,2021,Primeira Liga,Sporting CP,GIL Vicente,4 - 1,2 - 1,1,5,Evet
2022-05-02,2021,Primeira Liga,Pacos Ferreira,Tondela,1 - 1,0 - 1,X,2,Evet
2022-05-06,2021,Primeira Liga,Boavista,Vitória SC,1 - 1,0 - 1,X,2,Evet
2022-05-07,2021,Primeira Liga,Estoril,Moreirense,1 - 0,0 - 0,1,1,Yok
2022-05-07,2021,Primeira Liga,Benfica,FC Porto,0 - 1,0 - 0,2,1,Yok
2022-05-07,2021,Primeira Liga,Portimonense,Sporting CP,2 - 3,2 - 1,2,5,Evet
2022-05-08,2021,Primeira Liga,GIL Vicente,Tondela,3 - 0,0 - 0,1,3,Yok
2022-05-08,2021,Primeira Liga,Vizela,Maritimo,1 - 1,0 - 0,X,2,Evet
2022-05-08,2021,Primeira Liga,SC Braga,Arouca,1 - 0,0 - 0,1,1,Yok
2022-05-08,2021,Primeira Liga,Santa Clara,Pacos Ferreira,2 - 0,1 - 0,1,2,Yok
2022-05-09,2021,Primeira Liga,Belenenses,Famalicao,2 - 3,1 - 0,2,5,Evet
2022-05-13,2021,Primeira Liga,Pacos Ferreira,Benfica,0 - 2,0 - 2,2,2,Yok
2022-05-14,2021,Primeira Liga,Moreirense,Vizela,4 - 1,3 - 0,1,5,Evet
2022-05-14,2021,Primeira Liga,Tondela,Boavista,2 - 2,1 - 0,X,4,Evet
2022-05-14,2021,Primeira Liga,Arouca,Belenenses,0 - 0,0 - 0,X,0,Yok
2022-05-14,2021,Primeira Liga,FC Porto,Estoril,2 - 0,0 - 0,1,2,Yok
2022-05-14,2021,Primeira Liga,Maritimo,Portimonense,0 - 1,0 - 0,2,1,Yok
2022-05-14,2021,Primeira Liga,Sporting CP,Santa Clara,4 - 0,1 - 0,1,4,Yok
2022-05-15,2021,Primeira Liga,Famalicao,SC Braga,3 - 2,1 - 2,1,5,Evet
2022-05-15,2021,Primeira Liga,Vitória SC,GIL Vicente,5 - 0,1 - 0,1,5,Yok
2022-05-21,2021,Primeira Liga,Chaves,Moreirense,2 - 0,1 - 0,1,2,Yok
2022-05-29,2021,Primeira Liga,Moreirense,Chaves,1 - 0,1 - 0,1,1,Yok
