Tarih,Sezon,Lig,Ev Sahibi,Deplasman,MS Skor,IY Skor,MS Sonucu,Toplam Gol,KG Var
2026-08-21,2026,Ligue 1,Marseille,Strasbourg,4 - 0,0 - 0,1,4,Yok
2026-08-22,2026,Ligue 1,Lens,Auxerre,5 - 2,1 - 0,1,7,Evet
2026-08-22,2026,Ligue 1,Nice,Lorient,0 - 0,0 - 0,X,0,Yok
2026-08-22,2026,Ligue 1,Toulouse,Lyon,0 - 2,0 - 0,2,2,Yok
2026-08-22,2026,Ligue 1,Estac Troyes,Paris FC,0 - 0,0 - 0,X,0,Yok
2026-08-22,2026,Ligue 1,Le Mans,Stade Brestois 29,2 - 2,1 - 1,X,4,Evet
2026-08-23,2026,Ligue 1,Angers,Lille,0 - 2,0 - 2,2,2,Yok
2026-08-23,2026,Ligue 1,Le Havre,Monaco,0 - 1,0 - 1,2,1,Yok
2026-08-23,2026,Ligue 1,Rennes,Paris Saint Germain,2 - 2,2 - 0,X,4,Evet
2026-08-28,2026,Ligue 1,Lille,Paris Saint Germain,2 - 2,1 - 0,X,4,Evet
2026-08-29,2026,Ligue 1,Strasbourg,Lens,2 - 1,0 - 1,1,3,Evet
2026-08-29,2026,Ligue 1,Lyon,Le Havre,1 - 1,0 - 0,X,2,Evet
2026-08-29,2026,Ligue 1,Lorient,Estac Troyes,1 - 2,0 - 2,2,3,Evet
2026-08-29,2026,Ligue 1,Stade Brestois 29,Toulouse,2 - 2,1 - 1,X,4,Evet
2026-08-29,2026,Ligue 1,Auxerre,Angers,1 - 3,1 - 1,2,4,Evet
2026-08-30,2026,Ligue 1,Paris FC,Nice,3 - 0,1 - 0,1,3,Yok
2026-08-30,2026,Ligue 1,Rennes,Le Mans,3 - 2,2 - 1,1,5,Evet
2026-08-30,2026,Ligue 1,Monaco,Marseille,2 - 0,1 - 0,1,2,Yok
2026-09-03,2026,Ligue 1,Toulouse,Lille,0 - 1,0 - 0,2,1,Yok
2026-09-04,2026,Ligue 1,Lyon,Auxerre,3 - 1,2 - 1,1,4,Evet
2026-09-04,2026,Ligue 1,Paris Saint Germain,Monaco,1 - 2,1 - 0,2,3,Evet
2026-09-05,2026,Ligue 1,Lens,Lorient,0 - 1,0 - 0,2,1,Yok
2026-09-05,2026,Ligue 1,Nice,Le Mans,1 - 1,1 - 1,X,2,Evet
2026-09-05,2026,Ligue 1,Le Havre,Stade Brestois 29,1 - 2,0 - 1,2,3,Evet
2026-09-06,2026,Ligue 1,Estac Troyes,Strasbourg,2 - 6,1 - 2,2,8,Evet
2026-09-06,2026,Ligue 1,Angers,Rennes,1 - 2,1 - 2,2,3,Evet
2026-09-06,2026,Ligue 1,Marseille,Paris FC,2 - 3,1 - 2,2,5,Evet
2026-09-11,2026,Ligue 1,Rennes,Marseille,1 - 0,0 - 0,1,1,Yok
2026-09-12,2026,Ligue 1,Strasbourg,Monaco,1 - 1,0 - 0,X,2,Evet
2026-09-12,2026,Ligue 1,Lorient,Toulouse,2 - 2,2 - 0,X,4,Evet
2026-09-12,2026,Ligue 1,Auxerre,Nice,1 - 0,0 - 0,1,1,Yok
2026-09-12,2026,Ligue 1,Le Havre,Angers,0 - 0,0 - 0,X,0,Yok
2026-09-12,2026,Ligue 1,Paris FC,Lyon,0 - 0,0 - 0,X,0,Yok
2026-09-13,2026,Ligue 1,Lille,Estac Troyes,2 - 0,1 - 0,1,2,Yok
2026-09-13,2026,Ligue 1,Le Mans,Lens,2 - 2,2 - 1,X,4,Evet
2026-09-13,2026,Ligue 1,Stade Brestois 29,Paris Saint Germain,0 - 1,0 - 1,2,1,Yok
2026-09-18,2026,Ligue 1,Monaco,Lens,2 - 1,1 - 0,1,3,Evet
2026-09-19,2026,Ligue 1,Paris FC,Strasbourg,2 - 1,1 - 0,1,3,Evet
2026-09-19,2026,Ligue 1,Angers,Estac Troyes,2 - 0,1 - 0,1,2,Yok
2026-09-19,2026,Ligue 1,Lyon,Rennes,4 - 0,2 - 0,1,4,Yok
2026-09-19,2026,Ligue 1,Toulouse,Le Havre,3 - 2,0 - 0,1,5,Evet
2026-09-19,2026,Ligue 1,Le Mans,Lorient,2 - 1,1 - 0,1,3,Evet
2026-09-20,2026,Ligue 1,Auxerre,Stade Brestois 29,2 - 1,0 - 1,1,3,Evet
2026-09-20,2026,Ligue 1,Nice,Lille,2 - 1,1 - 0,1,3,Evet
2026-09-20,2026,Ligue 1,Marseille,Paris Saint Germain,1 - 2,0 - 0,2,3,Evet
2025-08-15,2025,Ligue 1,Rennes,Marseille,1 - 0,0 - 0,1,1,Yok
2025-08-16,2025,Ligue 1,Lens,Lyon,0 - 1,0 - 1,2,1,Yok
2025-08-16,2025,Ligue 1,Monaco,Le Havre,3 - 1,1 - 0,1,4,Evet
2025-08-16,2025,Ligue 1,Nice,Toulouse,0 - 1,0 - 0,2,1,Yok
2025-08-17,2025,Ligue 1,Stade Brestois 29,Lille,3 - 3,1 - 2,X,6,Evet
2025-08-17,2025,Ligue 1,Angers,Paris FC,1 - 0,1 - 0,1,1,Yok
2025-08-17,2025,Ligue 1,Auxerre,Lorient,1 - 0,0 - 0,1,1,Yok
2025-08-17,2025,Ligue 1,Metz,Strasbourg,0 - 1,0 - 0,2,1,Yok
2025-08-17,2025,Ligue 1,Nantes,Paris Saint Germain,0 - 1,0 - 0,2,1,Yok
2025-08-22,2025,Ligue 1,Paris Saint Germain,Angers,1 - 0,0 - 0,1,1,Yok
2025-08-23,2025,Ligue 1,Marseille,Paris FC,5 - 2,2 - 1,1,7,Evet
2025-08-23,2025,Ligue 1,Nice,Auxerre,3 - 1,2 - 1,1,4,Evet
2025-08-23,2025,Ligue 1,Lyon,Metz,3 - 0,2 - 0,1,3,Yok
2025-08-24,2025,Ligue 1,Lorient,Rennes,4 - 0,1 - 0,1,4,Yok
2025-08-24,2025,Ligue 1,Strasbourg,Nantes,1 - 0,0 - 0,1,1,Yok
2025-08-24,2025,Ligue 1,Toulouse,Stade Brestois 29,2 - 0,0 - 0,1,2,Yok
2025-08-24,2025,Ligue 1,Le Havre,Lens,1 - 2,1 - 2,2,3,Evet
2025-08-24,2025,Ligue 1,Lille,Monaco,1 - 0,0 - 0,1,1,Yok
2025-08-29,2025,Ligue 1,Lens,Stade Brestois 29,3 - 1,0 - 1,1,4,Evet
2025-08-30,2025,Ligue 1,Lorient,Lille,1 - 7,0 - 0,2,8,Evet
2025-08-30,2025,Ligue 1,Nantes,Auxerre,1 - 0,1 - 0,1,1,Yok
2025-08-30,2025,Ligue 1,Toulouse,Paris Saint Germain,3 - 6,1 - 4,2,9,Evet
2025-08-31,2025,Ligue 1,Angers,Rennes,1 - 1,0 - 1,X,2,Evet
2025-08-31,2025,Ligue 1,Monaco,Strasbourg,3 - 2,1 - 0,1,5,Evet
2025-08-31,2025,Ligue 1,Le Havre,Nice,3 - 1,1 - 0,1,4,Evet
2025-08-31,2025,Ligue 1,Paris FC,Metz,3 - 2,1 - 1,1,5,Evet
2025-08-31,2025,Ligue 1,Lyon,Marseille,1 - 0,0 - 0,1,1,Yok
2025-09-12,2025,Ligue 1,Marseille,Lorient,4 - 0,3 - 0,1,4,Yok
2025-09-13,2025,Ligue 1,Nice,Nantes,1 - 0,0 - 0,1,1,Yok
2025-09-13,2025,Ligue 1,Auxerre,Monaco,1 - 2,0 - 1,2,3,Evet
2025-09-14,2025,Ligue 1,Lille,Toulouse,2 - 1,0 - 0,1,3,Evet
2025-09-14,2025,Ligue 1,Paris Saint Germain,Lens,2 - 0,1 - 0,1,2,Yok
2025-09-14,2025,Ligue 1,Strasbourg,Le Havre,1 - 0,0 - 0,1,1,Yok
2025-09-14,2025,Ligue 1,Stade Brestois 29,Paris FC,1 - 2,0 - 2,2,3,Evet
2025-09-14,2025,Ligue 1,Metz,Angers,1 - 1,1 - 0,X,2,Evet
2025-09-14,2025,Ligue 1,Rennes,Lyon,3 - 1,0 - 1,1,4,Evet
2025-09-19,2025,Ligue 1,Lyon,Angers,1 - 0,0 - 0,1,1,Yok
2025-09-20,2025,Ligue 1,Nantes,Rennes,2 - 2,0 - 2,X,4,Evet
2025-09-20,2025,Ligue 1,Stade Brestois 29,Nice,4 - 1,2 - 1,1,5,Evet
2025-09-20,2025,Ligue 1,Lens,Lille,3 - 0,2 - 0,1,3,Yok
2025-09-21,2025,Ligue 1,Paris FC,Strasbourg,2 - 3,0 - 1,2,5,Evet
2025-09-21,2025,Ligue 1,Monaco,Metz,5 - 2,1 - 1,1,7,Evet
2025-09-21,2025,Ligue 1,Auxerre,Toulouse,1 - 0,1 - 0,1,1,Yok
2025-09-21,2025,Ligue 1,Le Havre,Lorient,1 - 1,0 - 1,X,2,Evet
2025-09-22,2025,Ligue 1,Marseille,Paris Saint Germain,1 - 0,1 - 0,1,1,Yok
2025-09-26,2025,Ligue 1,Strasbourg,Marseille,1 - 2,0 - 0,2,3,Evet
2025-09-27,2025,Ligue 1,Lorient,Monaco,3 - 1,1 - 0,1,4,Evet
2025-09-27,2025,Ligue 1,Toulouse,Nantes,2 - 2,0 - 1,X,4,Evet
2025-09-27,2025,Ligue 1,Paris Saint Germain,Auxerre,2 - 0,1 - 0,1,2,Yok
2025-09-28,2025,Ligue 1,Nice,Paris FC,1 - 1,1 - 0,X,2,Evet
2025-09-28,2025,Ligue 1,Angers,Stade Brestois 29,0 - 2,0 - 2,2,2,Yok
2025-09-28,2025,Ligue 1,Lille,Lyon,0 - 1,0 - 1,2,1,Yok
2025-09-28,2025,Ligue 1,Metz,Le Havre,0 - 0,0 - 0,X,0,Yok
2025-09-28,2025,Ligue 1,Rennes,Lens,0 - 0,0 - 0,X,0,Yok
2025-10-03,2025,Ligue 1,Paris FC,Lorient,2 - 0,2 - 0,1,2,Yok
2025-10-04,2025,Ligue 1,Metz,Marseille,0 - 3,0 - 0,2,3,Yok
2025-10-04,2025,Ligue 1,Stade Brestois 29,Nantes,0 - 0,0 - 0,X,0,Yok
2025-10-04,2025,Ligue 1,Auxerre,Lens,1 - 2,0 - 1,2,3,Evet
2025-10-05,2025,Ligue 1,Lyon,Toulouse,1 - 2,1 - 0,2,3,Evet
2025-10-05,2025,Ligue 1,Monaco,Nice,2 - 2,1 - 2,X,4,Evet
2025-10-05,2025,Ligue 1,Strasbourg,Angers,5 - 0,1 - 0,1,5,Yok
2025-10-05,2025,Ligue 1,Le Havre,Rennes,2 - 2,1 - 2,X,4,Evet
2025-10-05,2025,Ligue 1,Lille,Paris Saint Germain,1 - 1,0 - 0,X,2,Evet
2025-10-17,2025,Ligue 1,Paris Saint Germain,Strasbourg,3 - 3,1 - 2,X,6,Evet
2025-10-18,2025,Ligue 1,Nice,Lyon,3 - 2,2 - 1,1,5,Evet
2025-10-18,2025,Ligue 1,Angers,Monaco,1 - 1,0 - 0,X,2,Evet
2025-10-18,2025,Ligue 1,Marseille,Le Havre,6 - 2,1 - 1,1,8,Evet
2025-10-19,2025,Ligue 1,Lens,Paris FC,2 - 1,1 - 1,1,3,Evet
2025-10-19,2025,Ligue 1,Rennes,Auxerre,2 - 2,1 - 1,X,4,Evet
2025-10-19,2025,Ligue 1,Toulouse,Metz,4 - 0,2 - 0,1,4,Yok
2025-10-19,2025,Ligue 1,Lorient,Stade Brestois 29,3 - 3,1 - 2,X,6,Evet
2025-10-19,2025,Ligue 1,Nantes,Lille,0 - 2,0 - 1,2,2,Yok
2025-10-24,2025,Ligue 1,Paris FC,Nantes,1 - 2,1 - 2,2,3,Evet
2025-10-25,2025,Ligue 1,Stade Brestois 29,Paris Saint Germain,0 - 3,0 - 2,2,3,Yok
2025-10-25,2025,Ligue 1,Monaco,Toulouse,1 - 0,1 - 0,1,1,Yok
2025-10-25,2025,Ligue 1,Lens,Marseille,2 - 1,1 - 1,1,3,Evet
2025-10-26,2025,Ligue 1,Lille,Metz,6 - 1,2 - 0,1,7,Evet
2025-10-26,2025,Ligue 1,Angers,Lorient,2 - 0,1 - 0,1,2,Yok
2025-10-26,2025,Ligue 1,Rennes,Nice,1 - 2,0 - 2,2,3,Evet
2025-10-26,2025,Ligue 1,Auxerre,Le Havre,0 - 1,0 - 0,2,1,Yok
2025-10-26,2025,Ligue 1,Lyon,Strasbourg,2 - 1,1 - 1,1,3,Evet
2025-10-29,2025,Ligue 1,Nice,Lille,2 - 0,1 - 0,1,2,Yok
2025-10-29,2025,Ligue 1,Lorient,Paris Saint Germain,1 - 1,0 - 0,X,2,Evet
2025-10-29,2025,Ligue 1,Le Havre,Stade Brestois 29,1 - 0,0 - 0,1,1,Yok
2025-10-29,2025,Ligue 1,Metz,Lens,2 - 0,0 - 0,1,2,Yok
2025-10-29,2025,Ligue 1,Marseille,Angers,2 - 2,0 - 1,X,4,Evet
2025-10-29,2025,Ligue 1,Nantes,Monaco,3 - 5,2 - 2,2,8,Evet
2025-10-29,2025,Ligue 1,Strasbourg,Auxerre,3 - 0,0 - 0,1,3,Yok
2025-10-29,2025,Ligue 1,Toulouse,Rennes,2 - 2,0 - 0,X,4,Evet
2025-10-29,2025,Ligue 1,Paris FC,Lyon,3 - 3,0 - 1,X,6,Evet
2025-11-01,2025,Ligue 1,Paris Saint Germain,Nice,1 - 0,0 - 0,1,1,Yok
2025-11-01,2025,Ligue 1,Monaco,Paris FC,0 - 1,0 - 0,2,1,Yok
2025-11-01,2025,Ligue 1,Auxerre,Marseille,0 - 1,0 - 1,2,1,Yok
2025-11-02,2025,Ligue 1,Rennes,Strasbourg,4 - 1,2 - 0,1,5,Evet
2025-11-02,2025,Ligue 1,Lille,Angers,1 - 0,1 - 0,1,1,Yok
2025-11-02,2025,Ligue 1,Nantes,Metz,0 - 2,0 - 0,2,2,Yok
2025-11-02,2025,Ligue 1,Toulouse,Le Havre,0 - 0,0 - 0,X,0,Yok
2025-11-02,2025,Ligue 1,Lens,Lorient,3 - 0,1 - 0,1,3,Yok
2025-11-02,2025,Ligue 1,Stade Brestois 29,Lyon,0 - 0,0 - 0,X,0,Yok
2025-11-07,2025,Ligue 1,Paris FC,Rennes,0 - 1,0 - 0,2,1,Yok
2025-11-08,2025,Ligue 1,Marseille,Stade Brestois 29,3 - 0,2 - 0,1,3,Yok
2025-11-08,2025,Ligue 1,Le Havre,Nantes,1 - 1,0 - 1,X,2,Evet
2025-11-08,2025,Ligue 1,Monaco,Lens,1 - 4,1 - 3,2,5,Evet
2025-11-09,2025,Ligue 1,Lorient,Toulouse,1 - 1,1 - 0,X,2,Evet
2025-11-09,2025,Ligue 1,Angers,Auxerre,2 - 0,0 - 0,1,2,Yok
2025-11-09,2025,Ligue 1,Strasbourg,Lille,2 - 0,1 - 0,1,2,Yok
2025-11-09,2025,Ligue 1,Metz,Nice,2 - 1,0 - 1,1,3,Evet
2025-11-09,2025,Ligue 1,Lyon,Paris Saint Germain,2 - 3,1 - 2,2,5,Evet
2025-11-21,2025,Ligue 1,Nice,Marseille,1 - 5,0 - 2,2,6,Evet
2025-11-22,2025,Ligue 1,Lens,Strasbourg,1 - 0,0 - 0,1,1,Yok
2025-11-22,2025,Ligue 1,Rennes,Monaco,4 - 1,1 - 0,1,5,Evet
2025-11-22,2025,Ligue 1,Paris Saint Germain,Le Havre,3 - 0,1 - 0,1,3,Yok
2025-11-23,2025,Ligue 1,Auxerre,Lyon,0 - 0,0 - 0,X,0,Yok
2025-11-23,2025,Ligue 1,Nantes,Lorient,1 - 1,0 - 1,X,2,Evet
2025-11-23,2025,Ligue 1,Toulouse,Angers,0 - 1,0 - 1,2,1,Yok
2025-11-23,2025,Ligue 1,Stade Brestois 29,Metz,3 - 2,1 - 1,1,5,Evet
2025-11-23,2025,Ligue 1,Lille,Paris FC,4 - 2,1 - 1,1,6,Evet
2025-11-28,2025,Ligue 1,Metz,Rennes,0 - 1,0 - 1,2,1,Yok
2025-11-29,2025,Ligue 1,Monaco,Paris Saint Germain,1 - 0,0 - 0,1,1,Yok
2025-11-29,2025,Ligue 1,Paris FC,Auxerre,1 - 1,1 - 1,X,2,Evet
2025-11-29,2025,Ligue 1,Marseille,Toulouse,2 - 2,0 - 1,X,4,Evet
2025-11-30,2025,Ligue 1,Strasbourg,Stade Brestois 29,1 - 2,1 - 0,2,3,Evet
2025-11-30,2025,Ligue 1,Angers,Lens,1 - 2,0 - 1,2,3,Evet
2025-11-30,2025,Ligue 1,Lorient,Nice,3 - 1,2 - 1,1,4,Evet
2025-11-30,2025,Ligue 1,Le Havre,Lille,0 - 1,0 - 0,2,1,Yok
2025-11-30,2025,Ligue 1,Lyon,Nantes,3 - 0,0 - 0,1,3,Yok
2025-12-05,2025,Ligue 1,Stade Brestois 29,Monaco,1 - 0,1 - 0,1,1,Yok
2025-12-05,2025,Ligue 1,Lille,Marseille,1 - 0,1 - 0,1,1,Yok
2025-12-06,2025,Ligue 1,Nantes,Lens,1 - 2,1 - 1,2,3,Evet
2025-12-06,2025,Ligue 1,Toulouse,Strasbourg,1 - 0,1 - 0,1,1,Yok
2025-12-06,2025,Ligue 1,Paris Saint Germain,Rennes,5 - 0,2 - 0,1,5,Yok
2025-12-07,2025,Ligue 1,Nice,Angers,0 - 1,0 - 1,2,1,Yok
2025-12-07,2025,Ligue 1,Auxerre,Metz,3 - 1,2 - 1,1,4,Evet
2025-12-07,2025,Ligue 1,Le Havre,Paris FC,0 - 0,0 - 0,X,0,Yok
2025-12-07,2025,Ligue 1,Lorient,Lyon,1 - 0,1 - 0,1,1,Yok
2025-12-12,2025,Ligue 1,Angers,Nantes,4 - 1,1 - 0,1,5,Evet
2025-12-13,2025,Ligue 1,Rennes,Stade Brestois 29,3 - 1,2 - 1,1,4,Evet
2025-12-13,2025,Ligue 1,Metz,Paris Saint Germain,2 - 3,1 - 2,2,5,Evet
2025-12-13,2025,Ligue 1,Paris FC,Toulouse,0 - 3,0 - 2,2,3,Yok
2025-12-14,2025,Ligue 1,Lyon,Le Havre,1 - 0,0 - 0,1,1,Yok
2025-12-14,2025,Ligue 1,Strasbourg,Lorient,0 - 0,0 - 0,X,0,Yok
2025-12-14,2025,Ligue 1,Auxerre,Lille,3 - 4,0 - 1,2,7,Evet
2025-12-14,2025,Ligue 1,Lens,Nice,2 - 0,1 - 0,1,2,Yok
2025-12-14,2025,Ligue 1,Marseille,Monaco,1 - 0,0 - 0,1,1,Yok
2026-01-02,2025,Ligue 1,Toulouse,Lens,0 - 3,0 - 0,2,3,Yok
2026-01-03,2025,Ligue 1,Monaco,Lyon,1 - 3,1 - 1,2,4,Evet
2026-01-03,2025,Ligue 1,Nice,Strasbourg,1 - 1,0 - 1,X,2,Evet
2026-01-03,2025,Ligue 1,Lille,Rennes,0 - 2,0 - 0,2,2,Yok
2026-01-04,2025,Ligue 1,Marseille,Nantes,0 - 2,0 - 1,2,2,Yok
2026-01-04,2025,Ligue 1,Lorient,Metz,1 - 1,0 - 1,X,2,Evet
2026-01-04,2025,Ligue 1,Stade Brestois 29,Auxerre,2 - 0,1 - 0,1,2,Yok
2026-01-04,2025,Ligue 1,Le Havre,Angers,2 - 1,1 - 0,1,3,Evet
2026-01-04,2025,Ligue 1,Paris Saint Germain,Paris FC,2 - 1,1 - 0,1,3,Evet
2026-01-16,2025,Ligue 1,Monaco,Lorient,1 - 3,0 - 0,2,4,Evet
2026-01-16,2025,Ligue 1,Paris Saint Germain,Lille,3 - 0,1 - 0,1,3,Yok
2026-01-17,2025,Ligue 1,Lens,Auxerre,1 - 0,0 - 0,1,1,Yok
2026-01-17,2025,Ligue 1,Toulouse,Nice,5 - 1,2 - 0,1,6,Evet
2026-01-17,2025,Ligue 1,Angers,Marseille,2 - 5,1 - 4,2,7,Evet
2026-01-18,2025,Ligue 1,Strasbourg,Metz,2 - 1,2 - 1,1,3,Evet
2026-01-18,2025,Ligue 1,Nantes,Paris FC,1 - 2,0 - 1,2,3,Evet
2026-01-18,2025,Ligue 1,Rennes,Le Havre,1 - 1,0 - 0,X,2,Evet
2026-01-18,2025,Ligue 1,Lyon,Stade Brestois 29,2 - 1,2 - 0,1,3,Evet
2026-01-23,2025,Ligue 1,Auxerre,Paris Saint Germain,0 - 1,0 - 0,2,1,Yok
2026-01-24,2025,Ligue 1,Rennes,Lorient,0 - 2,0 - 1,2,2,Yok
2026-01-24,2025,Ligue 1,Le Havre,Monaco,0 - 0,0 - 0,X,0,Yok
2026-01-24,2025,Ligue 1,Marseille,Lens,3 - 1,2 - 0,1,4,Evet
2026-01-25,2025,Ligue 1,Nantes,Nice,1 - 4,1 - 3,2,5,Evet
2026-01-25,2025,Ligue 1,Stade Brestois 29,Toulouse,0 - 2,0 - 2,2,2,Yok
2026-01-25,2025,Ligue 1,Metz,Lyon,2 - 5,1 - 4,2,7,Evet
2026-01-25,2025,Ligue 1,Paris FC,Angers,0 - 0,0 - 0,X,0,Yok
2026-01-25,2025,Ligue 1,Lille,Strasbourg,1 - 4,0 - 2,2,5,Evet
2026-01-30,2025,Ligue 1,Lens,Le Havre,1 - 0,1 - 0,1,1,Yok
2026-01-31,2025,Ligue 1,Paris FC,Marseille,2 - 2,0 - 1,X,4,Evet
2026-01-31,2025,Ligue 1,Lorient,Nantes,2 - 1,1 - 0,1,3,Evet
2026-01-31,2025,Ligue 1,Monaco,Rennes,4 - 0,1 - 0,1,4,Yok
2026-02-01,2025,Ligue 1,Lyon,Lille,1 - 0,1 - 0,1,1,Yok
2026-02-01,2025,Ligue 1,Angers,Metz,1 - 0,1 - 0,1,1,Yok
2026-02-01,2025,Ligue 1,Nice,Stade Brestois 29,2 - 2,0 - 2,X,4,Evet
2026-02-01,2025,Ligue 1,Toulouse,Auxerre,0 - 0,0 - 0,X,0,Yok
2026-02-01,2025,Ligue 1,Strasbourg,Paris Saint Germain,1 - 2,1 - 1,2,3,Evet
2026-02-06,2025,Ligue 1,Metz,Lille,0 - 0,0 - 0,X,0,Yok
2026-02-07,2025,Ligue 1,Lens,Rennes,3 - 1,1 - 1,1,4,Evet
2026-02-07,2025,Ligue 1,Stade Brestois 29,Lorient,2 - 0,0 - 0,1,2,Yok
2026-02-07,2025,Ligue 1,Nantes,Lyon,0 - 1,0 - 1,2,1,Yok
2026-02-08,2025,Ligue 1,Nice,Monaco,0 - 0,0 - 0,X,0,Yok
2026-02-08,2025,Ligue 1,Angers,Toulouse,1 - 0,0 - 0,1,1,Yok
2026-02-08,2025,Ligue 1,Auxerre,Paris FC,0 - 0,0 - 0,X,0,Yok
2026-02-08,2025,Ligue 1,Le Havre,Strasbourg,2 - 1,1 - 1,1,3,Evet
2026-02-08,2025,Ligue 1,Paris Saint Germain,Marseille,5 - 0,2 - 0,1,5,Yok
2026-02-13,2025,Ligue 1,Rennes,Paris Saint Germain,3 - 1,1 - 0,1,4,Evet
2026-02-13,2025,Ligue 1,Monaco,Nantes,3 - 1,3 - 1,1,4,Evet
2026-02-14,2025,Ligue 1,Marseille,Strasbourg,2 - 2,1 - 0,X,4,Evet
2026-02-14,2025,Ligue 1,Lille,Stade Brestois 29,1 - 1,0 - 0,X,2,Evet
2026-02-14,2025,Ligue 1,Paris FC,Lens,0 - 5,0 - 2,2,5,Yok
2026-02-15,2025,Ligue 1,Le Havre,Toulouse,2 - 1,1 - 1,1,3,Evet
2026-02-15,2025,Ligue 1,Lorient,Angers,2 - 0,1 - 0,1,2,Yok
2026-02-15,2025,Ligue 1,Metz,Auxerre,1 - 3,0 - 1,2,4,Evet
2026-02-15,2025,Ligue 1,Lyon,Nice,2 - 0,1 - 0,1,2,Yok
2026-02-20,2025,Ligue 1,Stade Brestois 29,Marseille,2 - 0,2 - 0,1,2,Yok
2026-02-21,2025,Ligue 1,Lens,Monaco,2 - 3,1 - 0,2,5,Evet
2026-02-21,2025,Ligue 1,Toulouse,Paris FC,1 - 1,0 - 1,X,2,Evet
2026-02-21,2025,Ligue 1,Paris Saint Germain,Metz,3 - 0,2 - 0,1,3,Yok
2026-02-22,2025,Ligue 1,Auxerre,Rennes,0 - 3,0 - 3,2,3,Yok
2026-02-22,2025,Ligue 1,Angers,Lille,0 - 1,0 - 1,2,1,Yok
2026-02-22,2025,Ligue 1,Nantes,Le Havre,2 - 0,2 - 0,1,2,Yok
2026-02-22,2025,Ligue 1,Nice,Lorient,3 - 3,2 - 1,X,6,Evet
2026-02-22,2025,Ligue 1,Strasbourg,Lyon,3 - 1,1 - 0,1,4,Evet
2026-02-27,2025,Ligue 1,Strasbourg,Lens,1 - 1,1 - 0,X,2,Evet
2026-02-28,2025,Ligue 1,Rennes,Toulouse,1 - 0,1 - 0,1,1,Yok
2026-02-28,2025,Ligue 1,Monaco,Angers,2 - 0,0 - 0,1,2,Yok
2026-02-28,2025,Ligue 1,Le Havre,Paris Saint Germain,0 - 1,0 - 1,2,1,Yok
2026-03-01,2025,Ligue 1,Paris FC,Nice,1 - 0,1 - 0,1,1,Yok
2026-03-01,2025,Ligue 1,Lille,Nantes,1 - 0,0 - 0,1,1,Yok
2026-03-01,2025,Ligue 1,Lorient,Auxerre,2 - 2,2 - 2,X,4,Evet
2026-03-01,2025,Ligue 1,Metz,Stade Brestois 29,0 - 1,0 - 0,2,1,Yok
2026-03-01,2025,Ligue 1,Marseille,Lyon,3 - 2,0 - 1,1,5,Evet
2026-03-06,2025,Ligue 1,Paris Saint Germain,Monaco,1 - 3,0 - 1,2,4,Evet
2026-03-07,2025,Ligue 1,Nantes,Angers,0 - 1,0 - 0,2,1,Yok
2026-03-07,2025,Ligue 1,Auxerre,Strasbourg,0 - 0,0 - 0,X,0,Yok
2026-03-07,2025,Ligue 1,Toulouse,Marseille,0 - 1,0 - 1,2,1,Yok
2026-03-08,2025,Ligue 1,Lens,Metz,3 - 0,1 - 0,1,3,Yok
2026-03-08,2025,Ligue 1,Lille,Lorient,1 - 1,0 - 0,X,2,Evet
2026-03-08,2025,Ligue 1,Nice,Rennes,0 - 4,0 - 2,2,4,Yok
2026-03-08,2025,Ligue 1,Stade Brestois 29,Le Havre,2 - 0,1 - 0,1,2,Yok
2026-03-08,2025,Ligue 1,Lyon,Paris FC,1 - 1,0 - 0,X,2,Evet
2026-03-13,2025,Ligue 1,Marseille,Auxerre,1 - 0,0 - 0,1,1,Yok
2026-03-14,2025,Ligue 1,Lorient,Lens,2 - 1,1 - 0,1,3,Evet
2026-03-14,2025,Ligue 1,Angers,Nice,0 - 2,0 - 0,2,2,Yok
2026-03-14,2025,Ligue 1,Monaco,Stade Brestois 29,2 - 0,1 - 0,1,2,Yok
2026-03-15,2025,Ligue 1,Strasbourg,Paris FC,0 - 0,0 - 0,X,0,Yok
2026-03-15,2025,Ligue 1,Le Havre,Lyon,0 - 0,0 - 0,X,0,Yok
2026-03-15,2025,Ligue 1,Metz,Toulouse,3 - 4,2 - 3,2,7,Evet
2026-03-15,2025,Ligue 1,Rennes,Lille,1 - 2,0 - 1,2,3,Evet
2026-03-20,2025,Ligue 1,Lens,Angers,5 - 1,3 - 0,1,6,Evet
2026-03-21,2025,Ligue 1,Toulouse,Lorient,1 - 0,0 - 0,1,1,Yok
2026-03-21,2025,Ligue 1,Auxerre,Stade Brestois 29,3 - 0,1 - 0,1,3,Yok
2026-03-21,2025,Ligue 1,Nice,Paris Saint Germain,0 - 4,0 - 1,2,4,Yok
2026-03-22,2025,Ligue 1,Lyon,Monaco,1 - 2,1 - 0,2,3,Evet
2026-03-22,2025,Ligue 1,Marseille,Lille,1 - 2,1 - 0,2,3,Evet
2026-03-22,2025,Ligue 1,Rennes,Metz,0 - 0,0 - 0,X,0,Yok
2026-03-22,2025,Ligue 1,Paris FC,Le Havre,3 - 2,2 - 0,1,5,Evet
2026-03-22,2025,Ligue 1,Nantes,Strasbourg,2 - 3,1 - 1,2,5,Evet
2026-04-03,2025,Ligue 1,Paris Saint Germain,Toulouse,3 - 1,2 - 1,1,4,Evet
2026-04-04,2025,Ligue 1,Strasbourg,Nice,3 - 1,3 - 0,1,4,Evet
2026-04-04,2025,Ligue 1,Stade Brestois 29,Rennes,3 - 4,1 - 2,2,7,Evet
2026-04-04,2025,Ligue 1,Lille,Lens,3 - 0,1 - 0,1,3,Yok
2026-04-05,2025,Ligue 1,Angers,Lyon,0 - 0,0 - 0,X,0,Yok
2026-04-05,2025,Ligue 1,Lorient,Paris FC,1 - 1,0 - 0,X,2,Evet
2026-04-05,2025,Ligue 1,Le Havre,Auxerre,1 - 1,1 - 1,X,2,Evet
2026-04-05,2025,Ligue 1,Metz,Nantes,0 - 0,0 - 0,X,0,Yok
2026-04-05,2025,Ligue 1,Monaco,Marseille,2 - 1,0 - 0,1,3,Evet
2026-04-10,2025,Ligue 1,Paris FC,Monaco,4 - 1,3 - 1,1,5,Evet
2026-04-10,2025,Ligue 1,Marseille,Metz,3 - 1,1 - 0,1,4,Evet
2026-04-11,2025,Ligue 1,Auxerre,Nantes,0 - 0,0 - 0,X,0,Yok
2026-04-11,2025,Ligue 1,Rennes,Angers,2 - 1,2 - 0,1,3,Evet
2026-04-12,2025,Ligue 1,Nice,Le Havre,1 - 1,0 - 1,X,2,Evet
2026-04-12,2025,Ligue 1,Toulouse,Lille,0 - 4,0 - 1,2,4,Yok
2026-04-12,2025,Ligue 1,Lyon,Lorient,2 - 0,0 - 0,1,2,Yok
2026-04-17,2025,Ligue 1,Lens,Toulouse,3 - 2,0 - 2,1,5,Evet
2026-04-18,2025,Ligue 1,Lorient,Marseille,2 - 0,1 - 0,1,2,Yok
2026-04-18,2025,Ligue 1,Angers,Le Havre,1 - 1,1 - 1,X,2,Evet
2026-04-18,2025,Ligue 1,Lille,Nice,0 - 0,0 - 0,X,0,Yok
2026-04-19,2025,Ligue 1,Monaco,Auxerre,2 - 2,0 - 2,X,4,Evet
2026-04-19,2025,Ligue 1,Nantes,Stade Brestois 29,1 - 1,1 - 0,X,2,Evet
2026-04-19,2025,Ligue 1,Strasbourg,Rennes,0 - 3,0 - 1,2,3,Yok
2026-04-19,2025,Ligue 1,Metz,Paris FC,1 - 3,1 - 1,2,4,Evet
2026-04-19,2025,Ligue 1,Paris Saint Germain,Lyon,1 - 2,0 - 2,2,3,Evet
2026-04-22,2025,Ligue 1,Paris Saint Germain,Nantes,3 - 0,2 - 0,1,3,Yok
2026-04-24,2025,Ligue 1,Stade Brestois 29,Lens,3 - 3,3 - 0,X,6,Evet
2026-04-25,2025,Ligue 1,Lyon,Auxerre,3 - 2,1 - 1,1,5,Evet
2026-04-25,2025,Ligue 1,Angers,Paris Saint Germain,0 - 3,0 - 2,2,3,Yok
2026-04-25,2025,Ligue 1,Toulouse,Monaco,2 - 2,0 - 2,X,4,Evet
2026-04-26,2025,Ligue 1,Lorient,Strasbourg,2 - 3,1 - 0,2,5,Evet
2026-04-26,2025,Ligue 1,Rennes,Nantes,2 - 1,1 - 1,1,3,Evet
2026-04-26,2025,Ligue 1,Le Havre,Metz,4 - 4,2 - 2,X,8,Evet
2026-04-26,2025,Ligue 1,Paris FC,Lille,0 - 1,0 - 1,2,1,Yok
2026-04-26,2025,Ligue 1,Marseille,Nice,1 - 1,0 - 0,X,2,Evet
2026-05-02,2025,Ligue 1,Nantes,Marseille,3 - 0,0 - 0,1,3,Yok
2026-05-02,2025,Ligue 1,Paris Saint Germain,Lorient,2 - 2,1 - 1,X,4,Evet
2026-05-02,2025,Ligue 1,Metz,Monaco,1 - 2,0 - 0,2,3,Evet
2026-05-02,2025,Ligue 1,Nice,Lens,1 - 1,0 - 0,X,2,Evet
2026-05-03,2025,Ligue 1,Lille,Le Havre,1 - 1,1 - 1,X,2,Evet
2026-05-03,2025,Ligue 1,Strasbourg,Toulouse,1 - 2,1 - 1,2,3,Evet
2026-05-03,2025,Ligue 1,Auxerre,Angers,3 - 1,1 - 0,1,4,Evet
2026-05-03,2025,Ligue 1,Paris FC,Stade Brestois 29,4 - 0,2 - 0,1,4,Yok
2026-05-03,2025,Ligue 1,Lyon,Rennes,4 - 2,2 - 1,1,6,Evet
2026-05-08,2025,Ligue 1,Lens,Nantes,1 - 0,0 - 0,1,1,Yok
2026-05-10,2025,Ligue 1,Angers,Strasbourg,1 - 1,0 - 1,X,2,Evet
2026-05-10,2025,Ligue 1,Paris Saint Germain,Stade Brestois 29,1 - 0,0 - 0,1,1,Yok
2026-05-10,2025,Ligue 1,Monaco,Lille,0 - 1,0 - 0,2,1,Yok
2026-05-10,2025,Ligue 1,Rennes,Paris FC,2 - 1,0 - 0,1,3,Evet
2026-05-10,2025,Ligue 1,Toulouse,Lyon,2 - 1,1 - 0,1,3,Evet
2026-05-10,2025,Ligue 1,Auxerre,Nice,2 - 1,1 - 1,1,3,Evet
2026-05-10,2025,Ligue 1,Le Havre,Marseille,0 - 1,0 - 0,2,1,Yok
2026-05-10,2025,Ligue 1,Metz,Lorient,0 - 4,0 - 1,2,4,Yok
2026-05-13,2025,Ligue 1,Stade Brestois 29,Strasbourg,1 - 2,1 - 2,2,3,Evet
2026-05-13,2025,Ligue 1,Lens,Paris Saint Germain,0 - 2,0 - 1,2,2,Yok
2026-05-17,2025,Ligue 1,Lille,Auxerre,0 - 2,0 - 1,2,2,Yok
2026-05-17,2025,Ligue 1,Lyon,Lens,0 - 4,0 - 3,2,4,Yok
2026-05-17,2025,Ligue 1,Marseille,Rennes,3 - 1,2 - 0,1,4,Evet
2026-05-17,2025,Ligue 1,Nice,Metz,0 - 0,0 - 0,X,0,Yok
2026-05-17,2025,Ligue 1,Strasbourg,Monaco,5 - 4,1 - 3,1,9,Evet
2026-05-17,2025,Ligue 1,Lorient,Le Havre,0 - 2,0 - 1,2,2,Yok
2026-05-17,2025,Ligue 1,Stade Brestois 29,Angers,1 - 1,0 - 0,X,2,Evet
2026-05-17,2025,Ligue 1,Paris FC,Paris Saint Germain,2 - 1,0 - 0,1,3,Evet
2026-05-26,2025,Ligue 1,Saint Etienne,Nice,0 - 0,0 - 0,X,0,Yok
2026-05-29,2025,Ligue 1,Nice,Saint Etienne,4 - 1,0 - 0,1,5,Evet
2024-08-16,2024,Ligue 1,Le Havre,Paris Saint Germain,1 - 4,0 - 1,2,5,Evet
2024-08-17,2024,Ligue 1,Stade Brestois 29,Marseille,1 - 5,1 - 3,2,6,Evet
2024-08-17,2024,Ligue 1,Reims,Lille,0 - 2,0 - 1,2,2,Yok
2024-08-17,2024,Ligue 1,Monaco,Saint Etienne,1 - 0,1 - 0,1,1,Yok
2024-08-18,2024,Ligue 1,Auxerre,Nice,2 - 1,1 - 1,1,3,Evet
2024-08-18,2024,Ligue 1,Angers,Lens,0 - 1,0 - 1,2,1,Yok
2024-08-18,2024,Ligue 1,Montpellier,Strasbourg,1 - 1,0 - 0,X,2,Evet
2024-08-18,2024,Ligue 1,Toulouse,Nantes,0 - 0,0 - 0,X,0,Yok
2024-08-18,2024,Ligue 1,Rennes,Lyon,3 - 0,2 - 0,1,3,Yok
2024-08-23,2024,Ligue 1,Paris Saint Germain,Montpellier,6 - 0,2 - 0,1,6,Yok
2024-08-24,2024,Ligue 1,Lyon,Monaco,0 - 2,0 - 0,2,2,Yok
2024-08-24,2024,Ligue 1,Lille,Angers,2 - 0,1 - 0,1,2,Yok
2024-08-24,2024,Ligue 1,Saint Etienne,Le Havre,0 - 2,0 - 0,2,2,Yok
2024-08-25,2024,Ligue 1,Lens,Stade Brestois 29,2 - 0,2 - 0,1,2,Yok
2024-08-25,2024,Ligue 1,Nantes,Auxerre,2 - 0,1 - 0,1,2,Yok
2024-08-25,2024,Ligue 1,Nice,Toulouse,1 - 1,0 - 0,X,2,Evet
2024-08-25,2024,Ligue 1,Strasbourg,Rennes,3 - 1,1 - 0,1,4,Evet
2024-08-25,2024,Ligue 1,Marseille,Reims,2 - 2,1 - 0,X,4,Evet
2024-08-30,2024,Ligue 1,Lyon,Strasbourg,4 - 3,1 - 1,1,7,Evet
2024-08-31,2024,Ligue 1,Stade Brestois 29,Saint Etienne,4 - 0,2 - 0,1,4,Yok
2024-08-31,2024,Ligue 1,Montpellier,Nantes,1 - 3,1 - 2,2,4,Evet
2024-08-31,2024,Ligue 1,Toulouse,Marseille,1 - 3,0 - 2,2,4,Evet
2024-09-01,2024,Ligue 1,Monaco,Lens,1 - 1,0 - 0,X,2,Evet
2024-09-01,2024,Ligue 1,Angers,Nice,1 - 4,0 - 2,2,5,Evet
2024-09-01,2024,Ligue 1,Reims,Rennes,2 - 1,1 - 1,1,3,Evet
2024-09-01,2024,Ligue 1,Le Havre,Auxerre,3 - 1,1 - 1,1,4,Evet
2024-09-01,2024,Ligue 1,Lille,Paris Saint Germain,1 - 3,0 - 2,2,4,Evet
2024-09-13,2024,Ligue 1,Saint Etienne,Lille,1 - 0,1 - 0,1,1,Yok
2024-09-14,2024,Ligue 1,Marseille,Nice,2 - 0,1 - 0,1,2,Yok
2024-09-14,2024,Ligue 1,Auxerre,Monaco,0 - 3,0 - 2,2,3,Yok
2024-09-14,2024,Ligue 1,Paris Saint Germain,Stade Brestois 29,3 - 1,1 - 1,1,4,Evet
2024-09-15,2024,Ligue 1,Rennes,Montpellier,3 - 0,2 - 0,1,3,Yok
2024-09-15,2024,Ligue 1,Nantes,Reims,1 - 2,1 - 1,2,3,Evet
2024-09-15,2024,Ligue 1,Strasbourg,Angers,1 - 1,1 - 0,X,2,Evet
2024-09-15,2024,Ligue 1,Toulouse,Le Havre,2 - 0,0 - 0,1,2,Yok
2024-09-15,2024,Ligue 1,Lens,Lyon,0 - 0,0 - 0,X,0,Yok
2024-09-20,2024,Ligue 1,Nice,Saint Etienne,8 - 0,6 - 0,1,8,Yok
2024-09-21,2024,Ligue 1,Lille,Strasbourg,3 - 3,2 - 2,X,6,Evet
2024-09-21,2024,Ligue 1,Rennes,Lens,1 - 1,1 - 0,X,2,Evet
2024-09-21,2024,Ligue 1,Reims,Paris Saint Germain,1 - 1,1 - 0,X,2,Evet
2024-09-22,2024,Ligue 1,Monaco,Le Havre,3 - 1,1 - 1,1,4,Evet
2024-09-22,2024,Ligue 1,Angers,Nantes,1 - 1,1 - 1,X,2,Evet
2024-09-22,2024,Ligue 1,Montpellier,Auxerre,3 - 2,0 - 1,1,5,Evet
2024-09-22,2024,Ligue 1,Stade Brestois 29,Toulouse,2 - 0,1 - 0,1,2,Yok
2024-09-22,2024,Ligue 1,Lyon,Marseille,2 - 3,0 - 0,2,5,Evet
2024-09-27,2024,Ligue 1,Auxerre,Stade Brestois 29,3 - 0,2 - 0,1,3,Yok
2024-09-27,2024,Ligue 1,Paris Saint Germain,Rennes,3 - 1,1 - 0,1,4,Evet
2024-09-28,2024,Ligue 1,Lens,Nice,0 - 0,0 - 0,X,0,Yok
2024-09-28,2024,Ligue 1,Le Havre,Lille,0 - 3,0 - 2,2,3,Yok
2024-09-28,2024,Ligue 1,Monaco,Montpellier,2 - 1,1 - 1,1,3,Evet
2024-09-29,2024,Ligue 1,Toulouse,Lyon,1 - 2,1 - 1,2,3,Evet
2024-09-29,2024,Ligue 1,Angers,Reims,1 - 3,0 - 2,2,4,Evet
2024-09-29,2024,Ligue 1,Nantes,Saint Etienne,2 - 2,1 - 0,X,4,Evet
2024-09-29,2024,Ligue 1,Strasbourg,Marseille,1 - 0,1 - 0,1,1,Yok
2024-10-04,2024,Ligue 1,Marseille,Angers,1 - 1,0 - 0,X,2,Evet
2024-10-05,2024,Ligue 1,Saint Etienne,Auxerre,3 - 1,1 - 0,1,4,Evet
2024-10-05,2024,Ligue 1,Lille,Toulouse,2 - 1,0 - 1,1,3,Evet
2024-10-05,2024,Ligue 1,Rennes,Monaco,1 - 2,1 - 2,2,3,Evet
2024-10-06,2024,Ligue 1,Lyon,Nantes,2 - 0,1 - 0,1,2,Yok
2024-10-06,2024,Ligue 1,Reims,Montpellier,4 - 2,2 - 1,1,6,Evet
2024-10-06,2024,Ligue 1,Strasbourg,Lens,2 - 2,1 - 2,X,4,Evet
2024-10-06,2024,Ligue 1,Stade Brestois 29,Le Havre,2 - 0,1 - 0,1,2,Yok
2024-10-06,2024,Ligue 1,Nice,Paris Saint Germain,1 - 1,1 - 0,X,2,Evet
2024-10-18,2024,Ligue 1,Monaco,Lille,0 - 0,0 - 0,X,0,Yok
2024-10-19,2024,Ligue 1,Stade Brestois 29,Rennes,1 - 1,0 - 0,X,2,Evet
2024-10-19,2024,Ligue 1,Saint Etienne,Lens,0 - 2,0 - 1,2,2,Yok
2024-10-19,2024,Ligue 1,Paris Saint Germain,Strasbourg,4 - 2,1 - 0,1,6,Evet
2024-10-20,2024,Ligue 1,Le Havre,Lyon,0 - 4,0 - 1,2,4,Yok
2024-10-20,2024,Ligue 1,Nantes,Nice,1 - 1,0 - 0,X,2,Evet
2024-10-20,2024,Ligue 1,Toulouse,Angers,1 - 1,0 - 1,X,2,Evet
2024-10-20,2024,Ligue 1,Auxerre,Reims,2 - 1,1 - 0,1,3,Evet
2024-10-20,2024,Ligue 1,Montpellier,Marseille,0 - 5,0 - 3,2,5,Yok
2024-10-25,2024,Ligue 1,Rennes,Le Havre,1 - 0,0 - 0,1,1,Yok
2024-10-26,2024,Ligue 1,Angers,Saint Etienne,4 - 2,2 - 1,1,6,Evet
2024-10-26,2024,Ligue 1,Reims,Stade Brestois 29,1 - 2,1 - 2,2,3,Evet
2024-10-26,2024,Ligue 1,Lens,Lille,0 - 2,0 - 0,2,2,Yok
2024-10-27,2024,Ligue 1,Lyon,Auxerre,2 - 2,1 - 0,X,4,Evet
2024-10-27,2024,Ligue 1,Montpellier,Toulouse,0 - 3,0 - 3,2,3,Yok
2024-10-27,2024,Ligue 1,Nice,Monaco,2 - 1,1 - 1,1,3,Evet
2024-10-27,2024,Ligue 1,Strasbourg,Nantes,3 - 1,1 - 0,1,4,Evet
2024-10-27,2024,Ligue 1,Marseille,Paris Saint Germain,0 - 3,0 - 3,2,3,Yok
2024-11-01,2024,Ligue 1,Monaco,Angers,0 - 1,0 - 1,2,1,Yok
2024-11-01,2024,Ligue 1,Lille,Lyon,1 - 1,1 - 0,X,2,Evet
2024-11-02,2024,Ligue 1,Paris Saint Germain,Lens,1 - 0,1 - 0,1,1,Yok
2024-11-02,2024,Ligue 1,Stade Brestois 29,Nice,0 - 1,0 - 1,2,1,Yok
2024-11-02,2024,Ligue 1,Saint Etienne,Strasbourg,2 - 0,0 - 0,1,2,Yok
2024-11-03,2024,Ligue 1,Toulouse,Reims,1 - 0,0 - 0,1,1,Yok
2024-11-03,2024,Ligue 1,Auxerre,Rennes,4 - 0,2 - 0,1,4,Yok
2024-11-03,2024,Ligue 1,Le Havre,Montpellier,1 - 0,0 - 0,1,1,Yok
2024-11-03,2024,Ligue 1,Nantes,Marseille,1 - 2,1 - 1,2,3,Evet
2024-11-08,2024,Ligue 1,Marseille,Auxerre,1 - 3,0 - 3,2,4,Evet
2024-11-09,2024,Ligue 1,Strasbourg,Monaco,1 - 3,1 - 0,2,4,Evet
2024-11-09,2024,Ligue 1,Lens,Nantes,3 - 2,1 - 1,1,5,Evet
2024-11-09,2024,Ligue 1,Angers,Paris Saint Germain,2 - 4,0 - 4,2,6,Evet
2024-11-10,2024,Ligue 1,Nice,Lille,2 - 2,0 - 1,X,4,Evet
2024-11-10,2024,Ligue 1,Montpellier,Stade Brestois 29,3 - 1,2 - 0,1,4,Evet
2024-11-10,2024,Ligue 1,Rennes,Toulouse,0 - 2,0 - 2,2,2,Yok
2024-11-10,2024,Ligue 1,Le Havre,Reims,0 - 3,0 - 2,2,3,Yok
2024-11-10,2024,Ligue 1,Lyon,Saint Etienne,1 - 0,1 - 0,1,1,Yok
2024-11-22,2024,Ligue 1,Monaco,Stade Brestois 29,3 - 2,2 - 0,1,5,Evet
2024-11-22,2024,Ligue 1,Paris Saint Germain,Toulouse,3 - 0,1 - 0,1,3,Yok
2024-11-23,2024,Ligue 1,Lens,Marseille,1 - 3,0 - 0,2,4,Evet
2024-11-23,2024,Ligue 1,Saint Etienne,Montpellier,1 - 0,0 - 0,1,1,Yok
2024-11-23,2024,Ligue 1,Reims,Lyon,1 - 1,0 - 1,X,2,Evet
2024-11-24,2024,Ligue 1,Lille,Rennes,1 - 0,1 - 0,1,1,Yok
2024-11-24,2024,Ligue 1,Nantes,Le Havre,0 - 2,0 - 1,2,2,Yok
2024-11-24,2024,Ligue 1,Auxerre,Angers,1 - 0,0 - 0,1,1,Yok
2024-11-24,2024,Ligue 1,Nice,Strasbourg,2 - 1,0 - 1,1,3,Evet
2024-11-29,2024,Ligue 1,Reims,Lens,0 - 2,0 - 1,2,2,Yok
2024-11-30,2024,Ligue 1,Rennes,Saint Etienne,5 - 0,2 - 0,1,5,Yok
2024-11-30,2024,Ligue 1,Stade Brestois 29,Strasbourg,3 - 1,2 - 0,1,4,Evet
2024-11-30,2024,Ligue 1,Paris Saint Germain,Nantes,1 - 1,1 - 1,X,2,Evet
2024-12-01,2024,Ligue 1,Montpellier,Lille,2 - 2,1 - 1,X,4,Evet
2024-12-01,2024,Ligue 1,Lyon,Nice,4 - 1,3 - 1,1,5,Evet
2024-12-01,2024,Ligue 1,Toulouse,Auxerre,2 - 0,2 - 0,1,2,Yok
2024-12-01,2024,Ligue 1,Le Havre,Angers,0 - 1,0 - 0,2,1,Yok
2024-12-01,2024,Ligue 1,Marseille,Monaco,2 - 1,0 - 1,1,3,Evet
2024-12-06,2024,Ligue 1,Lille,Stade Brestois 29,3 - 1,2 - 0,1,4,Evet
2024-12-06,2024,Ligue 1,Auxerre,Paris Saint Germain,0 - 0,0 - 0,X,0,Yok
2024-12-07,2024,Ligue 1,Monaco,Toulouse,2 - 0,0 - 0,1,2,Yok
2024-12-07,2024,Ligue 1,Nice,Le Havre,2 - 1,0 - 0,1,3,Evet
2024-12-07,2024,Ligue 1,Angers,Lyon,0 - 3,0 - 1,2,3,Yok
2024-12-08,2024,Ligue 1,Lens,Montpellier,2 - 0,1 - 0,1,2,Yok
2024-12-08,2024,Ligue 1,Nantes,Rennes,1 - 0,0 - 0,1,1,Yok
2024-12-08,2024,Ligue 1,Strasbourg,Reims,0 - 0,0 - 0,X,0,Yok
2024-12-08,2024,Ligue 1,Saint Etienne,Marseille,0 - 2,0 - 1,2,2,Yok
2024-12-13,2024,Ligue 1,Toulouse,Saint Etienne,2 - 1,0 - 0,1,3,Evet
2024-12-14,2024,Ligue 1,Marseille,Lille,1 - 1,1 - 0,X,2,Evet
2024-12-14,2024,Ligue 1,Auxerre,Lens,2 - 2,1 - 2,X,4,Evet
2024-12-14,2024,Ligue 1,Reims,Monaco,0 - 0,0 - 0,X,0,Yok
2024-12-15,2024,Ligue 1,Montpellier,Nice,2 - 2,1 - 2,X,4,Evet
2024-12-15,2024,Ligue 1,Rennes,Angers,2 - 0,1 - 0,1,2,Yok
2024-12-15,2024,Ligue 1,Stade Brestois 29,Nantes,4 - 1,2 - 0,1,5,Evet
2024-12-15,2024,Ligue 1,Le Havre,Strasbourg,0 - 3,0 - 2,2,3,Yok
2024-12-15,2024,Ligue 1,Paris Saint Germain,Lyon,3 - 1,2 - 1,1,4,Evet
2024-12-18,2024,Ligue 1,Monaco,Paris Saint Germain,2 - 4,0 - 1,2,6,Evet
2025-01-03,2024,Ligue 1,Nice,Rennes,3 - 2,3 - 1,1,5,Evet
2025-01-04,2024,Ligue 1,Saint Etienne,Reims,3 - 1,0 - 1,1,4,Evet
2025-01-04,2024,Ligue 1,Lille,Nantes,1 - 1,1 - 0,X,2,Evet
2025-01-04,2024,Ligue 1,Lyon,Montpellier,1 - 0,0 - 0,1,1,Yok
2025-01-05,2024,Ligue 1,Angers,Stade Brestois 29,2 - 0,1 - 0,1,2,Yok
2025-01-05,2024,Ligue 1,Strasbourg,Auxerre,3 - 1,1 - 1,1,4,Evet
2025-01-05,2024,Ligue 1,Lens,Toulouse,0 - 1,0 - 0,2,1,Yok
2025-01-05,2024,Ligue 1,Marseille,Le Havre,5 - 1,3 - 0,1,6,Evet
2025-01-10,2024,Ligue 1,Nantes,Monaco,2 - 2,1 - 0,X,4,Evet
2025-01-10,2024,Ligue 1,Auxerre,Lille,0 - 0,0 - 0,X,0,Yok
2025-01-11,2024,Ligue 1,Stade Brestois 29,Lyon,2 - 1,2 - 1,1,3,Evet
2025-01-11,2024,Ligue 1,Reims,Nice,2 - 4,1 - 2,2,6,Evet
2025-01-11,2024,Ligue 1,Rennes,Marseille,1 - 2,1 - 1,2,3,Evet
2025-01-12,2024,Ligue 1,Le Havre,Lens,1 - 2,1 - 1,2,3,Evet
2025-01-12,2024,Ligue 1,Montpellier,Angers,1 - 3,0 - 1,2,4,Evet
2025-01-12,2024,Ligue 1,Toulouse,Strasbourg,1 - 2,1 - 2,2,3,Evet
2025-01-12,2024,Ligue 1,Paris Saint Germain,Saint Etienne,2 - 1,2 - 0,1,3,Evet
2025-01-17,2024,Ligue 1,Montpellier,Monaco,2 - 1,0 - 1,1,3,Evet
2025-01-17,2024,Ligue 1,Lille,Nice,2 - 1,0 - 1,1,3,Evet
2025-01-18,2024,Ligue 1,Lens,Paris Saint Germain,1 - 2,1 - 0,2,3,Evet
2025-01-18,2024,Ligue 1,Rennes,Stade Brestois 29,1 - 2,0 - 1,2,3,Evet
2025-01-18,2024,Ligue 1,Lyon,Toulouse,0 - 0,0 - 0,X,0,Yok
2025-01-19,2024,Ligue 1,Saint Etienne,Nantes,1 - 1,0 - 1,X,2,Evet
2025-01-19,2024,Ligue 1,Angers,Auxerre,2 - 0,1 - 0,1,2,Yok
2025-01-19,2024,Ligue 1,Reims,Le Havre,1 - 1,1 - 0,X,2,Evet
2025-01-19,2024,Ligue 1,Marseille,Strasbourg,1 - 1,0 - 1,X,2,Evet
2025-01-24,2024,Ligue 1,Auxerre,Saint Etienne,1 - 1,1 - 1,X,2,Evet
2025-01-25,2024,Ligue 1,Monaco,Rennes,3 - 2,1 - 1,1,5,Evet
2025-01-25,2024,Ligue 1,Strasbourg,Lille,2 - 1,0 - 1,1,3,Evet
2025-01-25,2024,Ligue 1,Paris Saint Germain,Reims,1 - 1,0 - 0,X,2,Evet
2025-01-26,2024,Ligue 1,Le Havre,Stade Brestois 29,0 - 1,0 - 1,2,1,Yok
2025-01-26,2024,Ligue 1,Nantes,Lyon,1 - 1,0 - 1,X,2,Evet
2025-01-26,2024,Ligue 1,Toulouse,Montpellier,1 - 2,0 - 0,2,3,Evet
2025-01-26,2024,Ligue 1,Lens,Angers,1 - 0,0 - 0,1,1,Yok
2025-01-26,2024,Ligue 1,Nice,Marseille,2 - 0,1 - 0,1,2,Yok
2025-01-31,2024,Ligue 1,Montpellier,Lens,0 - 2,0 - 1,2,2,Yok
2025-02-01,2024,Ligue 1,Stade Brestois 29,Paris Saint Germain,2 - 5,0 - 1,2,7,Evet
2025-02-01,2024,Ligue 1,Monaco,Auxerre,4 - 2,1 - 2,1,6,Evet
2025-02-01,2024,Ligue 1,Lille,Saint Etienne,4 - 1,1 - 1,1,5,Evet
2025-02-02,2024,Ligue 1,Toulouse,Nice,1 - 1,0 - 1,X,2,Evet
2025-02-02,2024,Ligue 1,Angers,Le Havre,1 - 1,0 - 0,X,2,Evet
2025-02-02,2024,Ligue 1,Reims,Nantes,1 - 2,1 - 1,2,3,Evet
2025-02-02,2024,Ligue 1,Rennes,Strasbourg,1 - 0,0 - 0,1,1,Yok
2025-02-02,2024,Ligue 1,Marseille,Lyon,3 - 2,0 - 0,1,5,Evet
2025-02-07,2024,Ligue 1,Nantes,Stade Brestois 29,0 - 2,0 - 1,2,2,Yok
2025-02-07,2024,Ligue 1,Paris Saint Germain,Monaco,4 - 1,1 - 1,1,5,Evet
2025-02-08,2024,Ligue 1,Nice,Lens,2 - 0,1 - 0,1,2,Yok
2025-02-08,2024,Ligue 1,Lille,Le Havre,1 - 2,0 - 1,2,3,Evet
2025-02-08,2024,Ligue 1,Saint Etienne,Rennes,0 - 2,0 - 1,2,2,Yok
2025-02-09,2024,Ligue 1,Lyon,Reims,4 - 0,1 - 0,1,4,Yok
2025-02-09,2024,Ligue 1,Strasbourg,Montpellier,2 - 0,1 - 0,1,2,Yok
2025-02-09,2024,Ligue 1,Auxerre,Toulouse,2 - 2,0 - 0,X,4,Evet
2025-02-09,2024,Ligue 1,Angers,Marseille,0 - 2,0 - 0,2,2,Yok
2025-02-14,2024,Ligue 1,Stade Brestois 29,Auxerre,2 - 2,0 - 1,X,4,Evet
2025-02-15,2024,Ligue 1,Marseille,Saint Etienne,5 - 1,1 - 0,1,6,Evet
2025-02-15,2024,Ligue 1,Monaco,Nantes,7 - 1,2 - 1,1,8,Evet
2025-02-15,2024,Ligue 1,Toulouse,Paris Saint Germain,0 - 1,0 - 0,2,1,Yok
2025-02-16,2024,Ligue 1,Montpellier,Lyon,1 - 4,1 - 1,2,5,Evet
2025-02-16,2024,Ligue 1,Reims,Angers,0 - 1,0 - 1,2,1,Yok
2025-02-16,2024,Ligue 1,Le Havre,Nice,1 - 3,1 - 2,2,4,Evet
2025-02-16,2024,Ligue 1,Lens,Strasbourg,0 - 2,0 - 0,2,2,Yok
2025-02-16,2024,Ligue 1,Rennes,Lille,0 - 2,0 - 0,2,2,Yok
2025-02-21,2024,Ligue 1,Rennes,Reims,1 - 0,1 - 0,1,1,Yok
2025-02-22,2024,Ligue 1,Lille,Monaco,2 - 1,2 - 1,1,3,Evet
2025-02-22,2024,Ligue 1,Saint Etienne,Angers,3 - 3,1 - 2,X,6,Evet
2025-02-22,2024,Ligue 1,Auxerre,Marseille,3 - 0,1 - 0,1,3,Yok
2025-02-23,2024,Ligue 1,Nantes,Lens,3 - 1,1 - 0,1,4,Evet
2025-02-23,2024,Ligue 1,Nice,Montpellier,2 - 0,1 - 0,1,2,Yok
2025-02-23,2024,Ligue 1,Strasbourg,Stade Brestois 29,0 - 0,0 - 0,X,0,Yok
2025-02-23,2024,Ligue 1,Le Havre,Toulouse,1 - 4,0 - 1,2,5,Evet
2025-02-23,2024,Ligue 1,Lyon,Paris Saint Germain,2 - 3,0 - 0,2,5,Evet
2025-02-28,2024,Ligue 1,Monaco,Reims,3 - 0,2 - 0,1,3,Yok
2025-03-01,2024,Ligue 1,Saint Etienne,Nice,1 - 3,1 - 1,2,4,Evet
2025-03-01,2024,Ligue 1,Lens,Le Havre,3 - 4,2 - 2,2,7,Evet
2025-03-01,2024,Ligue 1,Paris Saint Germain,Lille,4 - 1,4 - 0,1,5,Evet
2025-03-02,2024,Ligue 1,Lyon,Stade Brestois 29,2 - 1,1 - 1,1,3,Evet
2025-03-02,2024,Ligue 1,Angers,Toulouse,0 - 4,0 - 0,2,4,Yok
2025-03-02,2024,Ligue 1,Montpellier,Rennes,0 - 4,0 - 1,2,4,Yok
2025-03-02,2024,Ligue 1,Auxerre,Strasbourg,0 - 1,0 - 0,2,1,Yok
2025-03-02,2024,Ligue 1,Marseille,Nantes,2 - 0,0 - 0,1,2,Yok
2025-03-07,2024,Ligue 1,Toulouse,Monaco,1 - 1,0 - 1,X,2,Evet
2025-03-08,2024,Ligue 1,Rennes,Paris Saint Germain,1 - 4,0 - 1,2,5,Evet
2025-03-08,2024,Ligue 1,Lille,Montpellier,1 - 0,0 - 0,1,1,Yok
2025-03-08,2024,Ligue 1,Marseille,Lens,0 - 1,0 - 0,2,1,Yok
2025-03-09,2024,Ligue 1,Stade Brestois 29,Angers,2 - 0,1 - 0,1,2,Yok
2025-03-09,2024,Ligue 1,Nantes,Strasbourg,0 - 1,0 - 0,2,1,Yok
2025-03-09,2024,Ligue 1,Reims,Auxerre,0 - 2,0 - 2,2,2,Yok
2025-03-09,2024,Ligue 1,Le Havre,Saint Etienne,1 - 1,1 - 1,X,2,Evet
2025-03-09,2024,Ligue 1,Nice,Lyon,0 - 2,0 - 0,2,2,Yok
2025-03-14,2024,Ligue 1,Nice,Auxerre,1 - 1,1 - 0,X,2,Evet
2025-03-15,2024,Ligue 1,Nantes,Lille,1 - 0,0 - 0,1,1,Yok
2025-03-15,2024,Ligue 1,Angers,Monaco,0 - 2,0 - 0,2,2,Yok
2025-03-15,2024,Ligue 1,Lens,Rennes,1 - 0,0 - 0,1,1,Yok
2025-03-16,2024,Ligue 1,Lyon,Le Havre,4 - 2,1 - 2,1,6,Evet
2025-03-16,2024,Ligue 1,Montpellier,Saint Etienne,0 - 2,0 - 1,2,2,Yok
2025-03-16,2024,Ligue 1,Strasbourg,Toulouse,2 - 1,0 - 1,1,3,Evet
2025-03-16,2024,Ligue 1,Stade Brestois 29,Reims,0 - 0,0 - 0,X,0,Yok
2025-03-16,2024,Ligue 1,Paris Saint Germain,Marseille,3 - 1,2 - 0,1,4,Evet
2025-03-28,2024,Ligue 1,Strasbourg,Lyon,4 - 2,0 - 0,1,6,Evet
2025-03-29,2024,Ligue 1,Reims,Marseille,3 - 1,1 - 0,1,4,Evet
2025-03-29,2024,Ligue 1,Saint Etienne,Paris Saint Germain,1 - 6,1 - 1,2,7,Evet
2025-03-29,2024,Ligue 1,Monaco,Nice,2 - 1,0 - 1,1,3,Evet
2025-03-30,2024,Ligue 1,Toulouse,Stade Brestois 29,2 - 4,0 - 2,2,6,Evet
2025-03-30,2024,Ligue 1,Angers,Rennes,0 - 3,0 - 1,2,3,Yok
2025-03-30,2024,Ligue 1,Auxerre,Montpellier,1 - 0,0 - 0,1,1,Yok
2025-03-30,2024,Ligue 1,Le Havre,Nantes,3 - 2,2 - 1,1,5,Evet
2025-03-30,2024,Ligue 1,Lille,Lens,1 - 0,1 - 0,1,1,Yok
2025-04-04,2024,Ligue 1,Nice,Nantes,1 - 2,1 - 2,2,3,Evet
2025-04-05,2024,Ligue 1,Paris Saint Germain,Angers,1 - 0,0 - 0,1,1,Yok
2025-04-05,2024,Ligue 1,Stade Brestois 29,Monaco,2 - 1,1 - 0,1,3,Evet
2025-04-05,2024,Ligue 1,Lyon,Lille,2 - 1,1 - 1,1,3,Evet
2025-04-06,2024,Ligue 1,Lens,Saint Etienne,1 - 0,0 - 0,1,1,Yok
2025-04-06,2024,Ligue 1,Montpellier,Le Havre,0 - 2,0 - 2,2,2,Yok
2025-04-06,2024,Ligue 1,Reims,Strasbourg,0 - 1,0 - 1,2,1,Yok
2025-04-06,2024,Ligue 1,Rennes,Auxerre,0 - 1,0 - 0,2,1,Yok
2025-04-06,2024,Ligue 1,Marseille,Toulouse,3 - 2,1 - 1,1,5,Evet
2025-04-11,2024,Ligue 1,Lens,Reims,0 - 2,0 - 1,2,2,Yok
2025-04-12,2024,Ligue 1,Monaco,Marseille,3 - 0,1 - 0,1,3,Yok
2025-04-12,2024,Ligue 1,Toulouse,Lille,1 - 2,1 - 2,2,3,Evet
2025-04-12,2024,Ligue 1,Strasbourg,Nice,2 - 2,0 - 1,X,4,Evet
2025-04-13,2024,Ligue 1,Saint Etienne,Stade Brestois 29,3 - 3,2 - 3,X,6,Evet
2025-04-13,2024,Ligue 1,Angers,Montpellier,2 - 0,2 - 0,1,2,Yok
2025-04-13,2024,Ligue 1,Le Havre,Rennes,1 - 5,1 - 3,2,6,Evet
2025-04-13,2024,Ligue 1,Auxerre,Lyon,1 - 3,0 - 0,2,4,Evet
2025-04-18,2024,Ligue 1,Rennes,Nantes,2 - 1,1 - 0,1,3,Evet
2025-04-19,2024,Ligue 1,Paris Saint Germain,Le Havre,2 - 1,1 - 0,1,3,Evet
2025-04-19,2024,Ligue 1,Monaco,Strasbourg,0 - 0,0 - 0,X,0,Yok
2025-04-19,2024,Ligue 1,Marseille,Montpellier,5 - 1,1 - 0,1,6,Evet
2025-04-20,2024,Ligue 1,Lille,Auxerre,3 - 1,2 - 0,1,4,Evet
2025-04-20,2024,Ligue 1,Nice,Angers,2 - 1,1 - 0,1,3,Evet
2025-04-20,2024,Ligue 1,Reims,Toulouse,1 - 0,1 - 0,1,1,Yok
2025-04-20,2024,Ligue 1,Stade Brestois 29,Lens,1 - 3,1 - 2,2,4,Evet
2025-04-20,2024,Ligue 1,Saint Etienne,Lyon,2 - 1,1 - 0,1,3,Evet
2025-04-22,2024,Ligue 1,Nantes,Paris Saint Germain,1 - 1,0 - 1,X,2,Evet
2025-04-25,2024,Ligue 1,Paris Saint Germain,Nice,1 - 3,1 - 1,2,4,Evet
2025-04-26,2024,Ligue 1,Strasbourg,Saint Etienne,3 - 1,1 - 1,1,4,Evet
2025-04-26,2024,Ligue 1,Le Havre,Monaco,1 - 1,1 - 0,X,2,Evet
2025-04-26,2024,Ligue 1,Lyon,Rennes,4 - 1,3 - 0,1,5,Evet
2025-04-27,2024,Ligue 1,Angers,Lille,0 - 2,0 - 1,2,2,Yok
2025-04-27,2024,Ligue 1,Montpellier,Reims,0 - 0,0 - 0,X,0,Yok
2025-04-27,2024,Ligue 1,Nantes,Toulouse,0 - 0,0 - 0,X,0,Yok
2025-04-27,2024,Ligue 1,Lens,Auxerre,0 - 4,0 - 3,2,4,Yok
2025-04-27,2024,Ligue 1,Marseille,Stade Brestois 29,4 - 1,3 - 1,1,5,Evet
2025-05-02,2024,Ligue 1,Nice,Reims,1 - 0,1 - 0,1,1,Yok
2025-05-03,2024,Ligue 1,Strasbourg,Paris Saint Germain,2 - 1,2 - 0,1,3,Evet
2025-05-03,2024,Ligue 1,Toulouse,Rennes,2 - 1,1 - 0,1,3,Evet
2025-05-03,2024,Ligue 1,Saint Etienne,Monaco,1 - 3,0 - 1,2,4,Evet
2025-05-04,2024,Ligue 1,Nantes,Angers,0 - 1,0 - 0,2,1,Yok
2025-05-04,2024,Ligue 1,Lyon,Lens,1 - 2,0 - 1,2,3,Evet
2025-05-04,2024,Ligue 1,Stade Brestois 29,Montpellier,1 - 0,1 - 0,1,1,Yok
2025-05-04,2024,Ligue 1,Auxerre,Le Havre,1 - 2,0 - 0,2,3,Evet
2025-05-04,2024,Ligue 1,Lille,Marseille,1 - 1,0 - 0,X,2,Evet
2025-05-10,2024,Ligue 1,Angers,Strasbourg,2 - 1,1 - 1,1,3,Evet
2025-05-10,2024,Ligue 1,Montpellier,Paris Saint Germain,1 - 4,0 - 1,2,5,Evet
2025-05-10,2024,Ligue 1,Monaco,Lyon,2 - 0,0 - 0,1,2,Yok
2025-05-10,2024,Ligue 1,Reims,Saint Etienne,0 - 2,0 - 2,2,2,Yok
2025-05-10,2024,Ligue 1,Rennes,Nice,2 - 0,1 - 0,1,2,Yok
2025-05-10,2024,Ligue 1,Toulouse,Lens,1 - 1,0 - 0,X,2,Evet
2025-05-10,2024,Ligue 1,Stade Brestois 29,Lille,2 - 0,1 - 0,1,2,Yok
2025-05-10,2024,Ligue 1,Auxerre,Nantes,1 - 1,1 - 0,X,2,Evet
2025-05-10,2024,Ligue 1,Le Havre,Marseille,1 - 3,0 - 0,2,4,Evet
2025-05-17,2024,Ligue 1,Lille,Reims,2 - 1,1 - 0,1,3,Evet
2025-05-17,2024,Ligue 1,Lyon,Angers,2 - 0,0 - 0,1,2,Yok
2025-05-17,2024,Ligue 1,Marseille,Rennes,4 - 2,3 - 1,1,6,Evet
2025-05-17,2024,Ligue 1,Nantes,Montpellier,3 - 0,2 - 0,1,3,Yok
2025-05-17,2024,Ligue 1,Nice,Stade Brestois 29,6 - 0,3 - 0,1,6,Yok
2025-05-17,2024,Ligue 1,Paris Saint Germain,Auxerre,3 - 1,0 - 1,1,4,Evet
2025-05-17,2024,Ligue 1,Strasbourg,Le Havre,2 - 3,1 - 1,2,5,Evet
2025-05-17,2024,Ligue 1,Lens,Monaco,4 - 0,1 - 0,1,4,Yok
2025-05-17,2024,Ligue 1,Saint Etienne,Toulouse,2 - 3,1 - 2,2,5,Evet
2025-05-21,2024,Ligue 1,Metz,Reims,1 - 1,1 - 0,X,2,Evet
2025-05-29,2024,Ligue 1,Reims,Metz,1 - 3,0 - 0,2,4,Evet
2023-08-11,2023,Ligue 1,Nice,Lille,1 - 1,1 - 0,X,2,Evet
2023-08-12,2023,Ligue 1,Marseille,Reims,2 - 1,1 - 1,1,3,Evet
2023-08-12,2023,Ligue 1,Paris Saint Germain,Lorient,0 - 0,0 - 0,X,0,Yok
2023-08-13,2023,Ligue 1,Stade Brestois 29,Lens,3 - 2,1 - 2,1,5,Evet
2023-08-13,2023,Ligue 1,Montpellier,Le Havre,2 - 2,0 - 1,X,4,Evet
2023-08-13,2023,Ligue 1,Nantes,Toulouse,1 - 2,1 - 0,2,3,Evet
2023-08-13,2023,Ligue 1,Clermont Foot,Monaco,2 - 4,1 - 2,2,6,Evet
2023-08-13,2023,Ligue 1,Rennes,Metz,5 - 1,1 - 1,1,6,Evet
2023-08-13,2023,Ligue 1,Strasbourg,Lyon,2 - 1,0 - 0,1,3,Evet
2023-08-18,2023,Ligue 1,Metz,Marseille,2 - 2,0 - 1,X,4,Evet
2023-08-19,2023,Ligue 1,Lyon,Montpellier,1 - 4,0 - 2,2,5,Evet
2023-08-19,2023,Ligue 1,Toulouse,Paris Saint Germain,1 - 1,0 - 0,X,2,Evet
2023-08-20,2023,Ligue 1,Lille,Nantes,2 - 0,0 - 0,1,2,Yok
2023-08-20,2023,Ligue 1,Reims,Clermont Foot,2 - 0,1 - 0,1,2,Yok
2023-08-20,2023,Ligue 1,Lorient,Nice,1 - 1,0 - 0,X,2,Evet
2023-08-20,2023,Ligue 1,Le Havre,Stade Brestois 29,1 - 2,0 - 1,2,3,Evet
2023-08-20,2023,Ligue 1,Monaco,Strasbourg,3 - 0,2 - 0,1,3,Yok
2023-08-20,2023,Ligue 1,Lens,Rennes,1 - 1,1 - 0,X,2,Evet
2023-08-25,2023,Ligue 1,Nantes,Monaco,3 - 3,2 - 1,X,6,Evet
2023-08-26,2023,Ligue 1,Marseille,Stade Brestois 29,2 - 0,1 - 0,1,2,Yok
2023-08-26,2023,Ligue 1,Paris Saint Germain,Lens,3 - 1,1 - 0,1,4,Evet
2023-08-27,2023,Ligue 1,Rennes,Le Havre,2 - 2,2 - 1,X,4,Evet
2023-08-27,2023,Ligue 1,Montpellier,Reims,1 - 3,1 - 2,2,4,Evet
2023-08-27,2023,Ligue 1,Strasbourg,Toulouse,2 - 0,0 - 0,1,2,Yok
2023-08-27,2023,Ligue 1,Clermont Foot,Metz,0 - 1,0 - 0,2,1,Yok
2023-08-27,2023,Ligue 1,Lorient,Lille,4 - 1,2 - 0,1,5,Evet
2023-08-27,2023,Ligue 1,Nice,Lyon,0 - 0,0 - 0,X,0,Yok
2023-09-01,2023,Ligue 1,Nantes,Marseille,1 - 1,1 - 1,X,2,Evet
2023-09-02,2023,Ligue 1,Stade Brestois 29,Rennes,0 - 0,0 - 0,X,0,Yok
2023-09-02,2023,Ligue 1,Monaco,Lens,3 - 0,2 - 0,1,3,Yok
2023-09-03,2023,Ligue 1,Toulouse,Clermont Foot,2 - 2,2 - 1,X,4,Evet
2023-09-03,2023,Ligue 1,Lille,Montpellier,1 - 0,1 - 0,1,1,Yok
2023-09-03,2023,Ligue 1,Le Havre,Lorient,3 - 0,0 - 0,1,3,Yok
2023-09-03,2023,Ligue 1,Metz,Reims,2 - 2,1 - 1,X,4,Evet
2023-09-03,2023,Ligue 1,Nice,Strasbourg,2 - 0,1 - 0,1,2,Yok
2023-09-03,2023,Ligue 1,Lyon,Paris Saint Germain,1 - 4,0 - 4,2,5,Evet
2023-09-15,2023,Ligue 1,Paris Saint Germain,Nice,2 - 3,1 - 1,2,5,Evet
2023-09-16,2023,Ligue 1,Rennes,Lille,2 - 2,0 - 1,X,4,Evet
2023-09-16,2023,Ligue 1,Lens,Metz,0 - 1,0 - 1,2,1,Yok
2023-09-17,2023,Ligue 1,Lorient,Monaco,2 - 2,1 - 1,X,4,Evet
2023-09-17,2023,Ligue 1,Reims,Stade Brestois 29,1 - 2,1 - 0,2,3,Evet
2023-09-17,2023,Ligue 1,Strasbourg,Montpellier,2 - 2,0 - 2,X,4,Evet
2023-09-17,2023,Ligue 1,Clermont Foot,Nantes,0 - 1,0 - 0,2,1,Yok
2023-09-17,2023,Ligue 1,Marseille,Toulouse,0 - 0,0 - 0,X,0,Yok
2023-09-17,2023,Ligue 1,Lyon,Le Havre,0 - 0,0 - 0,X,0,Yok
2023-09-22,2023,Ligue 1,Monaco,Nice,0 - 1,0 - 0,2,1,Yok
2023-09-23,2023,Ligue 1,Nantes,Lorient,5 - 3,1 - 1,1,8,Evet
2023-09-23,2023,Ligue 1,Stade Brestois 29,Lyon,1 - 0,0 - 0,1,1,Yok
2023-09-24,2023,Ligue 1,Metz,Strasbourg,0 - 1,0 - 0,2,1,Yok
2023-09-24,2023,Ligue 1,Le Havre,Clermont Foot,2 - 1,2 - 1,1,3,Evet
2023-09-24,2023,Ligue 1,Lens,Toulouse,2 - 1,1 - 1,1,3,Evet
2023-09-24,2023,Ligue 1,Montpellier,Rennes,0 - 0,0 - 0,X,0,Yok
2023-09-24,2023,Ligue 1,Paris Saint Germain,Marseille,4 - 0,2 - 0,1,4,Yok
2023-09-26,2023,Ligue 1,Lille,Reims,1 - 2,0 - 2,2,3,Evet
2023-09-29,2023,Ligue 1,Strasbourg,Lens,0 - 1,0 - 1,2,1,Yok
2023-09-30,2023,Ligue 1,Clermont Foot,Paris Saint Germain,0 - 0,0 - 0,X,0,Yok
2023-09-30,2023,Ligue 1,Monaco,Marseille,3 - 2,2 - 2,1,5,Evet
2023-10-01,2023,Ligue 1,Reims,Lyon,2 - 0,1 - 0,1,2,Yok
2023-10-01,2023,Ligue 1,Nice,Stade Brestois 29,0 - 0,0 - 0,X,0,Yok
2023-10-01,2023,Ligue 1,Toulouse,Metz,3 - 0,2 - 0,1,3,Yok
2023-10-01,2023,Ligue 1,Le Havre,Lille,0 - 2,0 - 1,2,2,Yok
2023-10-01,2023,Ligue 1,Lorient,Montpellier,0 - 3,0 - 1,2,3,Yok
2023-10-01,2023,Ligue 1,Rennes,Nantes,3 - 1,1 - 1,1,4,Evet
2023-10-06,2023,Ligue 1,Strasbourg,Nantes,1 - 2,0 - 0,2,3,Evet
2023-10-07,2023,Ligue 1,Metz,Nice,0 - 1,0 - 1,2,1,Yok
2023-10-07,2023,Ligue 1,Reims,Monaco,1 - 3,0 - 1,2,4,Evet
2023-10-08,2023,Ligue 1,Marseille,Le Havre,3 - 0,2 - 0,1,3,Yok
2023-10-08,2023,Ligue 1,Lyon,Lorient,3 - 3,3 - 1,X,6,Evet
2023-10-08,2023,Ligue 1,Stade Brestois 29,Toulouse,1 - 1,0 - 1,X,2,Evet
2023-10-08,2023,Ligue 1,Lens,Lille,1 - 1,0 - 1,X,2,Evet
2023-10-08,2023,Ligue 1,Rennes,Paris Saint Germain,1 - 3,0 - 2,2,4,Evet
2023-10-20,2023,Ligue 1,Le Havre,Lens,0 - 0,0 - 0,X,0,Yok
2023-10-21,2023,Ligue 1,Paris Saint Germain,Strasbourg,3 - 0,2 - 0,1,3,Yok
2023-10-21,2023,Ligue 1,Nice,Marseille,1 - 0,0 - 0,1,1,Yok
2023-10-22,2023,Ligue 1,Lorient,Rennes,2 - 1,2 - 1,1,3,Evet
2023-10-22,2023,Ligue 1,Lille,Stade Brestois 29,1 - 0,1 - 0,1,1,Yok
2023-10-22,2023,Ligue 1,Nantes,Montpellier,2 - 0,1 - 0,1,2,Yok
2023-10-22,2023,Ligue 1,Toulouse,Reims,1 - 1,0 - 0,X,2,Evet
2023-10-22,2023,Ligue 1,Monaco,Metz,2 - 1,1 - 1,1,3,Evet
2023-10-22,2023,Ligue 1,Lyon,Clermont Foot,1 - 2,0 - 2,2,3,Evet
2023-10-27,2023,Ligue 1,Clermont Foot,Nice,0 - 1,0 - 0,2,1,Yok
2023-10-28,2023,Ligue 1,Reims,Lorient,1 - 0,0 - 0,1,1,Yok
2023-10-28,2023,Ligue 1,Lens,Nantes,4 - 0,1 - 0,1,4,Yok
2023-10-29,2023,Ligue 1,Stade Brestois 29,Paris Saint Germain,2 - 3,1 - 2,2,5,Evet
2023-10-29,2023,Ligue 1,Lille,Monaco,2 - 0,2 - 0,1,2,Yok
2023-10-29,2023,Ligue 1,Montpellier,Toulouse,3 - 0,1 - 0,1,3,Yok
2023-10-29,2023,Ligue 1,Metz,Le Havre,0 - 0,0 - 0,X,0,Yok
2023-10-29,2023,Ligue 1,Rennes,Strasbourg,1 - 1,1 - 0,X,2,Evet
2023-11-03,2023,Ligue 1,Paris Saint Germain,Montpellier,3 - 0,1 - 0,1,3,Yok
2023-11-04,2023,Ligue 1,Lorient,Lens,0 - 0,0 - 0,X,0,Yok
2023-11-04,2023,Ligue 1,Marseille,Lille,0 - 0,0 - 0,X,0,Yok
2023-11-05,2023,Ligue 1,Lyon,Metz,1 - 1,0 - 0,X,2,Evet
2023-11-05,2023,Ligue 1,Nantes,Reims,0 - 1,0 - 0,2,1,Yok
2023-11-05,2023,Ligue 1,Strasbourg,Clermont Foot,0 - 0,0 - 0,X,0,Yok
2023-11-05,2023,Ligue 1,Toulouse,Le Havre,1 - 2,0 - 0,2,3,Evet
2023-11-05,2023,Ligue 1,Monaco,Stade Brestois 29,2 - 0,1 - 0,1,2,Yok
2023-11-05,2023,Ligue 1,Nice,Rennes,2 - 0,1 - 0,1,2,Yok
2023-11-10,2023,Ligue 1,Montpellier,Nice,0 - 0,0 - 0,X,0,Yok
2023-11-11,2023,Ligue 1,Reims,Paris Saint Germain,0 - 3,0 - 1,2,3,Yok
2023-11-11,2023,Ligue 1,Le Havre,Monaco,0 - 0,0 - 0,X,0,Yok
2023-11-12,2023,Ligue 1,Lille,Toulouse,1 - 1,1 - 0,X,2,Evet
2023-11-12,2023,Ligue 1,Clermont Foot,Lorient,1 - 0,0 - 0,1,1,Yok
2023-11-12,2023,Ligue 1,Metz,Nantes,3 - 1,2 - 1,1,4,Evet
2023-11-12,2023,Ligue 1,Rennes,Lyon,0 - 1,0 - 0,2,1,Yok
2023-11-12,2023,Ligue 1,Lens,Marseille,1 - 0,0 - 0,1,1,Yok
2023-11-24,2023,Ligue 1,Paris Saint Germain,Monaco,5 - 2,2 - 1,1,7,Evet
2023-11-25,2023,Ligue 1,Clermont Foot,Lens,0 - 3,0 - 1,2,3,Yok
2023-11-25,2023,Ligue 1,Strasbourg,Marseille,1 - 1,1 - 1,X,2,Evet
2023-11-26,2023,Ligue 1,Nice,Toulouse,1 - 0,0 - 0,1,1,Yok
2023-11-26,2023,Ligue 1,Montpellier,Stade Brestois 29,1 - 3,0 - 1,2,4,Evet
2023-11-26,2023,Ligue 1,Nantes,Le Havre,0 - 0,0 - 0,X,0,Yok
2023-11-26,2023,Ligue 1,Lorient,Metz,2 - 3,2 - 1,2,5,Evet
2023-11-26,2023,Ligue 1,Rennes,Reims,3 - 1,1 - 1,1,4,Evet
2023-11-26,2023,Ligue 1,Lyon,Lille,0 - 2,0 - 2,2,2,Yok
2023-11-29,2023,Ligue 1,Montpellier,Clermont Foot,1 - 1,0 - 1,X,2,Evet
2023-12-01,2023,Ligue 1,Reims,Strasbourg,2 - 1,2 - 0,1,3,Evet
2023-12-02,2023,Ligue 1,Lens,Lyon,3 - 2,1 - 1,1,5,Evet
2023-12-02,2023,Ligue 1,Nantes,Nice,1 - 0,1 - 0,1,1,Yok
2023-12-03,2023,Ligue 1,Le Havre,Paris Saint Germain,0 - 2,0 - 1,2,2,Yok
2023-12-03,2023,Ligue 1,Monaco,Montpellier,2 - 0,1 - 0,1,2,Yok
2023-12-03,2023,Ligue 1,Toulouse,Lorient,1 - 1,0 - 0,X,2,Evet
2023-12-03,2023,Ligue 1,Stade Brestois 29,Clermont Foot,3 - 0,2 - 0,1,3,Yok
2023-12-03,2023,Ligue 1,Lille,Metz,2 - 0,2 - 0,1,2,Yok
2023-12-03,2023,Ligue 1,Marseille,Rennes,2 - 0,1 - 0,1,2,Yok
2023-12-06,2023,Ligue 1,Marseille,Lyon,3 - 0,2 - 0,1,3,Yok
2023-12-07,2023,Ligue 1,Stade Brestois 29,Strasbourg,1 - 1,1 - 0,X,2,Evet
2023-12-08,2023,Ligue 1,Montpellier,Lens,0 - 0,0 - 0,X,0,Yok
2023-12-09,2023,Ligue 1,Rennes,Monaco,1 - 2,0 - 0,2,3,Evet
2023-12-09,2023,Ligue 1,Paris Saint Germain,Nantes,2 - 1,1 - 0,1,3,Evet
2023-12-10,2023,Ligue 1,Nice,Reims,2 - 1,0 - 0,1,3,Evet
2023-12-10,2023,Ligue 1,Strasbourg,Le Havre,2 - 1,1 - 0,1,3,Evet
2023-12-10,2023,Ligue 1,Clermont Foot,Lille,0 - 0,0 - 0,X,0,Yok
2023-12-10,2023,Ligue 1,Metz,Stade Brestois 29,0 - 1,0 - 0,2,1,Yok
2023-12-10,2023,Ligue 1,Lyon,Toulouse,3 - 0,2 - 0,1,3,Yok
2023-12-10,2023,Ligue 1,Lorient,Marseille,2 - 4,1 - 4,2,6,Evet
2023-12-15,2023,Ligue 1,Monaco,Lyon,0 - 1,0 - 0,2,1,Yok
2023-12-16,2023,Ligue 1,Le Havre,Nice,3 - 1,2 - 0,1,4,Evet
2023-12-16,2023,Ligue 1,Lens,Reims,2 - 0,1 - 0,1,2,Yok
2023-12-17,2023,Ligue 1,Nantes,Stade Brestois 29,0 - 2,0 - 0,2,2,Yok
2023-12-17,2023,Ligue 1,Toulouse,Rennes,0 - 0,0 - 0,X,0,Yok
2023-12-17,2023,Ligue 1,Lorient,Strasbourg,1 - 2,0 - 1,2,3,Evet
2023-12-17,2023,Ligue 1,Metz,Montpellier,0 - 1,0 - 1,2,1,Yok
2023-12-17,2023,Ligue 1,Marseille,Clermont Foot,2 - 1,2 - 0,1,3,Evet
2023-12-17,2023,Ligue 1,Lille,Paris Saint Germain,1 - 1,0 - 0,X,2,Evet
2023-12-20,2023,Ligue 1,Lyon,Nantes,1 - 0,0 - 0,1,1,Yok
2023-12-20,2023,Ligue 1,Montpellier,Marseille,1 - 1,1 - 0,X,2,Evet
2023-12-20,2023,Ligue 1,Nice,Lens,2 - 0,0 - 0,1,2,Yok
2023-12-20,2023,Ligue 1,Paris Saint Germain,Metz,3 - 1,0 - 0,1,4,Evet
2023-12-20,2023,Ligue 1,Reims,Le Havre,1 - 0,1 - 0,1,1,Yok
2023-12-20,2023,Ligue 1,Strasbourg,Lille,2 - 1,1 - 1,1,3,Evet
2023-12-20,2023,Ligue 1,Toulouse,Monaco,1 - 2,1 - 2,2,3,Evet
2023-12-20,2023,Ligue 1,Clermont Foot,Rennes,1 - 3,1 - 0,2,4,Evet
2023-12-20,2023,Ligue 1,Stade Brestois 29,Lorient,4 - 0,4 - 0,1,4,Yok
2024-01-12,2023,Ligue 1,Marseille,Strasbourg,1 - 1,1 - 0,X,2,Evet
2024-01-13,2023,Ligue 1,Monaco,Reims,1 - 3,0 - 1,2,4,Evet
2024-01-13,2023,Ligue 1,Rennes,Nice,2 - 0,1 - 0,1,2,Yok
2024-01-14,2023,Ligue 1,Lille,Lorient,3 - 0,1 - 0,1,3,Yok
2024-01-14,2023,Ligue 1,Nantes,Clermont Foot,1 - 2,0 - 1,2,3,Evet
2024-01-14,2023,Ligue 1,Stade Brestois 29,Montpellier,2 - 0,0 - 0,1,2,Yok
2024-01-14,2023,Ligue 1,Metz,Toulouse,0 - 1,0 - 1,2,1,Yok
2024-01-14,2023,Ligue 1,Le Havre,Lyon,3 - 1,1 - 0,1,4,Evet
2024-01-14,2023,Ligue 1,Lens,Paris Saint Germain,0 - 2,0 - 1,2,2,Yok
2024-01-26,2023,Ligue 1,Lyon,Rennes,2 - 3,0 - 3,2,5,Evet
2024-01-27,2023,Ligue 1,Nice,Metz,1 - 0,0 - 0,1,1,Yok
2024-01-27,2023,Ligue 1,Marseille,Monaco,2 - 2,1 - 2,X,4,Evet
2024-01-28,2023,Ligue 1,Montpellier,Lille,0 - 0,0 - 0,X,0,Yok
2024-01-28,2023,Ligue 1,Reims,Nantes,0 - 0,0 - 0,X,0,Yok
2024-01-28,2023,Ligue 1,Lorient,Le Havre,3 - 3,1 - 1,X,6,Evet
2024-01-28,2023,Ligue 1,Clermont Foot,Strasbourg,1 - 1,0 - 1,X,2,Evet
2024-01-28,2023,Ligue 1,Toulouse,Lens,0 - 2,0 - 1,2,2,Yok
2024-01-28,2023,Ligue 1,Paris Saint Germain,Stade Brestois 29,2 - 2,2 - 0,X,4,Evet
2024-02-02,2023,Ligue 1,Strasbourg,Paris Saint Germain,1 - 2,0 - 1,2,3,Evet
2024-02-03,2023,Ligue 1,Rennes,Montpellier,2 - 1,1 - 0,1,3,Evet
2024-02-03,2023,Ligue 1,Nantes,Lens,0 - 1,0 - 0,2,1,Yok
2024-02-04,2023,Ligue 1,Monaco,Le Havre,1 - 1,0 - 0,X,2,Evet
2024-02-04,2023,Ligue 1,Lille,Clermont Foot,4 - 0,4 - 0,1,4,Yok
2024-02-04,2023,Ligue 1,Reims,Toulouse,2 - 3,0 - 3,2,5,Evet
2024-02-04,2023,Ligue 1,Metz,Lorient,1 - 2,1 - 1,2,3,Evet
2024-02-04,2023,Ligue 1,Stade Brestois 29,Nice,0 - 0,0 - 0,X,0,Yok
2024-02-04,2023,Ligue 1,Lyon,Marseille,1 - 0,1 - 0,1,1,Yok
2024-02-09,2023,Ligue 1,Marseille,Metz,1 - 1,0 - 0,X,2,Evet
2024-02-10,2023,Ligue 1,Lens,Strasbourg,3 - 1,2 - 1,1,4,Evet
2024-02-10,2023,Ligue 1,Paris Saint Germain,Lille,3 - 1,2 - 1,1,4,Evet
2024-02-11,2023,Ligue 1,Le Havre,Rennes,0 - 1,0 - 0,2,1,Yok
2024-02-11,2023,Ligue 1,Toulouse,Nantes,1 - 2,0 - 1,2,3,Evet
2024-02-11,2023,Ligue 1,Lorient,Reims,2 - 0,0 - 0,1,2,Yok
2024-02-11,2023,Ligue 1,Clermont Foot,Stade Brestois 29,1 - 1,0 - 0,X,2,Evet
2024-02-11,2023,Ligue 1,Montpellier,Lyon,1 - 2,1 - 0,2,3,Evet
2024-02-11,2023,Ligue 1,Nice,Monaco,2 - 3,1 - 1,2,5,Evet
2024-02-16,2023,Ligue 1,Lyon,Nice,1 - 0,1 - 0,1,1,Yok
2024-02-17,2023,Ligue 1,Lille,Le Havre,3 - 0,2 - 0,1,3,Yok
2024-02-17,2023,Ligue 1,Nantes,Paris Saint Germain,0 - 2,0 - 0,2,2,Yok
2024-02-18,2023,Ligue 1,Strasbourg,Lorient,1 - 3,0 - 2,2,4,Evet
2024-02-18,2023,Ligue 1,Montpellier,Metz,3 - 0,1 - 0,1,3,Yok
2024-02-18,2023,Ligue 1,Monaco,Toulouse,1 - 2,0 - 1,2,3,Evet
2024-02-18,2023,Ligue 1,Rennes,Clermont Foot,3 - 1,1 - 0,1,4,Evet
2024-02-18,2023,Ligue 1,Reims,Lens,1 - 1,1 - 1,X,2,Evet
2024-02-18,2023,Ligue 1,Stade Brestois 29,Marseille,1 - 0,0 - 0,1,1,Yok
2024-02-23,2023,Ligue 1,Metz,Lyon,1 - 2,1 - 1,2,3,Evet
2024-02-24,2023,Ligue 1,Lorient,Nantes,0 - 1,0 - 0,2,1,Yok
2024-02-24,2023,Ligue 1,Strasbourg,Stade Brestois 29,0 - 3,0 - 2,2,3,Yok
2024-02-25,2023,Ligue 1,Lens,Monaco,2 - 3,1 - 2,2,5,Evet
2024-02-25,2023,Ligue 1,Nice,Clermont Foot,0 - 0,0 - 0,X,0,Yok
2024-02-25,2023,Ligue 1,Toulouse,Lille,3 - 1,0 - 1,1,4,Evet
2024-02-25,2023,Ligue 1,Le Havre,Reims,1 - 2,0 - 0,2,3,Evet
2024-02-25,2023,Ligue 1,Paris Saint Germain,Rennes,1 - 1,0 - 1,X,2,Evet
2024-02-25,2023,Ligue 1,Marseille,Montpellier,4 - 1,2 - 1,1,5,Evet
2024-03-01,2023,Ligue 1,Monaco,Paris Saint Germain,0 - 0,0 - 0,X,0,Yok
2024-03-02,2023,Ligue 1,Reims,Lille,0 - 1,0 - 0,2,1,Yok
2024-03-02,2023,Ligue 1,Clermont Foot,Marseille,1 - 5,0 - 1,2,6,Evet
2024-03-03,2023,Ligue 1,Toulouse,Nice,2 - 1,0 - 1,1,3,Evet
2024-03-03,2023,Ligue 1,Montpellier,Strasbourg,2 - 2,0 - 0,X,4,Evet
2024-03-03,2023,Ligue 1,Nantes,Metz,0 - 2,0 - 0,2,2,Yok
2024-03-03,2023,Ligue 1,Stade Brestois 29,Le Havre,1 - 0,1 - 0,1,1,Yok
2024-03-03,2023,Ligue 1,Rennes,Lorient,1 - 2,0 - 0,2,3,Evet
2024-03-03,2023,Ligue 1,Lyon,Lens,0 - 3,0 - 1,2,3,Yok
2024-03-08,2023,Ligue 1,Nice,Montpellier,1 - 2,1 - 2,2,3,Evet
2024-03-09,2023,Ligue 1,Lorient,Lyon,0 - 2,0 - 0,2,2,Yok
2024-03-09,2023,Ligue 1,Lens,Stade Brestois 29,1 - 0,1 - 0,1,1,Yok
2024-03-10,2023,Ligue 1,Paris Saint Germain,Reims,2 - 2,2 - 2,X,4,Evet
2024-03-10,2023,Ligue 1,Strasbourg,Monaco,0 - 1,0 - 0,2,1,Yok
2024-03-10,2023,Ligue 1,Le Havre,Toulouse,1 - 0,0 - 0,1,1,Yok
2024-03-10,2023,Ligue 1,Metz,Clermont Foot,1 - 0,1 - 0,1,1,Yok
2024-03-10,2023,Ligue 1,Lille,Rennes,2 - 2,0 - 2,X,4,Evet
2024-03-10,2023,Ligue 1,Marseille,Nantes,2 - 0,1 - 0,1,2,Yok
2024-03-15,2023,Ligue 1,Toulouse,Lyon,2 - 3,0 - 1,2,5,Evet
2024-03-16,2023,Ligue 1,Nantes,Strasbourg,1 - 3,1 - 1,2,4,Evet
2024-03-16,2023,Ligue 1,Lens,Nice,1 - 3,0 - 1,2,4,Evet
2024-03-17,2023,Ligue 1,Stade Brestois 29,Lille,1 - 1,0 - 0,X,2,Evet
2024-03-17,2023,Ligue 1,Monaco,Lorient,2 - 2,1 - 1,X,4,Evet
2024-03-17,2023,Ligue 1,Reims,Metz,2 - 1,1 - 1,1,3,Evet
2024-03-17,2023,Ligue 1,Clermont Foot,Le Havre,2 - 1,2 - 1,1,3,Evet
2024-03-17,2023,Ligue 1,Rennes,Marseille,2 - 0,1 - 0,1,2,Yok
2024-03-17,2023,Ligue 1,Montpellier,Paris Saint Germain,2 - 6,2 - 2,2,8,Evet
2024-03-29,2023,Ligue 1,Lille,Lens,2 - 1,1 - 0,1,3,Evet
2024-03-30,2023,Ligue 1,Metz,Monaco,2 - 5,0 - 3,2,7,Evet
2024-03-30,2023,Ligue 1,Lyon,Reims,1 - 1,0 - 0,X,2,Evet
2024-03-31,2023,Ligue 1,Lorient,Stade Brestois 29,0 - 1,0 - 0,2,1,Yok
2024-03-31,2023,Ligue 1,Nice,Nantes,1 - 2,0 - 1,2,3,Evet
2024-03-31,2023,Ligue 1,Clermont Foot,Toulouse,0 - 3,0 - 1,2,3,Yok
2024-03-31,2023,Ligue 1,Le Havre,Montpellier,0 - 2,0 - 0,2,2,Yok
2024-03-31,2023,Ligue 1,Strasbourg,Rennes,2 - 0,0 - 0,1,2,Yok
2024-03-31,2023,Ligue 1,Marseille,Paris Saint Germain,0 - 2,0 - 0,2,2,Yok
2024-04-05,2023,Ligue 1,Lille,Marseille,3 - 1,0 - 0,1,4,Evet
2024-04-06,2023,Ligue 1,Lens,Le Havre,1 - 1,0 - 0,X,2,Evet
2024-04-06,2023,Ligue 1,Paris Saint Germain,Clermont Foot,1 - 1,0 - 1,X,2,Evet
2024-04-07,2023,Ligue 1,Stade Brestois 29,Metz,4 - 3,3 - 1,1,7,Evet
2024-04-07,2023,Ligue 1,Montpellier,Lorient,2 - 0,0 - 0,1,2,Yok
2024-04-07,2023,Ligue 1,Reims,Nice,0 - 0,0 - 0,X,0,Yok
2024-04-07,2023,Ligue 1,Toulouse,Strasbourg,0 - 0,0 - 0,X,0,Yok
2024-04-07,2023,Ligue 1,Monaco,Rennes,1 - 0,1 - 0,1,1,Yok
2024-04-07,2023,Ligue 1,Nantes,Lyon,1 - 3,1 - 0,2,4,Evet
2024-04-12,2023,Ligue 1,Metz,Lens,2 - 1,2 - 1,1,3,Evet
2024-04-13,2023,Ligue 1,Strasbourg,Reims,3 - 1,1 - 1,1,4,Evet
2024-04-13,2023,Ligue 1,Rennes,Toulouse,1 - 2,1 - 2,2,3,Evet
2024-04-14,2023,Ligue 1,Le Havre,Nantes,0 - 1,0 - 0,2,1,Yok
2024-04-14,2023,Ligue 1,Clermont Foot,Montpellier,1 - 1,1 - 0,X,2,Evet
2024-04-14,2023,Ligue 1,Lyon,Stade Brestois 29,4 - 3,1 - 0,1,7,Evet
2024-04-19,2023,Ligue 1,Nice,Lorient,3 - 0,1 - 0,1,3,Yok
2024-04-20,2023,Ligue 1,Nantes,Rennes,0 - 3,0 - 0,2,3,Yok
2024-04-20,2023,Ligue 1,Lens,Clermont Foot,1 - 0,1 - 0,1,1,Yok
2024-04-21,2023,Ligue 1,Lille,Strasbourg,1 - 0,1 - 0,1,1,Yok
2024-04-21,2023,Ligue 1,Reims,Montpellier,1 - 2,0 - 1,2,3,Evet
2024-04-21,2023,Ligue 1,Le Havre,Metz,0 - 1,0 - 0,2,1,Yok
2024-04-21,2023,Ligue 1,Stade Brestois 29,Monaco,0 - 2,0 - 1,2,2,Yok
2024-04-21,2023,Ligue 1,Toulouse,Marseille,2 - 2,1 - 1,X,4,Evet
2024-04-21,2023,Ligue 1,Paris Saint Germain,Lyon,4 - 1,4 - 1,1,5,Evet
2024-04-24,2023,Ligue 1,Lorient,Paris Saint Germain,1 - 4,0 - 2,2,5,Evet
2024-04-24,2023,Ligue 1,Marseille,Nice,2 - 2,1 - 1,X,4,Evet
2024-04-24,2023,Ligue 1,Monaco,Lille,1 - 0,0 - 0,1,1,Yok
2024-04-26,2023,Ligue 1,Montpellier,Nantes,1 - 1,1 - 1,X,2,Evet
2024-04-27,2023,Ligue 1,Paris Saint Germain,Le Havre,3 - 3,1 - 2,X,6,Evet
2024-04-28,2023,Ligue 1,Metz,Lille,1 - 2,1 - 2,2,3,Evet
2024-04-28,2023,Ligue 1,Strasbourg,Nice,1 - 3,1 - 1,2,4,Evet
2024-04-28,2023,Ligue 1,Lorient,Toulouse,1 - 2,1 - 0,2,3,Evet
2024-04-28,2023,Ligue 1,Clermont Foot,Reims,4 - 1,1 - 1,1,5,Evet
2024-04-28,2023,Ligue 1,Rennes,Stade Brestois 29,4 - 5,2 - 1,2,9,Evet
2024-04-28,2023,Ligue 1,Lyon,Monaco,3 - 2,2 - 1,1,5,Evet
2024-04-28,2023,Ligue 1,Marseille,Lens,2 - 1,1 - 0,1,3,Evet
2024-05-03,2023,Ligue 1,Toulouse,Montpellier,1 - 2,1 - 1,2,3,Evet
2024-05-03,2023,Ligue 1,Lens,Lorient,2 - 0,0 - 0,1,2,Yok
2024-05-04,2023,Ligue 1,Le Havre,Strasbourg,3 - 1,1 - 0,1,4,Evet
2024-05-04,2023,Ligue 1,Monaco,Clermont Foot,4 - 1,2 - 1,1,5,Evet
2024-05-04,2023,Ligue 1,Metz,Rennes,2 - 3,2 - 1,2,5,Evet
2024-05-04,2023,Ligue 1,Stade Brestois 29,Nantes,0 - 0,0 - 0,X,0,Yok
2024-05-06,2023,Ligue 1,Lille,Lyon,3 - 4,2 - 0,2,7,Evet
2024-05-10,2023,Ligue 1,Nice,Le Havre,1 - 0,1 - 0,1,1,Yok
2024-05-10,2023,Ligue 1,Stade Brestois 29,Reims,1 - 1,1 - 1,X,2,Evet
2024-05-12,2023,Ligue 1,Marseille,Lorient,3 - 1,2 - 1,1,4,Evet
2024-05-12,2023,Ligue 1,Montpellier,Monaco,0 - 2,0 - 0,2,2,Yok
2024-05-12,2023,Ligue 1,Nantes,Lille,1 - 2,0 - 2,2,3,Evet
2024-05-12,2023,Ligue 1,Paris Saint Germain,Toulouse,1 - 3,1 - 1,2,4,Evet
2024-05-12,2023,Ligue 1,Rennes,Lens,1 - 1,0 - 0,X,2,Evet
2024-05-12,2023,Ligue 1,Strasbourg,Metz,2 - 1,0 - 0,1,3,Evet
2024-05-12,2023,Ligue 1,Clermont Foot,Lyon,0 - 1,0 - 0,2,1,Yok
2024-05-15,2023,Ligue 1,Nice,Paris Saint Germain,1 - 2,1 - 2,2,3,Evet
2024-05-15,2023,Ligue 1,Reims,Marseille,1 - 0,1 - 0,1,1,Yok
2024-05-19,2023,Ligue 1,Lille,Nice,2 - 2,0 - 1,X,4,Evet
2024-05-19,2023,Ligue 1,Lyon,Strasbourg,2 - 1,1 - 0,1,3,Evet
2024-05-19,2023,Ligue 1,Monaco,Nantes,4 - 0,3 - 0,1,4,Yok
2024-05-19,2023,Ligue 1,Reims,Rennes,2 - 1,0 - 0,1,3,Evet
2024-05-19,2023,Ligue 1,Toulouse,Stade Brestois 29,0 - 3,0 - 0,2,3,Yok
2024-05-19,2023,Ligue 1,Lorient,Clermont Foot,5 - 0,2 - 0,1,5,Yok
2024-05-19,2023,Ligue 1,Le Havre,Marseille,1 - 2,0 - 0,2,3,Evet
2024-05-19,2023,Ligue 1,Metz,Paris Saint Germain,0 - 2,0 - 2,2,2,Yok
2024-05-19,2023,Ligue 1,Lens,Montpellier,2 - 2,2 - 0,X,4,Evet
2024-05-30,2023,Ligue 1,Saint Etienne,Metz,2 - 1,1 - 1,1,3,Evet
2024-06-02,2023,Ligue 1,Metz,Saint Etienne,2 - 2,2 - 1,X,4,Evet
2022-08-05,2022,Ligue 1,Lyon,Ajaccio,2 - 1,2 - 1,1,3,Evet
2022-08-06,2022,Ligue 1,Strasbourg,Monaco,1 - 2,0 - 1,2,3,Evet
2022-08-06,2022,Ligue 1,Clermont Foot,Paris Saint Germain,0 - 5,0 - 3,2,5,Yok
2022-08-07,2022,Ligue 1,Toulouse,Nice,1 - 1,1 - 0,X,2,Evet
2022-08-07,2022,Ligue 1,Angers,Nantes,0 - 0,0 - 0,X,0,Yok
2022-08-07,2022,Ligue 1,Lille,Auxerre,4 - 1,3 - 0,1,5,Evet
2022-08-07,2022,Ligue 1,Montpellier,Estac Troyes,3 - 2,2 - 2,1,5,Evet
2022-08-07,2022,Ligue 1,Lens,Stade Brestois 29,3 - 2,1 - 0,1,5,Evet
2022-08-07,2022,Ligue 1,Rennes,Lorient,0 - 1,0 - 0,2,1,Yok
2022-08-07,2022,Ligue 1,Marseille,Reims,4 - 1,2 - 0,1,5,Evet
2022-08-12,2022,Ligue 1,Nantes,Lille,1 - 1,1 - 0,X,2,Evet
2022-08-13,2022,Ligue 1,Monaco,Rennes,1 - 1,0 - 0,X,2,Evet
2022-08-13,2022,Ligue 1,Paris Saint Germain,Montpellier,5 - 2,2 - 0,1,7,Evet
2022-08-14,2022,Ligue 1,Reims,Clermont Foot,2 - 4,2 - 0,2,6,Evet
2022-08-14,2022,Ligue 1,Ajaccio,Lens,0 - 0,0 - 0,X,0,Yok
2022-08-14,2022,Ligue 1,Auxerre,Angers,2 - 2,2 - 1,X,4,Evet
2022-08-14,2022,Ligue 1,Estac Troyes,Toulouse,0 - 3,0 - 1,2,3,Yok
2022-08-14,2022,Ligue 1,Nice,Strasbourg,1 - 1,1 - 0,X,2,Evet
2022-08-14,2022,Ligue 1,Stade Brestois 29,Marseille,1 - 1,0 - 1,X,2,Evet
2022-08-19,2022,Ligue 1,Lyon,Estac Troyes,4 - 1,1 - 1,1,5,Evet
2022-08-20,2022,Ligue 1,Monaco,Lens,1 - 4,1 - 2,2,5,Evet
2022-08-20,2022,Ligue 1,Marseille,Nantes,2 - 1,0 - 0,1,3,Evet
2022-08-21,2022,Ligue 1,Strasbourg,Reims,1 - 1,1 - 0,X,2,Evet
2022-08-21,2022,Ligue 1,Angers,Stade Brestois 29,1 - 3,0 - 2,2,4,Evet
2022-08-21,2022,Ligue 1,Montpellier,Auxerre,1 - 2,1 - 0,2,3,Evet
2022-08-21,2022,Ligue 1,Toulouse,Lorient,2 - 2,1 - 1,X,4,Evet
2022-08-21,2022,Ligue 1,Clermont Foot,Nice,1 - 0,1 - 0,1,1,Yok
2022-08-21,2022,Ligue 1,Rennes,Ajaccio,2 - 1,1 - 0,1,3,Evet
2022-08-21,2022,Ligue 1,Lille,Paris Saint Germain,1 - 7,0 - 4,2,8,Evet
2022-08-26,2022,Ligue 1,Ajaccio,Lille,1 - 3,0 - 2,2,4,Evet
2022-08-27,2022,Ligue 1,Auxerre,Strasbourg,1 - 0,1 - 0,1,1,Yok
2022-08-27,2022,Ligue 1,Lens,Rennes,2 - 1,0 - 0,1,3,Evet
2022-08-28,2022,Ligue 1,Nantes,Toulouse,3 - 1,0 - 1,1,4,Evet
2022-08-28,2022,Ligue 1,Nice,Marseille,0 - 3,0 - 3,2,3,Yok
2022-08-28,2022,Ligue 1,Lorient,Clermont Foot,2 - 1,2 - 0,1,3,Evet
2022-08-28,2022,Ligue 1,Stade Brestois 29,Montpellier,0 - 7,0 - 5,2,7,Yok
2022-08-28,2022,Ligue 1,Estac Troyes,Angers,3 - 1,1 - 0,1,4,Evet
2022-08-28,2022,Ligue 1,Reims,Lyon,1 - 1,1 - 0,X,2,Evet
2022-08-28,2022,Ligue 1,Paris Saint Germain,Monaco,1 - 1,0 - 1,X,2,Evet
2022-08-31,2022,Ligue 1,Angers,Reims,2 - 4,0 - 2,2,6,Evet
2022-08-31,2022,Ligue 1,Lyon,Auxerre,2 - 1,1 - 0,1,3,Evet
2022-08-31,2022,Ligue 1,Montpellier,Ajaccio,2 - 0,1 - 0,1,2,Yok
2022-08-31,2022,Ligue 1,Monaco,Estac Troyes,2 - 4,1 - 2,2,6,Evet
2022-08-31,2022,Ligue 1,Strasbourg,Nantes,1 - 1,1 - 0,X,2,Evet
2022-08-31,2022,Ligue 1,Lille,Nice,1 - 2,1 - 2,2,3,Evet
2022-08-31,2022,Ligue 1,Marseille,Clermont Foot,1 - 0,0 - 0,1,1,Yok
2022-08-31,2022,Ligue 1,Rennes,Stade Brestois 29,3 - 1,0 - 0,1,4,Evet
2022-08-31,2022,Ligue 1,Toulouse,Paris Saint Germain,0 - 3,0 - 1,2,3,Yok
2022-08-31,2022,Ligue 1,Lens,Lorient,5 - 2,2 - 1,1,7,Evet
2022-09-03,2022,Ligue 1,Auxerre,Marseille,0 - 2,0 - 1,2,2,Yok
2022-09-03,2022,Ligue 1,Lyon,Angers,5 - 0,2 - 0,1,5,Yok
2022-09-03,2022,Ligue 1,Nantes,Paris Saint Germain,0 - 3,0 - 1,2,3,Yok
2022-09-04,2022,Ligue 1,Montpellier,Lille,1 - 3,1 - 1,2,4,Evet
2022-09-04,2022,Ligue 1,Reims,Lens,1 - 1,0 - 0,X,2,Evet
2022-09-04,2022,Ligue 1,Ajaccio,Lorient,0 - 1,0 - 0,2,1,Yok
2022-09-04,2022,Ligue 1,Clermont Foot,Toulouse,2 - 0,0 - 0,1,2,Yok
2022-09-04,2022,Ligue 1,Stade Brestois 29,Strasbourg,1 - 1,1 - 1,X,2,Evet
2022-09-04,2022,Ligue 1,Estac Troyes,Rennes,1 - 1,1 - 0,X,2,Evet
2022-09-04,2022,Ligue 1,Nice,Monaco,0 - 1,0 - 0,2,1,Yok
2022-09-07,2022,Ligue 1,Lorient,Lyon,3 - 1,2 - 1,1,4,Evet
2022-09-09,2022,Ligue 1,Lens,Estac Troyes,1 - 0,1 - 0,1,1,Yok
2022-09-10,2022,Ligue 1,Paris Saint Germain,Stade Brestois 29,1 - 0,1 - 0,1,1,Yok
2022-09-10,2022,Ligue 1,Marseille,Lille,2 - 1,1 - 1,1,3,Evet
2022-09-11,2022,Ligue 1,Strasbourg,Clermont Foot,0 - 0,0 - 0,X,0,Yok
2022-09-11,2022,Ligue 1,Angers,Montpellier,2 - 1,1 - 1,1,3,Evet
2022-09-11,2022,Ligue 1,Toulouse,Reims,1 - 0,1 - 0,1,1,Yok
2022-09-11,2022,Ligue 1,Lorient,Nantes,3 - 2,1 - 1,1,5,Evet
2022-09-11,2022,Ligue 1,Ajaccio,Nice,0 - 1,0 - 0,2,1,Yok
2022-09-11,2022,Ligue 1,Rennes,Auxerre,5 - 0,1 - 0,1,5,Yok
2022-09-11,2022,Ligue 1,Monaco,Lyon,2 - 1,0 - 0,1,3,Evet
2022-09-16,2022,Ligue 1,Auxerre,Lorient,1 - 3,0 - 3,2,4,Evet
2022-09-17,2022,Ligue 1,Montpellier,Strasbourg,2 - 1,1 - 0,1,3,Evet
2022-09-17,2022,Ligue 1,Lille,Toulouse,2 - 1,1 - 0,1,3,Evet
2022-09-18,2022,Ligue 1,Reims,Monaco,0 - 3,0 - 0,2,3,Yok
2022-09-18,2022,Ligue 1,Marseille,Rennes,1 - 1,0 - 1,X,2,Evet
2022-09-18,2022,Ligue 1,Nice,Angers,0 - 1,0 - 1,2,1,Yok
2022-09-18,2022,Ligue 1,Clermont Foot,Estac Troyes,1 - 3,1 - 1,2,4,Evet
2022-09-18,2022,Ligue 1,Stade Brestois 29,Ajaccio,0 - 1,0 - 0,2,1,Yok
2022-09-18,2022,Ligue 1,Nantes,Lens,0 - 0,0 - 0,X,0,Yok
2022-09-18,2022,Ligue 1,Lyon,Paris Saint Germain,0 - 1,0 - 1,2,1,Yok
2022-09-30,2022,Ligue 1,Angers,Marseille,0 - 3,0 - 1,2,3,Yok
2022-10-01,2022,Ligue 1,Strasbourg,Rennes,1 - 3,0 - 1,2,4,Evet
2022-10-01,2022,Ligue 1,Paris Saint Germain,Nice,2 - 1,1 - 0,1,3,Evet
2022-10-02,2022,Ligue 1,Lorient,Lille,2 - 1,1 - 0,1,3,Evet
2022-10-02,2022,Ligue 1,Toulouse,Montpellier,4 - 2,3 - 1,1,6,Evet
2022-10-02,2022,Ligue 1,Ajaccio,Clermont Foot,1 - 3,0 - 1,2,4,Evet
2022-10-02,2022,Ligue 1,Auxerre,Stade Brestois 29,1 - 1,0 - 0,X,2,Evet
2022-10-02,2022,Ligue 1,Estac Troyes,Reims,2 - 2,0 - 1,X,4,Evet
2022-10-02,2022,Ligue 1,Monaco,Nantes,4 - 1,3 - 0,1,5,Evet
2022-10-02,2022,Ligue 1,Lens,Lyon,1 - 0,0 - 0,1,1,Yok
2022-10-07,2022,Ligue 1,Lyon,Toulouse,1 - 1,1 - 0,X,2,Evet
2022-10-08,2022,Ligue 1,Marseille,Ajaccio,1 - 2,1 - 1,2,3,Evet
2022-10-08,2022,Ligue 1,Reims,Paris Saint Germain,0 - 0,0 - 0,X,0,Yok
2022-10-09,2022,Ligue 1,Montpellier,Monaco,0 - 2,0 - 1,2,2,Yok
2022-10-09,2022,Ligue 1,Angers,Strasbourg,2 - 3,1 - 2,2,5,Evet
2022-10-09,2022,Ligue 1,Nice,Estac Troyes,3 - 2,2 - 0,1,5,Evet
2022-10-09,2022,Ligue 1,Clermont Foot,Auxerre,2 - 1,0 - 0,1,3,Evet
2022-10-09,2022,Ligue 1,Stade Brestois 29,Lorient,1 - 2,1 - 1,2,3,Evet
2022-10-09,2022,Ligue 1,Rennes,Nantes,3 - 0,1 - 0,1,3,Yok
2022-10-09,2022,Ligue 1,Lille,Lens,1 - 0,1 - 0,1,1,Yok
2022-10-14,2022,Ligue 1,Strasbourg,Lille,0 - 3,0 - 1,2,3,Yok
2022-10-15,2022,Ligue 1,Lorient,Reims,0 - 0,0 - 0,X,0,Yok
2022-10-15,2022,Ligue 1,Lens,Montpellier,1 - 0,0 - 0,1,1,Yok
2022-10-16,2022,Ligue 1,Toulouse,Angers,3 - 2,2 - 1,1,5,Evet
2022-10-16,2022,Ligue 1,Nantes,Stade Brestois 29,4 - 1,2 - 1,1,5,Evet
2022-10-16,2022,Ligue 1,Rennes,Lyon,3 - 2,1 - 1,1,5,Evet
2022-10-16,2022,Ligue 1,Auxerre,Nice,1 - 1,1 - 1,X,2,Evet
2022-10-16,2022,Ligue 1,Estac Troyes,Ajaccio,1 - 1,0 - 0,X,2,Evet
2022-10-16,2022,Ligue 1,Monaco,Clermont Foot,1 - 1,1 - 0,X,2,Evet
2022-10-16,2022,Ligue 1,Paris Saint Germain,Marseille,1 - 0,1 - 0,1,1,Yok
2022-10-21,2022,Ligue 1,Ajaccio,Paris Saint Germain,0 - 3,0 - 1,2,3,Yok
2022-10-22,2022,Ligue 1,Montpellier,Lyon,1 - 2,0 - 1,2,3,Evet
2022-10-22,2022,Ligue 1,Marseille,Lens,0 - 1,0 - 0,2,1,Yok
2022-10-23,2022,Ligue 1,Angers,Rennes,1 - 2,0 - 1,2,3,Evet
2022-10-23,2022,Ligue 1,Reims,Auxerre,2 - 1,1 - 1,1,3,Evet
2022-10-23,2022,Ligue 1,Toulouse,Strasbourg,2 - 2,1 - 0,X,4,Evet
2022-10-23,2022,Ligue 1,Clermont Foot,Stade Brestois 29,1 - 3,0 - 1,2,4,Evet
2022-10-23,2022,Ligue 1,Estac Troyes,Lorient,2 - 2,1 - 0,X,4,Evet
2022-10-23,2022,Ligue 1,Nice,Nantes,1 - 1,0 - 0,X,2,Evet
2022-10-23,2022,Ligue 1,Lille,Monaco,4 - 3,2 - 2,1,7,Evet
2022-10-28,2022,Ligue 1,Lens,Toulouse,3 - 0,0 - 0,1,3,Yok
2022-10-29,2022,Ligue 1,Paris Saint Germain,Estac Troyes,4 - 3,1 - 1,1,7,Evet
2022-10-29,2022,Ligue 1,Strasbourg,Marseille,2 - 2,0 - 2,X,4,Evet
2022-10-30,2022,Ligue 1,Auxerre,Ajaccio,1 - 0,1 - 0,1,1,Yok
2022-10-30,2022,Ligue 1,Nantes,Clermont Foot,1 - 1,0 - 0,X,2,Evet
2022-10-30,2022,Ligue 1,Monaco,Angers,2 - 0,0 - 0,1,2,Yok
2022-10-30,2022,Ligue 1,Rennes,Montpellier,3 - 0,2 - 0,1,3,Yok
2022-10-30,2022,Ligue 1,Stade Brestois 29,Reims,0 - 0,0 - 0,X,0,Yok
2022-10-30,2022,Ligue 1,Lorient,Nice,1 - 2,1 - 0,2,3,Evet
2022-10-30,2022,Ligue 1,Lyon,Lille,1 - 0,0 - 0,1,1,Yok
2022-11-04,2022,Ligue 1,Estac Troyes,Auxerre,1 - 1,1 - 0,X,2,Evet
2022-11-05,2022,Ligue 1,Ajaccio,Strasbourg,4 - 2,4 - 2,1,6,Evet
2022-11-05,2022,Ligue 1,Angers,Lens,1 - 2,0 - 1,2,3,Evet
2022-11-06,2022,Ligue 1,Lorient,Paris Saint Germain,1 - 2,0 - 1,2,3,Evet
2022-11-06,2022,Ligue 1,Nice,Stade Brestois 29,1 - 0,0 - 0,1,1,Yok
2022-11-06,2022,Ligue 1,Reims,Nantes,1 - 0,0 - 0,1,1,Yok
2022-11-06,2022,Ligue 1,Toulouse,Monaco,0 - 2,0 - 0,2,2,Yok
2022-11-06,2022,Ligue 1,Clermont Foot,Montpellier,1 - 1,0 - 1,X,2,Evet
2022-11-06,2022,Ligue 1,Lille,Rennes,1 - 1,1 - 0,X,2,Evet
2022-11-06,2022,Ligue 1,Marseille,Lyon,1 - 0,1 - 0,1,1,Yok
2022-11-11,2022,Ligue 1,Lyon,Nice,1 - 1,0 - 1,X,2,Evet
2022-11-12,2022,Ligue 1,Lens,Clermont Foot,2 - 1,0 - 1,1,3,Evet
2022-11-12,2022,Ligue 1,Rennes,Toulouse,2 - 1,1 - 0,1,3,Evet
2022-11-13,2022,Ligue 1,Paris Saint Germain,Auxerre,5 - 0,1 - 0,1,5,Yok
2022-11-13,2022,Ligue 1,Lille,Angers,1 - 0,1 - 0,1,1,Yok
2022-11-13,2022,Ligue 1,Montpellier,Reims,1 - 1,0 - 0,X,2,Evet
2022-11-13,2022,Ligue 1,Nantes,Ajaccio,2 - 2,0 - 0,X,4,Evet
2022-11-13,2022,Ligue 1,Stade Brestois 29,Estac Troyes,2 - 1,0 - 0,1,3,Evet
2022-11-13,2022,Ligue 1,Strasbourg,Lorient,1 - 1,0 - 1,X,2,Evet
2022-11-13,2022,Ligue 1,Monaco,Marseille,2 - 3,1 - 1,2,5,Evet
2022-12-28,2022,Ligue 1,Ajaccio,Angers,1 - 0,1 - 0,1,1,Yok
2022-12-28,2022,Ligue 1,Estac Troyes,Nantes,0 - 0,0 - 0,X,0,Yok
2022-12-28,2022,Ligue 1,Auxerre,Monaco,2 - 3,1 - 1,2,5,Evet
2022-12-28,2022,Ligue 1,Clermont Foot,Lille,0 - 2,0 - 0,2,2,Yok
2022-12-28,2022,Ligue 1,Paris Saint Germain,Strasbourg,2 - 1,1 - 0,1,3,Evet
2022-12-28,2022,Ligue 1,Stade Brestois 29,Lyon,2 - 4,1 - 3,2,6,Evet
2022-12-29,2022,Ligue 1,Lorient,Montpellier,0 - 2,0 - 2,2,2,Yok
2022-12-29,2022,Ligue 1,Reims,Rennes,3 - 1,2 - 1,1,4,Evet
2022-12-29,2022,Ligue 1,Marseille,Toulouse,6 - 1,2 - 0,1,7,Evet
2022-12-29,2022,Ligue 1,Nice,Lens,0 - 0,0 - 0,X,0,Yok
2023-01-01,2022,Ligue 1,Angers,Lorient,1 - 2,1 - 0,2,3,Evet
2023-01-01,2022,Ligue 1,Nantes,Auxerre,1 - 0,0 - 0,1,1,Yok
2023-01-01,2022,Ligue 1,Monaco,Stade Brestois 29,1 - 0,0 - 0,1,1,Yok
2023-01-01,2022,Ligue 1,Toulouse,Ajaccio,2 - 0,0 - 0,1,2,Yok
2023-01-01,2022,Ligue 1,Lyon,Clermont Foot,0 - 1,0 - 0,2,1,Yok
2023-01-01,2022,Ligue 1,Lens,Paris Saint Germain,3 - 1,2 - 1,1,4,Evet
2023-01-02,2022,Ligue 1,Strasbourg,Estac Troyes,2 - 3,1 - 2,2,5,Evet
2023-01-02,2022,Ligue 1,Lille,Reims,1 - 1,1 - 0,X,2,Evet
2023-01-02,2022,Ligue 1,Montpellier,Marseille,1 - 2,0 - 0,2,3,Evet
2023-01-02,2022,Ligue 1,Rennes,Nice,2 - 1,1 - 1,1,3,Evet
2023-01-11,2022,Ligue 1,Nantes,Lyon,0 - 0,0 - 0,X,0,Yok
2023-01-11,2022,Ligue 1,Ajaccio,Reims,0 - 1,0 - 1,2,1,Yok
2023-01-11,2022,Ligue 1,Clermont Foot,Rennes,2 - 1,1 - 0,1,3,Evet
2023-01-11,2022,Ligue 1,Stade Brestois 29,Lille,0 - 0,0 - 0,X,0,Yok
2023-01-11,2022,Ligue 1,Auxerre,Toulouse,0 - 5,0 - 3,2,5,Yok
2023-01-11,2022,Ligue 1,Nice,Montpellier,6 - 1,2 - 0,1,7,Evet
2023-01-11,2022,Ligue 1,Paris Saint Germain,Angers,2 - 0,1 - 0,1,2,Yok
2023-01-11,2022,Ligue 1,Strasbourg,Lens,2 - 2,2 - 2,X,4,Evet
2023-01-11,2022,Ligue 1,Lorient,Monaco,2 - 2,0 - 0,X,4,Evet
2023-01-11,2022,Ligue 1,Estac Troyes,Marseille,0 - 2,0 - 1,2,2,Yok
2023-01-14,2022,Ligue 1,Lens,Auxerre,1 - 0,0 - 0,1,1,Yok
2023-01-14,2022,Ligue 1,Marseille,Lorient,3 - 1,1 - 1,1,4,Evet
2023-01-14,2022,Ligue 1,Lyon,Strasbourg,1 - 2,1 - 2,2,3,Evet
2023-01-15,2022,Ligue 1,Lille,Estac Troyes,5 - 1,2 - 0,1,6,Evet
2023-01-15,2022,Ligue 1,Angers,Clermont Foot,1 - 2,0 - 1,2,3,Evet
2023-01-15,2022,Ligue 1,Montpellier,Nantes,0 - 3,0 - 1,2,3,Yok
2023-01-15,2022,Ligue 1,Reims,Nice,0 - 0,0 - 0,X,0,Yok
2023-01-15,2022,Ligue 1,Toulouse,Stade Brestois 29,1 - 1,0 - 1,X,2,Evet
2023-01-15,2022,Ligue 1,Monaco,Ajaccio,7 - 1,5 - 1,1,8,Evet
2023-01-15,2022,Ligue 1,Rennes,Paris Saint Germain,1 - 0,0 - 0,1,1,Yok
2023-01-27,2022,Ligue 1,Lorient,Rennes,2 - 1,2 - 0,1,3,Evet
2023-01-28,2022,Ligue 1,Estac Troyes,Lens,1 - 1,0 - 0,X,2,Evet
2023-01-28,2022,Ligue 1,Marseille,Monaco,1 - 1,0 - 1,X,2,Evet
2023-01-29,2022,Ligue 1,Nice,Lille,1 - 0,1 - 0,1,1,Yok
2023-01-29,2022,Ligue 1,Strasbourg,Toulouse,1 - 2,1 - 1,2,3,Evet
2023-01-29,2022,Ligue 1,Clermont Foot,Nantes,0 - 0,0 - 0,X,0,Yok
2023-01-29,2022,Ligue 1,Stade Brestois 29,Angers,4 - 0,2 - 0,1,4,Yok
2023-01-29,2022,Ligue 1,Auxerre,Montpellier,0 - 2,0 - 0,2,2,Yok
2023-01-29,2022,Ligue 1,Ajaccio,Lyon,0 - 2,0 - 1,2,2,Yok
2023-01-29,2022,Ligue 1,Paris Saint Germain,Reims,1 - 1,0 - 0,X,2,Evet
2023-02-01,2022,Ligue 1,Angers,Ajaccio,1 - 2,1 - 0,2,3,Evet
2023-02-01,2022,Ligue 1,Lille,Clermont Foot,0 - 0,0 - 0,X,0,Yok
2023-02-01,2022,Ligue 1,Nantes,Marseille,0 - 2,0 - 0,2,2,Yok
2023-02-01,2022,Ligue 1,Reims,Lorient,4 - 2,1 - 2,1,6,Evet
2023-02-01,2022,Ligue 1,Toulouse,Estac Troyes,4 - 1,2 - 1,1,5,Evet
2023-02-01,2022,Ligue 1,Lyon,Stade Brestois 29,0 - 0,0 - 0,X,0,Yok
2023-02-01,2022,Ligue 1,Montpellier,Paris Saint Germain,1 - 3,0 - 0,2,4,Evet
2023-02-01,2022,Ligue 1,Monaco,Auxerre,3 - 2,2 - 0,1,5,Evet
2023-02-01,2022,Ligue 1,Rennes,Strasbourg,3 - 0,2 - 0,1,3,Yok
2023-02-01,2022,Ligue 1,Lens,Nice,0 - 1,0 - 0,2,1,Yok
2023-02-04,2022,Ligue 1,Paris Saint Germain,Toulouse,2 - 1,1 - 1,1,3,Evet
2023-02-04,2022,Ligue 1,Estac Troyes,Lyon,1 - 3,0 - 1,2,4,Evet
2023-02-04,2022,Ligue 1,Rennes,Lille,1 - 3,1 - 0,2,4,Evet
2023-02-05,2022,Ligue 1,Clermont Foot,Monaco,0 - 2,0 - 2,2,2,Yok
2023-02-05,2022,Ligue 1,Strasbourg,Montpellier,2 - 0,2 - 0,1,2,Yok
2023-02-05,2022,Ligue 1,Lorient,Angers,0 - 0,0 - 0,X,0,Yok
2023-02-05,2022,Ligue 1,Ajaccio,Nantes,0 - 2,0 - 0,2,2,Yok
2023-02-05,2022,Ligue 1,Auxerre,Reims,0 - 0,0 - 0,X,0,Yok
2023-02-05,2022,Ligue 1,Stade Brestois 29,Lens,1 - 1,0 - 0,X,2,Evet
2023-02-05,2022,Ligue 1,Marseille,Nice,1 - 3,0 - 2,2,4,Evet
2023-02-10,2022,Ligue 1,Nice,Ajaccio,3 - 0,1 - 0,1,3,Yok
2023-02-11,2022,Ligue 1,Monaco,Paris Saint Germain,3 - 1,3 - 1,1,4,Evet
2023-02-11,2022,Ligue 1,Clermont Foot,Marseille,0 - 2,0 - 1,2,2,Yok
2023-02-12,2022,Ligue 1,Toulouse,Rennes,3 - 1,3 - 0,1,4,Evet
2023-02-12,2022,Ligue 1,Angers,Auxerre,1 - 1,1 - 1,X,2,Evet
2023-02-12,2022,Ligue 1,Lille,Strasbourg,2 - 0,2 - 0,1,2,Yok
2023-02-12,2022,Ligue 1,Montpellier,Stade Brestois 29,3 - 0,2 - 0,1,3,Yok
2023-02-12,2022,Ligue 1,Reims,Estac Troyes,4 - 0,2 - 0,1,4,Yok
2023-02-12,2022,Ligue 1,Nantes,Lorient,1 - 0,0 - 0,1,1,Yok
2023-02-12,2022,Ligue 1,Lyon,Lens,2 - 1,1 - 1,1,3,Evet
2023-02-17,2022,Ligue 1,Auxerre,Lyon,2 - 1,0 - 1,1,3,Evet
2023-02-18,2022,Ligue 1,Nice,Reims,0 - 0,0 - 0,X,0,Yok
2023-02-18,2022,Ligue 1,Strasbourg,Angers,2 - 1,2 - 0,1,3,Evet
2023-02-19,2022,Ligue 1,Paris Saint Germain,Lille,4 - 3,2 - 1,1,7,Evet
2023-02-19,2022,Ligue 1,Rennes,Clermont Foot,2 - 0,1 - 0,1,2,Yok
2023-02-19,2022,Ligue 1,Lorient,Ajaccio,3 - 0,2 - 0,1,3,Yok
2023-02-19,2022,Ligue 1,Stade Brestois 29,Monaco,1 - 2,0 - 1,2,3,Evet
2023-02-19,2022,Ligue 1,Estac Troyes,Montpellier,0 - 1,0 - 0,2,1,Yok
2023-02-19,2022,Ligue 1,Lens,Nantes,3 - 1,2 - 1,1,4,Evet
2023-02-19,2022,Ligue 1,Toulouse,Marseille,2 - 3,1 - 0,2,5,Evet
2023-02-24,2022,Ligue 1,Lille,Stade Brestois 29,2 - 1,0 - 1,1,3,Evet
2023-02-25,2022,Ligue 1,Angers,Lyon,1 - 3,0 - 1,2,4,Evet
2023-02-25,2022,Ligue 1,Montpellier,Lens,1 - 1,0 - 1,X,2,Evet
2023-02-26,2022,Ligue 1,Lorient,Auxerre,0 - 1,0 - 0,2,1,Yok
2023-02-26,2022,Ligue 1,Nantes,Rennes,0 - 1,0 - 1,2,1,Yok
2023-02-26,2022,Ligue 1,Reims,Toulouse,3 - 0,2 - 0,1,3,Yok
2023-02-26,2022,Ligue 1,Ajaccio,Estac Troyes,2 - 1,0 - 1,1,3,Evet
2023-02-26,2022,Ligue 1,Clermont Foot,Strasbourg,1 - 1,0 - 1,X,2,Evet
2023-02-26,2022,Ligue 1,Monaco,Nice,0 - 3,0 - 3,2,3,Yok
2023-02-26,2022,Ligue 1,Marseille,Paris Saint Germain,0 - 3,0 - 2,2,3,Yok
2023-03-03,2022,Ligue 1,Nice,Auxerre,1 - 1,1 - 1,X,2,Evet
2023-03-04,2022,Ligue 1,Lens,Lille,1 - 1,1 - 0,X,2,Evet
2023-03-04,2022,Ligue 1,Paris Saint Germain,Nantes,4 - 2,2 - 2,1,6,Evet
2023-03-05,2022,Ligue 1,Estac Troyes,Monaco,2 - 2,1 - 0,X,4,Evet
2023-03-05,2022,Ligue 1,Montpellier,Angers,5 - 0,3 - 0,1,5,Yok
2023-03-05,2022,Ligue 1,Reims,Ajaccio,1 - 0,0 - 0,1,1,Yok
2023-03-05,2022,Ligue 1,Strasbourg,Stade Brestois 29,0 - 1,0 - 1,2,1,Yok
2023-03-05,2022,Ligue 1,Toulouse,Clermont Foot,0 - 1,0 - 0,2,1,Yok
2023-03-05,2022,Ligue 1,Lyon,Lorient,0 - 0,0 - 0,X,0,Yok
2023-03-05,2022,Ligue 1,Rennes,Marseille,0 - 1,0 - 0,2,1,Yok
2023-03-10,2022,Ligue 1,Lille,Lyon,3 - 3,0 - 0,X,6,Evet
2023-03-11,2022,Ligue 1,Auxerre,Rennes,0 - 0,0 - 0,X,0,Yok
2023-03-11,2022,Ligue 1,Stade Brestois 29,Paris Saint Germain,1 - 2,1 - 1,2,3,Evet
2023-03-12,2022,Ligue 1,Clermont Foot,Lens,0 - 4,0 - 3,2,4,Yok
2023-03-12,2022,Ligue 1,Angers,Toulouse,0 - 2,0 - 1,2,2,Yok
2023-03-12,2022,Ligue 1,Nantes,Nice,2 - 2,1 - 1,X,4,Evet
2023-03-12,2022,Ligue 1,Lorient,Estac Troyes,2 - 0,1 - 0,1,2,Yok
2023-03-12,2022,Ligue 1,Ajaccio,Montpellier,0 - 1,0 - 0,2,1,Yok
2023-03-12,2022,Ligue 1,Monaco,Reims,0 - 1,0 - 0,2,1,Yok
2023-03-12,2022,Ligue 1,Marseille,Strasbourg,2 - 2,0 - 0,X,4,Evet
2023-03-17,2022,Ligue 1,Lyon,Nantes,1 - 1,1 - 1,X,2,Evet
2023-03-18,2022,Ligue 1,Toulouse,Lille,0 - 2,0 - 0,2,2,Yok
2023-03-18,2022,Ligue 1,Lens,Angers,3 - 0,2 - 0,1,3,Yok
2023-03-19,2022,Ligue 1,Ajaccio,Monaco,0 - 2,0 - 1,2,2,Yok
2023-03-19,2022,Ligue 1,Montpellier,Clermont Foot,2 - 1,0 - 1,1,3,Evet
2023-03-19,2022,Ligue 1,Nice,Lorient,1 - 1,0 - 1,X,2,Evet
2023-03-19,2022,Ligue 1,Strasbourg,Auxerre,2 - 0,1 - 0,1,2,Yok
2023-03-19,2022,Ligue 1,Estac Troyes,Stade Brestois 29,2 - 2,2 - 1,X,4,Evet
2023-03-19,2022,Ligue 1,Paris Saint Germain,Rennes,0 - 2,0 - 1,2,2,Yok
2023-03-19,2022,Ligue 1,Reims,Marseille,1 - 2,1 - 2,2,3,Evet
2023-03-31,2022,Ligue 1,Marseille,Montpellier,1 - 1,1 - 1,X,2,Evet
2023-04-01,2022,Ligue 1,Auxerre,Estac Troyes,1 - 0,0 - 0,1,1,Yok
2023-04-01,2022,Ligue 1,Rennes,Lens,0 - 1,0 - 1,2,1,Yok
2023-04-02,2022,Ligue 1,Lille,Lorient,3 - 1,1 - 0,1,4,Evet
2023-04-02,2022,Ligue 1,Angers,Nice,1 - 1,1 - 1,X,2,Evet
2023-04-02,2022,Ligue 1,Nantes,Reims,0 - 3,0 - 2,2,3,Yok
2023-04-02,2022,Ligue 1,Clermont Foot,Ajaccio,2 - 1,0 - 1,1,3,Evet
2023-04-02,2022,Ligue 1,Stade Brestois 29,Toulouse,3 - 1,1 - 1,1,4,Evet
2023-04-02,2022,Ligue 1,Monaco,Strasbourg,4 - 3,1 - 2,1,7,Evet
2023-04-02,2022,Ligue 1,Paris Saint Germain,Lyon,0 - 1,0 - 0,2,1,Yok
2023-04-07,2022,Ligue 1,Lens,Strasbourg,2 - 1,1 - 0,1,3,Evet
2023-04-08,2022,Ligue 1,Angers,Lille,1 - 0,0 - 0,1,1,Yok
2023-04-08,2022,Ligue 1,Nice,Paris Saint Germain,0 - 2,0 - 1,2,2,Yok
2023-04-09,2022,Ligue 1,Lyon,Rennes,3 - 1,0 - 1,1,4,Evet
2023-04-09,2022,Ligue 1,Montpellier,Toulouse,1 - 2,0 - 1,2,3,Evet
2023-04-09,2022,Ligue 1,Reims,Stade Brestois 29,1 - 1,0 - 1,X,2,Evet
2023-04-09,2022,Ligue 1,Ajaccio,Auxerre,0 - 3,0 - 3,2,3,Yok
2023-04-09,2022,Ligue 1,Estac Troyes,Clermont Foot,0 - 2,0 - 2,2,2,Yok
2023-04-09,2022,Ligue 1,Nantes,Monaco,2 - 2,0 - 2,X,4,Evet
2023-04-09,2022,Ligue 1,Lorient,Marseille,0 - 0,0 - 0,X,0,Yok
2023-04-14,2022,Ligue 1,Toulouse,Lyon,1 - 2,1 - 1,2,3,Evet
2023-04-15,2022,Ligue 1,Rennes,Reims,3 - 0,2 - 0,1,3,Yok
2023-04-15,2022,Ligue 1,Paris Saint Germain,Lens,3 - 1,3 - 0,1,4,Evet
2023-04-16,2022,Ligue 1,Lille,Montpellier,2 - 1,0 - 1,1,3,Evet
2023-04-16,2022,Ligue 1,Strasbourg,Ajaccio,3 - 1,1 - 0,1,4,Evet
2023-04-16,2022,Ligue 1,Clermont Foot,Angers,2 - 1,2 - 1,1,3,Evet
2023-04-16,2022,Ligue 1,Stade Brestois 29,Nice,1 - 0,1 - 0,1,1,Yok
2023-04-16,2022,Ligue 1,Auxerre,Nantes,2 - 1,2 - 0,1,3,Evet
2023-04-16,2022,Ligue 1,Monaco,Lorient,3 - 1,2 - 0,1,4,Evet
2023-04-16,2022,Ligue 1,Marseille,Estac Troyes,3 - 1,2 - 0,1,4,Evet
2023-04-21,2022,Ligue 1,Angers,Paris Saint Germain,1 - 2,0 - 2,2,3,Evet
2023-04-22,2022,Ligue 1,Auxerre,Lille,1 - 1,0 - 1,X,2,Evet
2023-04-22,2022,Ligue 1,Lens,Monaco,3 - 0,2 - 0,1,3,Yok
2023-04-23,2022,Ligue 1,Reims,Strasbourg,0 - 2,0 - 2,2,2,Yok
2023-04-23,2022,Ligue 1,Nantes,Estac Troyes,2 - 2,1 - 0,X,4,Evet
2023-04-23,2022,Ligue 1,Nice,Clermont Foot,1 - 2,1 - 1,2,3,Evet
2023-04-23,2022,Ligue 1,Lorient,Toulouse,0 - 1,0 - 0,2,1,Yok
2023-04-23,2022,Ligue 1,Ajaccio,Stade Brestois 29,0 - 0,0 - 0,X,0,Yok
2023-04-23,2022,Ligue 1,Montpellier,Rennes,1 - 0,0 - 0,1,1,Yok
2023-04-23,2022,Ligue 1,Lyon,Marseille,1 - 2,0 - 1,2,3,Evet
2023-04-28,2022,Ligue 1,Strasbourg,Lyon,1 - 2,1 - 2,2,3,Evet
2023-04-29,2022,Ligue 1,Lille,Ajaccio,3 - 0,3 - 0,1,3,Yok
2023-04-30,2022,Ligue 1,Monaco,Montpellier,0 - 4,0 - 1,2,4,Yok
2023-04-30,2022,Ligue 1,Rennes,Angers,4 - 2,2 - 2,1,6,Evet
2023-04-30,2022,Ligue 1,Clermont Foot,Reims,1 - 0,1 - 0,1,1,Yok
2023-04-30,2022,Ligue 1,Estac Troyes,Nice,0 - 1,0 - 1,2,1,Yok
2023-04-30,2022,Ligue 1,Paris Saint Germain,Lorient,1 - 3,1 - 2,2,4,Evet
2023-04-30,2022,Ligue 1,Marseille,Auxerre,2 - 1,0 - 1,1,3,Evet
2023-05-02,2022,Ligue 1,Toulouse,Lens,0 - 1,0 - 1,2,1,Yok
2023-05-03,2022,Ligue 1,Stade Brestois 29,Nantes,2 - 0,2 - 0,1,2,Yok
2023-05-06,2022,Ligue 1,Nice,Rennes,2 - 1,0 - 0,1,3,Evet
2023-05-06,2022,Ligue 1,Reims,Lille,1 - 0,1 - 0,1,1,Yok
2023-05-06,2022,Ligue 1,Lens,Marseille,2 - 1,1 - 0,1,3,Evet
2023-05-07,2022,Ligue 1,Angers,Monaco,1 - 2,0 - 1,2,3,Evet
2023-05-07,2022,Ligue 1,Nantes,Strasbourg,0 - 2,0 - 1,2,2,Yok
2023-05-07,2022,Ligue 1,Lorient,Stade Brestois 29,2 - 1,1 - 0,1,3,Evet
2023-05-07,2022,Ligue 1,Ajaccio,Toulouse,0 - 0,0 - 0,X,0,Yok
2023-05-07,2022,Ligue 1,Auxerre,Clermont Foot,1 - 1,1 - 0,X,2,Evet
2023-05-07,2022,Ligue 1,Lyon,Montpellier,5 - 4,1 - 2,1,9,Evet
2023-05-07,2022,Ligue 1,Estac Troyes,Paris Saint Germain,1 - 3,0 - 1,2,4,Evet
2023-05-12,2022,Ligue 1,Lens,Reims,2 - 1,1 - 1,1,3,Evet
2023-05-13,2022,Ligue 1,Strasbourg,Nice,2 - 0,1 - 0,1,2,Yok
2023-05-13,2022,Ligue 1,Paris Saint Germain,Ajaccio,5 - 0,2 - 0,1,5,Yok
2023-05-14,2022,Ligue 1,Clermont Foot,Lyon,2 - 1,1 - 1,1,3,Evet
2023-05-14,2022,Ligue 1,Montpellier,Lorient,1 - 1,0 - 0,X,2,Evet
2023-05-14,2022,Ligue 1,Rennes,Estac Troyes,4 - 0,1 - 0,1,4,Yok
2023-05-14,2022,Ligue 1,Stade Brestois 29,Auxerre,1 - 0,0 - 0,1,1,Yok
2023-05-14,2022,Ligue 1,Toulouse,Nantes,0 - 0,0 - 0,X,0,Yok
2023-05-14,2022,Ligue 1,Monaco,Lille,0 - 0,0 - 0,X,0,Yok
2023-05-14,2022,Ligue 1,Marseille,Angers,3 - 1,1 - 1,1,4,Evet
2023-05-19,2022,Ligue 1,Lyon,Monaco,3 - 1,1 - 1,1,4,Evet
2023-05-20,2022,Ligue 1,Nantes,Montpellier,0 - 3,0 - 1,2,3,Yok
2023-05-20,2022,Ligue 1,Lille,Marseille,2 - 1,0 - 1,1,3,Evet
2023-05-21,2022,Ligue 1,Ajaccio,Rennes,0 - 5,0 - 4,2,5,Yok
2023-05-21,2022,Ligue 1,Nice,Toulouse,0 - 0,0 - 0,X,0,Yok
2023-05-21,2022,Ligue 1,Reims,Angers,2 - 2,1 - 0,X,4,Evet
2023-05-21,2022,Ligue 1,Stade Brestois 29,Clermont Foot,2 - 1,1 - 1,1,3,Evet
2023-05-21,2022,Ligue 1,Estac Troyes,Strasbourg,1 - 1,0 - 1,X,2,Evet
2023-05-21,2022,Ligue 1,Lorient,Lens,1 - 3,1 - 2,2,4,Evet
2023-05-21,2022,Ligue 1,Auxerre,Paris Saint Germain,1 - 2,0 - 2,2,3,Evet
2023-05-27,2022,Ligue 1,Angers,Estac Troyes,2 - 1,1 - 1,1,3,Evet
2023-05-27,2022,Ligue 1,Lille,Nantes,2 - 1,0 - 1,1,3,Evet
2023-05-27,2022,Ligue 1,Lyon,Reims,3 - 0,2 - 0,1,3,Yok
2023-05-27,2022,Ligue 1,Marseille,Stade Brestois 29,1 - 2,0 - 0,2,3,Evet
2023-05-27,2022,Ligue 1,Montpellier,Nice,2 - 3,2 - 0,2,5,Evet
2023-05-27,2022,Ligue 1,Rennes,Monaco,2 - 0,0 - 0,1,2,Yok
2023-05-27,2022,Ligue 1,Strasbourg,Paris Saint Germain,1 - 1,0 - 0,X,2,Evet
2023-05-27,2022,Ligue 1,Toulouse,Auxerre,1 - 1,1 - 1,X,2,Evet
2023-05-27,2022,Ligue 1,Clermont Foot,Lorient,2 - 0,1 - 0,1,2,Yok
2023-05-27,2022,Ligue 1,Lens,Ajaccio,3 - 0,3 - 0,1,3,Yok
2023-06-03,2022,Ligue 1,Nantes,Angers,1 - 0,1 - 0,1,1,Yok
2023-06-03,2022,Ligue 1,Nice,Lyon,3 - 1,3 - 1,1,4,Evet
2023-06-03,2022,Ligue 1,Paris Saint Germain,Clermont Foot,2 - 3,2 - 2,2,5,Evet
2023-06-03,2022,Ligue 1,Monaco,Toulouse,1 - 2,0 - 0,2,3,Evet
2023-06-03,2022,Ligue 1,Reims,Montpellier,1 - 3,1 - 0,2,4,Evet
2023-06-03,2022,Ligue 1,Lorient,Strasbourg,2 - 1,2 - 0,1,3,Evet
2023-06-03,2022,Ligue 1,Ajaccio,Marseille,1 - 0,0 - 0,1,1,Yok
2023-06-03,2022,Ligue 1,Stade Brestois 29,Rennes,1 - 2,1 - 2,2,3,Evet
2023-06-03,2022,Ligue 1,Auxerre,Lens,1 - 3,0 - 1,2,4,Evet
2023-06-03,2022,Ligue 1,Estac Troyes,Lille,1 - 1,0 - 0,X,2,Evet
2021-08-06,2021,Ligue 1,Monaco,Nantes,1 - 1,1 - 1,X,2,Evet
2021-08-07,2021,Ligue 1,Lyon,Stade Brestois 29,1 - 1,0 - 1,X,2,Evet
2021-08-07,2021,Ligue 1,Estac Troyes,Paris Saint Germain,1 - 2,1 - 2,2,3,Evet
2021-08-08,2021,Ligue 1,Rennes,Lens,1 - 1,1 - 1,X,2,Evet
2021-08-08,2021,Ligue 1,Bordeaux,Clermont Foot,0 - 2,0 - 0,2,2,Yok
2021-08-08,2021,Ligue 1,Nice,Reims,0 - 0,0 - 0,X,0,Yok
2021-08-08,2021,Ligue 1,Strasbourg,Angers,0 - 2,0 - 0,2,2,Yok
2021-08-08,2021,Ligue 1,Saint Etienne,Lorient,1 - 1,0 - 0,X,2,Evet
2021-08-08,2021,Ligue 1,Metz,Lille,3 - 3,2 - 1,X,6,Evet
2021-08-08,2021,Ligue 1,Montpellier,Marseille,2 - 3,2 - 0,2,5,Evet
2021-08-13,2021,Ligue 1,Lorient,Monaco,1 - 0,1 - 0,1,1,Yok
2021-08-14,2021,Ligue 1,Lille,Nice,0 - 4,0 - 3,2,4,Yok
2021-08-14,2021,Ligue 1,Paris Saint Germain,Strasbourg,4 - 2,3 - 0,1,6,Evet
2021-08-15,2021,Ligue 1,Angers,Lyon,3 - 0,1 - 0,1,3,Yok
2021-08-15,2021,Ligue 1,Nantes,Metz,2 - 0,1 - 0,1,2,Yok
2021-08-15,2021,Ligue 1,Reims,Montpellier,3 - 3,2 - 3,X,6,Evet
2021-08-15,2021,Ligue 1,Clermont Foot,Estac Troyes,2 - 0,0 - 0,1,2,Yok
2021-08-15,2021,Ligue 1,Stade Brestois 29,Rennes,1 - 1,0 - 0,X,2,Evet
2021-08-15,2021,Ligue 1,Lens,Saint Etienne,2 - 2,1 - 1,X,4,Evet
2021-08-15,2021,Ligue 1,Marseille,Bordeaux,2 - 2,2 - 0,X,4,Evet
2021-08-20,2021,Ligue 1,Stade Brestois 29,Paris Saint Germain,2 - 4,1 - 2,2,6,Evet
2021-08-21,2021,Ligue 1,Monaco,Lens,0 - 2,0 - 0,2,2,Yok
2021-08-21,2021,Ligue 1,Saint Etienne,Lille,1 - 1,0 - 1,X,2,Evet
2021-08-22,2021,Ligue 1,Lyon,Clermont Foot,3 - 3,3 - 1,X,6,Evet
2021-08-22,2021,Ligue 1,Bordeaux,Angers,1 - 1,1 - 1,X,2,Evet
2021-08-22,2021,Ligue 1,Montpellier,Lorient,3 - 1,0 - 1,1,4,Evet
2021-08-22,2021,Ligue 1,Strasbourg,Estac Troyes,1 - 1,0 - 1,X,2,Evet
2021-08-22,2021,Ligue 1,Metz,Reims,1 - 1,1 - 1,X,2,Evet
2021-08-22,2021,Ligue 1,Rennes,Nantes,1 - 0,0 - 0,1,1,Yok
2021-08-27,2021,Ligue 1,Nantes,Lyon,0 - 1,0 - 1,2,1,Yok
2021-08-28,2021,Ligue 1,Nice,Bordeaux,4 - 0,3 - 0,1,4,Yok
2021-08-28,2021,Ligue 1,Marseille,Saint Etienne,3 - 1,1 - 1,1,4,Evet
2021-08-29,2021,Ligue 1,Estac Troyes,Monaco,1 - 2,0 - 1,2,3,Evet
2021-08-29,2021,Ligue 1,Angers,Rennes,2 - 0,0 - 0,1,2,Yok
2021-08-29,2021,Ligue 1,Strasbourg,Stade Brestois 29,3 - 1,2 - 1,1,4,Evet
2021-08-29,2021,Ligue 1,Clermont Foot,Metz,2 - 2,1 - 2,X,4,Evet
2021-08-29,2021,Ligue 1,Lens,Lorient,2 - 2,1 - 2,X,4,Evet
2021-08-29,2021,Ligue 1,Lille,Montpellier,2 - 1,1 - 1,1,3,Evet
2021-08-29,2021,Ligue 1,Reims,Paris Saint Germain,0 - 2,0 - 1,2,2,Yok
2021-09-10,2021,Ligue 1,Lorient,Lille,2 - 1,1 - 1,1,3,Evet
2021-09-11,2021,Ligue 1,Paris Saint Germain,Clermont Foot,4 - 0,2 - 0,1,4,Yok
2021-09-11,2021,Ligue 1,Monaco,Marseille,0 - 2,0 - 1,2,2,Yok
2021-09-12,2021,Ligue 1,Montpellier,Saint Etienne,2 - 0,1 - 0,1,2,Yok
2021-09-12,2021,Ligue 1,Bordeaux,Lens,2 - 3,0 - 2,2,5,Evet
2021-09-12,2021,Ligue 1,Rennes,Reims,0 - 2,0 - 1,2,2,Yok
2021-09-12,2021,Ligue 1,Stade Brestois 29,Angers,1 - 1,0 - 0,X,2,Evet
2021-09-12,2021,Ligue 1,Metz,Estac Troyes,0 - 2,0 - 0,2,2,Yok
2021-09-12,2021,Ligue 1,Nantes,Nice,0 - 2,0 - 0,2,2,Yok
2021-09-12,2021,Ligue 1,Lyon,Strasbourg,3 - 1,1 - 0,1,4,Evet
2021-09-17,2021,Ligue 1,Strasbourg,Metz,3 - 0,3 - 0,1,3,Yok
2021-09-18,2021,Ligue 1,Lens,Lille,1 - 0,0 - 0,1,1,Yok
2021-09-18,2021,Ligue 1,Saint Etienne,Bordeaux,1 - 2,0 - 1,2,3,Evet
2021-09-19,2021,Ligue 1,Nice,Monaco,2 - 2,0 - 1,X,4,Evet
2021-09-19,2021,Ligue 1,Angers,Nantes,1 - 4,1 - 3,2,5,Evet
2021-09-19,2021,Ligue 1,Reims,Lorient,0 - 0,0 - 0,X,0,Yok
2021-09-19,2021,Ligue 1,Clermont Foot,Stade Brestois 29,1 - 1,0 - 0,X,2,Evet
2021-09-19,2021,Ligue 1,Estac Troyes,Montpellier,1 - 1,1 - 0,X,2,Evet
2021-09-19,2021,Ligue 1,Marseille,Rennes,2 - 0,0 - 0,1,2,Yok
2021-09-19,2021,Ligue 1,Paris Saint Germain,Lyon,2 - 1,0 - 0,1,3,Evet
2021-09-22,2021,Ligue 1,Lille,Reims,2 - 1,2 - 0,1,3,Evet
2021-09-22,2021,Ligue 1,Montpellier,Bordeaux,3 - 3,1 - 2,X,6,Evet
2021-09-22,2021,Ligue 1,Nantes,Stade Brestois 29,3 - 1,1 - 0,1,4,Evet
2021-09-22,2021,Ligue 1,Monaco,Saint Etienne,3 - 1,1 - 1,1,4,Evet
2021-09-22,2021,Ligue 1,Rennes,Clermont Foot,6 - 0,2 - 0,1,6,Yok
2021-09-22,2021,Ligue 1,Angers,Marseille,0 - 0,0 - 0,X,0,Yok
2021-09-22,2021,Ligue 1,Lyon,Estac Troyes,3 - 1,0 - 1,1,4,Evet
2021-09-22,2021,Ligue 1,Lorient,Nice,1 - 0,1 - 0,1,1,Yok
2021-09-22,2021,Ligue 1,Metz,Paris Saint Germain,1 - 2,1 - 1,2,3,Evet
2021-09-22,2021,Ligue 1,Lens,Strasbourg,0 - 1,0 - 0,2,1,Yok
2021-09-25,2021,Ligue 1,Saint Etienne,Nice,0 - 3,0 - 1,2,3,Yok
2021-09-25,2021,Ligue 1,Strasbourg,Lille,1 - 2,0 - 1,2,3,Evet
2021-09-25,2021,Ligue 1,Lyon,Lorient,1 - 1,0 - 1,X,2,Evet
2021-09-25,2021,Ligue 1,Paris Saint Germain,Montpellier,2 - 0,1 - 0,1,2,Yok
2021-09-26,2021,Ligue 1,Bordeaux,Rennes,1 - 1,0 - 0,X,2,Evet
2021-09-26,2021,Ligue 1,Reims,Nantes,3 - 1,0 - 0,1,4,Evet
2021-09-26,2021,Ligue 1,Stade Brestois 29,Metz,1 - 2,0 - 1,2,3,Evet
2021-09-26,2021,Ligue 1,Estac Troyes,Angers,1 - 1,1 - 0,X,2,Evet
2021-09-26,2021,Ligue 1,Clermont Foot,Monaco,1 - 3,1 - 1,2,4,Evet
2021-09-26,2021,Ligue 1,Marseille,Lens,2 - 3,2 - 2,2,5,Evet
2021-10-01,2021,Ligue 1,Lens,Reims,2 - 0,1 - 0,1,2,Yok
2021-10-02,2021,Ligue 1,Montpellier,Strasbourg,1 - 1,1 - 1,X,2,Evet
2021-10-02,2021,Ligue 1,Nice,Stade Brestois 29,2 - 1,1 - 0,1,3,Evet
2021-10-03,2021,Ligue 1,Rennes,Paris Saint Germain,2 - 0,1 - 0,1,2,Yok
2021-10-03,2021,Ligue 1,Angers,Metz,3 - 2,0 - 1,1,5,Evet
2021-10-03,2021,Ligue 1,Nantes,Estac Troyes,2 - 0,0 - 0,1,2,Yok
2021-10-03,2021,Ligue 1,Monaco,Bordeaux,3 - 0,1 - 0,1,3,Yok
2021-10-03,2021,Ligue 1,Lorient,Clermont Foot,1 - 1,0 - 1,X,2,Evet
2021-10-03,2021,Ligue 1,Lille,Marseille,2 - 0,1 - 0,1,2,Yok
2021-10-03,2021,Ligue 1,Saint Etienne,Lyon,1 - 1,0 - 1,X,2,Evet
2021-10-15,2021,Ligue 1,Paris Saint Germain,Angers,2 - 1,0 - 1,1,3,Evet
2021-10-16,2021,Ligue 1,Clermont Foot,Lille,1 - 0,1 - 0,1,1,Yok
2021-10-16,2021,Ligue 1,Lyon,Monaco,2 - 0,0 - 0,1,2,Yok
2021-10-17,2021,Ligue 1,Estac Troyes,Nice,1 - 0,1 - 0,1,1,Yok
2021-10-17,2021,Ligue 1,Bordeaux,Nantes,1 - 1,0 - 0,X,2,Evet
2021-10-17,2021,Ligue 1,Strasbourg,Saint Etienne,5 - 1,2 - 1,1,6,Evet
2021-10-17,2021,Ligue 1,Stade Brestois 29,Reims,1 - 1,0 - 1,X,2,Evet
2021-10-17,2021,Ligue 1,Metz,Rennes,0 - 3,0 - 3,2,3,Yok
2021-10-17,2021,Ligue 1,Montpellier,Lens,1 - 0,0 - 0,1,1,Yok
2021-10-17,2021,Ligue 1,Marseille,Lorient,4 - 1,1 - 1,1,5,Evet
2021-10-22,2021,Ligue 1,Saint Etienne,Angers,2 - 2,0 - 1,X,4,Evet
2021-10-23,2021,Ligue 1,Nantes,Clermont Foot,2 - 1,1 - 0,1,3,Evet
2021-10-23,2021,Ligue 1,Lille,Stade Brestois 29,1 - 1,1 - 1,X,2,Evet
2021-10-24,2021,Ligue 1,Nice,Lyon,3 - 2,0 - 1,1,5,Evet
2021-10-24,2021,Ligue 1,Reims,Estac Troyes,1 - 2,1 - 1,2,3,Evet
2021-10-24,2021,Ligue 1,Rennes,Strasbourg,1 - 0,0 - 0,1,1,Yok
2021-10-24,2021,Ligue 1,Lorient,Bordeaux,1 - 1,0 - 0,X,2,Evet
2021-10-24,2021,Ligue 1,Lens,Metz,4 - 1,2 - 1,1,5,Evet
2021-10-24,2021,Ligue 1,Monaco,Montpellier,3 - 1,2 - 0,1,4,Evet
2021-10-24,2021,Ligue 1,Marseille,Paris Saint Germain,0 - 0,0 - 0,X,0,Yok
2021-10-27,2021,Ligue 1,Nice,Marseille,1 - 1,1 - 1,X,2,Evet
2021-10-29,2021,Ligue 1,Paris Saint Germain,Lille,2 - 1,0 - 1,1,3,Evet
2021-10-30,2021,Ligue 1,Metz,Saint Etienne,1 - 1,1 - 1,X,2,Evet
2021-10-30,2021,Ligue 1,Lyon,Lens,2 - 1,2 - 0,1,3,Evet
2021-10-31,2021,Ligue 1,Angers,Nice,1 - 2,1 - 0,2,3,Evet
2021-10-31,2021,Ligue 1,Bordeaux,Reims,3 - 2,0 - 1,1,5,Evet
2021-10-31,2021,Ligue 1,Montpellier,Nantes,2 - 0,0 - 0,1,2,Yok
2021-10-31,2021,Ligue 1,Strasbourg,Lorient,4 - 0,3 - 0,1,4,Yok
2021-10-31,2021,Ligue 1,Estac Troyes,Rennes,2 - 2,2 - 1,X,4,Evet
2021-10-31,2021,Ligue 1,Stade Brestois 29,Monaco,2 - 0,1 - 0,1,2,Yok
2021-10-31,2021,Ligue 1,Clermont Foot,Marseille,0 - 1,0 - 1,2,1,Yok
2021-11-05,2021,Ligue 1,Lens,Estac Troyes,4 - 0,3 - 0,1,4,Yok
2021-11-06,2021,Ligue 1,Lille,Angers,1 - 1,1 - 0,X,2,Evet
2021-11-06,2021,Ligue 1,Bordeaux,Paris Saint Germain,2 - 3,0 - 2,2,5,Evet
2021-11-07,2021,Ligue 1,Marseille,Metz,0 - 0,0 - 0,X,0,Yok
2021-11-07,2021,Ligue 1,Nantes,Strasbourg,2 - 2,1 - 1,X,4,Evet
2021-11-07,2021,Ligue 1,Reims,Monaco,0 - 0,0 - 0,X,0,Yok
2021-11-07,2021,Ligue 1,Lorient,Stade Brestois 29,1 - 2,1 - 0,2,3,Evet
2021-11-07,2021,Ligue 1,Saint Etienne,Clermont Foot,3 - 2,0 - 0,1,5,Evet
2021-11-07,2021,Ligue 1,Nice,Montpellier,0 - 1,0 - 0,2,1,Yok
2021-11-07,2021,Ligue 1,Rennes,Lyon,4 - 1,1 - 0,1,5,Evet
2021-11-19,2021,Ligue 1,Monaco,Lille,2 - 2,1 - 2,X,4,Evet
2021-11-20,2021,Ligue 1,Paris Saint Germain,Nantes,3 - 1,1 - 0,1,4,Evet
2021-11-20,2021,Ligue 1,Rennes,Montpellier,2 - 0,2 - 0,1,2,Yok
2021-11-21,2021,Ligue 1,Stade Brestois 29,Lens,4 - 0,3 - 0,1,4,Yok
2021-11-21,2021,Ligue 1,Angers,Lorient,1 - 0,0 - 0,1,1,Yok
2021-11-21,2021,Ligue 1,Strasbourg,Reims,1 - 1,0 - 1,X,2,Evet
2021-11-21,2021,Ligue 1,Estac Troyes,Saint Etienne,0 - 1,0 - 0,2,1,Yok
2021-11-21,2021,Ligue 1,Metz,Bordeaux,3 - 3,1 - 2,X,6,Evet
2021-11-21,2021,Ligue 1,Clermont Foot,Nice,1 - 2,1 - 0,2,3,Evet
2021-11-26,2021,Ligue 1,Lens,Angers,2 - 2,0 - 1,X,4,Evet
2021-11-27,2021,Ligue 1,Lille,Nantes,1 - 1,1 - 1,X,2,Evet
2021-11-27,2021,Ligue 1,Nice,Metz,0 - 1,0 - 1,2,1,Yok
2021-11-28,2021,Ligue 1,Saint Etienne,Paris Saint Germain,1 - 3,1 - 1,2,4,Evet
2021-11-28,2021,Ligue 1,Bordeaux,Stade Brestois 29,1 - 2,1 - 0,2,3,Evet
2021-11-28,2021,Ligue 1,Monaco,Strasbourg,1 - 1,1 - 0,X,2,Evet
2021-11-28,2021,Ligue 1,Reims,Clermont Foot,1 - 0,0 - 0,1,1,Yok
2021-11-28,2021,Ligue 1,Lorient,Rennes,0 - 2,0 - 0,2,2,Yok
2021-11-28,2021,Ligue 1,Montpellier,Lyon,0 - 1,0 - 1,2,1,Yok
2021-11-28,2021,Ligue 1,Marseille,Estac Troyes,1 - 0,0 - 0,1,1,Yok
2021-12-01,2021,Ligue 1,Angers,Monaco,1 - 3,0 - 2,2,4,Evet
2021-12-01,2021,Ligue 1,Strasbourg,Bordeaux,5 - 2,3 - 1,1,7,Evet
2021-12-01,2021,Ligue 1,Stade Brestois 29,Saint Etienne,1 - 0,0 - 0,1,1,Yok
2021-12-01,2021,Ligue 1,Estac Troyes,Lorient,2 - 0,2 - 0,1,2,Yok
2021-12-01,2021,Ligue 1,Metz,Montpellier,1 - 3,0 - 2,2,4,Evet
2021-12-01,2021,Ligue 1,Lyon,Reims,1 - 2,0 - 0,2,3,Evet
2021-12-01,2021,Ligue 1,Nantes,Marseille,0 - 1,0 - 1,2,1,Yok
2021-12-01,2021,Ligue 1,Rennes,Lille,1 - 2,0 - 2,2,3,Evet
2021-12-01,2021,Ligue 1,Clermont Foot,Lens,2 - 2,1 - 1,X,4,Evet
2021-12-01,2021,Ligue 1,Paris Saint Germain,Nice,0 - 0,0 - 0,X,0,Yok
2021-12-04,2021,Ligue 1,Marseille,Stade Brestois 29,1 - 2,1 - 0,2,3,Evet
2021-12-04,2021,Ligue 1,Lille,Estac Troyes,2 - 1,0 - 1,1,3,Evet
2021-12-04,2021,Ligue 1,Lens,Paris Saint Germain,1 - 1,0 - 0,X,2,Evet
2021-12-05,2021,Ligue 1,Saint Etienne,Rennes,0 - 5,0 - 3,2,5,Yok
2021-12-05,2021,Ligue 1,Montpellier,Clermont Foot,1 - 0,1 - 0,1,1,Yok
2021-12-05,2021,Ligue 1,Monaco,Metz,4 - 0,2 - 0,1,4,Yok
2021-12-05,2021,Ligue 1,Reims,Angers,1 - 2,0 - 0,2,3,Evet
2021-12-05,2021,Ligue 1,Lorient,Nantes,0 - 1,0 - 0,2,1,Yok
2021-12-05,2021,Ligue 1,Nice,Strasbourg,0 - 3,0 - 1,2,3,Yok
2021-12-05,2021,Ligue 1,Bordeaux,Lyon,2 - 2,1 - 2,X,4,Evet
2021-12-10,2021,Ligue 1,Nantes,Lens,3 - 2,0 - 2,1,5,Evet
2021-12-11,2021,Ligue 1,Stade Brestois 29,Montpellier,0 - 4,0 - 1,2,4,Yok
2021-12-11,2021,Ligue 1,Reims,Saint Etienne,2 - 0,1 - 0,1,2,Yok
2021-12-12,2021,Ligue 1,Lille,Lyon,0 - 0,0 - 0,X,0,Yok
2021-12-12,2021,Ligue 1,Angers,Clermont Foot,0 - 1,0 - 0,2,1,Yok
2021-12-12,2021,Ligue 1,Rennes,Nice,1 - 2,0 - 1,2,3,Evet
2021-12-12,2021,Ligue 1,Estac Troyes,Bordeaux,1 - 2,1 - 1,2,3,Evet
2021-12-12,2021,Ligue 1,Metz,Lorient,4 - 1,3 - 0,1,5,Evet
2021-12-12,2021,Ligue 1,Strasbourg,Marseille,0 - 2,0 - 0,2,2,Yok
2021-12-12,2021,Ligue 1,Paris Saint Germain,Monaco,2 - 0,2 - 0,1,2,Yok
2021-12-22,2021,Ligue 1,Bordeaux,Lille,2 - 3,2 - 1,2,5,Evet
2021-12-22,2021,Ligue 1,Lyon,Metz,1 - 1,0 - 0,X,2,Evet
2021-12-22,2021,Ligue 1,Marseille,Reims,1 - 1,0 - 0,X,2,Evet
2021-12-22,2021,Ligue 1,Montpellier,Angers,4 - 1,2 - 1,1,5,Evet
2021-12-22,2021,Ligue 1,Nice,Lens,2 - 1,0 - 1,1,3,Evet
2021-12-22,2021,Ligue 1,Monaco,Rennes,2 - 1,1 - 1,1,3,Evet
2021-12-22,2021,Ligue 1,Lorient,Paris Saint Germain,1 - 1,1 - 0,X,2,Evet
2021-12-22,2021,Ligue 1,Estac Troyes,Stade Brestois 29,1 - 1,0 - 1,X,2,Evet
2021-12-22,2021,Ligue 1,Saint Etienne,Nantes,0 - 1,0 - 0,2,1,Yok
2022-01-07,2021,Ligue 1,Bordeaux,Marseille,0 - 1,0 - 1,2,1,Yok
2022-01-08,2021,Ligue 1,Lens,Rennes,1 - 0,0 - 0,1,1,Yok
2022-01-09,2021,Ligue 1,Stade Brestois 29,Nice,0 - 3,0 - 1,2,3,Yok
2022-01-09,2021,Ligue 1,Clermont Foot,Reims,0 - 0,0 - 0,X,0,Yok
2022-01-09,2021,Ligue 1,Metz,Strasbourg,0 - 2,0 - 0,2,2,Yok
2022-01-09,2021,Ligue 1,Nantes,Monaco,0 - 0,0 - 0,X,0,Yok
2022-01-09,2021,Ligue 1,Lyon,Paris Saint Germain,1 - 1,1 - 0,X,2,Evet
2022-01-14,2021,Ligue 1,Nice,Nantes,2 - 1,1 - 1,1,3,Evet
2022-01-15,2021,Ligue 1,Saint Etienne,Lens,1 - 2,1 - 0,2,3,Evet
2022-01-15,2021,Ligue 1,Paris Saint Germain,Stade Brestois 29,2 - 0,1 - 0,1,2,Yok
2022-01-16,2021,Ligue 1,Rennes,Bordeaux,6 - 0,2 - 0,1,6,Yok
2022-01-16,2021,Ligue 1,Monaco,Clermont Foot,4 - 0,1 - 0,1,4,Yok
2022-01-16,2021,Ligue 1,Reims,Metz,0 - 1,0 - 0,2,1,Yok
2022-01-16,2021,Ligue 1,Strasbourg,Montpellier,3 - 1,0 - 1,1,4,Evet
2022-01-16,2021,Ligue 1,Lorient,Angers,0 - 0,0 - 0,X,0,Yok
2022-01-16,2021,Ligue 1,Estac Troyes,Lyon,0 - 1,0 - 1,2,1,Yok
2022-01-16,2021,Ligue 1,Marseille,Lille,1 - 1,0 - 1,X,2,Evet
2022-01-19,2021,Ligue 1,Lille,Lorient,3 - 1,3 - 0,1,4,Evet
2022-01-19,2021,Ligue 1,Montpellier,Estac Troyes,0 - 1,0 - 0,2,1,Yok
2022-01-19,2021,Ligue 1,Clermont Foot,Strasbourg,0 - 2,0 - 1,2,2,Yok
2022-01-21,2021,Ligue 1,Lyon,Saint Etienne,1 - 0,1 - 0,1,1,Yok
2022-01-22,2021,Ligue 1,Stade Brestois 29,Lille,2 - 0,1 - 0,1,2,Yok
2022-01-22,2021,Ligue 1,Lens,Marseille,0 - 2,0 - 1,2,2,Yok
2022-01-23,2021,Ligue 1,Metz,Nice,0 - 2,0 - 0,2,2,Yok
2022-01-23,2021,Ligue 1,Angers,Estac Troyes,2 - 1,2 - 1,1,3,Evet
2022-01-23,2021,Ligue 1,Bordeaux,Strasbourg,4 - 3,3 - 1,1,7,Evet
2022-01-23,2021,Ligue 1,Nantes,Lorient,4 - 2,1 - 0,1,6,Evet
2022-01-23,2021,Ligue 1,Clermont Foot,Rennes,2 - 1,0 - 1,1,3,Evet
2022-01-23,2021,Ligue 1,Montpellier,Monaco,3 - 2,2 - 1,1,5,Evet
2022-01-23,2021,Ligue 1,Paris Saint Germain,Reims,4 - 0,1 - 0,1,4,Yok
2022-01-26,2021,Ligue 1,Angers,Saint Etienne,0 - 1,0 - 1,2,1,Yok
2022-02-01,2021,Ligue 1,Lyon,Marseille,2 - 1,0 - 1,1,3,Evet
2022-02-04,2021,Ligue 1,Marseille,Angers,5 - 2,2 - 2,1,7,Evet
2022-02-05,2021,Ligue 1,Saint Etienne,Montpellier,3 - 1,0 - 1,1,4,Evet
2022-02-05,2021,Ligue 1,Monaco,Lyon,2 - 0,2 - 0,1,2,Yok
2022-02-06,2021,Ligue 1,Lorient,Lens,2 - 0,1 - 0,1,2,Yok
2022-02-06,2021,Ligue 1,Nice,Clermont Foot,0 - 1,0 - 0,2,1,Yok
2022-02-06,2021,Ligue 1,Reims,Bordeaux,5 - 0,1 - 0,1,5,Yok
2022-02-06,2021,Ligue 1,Strasbourg,Nantes,1 - 0,0 - 0,1,1,Yok
2022-02-06,2021,Ligue 1,Estac Troyes,Metz,0 - 0,0 - 0,X,0,Yok
2022-02-06,2021,Ligue 1,Rennes,Stade Brestois 29,2 - 0,1 - 0,1,2,Yok
2022-02-06,2021,Ligue 1,Lille,Paris Saint Germain,1 - 5,1 - 3,2,6,Evet
2022-02-11,2021,Ligue 1,Paris Saint Germain,Rennes,1 - 0,0 - 0,1,1,Yok
2022-02-12,2021,Ligue 1,Montpellier,Lille,0 - 1,0 - 0,2,1,Yok
2022-02-12,2021,Ligue 1,Lyon,Nice,2 - 0,1 - 0,1,2,Yok
2022-02-13,2021,Ligue 1,Monaco,Lorient,0 - 0,0 - 0,X,0,Yok
2022-02-13,2021,Ligue 1,Angers,Strasbourg,0 - 1,0 - 1,2,1,Yok
2022-02-13,2021,Ligue 1,Nantes,Reims,1 - 0,1 - 0,1,1,Yok
2022-02-13,2021,Ligue 1,Clermont Foot,Saint Etienne,1 - 2,1 - 0,2,3,Evet
2022-02-13,2021,Ligue 1,Stade Brestois 29,Estac Troyes,5 - 1,2 - 1,1,6,Evet
2022-02-13,2021,Ligue 1,Lens,Bordeaux,3 - 2,3 - 1,1,5,Evet
2022-02-13,2021,Ligue 1,Metz,Marseille,1 - 2,0 - 1,2,3,Evet
2022-02-18,2021,Ligue 1,Lille,Metz,0 - 0,0 - 0,X,0,Yok
2022-02-19,2021,Ligue 1,Lens,Lyon,1 - 1,1 - 1,X,2,Evet
2022-02-19,2021,Ligue 1,Nantes,Paris Saint Germain,3 - 1,3 - 0,1,4,Evet
2022-02-20,2021,Ligue 1,Nice,Angers,1 - 0,1 - 0,1,1,Yok
2022-02-20,2021,Ligue 1,Reims,Stade Brestois 29,1 - 1,1 - 1,X,2,Evet
2022-02-20,2021,Ligue 1,Rennes,Estac Troyes,4 - 1,2 - 1,1,5,Evet
2022-02-20,2021,Ligue 1,Lorient,Montpellier,0 - 1,0 - 0,2,1,Yok
2022-02-20,2021,Ligue 1,Saint Etienne,Strasbourg,2 - 2,2 - 2,X,4,Evet
2022-02-20,2021,Ligue 1,Bordeaux,Monaco,1 - 1,1 - 0,X,2,Evet
2022-02-20,2021,Ligue 1,Marseille,Clermont Foot,0 - 2,0 - 1,2,2,Yok
2022-02-25,2021,Ligue 1,Montpellier,Rennes,2 - 4,2 - 2,2,6,Evet
2022-02-26,2021,Ligue 1,Strasbourg,Nice,0 - 0,0 - 0,X,0,Yok
2022-02-26,2021,Ligue 1,Paris Saint Germain,Saint Etienne,3 - 1,1 - 1,1,4,Evet
2022-02-27,2021,Ligue 1,Monaco,Reims,1 - 2,0 - 0,2,3,Evet
2022-02-27,2021,Ligue 1,Angers,Lens,1 - 2,0 - 0,2,3,Evet
2022-02-27,2021,Ligue 1,Clermont Foot,Bordeaux,1 - 1,1 - 1,X,2,Evet
2022-02-27,2021,Ligue 1,Stade Brestois 29,Lorient,0 - 1,0 - 0,2,1,Yok
2022-02-27,2021,Ligue 1,Metz,Nantes,0 - 0,0 - 0,X,0,Yok
2022-02-27,2021,Ligue 1,Estac Troyes,Marseille,1 - 1,0 - 1,X,2,Evet
2022-02-27,2021,Ligue 1,Lyon,Lille,0 - 1,0 - 1,2,1,Yok
2022-03-04,2021,Ligue 1,Lorient,Lyon,1 - 4,0 - 2,2,5,Evet
2022-03-05,2021,Ligue 1,Lens,Stade Brestois 29,0 - 1,0 - 0,2,1,Yok
2022-03-05,2021,Ligue 1,Nice,Paris Saint Germain,1 - 0,0 - 0,1,1,Yok
2022-03-06,2021,Ligue 1,Saint Etienne,Metz,1 - 0,0 - 0,1,1,Yok
2022-03-06,2021,Ligue 1,Bordeaux,Estac Troyes,0 - 2,0 - 1,2,2,Yok
2022-03-06,2021,Ligue 1,Nantes,Montpellier,2 - 0,0 - 0,1,2,Yok
2022-03-06,2021,Ligue 1,Reims,Strasbourg,1 - 1,0 - 0,X,2,Evet
2022-03-06,2021,Ligue 1,Rennes,Angers,2 - 0,1 - 0,1,2,Yok
2022-03-06,2021,Ligue 1,Lille,Clermont Foot,4 - 0,1 - 0,1,4,Yok
2022-03-06,2021,Ligue 1,Marseille,Monaco,0 - 1,0 - 0,2,1,Yok
2022-03-11,2021,Ligue 1,Lille,Saint Etienne,0 - 0,0 - 0,X,0,Yok
2022-03-12,2021,Ligue 1,Montpellier,Nice,0 - 0,0 - 0,X,0,Yok
2022-03-12,2021,Ligue 1,Estac Troyes,Nantes,1 - 0,1 - 0,1,1,Yok
2022-03-13,2021,Ligue 1,Paris Saint Germain,Bordeaux,3 - 0,1 - 0,1,3,Yok
2022-03-13,2021,Ligue 1,Angers,Reims,0 - 1,0 - 1,2,1,Yok
2022-03-13,2021,Ligue 1,Strasbourg,Monaco,1 - 0,1 - 0,1,1,Yok
2022-03-13,2021,Ligue 1,Clermont Foot,Lorient,0 - 2,0 - 0,2,2,Yok
2022-03-13,2021,Ligue 1,Metz,Lens,0 - 0,0 - 0,X,0,Yok
2022-03-13,2021,Ligue 1,Lyon,Rennes,2 - 4,0 - 3,2,6,Evet
2022-03-13,2021,Ligue 1,Stade Brestois 29,Marseille,1 - 4,0 - 1,2,5,Evet
2022-03-18,2021,Ligue 1,Saint Etienne,Estac Troyes,1 - 1,0 - 1,X,2,Evet
2022-03-19,2021,Ligue 1,Lens,Clermont Foot,3 - 1,2 - 1,1,4,Evet
2022-03-19,2021,Ligue 1,Nantes,Lille,0 - 1,0 - 1,2,1,Yok
2022-03-20,2021,Ligue 1,Monaco,Paris Saint Germain,3 - 0,1 - 0,1,3,Yok
2022-03-20,2021,Ligue 1,Angers,Stade Brestois 29,1 - 0,1 - 0,1,1,Yok
2022-03-20,2021,Ligue 1,Bordeaux,Montpellier,0 - 2,0 - 2,2,2,Yok
2022-03-20,2021,Ligue 1,Rennes,Metz,6 - 1,3 - 0,1,7,Evet
2022-03-20,2021,Ligue 1,Lorient,Strasbourg,0 - 0,0 - 0,X,0,Yok
2022-03-20,2021,Ligue 1,Reims,Lyon,0 - 0,0 - 0,X,0,Yok
2022-03-20,2021,Ligue 1,Marseille,Nice,2 - 1,1 - 0,1,3,Evet
2022-04-02,2021,Ligue 1,Nice,Rennes,1 - 1,0 - 0,X,2,Evet
2022-04-02,2021,Ligue 1,Lille,Bordeaux,0 - 0,0 - 0,X,0,Yok
2022-04-03,2021,Ligue 1,Strasbourg,Lens,1 - 0,0 - 0,1,1,Yok
2022-04-03,2021,Ligue 1,Montpellier,Stade Brestois 29,1 - 2,0 - 0,2,3,Evet
2022-04-03,2021,Ligue 1,Clermont Foot,Nantes,2 - 3,0 - 1,2,5,Evet
2022-04-03,2021,Ligue 1,Estac Troyes,Reims,1 - 0,0 - 0,1,1,Yok
2022-04-03,2021,Ligue 1,Metz,Monaco,1 - 2,0 - 0,2,3,Evet
2022-04-03,2021,Ligue 1,Saint Etienne,Marseille,2 - 4,1 - 1,2,6,Evet
2022-04-03,2021,Ligue 1,Lyon,Angers,3 - 2,1 - 0,1,5,Evet
2022-04-03,2021,Ligue 1,Paris Saint Germain,Lorient,5 - 1,2 - 0,1,6,Evet
2022-04-08,2021,Ligue 1,Lorient,Saint Etienne,6 - 2,2 - 2,1,8,Evet
2022-04-09,2021,Ligue 1,Reims,Rennes,2 - 3,0 - 2,2,5,Evet
2022-04-09,2021,Ligue 1,Clermont Foot,Paris Saint Germain,1 - 6,1 - 2,2,7,Evet
2022-04-10,2021,Ligue 1,Bordeaux,Metz,3 - 1,0 - 1,1,4,Evet
2022-04-10,2021,Ligue 1,Angers,Lille,1 - 1,0 - 0,X,2,Evet
2022-04-10,2021,Ligue 1,Monaco,Estac Troyes,2 - 1,1 - 1,1,3,Evet
2022-04-10,2021,Ligue 1,Stade Brestois 29,Nantes,1 - 1,0 - 1,X,2,Evet
2022-04-10,2021,Ligue 1,Lens,Nice,3 - 0,0 - 0,1,3,Yok
2022-04-10,2021,Ligue 1,Strasbourg,Lyon,1 - 1,1 - 0,X,2,Evet
2022-04-10,2021,Ligue 1,Marseille,Montpellier,2 - 0,2 - 0,1,2,Yok
2022-04-15,2021,Ligue 1,Rennes,Monaco,2 - 3,1 - 1,2,5,Evet
2022-04-16,2021,Ligue 1,Saint Etienne,Stade Brestois 29,2 - 1,2 - 1,1,3,Evet
2022-04-16,2021,Ligue 1,Lille,Lens,1 - 2,1 - 2,2,3,Evet
2022-04-17,2021,Ligue 1,Nice,Lorient,2 - 1,0 - 0,1,3,Evet
2022-04-17,2021,Ligue 1,Montpellier,Reims,0 - 0,0 - 0,X,0,Yok
2022-04-17,2021,Ligue 1,Nantes,Angers,1 - 1,0 - 1,X,2,Evet
2022-04-17,2021,Ligue 1,Estac Troyes,Strasbourg,1 - 1,0 - 0,X,2,Evet
2022-04-17,2021,Ligue 1,Metz,Clermont Foot,1 - 1,1 - 1,X,2,Evet
2022-04-17,2021,Ligue 1,Lyon,Bordeaux,6 - 1,3 - 0,1,7,Evet
2022-04-17,2021,Ligue 1,Paris Saint Germain,Marseille,2 - 1,2 - 1,1,3,Evet
2022-04-20,2021,Ligue 1,Bordeaux,Saint Etienne,2 - 2,2 - 1,X,4,Evet
2022-04-20,2021,Ligue 1,Monaco,Nice,1 - 0,1 - 0,1,1,Yok
2022-04-20,2021,Ligue 1,Reims,Lille,2 - 1,1 - 0,1,3,Evet
2022-04-20,2021,Ligue 1,Lorient,Metz,1 - 0,0 - 0,1,1,Yok
2022-04-20,2021,Ligue 1,Estac Troyes,Clermont Foot,0 - 1,0 - 0,2,1,Yok
2022-04-20,2021,Ligue 1,Angers,Paris Saint Germain,0 - 3,0 - 2,2,3,Yok
2022-04-20,2021,Ligue 1,Marseille,Nantes,3 - 2,1 - 2,1,5,Evet
2022-04-20,2021,Ligue 1,Strasbourg,Rennes,2 - 1,1 - 0,1,3,Evet
2022-04-20,2021,Ligue 1,Stade Brestois 29,Lyon,2 - 1,1 - 0,1,3,Evet
2022-04-20,2021,Ligue 1,Lens,Montpellier,2 - 0,1 - 0,1,2,Yok
2022-04-23,2021,Ligue 1,Lyon,Montpellier,5 - 2,2 - 2,1,7,Evet
2022-04-23,2021,Ligue 1,Saint Etienne,Monaco,1 - 4,1 - 2,2,5,Evet
2022-04-23,2021,Ligue 1,Paris Saint Germain,Lens,1 - 1,0 - 0,X,2,Evet
2022-04-24,2021,Ligue 1,Rennes,Lorient,5 - 0,2 - 0,1,5,Yok
2022-04-24,2021,Ligue 1,Nantes,Bordeaux,5 - 3,0 - 2,1,8,Evet
2022-04-24,2021,Ligue 1,Nice,Estac Troyes,1 - 0,0 - 0,1,1,Yok
2022-04-24,2021,Ligue 1,Clermont Foot,Angers,2 - 2,0 - 2,X,4,Evet
2022-04-24,2021,Ligue 1,Metz,Stade Brestois 29,0 - 1,0 - 1,2,1,Yok
2022-04-24,2021,Ligue 1,Lille,Strasbourg,1 - 0,0 - 0,1,1,Yok
2022-04-24,2021,Ligue 1,Reims,Marseille,0 - 1,0 - 0,2,1,Yok
2022-04-29,2021,Ligue 1,Strasbourg,Paris Saint Germain,3 - 3,1 - 1,X,6,Evet
2022-04-30,2021,Ligue 1,Lens,Nantes,2 - 2,0 - 2,X,4,Evet
2022-04-30,2021,Ligue 1,Rennes,Saint Etienne,2 - 0,1 - 0,1,2,Yok
2022-05-01,2021,Ligue 1,Estac Troyes,Lille,3 - 0,1 - 0,1,3,Yok
2022-05-01,2021,Ligue 1,Montpellier,Metz,2 - 2,0 - 1,X,4,Evet
2022-05-01,2021,Ligue 1,Monaco,Angers,2 - 0,1 - 0,1,2,Yok
2022-05-01,2021,Ligue 1,Lorient,Reims,1 - 2,1 - 1,2,3,Evet
2022-05-01,2021,Ligue 1,Stade Brestois 29,Clermont Foot,2 - 0,0 - 0,1,2,Yok
2022-05-01,2021,Ligue 1,Bordeaux,Nice,0 - 1,0 - 0,2,1,Yok
2022-05-01,2021,Ligue 1,Marseille,Lyon,0 - 3,0 - 0,2,3,Yok
2022-05-06,2021,Ligue 1,Lille,Monaco,1 - 2,0 - 1,2,3,Evet
2022-05-07,2021,Ligue 1,Stade Brestois 29,Strasbourg,0 - 1,0 - 0,2,1,Yok
2022-05-08,2021,Ligue 1,Metz,Lyon,3 - 2,2 - 1,1,5,Evet
2022-05-08,2021,Ligue 1,Angers,Bordeaux,4 - 1,2 - 0,1,5,Evet
2022-05-08,2021,Ligue 1,Reims,Lens,1 - 2,1 - 0,2,3,Evet
2022-05-08,2021,Ligue 1,Clermont Foot,Montpellier,2 - 1,1 - 1,1,3,Evet
2022-05-08,2021,Ligue 1,Lorient,Marseille,0 - 3,0 - 1,2,3,Yok
2022-05-08,2021,Ligue 1,Paris Saint Germain,Estac Troyes,2 - 2,2 - 1,X,4,Evet
2022-05-11,2021,Ligue 1,Nice,Saint Etienne,4 - 2,0 - 2,1,6,Evet
2022-05-11,2021,Ligue 1,Nantes,Rennes,2 - 1,1 - 1,1,3,Evet
2022-05-14,2021,Ligue 1,Bordeaux,Lorient,0 - 0,0 - 0,X,0,Yok
2022-05-14,2021,Ligue 1,Lyon,Nantes,3 - 2,1 - 0,1,5,Evet
2022-05-14,2021,Ligue 1,Montpellier,Paris Saint Germain,0 - 4,0 - 3,2,4,Yok
2022-05-14,2021,Ligue 1,Nice,Lille,1 - 3,1 - 0,2,4,Evet
2022-05-14,2021,Ligue 1,Monaco,Stade Brestois 29,4 - 2,1 - 2,1,6,Evet
2022-05-14,2021,Ligue 1,Rennes,Marseille,2 - 0,2 - 0,1,2,Yok
2022-05-14,2021,Ligue 1,Strasbourg,Clermont Foot,1 - 0,1 - 0,1,1,Yok
2022-05-14,2021,Ligue 1,Estac Troyes,Lens,1 - 3,1 - 2,2,4,Evet
2022-05-14,2021,Ligue 1,Metz,Angers,1 - 0,0 - 0,1,1,Yok
2022-05-14,2021,Ligue 1,Saint Etienne,Reims,1 - 2,1 - 1,2,3,Evet
2022-05-21,2021,Ligue 1,Angers,Montpellier,2 - 0,1 - 0,1,2,Yok
2022-05-21,2021,Ligue 1,Lille,Rennes,2 - 2,1 - 1,X,4,Evet
2022-05-21,2021,Ligue 1,Marseille,Strasbourg,4 - 0,1 - 0,1,4,Yok
2022-05-21,2021,Ligue 1,Nantes,Saint Etienne,1 - 1,1 - 0,X,2,Evet
2022-05-21,2021,Ligue 1,Paris Saint Germain,Metz,5 - 0,3 - 0,1,5,Yok
2022-05-21,2021,Ligue 1,Reims,Nice,2 - 3,2 - 0,2,5,Evet
2022-05-21,2021,Ligue 1,Lorient,Estac Troyes,1 - 1,0 - 1,X,2,Evet
2022-05-21,2021,Ligue 1,Clermont Foot,Lyon,1 - 2,0 - 1,2,3,Evet
2022-05-21,2021,Ligue 1,Stade Brestois 29,Bordeaux,2 - 4,2 - 2,2,6,Evet
2022-05-21,2021,Ligue 1,Lens,Monaco,2 - 2,1 - 1,X,4,Evet
2022-05-26,2021,Ligue 1,Auxerre,Saint Etienne,1 - 1,0 - 1,X,2,Evet
2022-05-29,2021,Ligue 1,Saint Etienne,Auxerre,1 - 1,0 - 0,X,2,Evet
