Tarih,Sezon,Lig,Ev Sahibi,Deplasman,MS Skor,IY Skor,MS Sonucu,Toplam Gol,KG Var
2026-08-21,2026,Premier League,Arsenal,Coventry,3 - 0,2 - 0,1,3,Yok
2026-08-22,2026,Premier League,Hull City,Manchester United,2 - 0,2 - 0,1,2,Yok
2026-08-22,2026,Premier League,Everton,Crystal Palace,2 - 0,1 - 0,1,2,Yok
2026-08-22,2026,Premier League,Ipswich,Sunderland,2 - 1,1 - 1,1,3,Evet
2026-08-22,2026,Premier League,Nottingham Forest,Leeds,0 - 1,0 - 0,2,1,Yok
2026-08-22,2026,Premier League,Brentford,Tottenham,3 - 0,2 - 0,1,3,Yok
2026-08-23,2026,Premier League,Manchester City,Bournemouth,2 - 1,0 - 1,1,3,Evet
2026-08-23,2026,Premier League,Brighton,Aston Villa,4 - 0,4 - 0,1,4,Yok
2026-08-23,2026,Premier League,Newcastle,Liverpool,2 - 2,1 - 0,X,4,Evet
2026-08-24,2026,Premier League,Fulham,Chelsea,2 - 3,1 - 2,2,5,Evet
2026-08-28,2026,Premier League,Crystal Palace,Manchester City,1 - 4,0 - 1,2,5,Evet
2026-08-29,2026,Premier League,Liverpool,Nottingham Forest,2 - 2,0 - 1,X,4,Evet
2026-08-29,2026,Premier League,Bournemouth,Everton,1 - 1,1 - 0,X,2,Evet
2026-08-29,2026,Premier League,Coventry,Hull City,0 - 1,0 - 0,2,1,Yok
2026-08-29,2026,Premier League,Tottenham,Newcastle,0 - 2,0 - 0,2,2,Yok
2026-08-30,2026,Premier League,Chelsea,Brighton,4 - 3,3 - 1,1,7,Evet
2026-08-30,2026,Premier League,Leeds,Brentford,1 - 1,0 - 1,X,2,Evet
2026-08-30,2026,Premier League,Sunderland,Fulham,1 - 0,0 - 0,1,1,Yok
2026-08-30,2026,Premier League,Manchester United,Ipswich,5 - 2,1 - 1,1,7,Evet
2026-08-31,2026,Premier League,Aston Villa,Arsenal,0 - 1,0 - 0,2,1,Yok
2026-09-04,2026,Premier League,Ipswich,Liverpool,0 - 2,0 - 2,2,2,Yok
2026-09-05,2026,Premier League,Newcastle,Bournemouth,2 - 2,1 - 2,X,4,Evet
2026-09-05,2026,Premier League,Fulham,Crystal Palace,2 - 3,2 - 1,2,5,Evet
2026-09-05,2026,Premier League,Manchester City,Coventry,1 - 0,1 - 0,1,1,Yok
2026-09-05,2026,Premier League,Brighton,Leeds,1 - 1,0 - 1,X,2,Evet
2026-09-05,2026,Premier League,Brentford,Sunderland,1 - 1,0 - 0,X,2,Evet
2026-09-05,2026,Premier League,Nottingham Forest,Tottenham,0 - 0,0 - 0,X,0,Yok
2026-09-05,2026,Premier League,Hull City,Aston Villa,0 - 0,0 - 0,X,0,Yok
2026-09-06,2026,Premier League,Everton,Manchester United,2 - 2,0 - 0,X,4,Evet
2026-09-06,2026,Premier League,Arsenal,Chelsea,2 - 1,1 - 1,1,3,Evet
2026-09-12,2026,Premier League,Bournemouth,Brentford,2 - 2,1 - 1,X,4,Evet
2026-09-12,2026,Premier League,Liverpool,Fulham,0 - 0,0 - 0,X,0,Yok
2026-09-12,2026,Premier League,Chelsea,Hull City,2 - 2,1 - 2,X,4,Evet
2026-09-12,2026,Premier League,Crystal Palace,Ipswich,2 - 3,1 - 2,2,5,Evet
2026-09-12,2026,Premier League,Aston Villa,Nottingham Forest,1 - 2,0 - 0,2,3,Evet
2026-09-12,2026,Premier League,Tottenham,Everton,0 - 0,0 - 0,X,0,Yok
2026-09-12,2026,Premier League,Sunderland,Arsenal,0 - 2,0 - 0,2,2,Yok
2026-09-13,2026,Premier League,Coventry,Brighton,0 - 5,0 - 1,2,5,Yok
2026-09-13,2026,Premier League,Manchester United,Manchester City,0 - 1,0 - 0,2,1,Yok
2026-09-14,2026,Premier League,Leeds,Newcastle,4 - 1,3 - 0,1,5,Evet
2026-09-18,2026,Premier League,Brentford,Chelsea,3 - 0,0 - 0,1,3,Yok
2026-09-19,2026,Premier League,Tottenham,Aston Villa,2 - 3,0 - 1,2,5,Evet
2026-09-19,2026,Premier League,Newcastle,Hull City,2 - 1,2 - 0,1,3,Evet
2026-09-19,2026,Premier League,Everton,Ipswich,1 - 0,1 - 0,1,1,Yok
2026-09-19,2026,Premier League,Brighton,Arsenal,3 - 0,2 - 0,1,3,Yok
2026-09-19,2026,Premier League,Nottingham Forest,Coventry,0 - 1,0 - 0,2,1,Yok
2026-09-20,2026,Premier League,Bournemouth,Liverpool,0 - 1,0 - 0,2,1,Yok
2026-09-20,2026,Premier League,Manchester City,Sunderland,5 - 3,3 - 2,1,8,Evet
2026-09-20,2026,Premier League,Leeds,Crystal Palace,0 - 0,0 - 0,X,0,Yok
2026-09-20,2026,Premier League,Fulham,Manchester United,1 - 1,0 - 0,X,2,Evet
2025-08-15,2025,Premier League,Liverpool,Bournemouth,4 - 2,1 - 0,1,6,Evet
2025-08-16,2025,Premier League,Aston Villa,Newcastle,0 - 0,0 - 0,X,0,Yok
2025-08-16,2025,Premier League,Tottenham,Burnley,3 - 0,1 - 0,1,3,Yok
2025-08-16,2025,Premier League,Brighton,Fulham,1 - 1,0 - 0,X,2,Evet
2025-08-16,2025,Premier League,Sunderland,West Ham,3 - 0,0 - 0,1,3,Yok
2025-08-16,2025,Premier League,Wolves,Manchester City,0 - 4,0 - 2,2,4,Yok
2025-08-17,2025,Premier League,Chelsea,Crystal Palace,0 - 0,0 - 0,X,0,Yok
2025-08-17,2025,Premier League,Nottingham Forest,Brentford,3 - 1,3 - 0,1,4,Evet
2025-08-17,2025,Premier League,Manchester United,Arsenal,0 - 1,0 - 1,2,1,Yok
2025-08-18,2025,Premier League,Leeds,Everton,1 - 0,0 - 0,1,1,Yok
2025-08-22,2025,Premier League,West Ham,Chelsea,1 - 5,1 - 3,2,6,Evet
2025-08-23,2025,Premier League,Manchester City,Tottenham,0 - 2,0 - 2,2,2,Yok
2025-08-23,2025,Premier League,Bournemouth,Wolves,1 - 0,1 - 0,1,1,Yok
2025-08-23,2025,Premier League,Burnley,Sunderland,2 - 0,0 - 0,1,2,Yok
2025-08-23,2025,Premier League,Brentford,Aston Villa,1 - 0,1 - 0,1,1,Yok
2025-08-23,2025,Premier League,Arsenal,Leeds,5 - 0,2 - 0,1,5,Yok
2025-08-24,2025,Premier League,Everton,Brighton,2 - 0,1 - 0,1,2,Yok
2025-08-24,2025,Premier League,Crystal Palace,Nottingham Forest,1 - 1,1 - 0,X,2,Evet
2025-08-24,2025,Premier League,Fulham,Manchester United,1 - 1,0 - 0,X,2,Evet
2025-08-25,2025,Premier League,Newcastle,Liverpool,2 - 3,0 - 1,2,5,Evet
2025-08-30,2025,Premier League,Chelsea,Fulham,2 - 0,1 - 0,1,2,Yok
2025-08-30,2025,Premier League,Manchester United,Burnley,3 - 2,1 - 0,1,5,Evet
2025-08-30,2025,Premier League,Wolves,Everton,2 - 3,1 - 2,2,5,Evet
2025-08-30,2025,Premier League,Tottenham,Bournemouth,0 - 1,0 - 1,2,1,Yok
2025-08-30,2025,Premier League,Sunderland,Brentford,2 - 1,0 - 0,1,3,Evet
2025-08-30,2025,Premier League,Leeds,Newcastle,0 - 0,0 - 0,X,0,Yok
2025-08-31,2025,Premier League,Brighton,Manchester City,2 - 1,0 - 1,1,3,Evet
2025-08-31,2025,Premier League,Nottingham Forest,West Ham,0 - 3,0 - 0,2,3,Yok
2025-08-31,2025,Premier League,Liverpool,Arsenal,1 - 0,0 - 0,1,1,Yok
2025-08-31,2025,Premier League,Aston Villa,Crystal Palace,0 - 3,0 - 1,2,3,Yok
2025-09-13,2025,Premier League,Arsenal,Nottingham Forest,3 - 0,1 - 0,1,3,Yok
2025-09-13,2025,Premier League,Newcastle,Wolves,1 - 0,1 - 0,1,1,Yok
2025-09-13,2025,Premier League,Bournemouth,Brighton,2 - 1,1 - 0,1,3,Evet
2025-09-13,2025,Premier League,Fulham,Leeds,1 - 0,0 - 0,1,1,Yok
2025-09-13,2025,Premier League,Everton,Aston Villa,0 - 0,0 - 0,X,0,Yok
2025-09-13,2025,Premier League,Crystal Palace,Sunderland,0 - 0,0 - 0,X,0,Yok
2025-09-13,2025,Premier League,West Ham,Tottenham,0 - 3,0 - 0,2,3,Yok
2025-09-13,2025,Premier League,Brentford,Chelsea,2 - 2,1 - 0,X,4,Evet
2025-09-14,2025,Premier League,Burnley,Liverpool,0 - 1,0 - 0,2,1,Yok
2025-09-14,2025,Premier League,Manchester City,Manchester United,3 - 0,1 - 0,1,3,Yok
2025-09-20,2025,Premier League,Liverpool,Everton,2 - 1,2 - 0,1,3,Evet
2025-09-20,2025,Premier League,Wolves,Leeds,1 - 3,1 - 3,2,4,Evet
2025-09-20,2025,Premier League,Burnley,Nottingham Forest,1 - 1,1 - 1,X,2,Evet
2025-09-20,2025,Premier League,West Ham,Crystal Palace,1 - 2,0 - 1,2,3,Evet
2025-09-20,2025,Premier League,Brighton,Tottenham,2 - 2,2 - 1,X,4,Evet
2025-09-20,2025,Premier League,Manchester United,Chelsea,2 - 1,2 - 0,1,3,Evet
2025-09-20,2025,Premier League,Fulham,Brentford,3 - 1,2 - 1,1,4,Evet
2025-09-21,2025,Premier League,Bournemouth,Newcastle,0 - 0,0 - 0,X,0,Yok
2025-09-21,2025,Premier League,Sunderland,Aston Villa,1 - 1,0 - 0,X,2,Evet
2025-09-21,2025,Premier League,Arsenal,Manchester City,1 - 1,0 - 1,X,2,Evet
2025-09-27,2025,Premier League,Brentford,Manchester United,3 - 1,2 - 1,1,4,Evet
2025-09-27,2025,Premier League,Chelsea,Brighton,1 - 3,1 - 0,2,4,Evet
2025-09-27,2025,Premier League,Manchester City,Burnley,5 - 1,1 - 1,1,6,Evet
2025-09-27,2025,Premier League,Crystal Palace,Liverpool,2 - 1,1 - 0,1,3,Evet
2025-09-27,2025,Premier League,Leeds,Bournemouth,2 - 2,1 - 1,X,4,Evet
2025-09-27,2025,Premier League,Nottingham Forest,Sunderland,0 - 1,0 - 1,2,1,Yok
2025-09-27,2025,Premier League,Tottenham,Wolves,1 - 1,0 - 0,X,2,Evet
2025-09-28,2025,Premier League,Aston Villa,Fulham,3 - 1,1 - 1,1,4,Evet
2025-09-28,2025,Premier League,Newcastle,Arsenal,1 - 2,1 - 0,2,3,Evet
2025-09-29,2025,Premier League,Everton,West Ham,1 - 1,1 - 0,X,2,Evet
2025-10-03,2025,Premier League,Bournemouth,Fulham,3 - 1,0 - 0,1,4,Evet
2025-10-04,2025,Premier League,Leeds,Tottenham,1 - 2,1 - 1,2,3,Evet
2025-10-04,2025,Premier League,Manchester United,Sunderland,2 - 0,2 - 0,1,2,Yok
2025-10-04,2025,Premier League,Arsenal,West Ham,2 - 0,1 - 0,1,2,Yok
2025-10-04,2025,Premier League,Chelsea,Liverpool,2 - 1,1 - 0,1,3,Evet
2025-10-05,2025,Premier League,Newcastle,Nottingham Forest,2 - 0,0 - 0,1,2,Yok
2025-10-05,2025,Premier League,Wolves,Brighton,1 - 1,1 - 0,X,2,Evet
2025-10-05,2025,Premier League,Everton,Crystal Palace,2 - 1,0 - 1,1,3,Evet
2025-10-05,2025,Premier League,Aston Villa,Burnley,2 - 1,1 - 0,1,3,Evet
2025-10-05,2025,Premier League,Brentford,Manchester City,0 - 1,0 - 1,2,1,Yok
2025-10-18,2025,Premier League,Nottingham Forest,Chelsea,0 - 3,0 - 0,2,3,Yok
2025-10-18,2025,Premier League,Burnley,Leeds,2 - 0,1 - 0,1,2,Yok
2025-10-18,2025,Premier League,Manchester City,Everton,2 - 0,0 - 0,1,2,Yok
2025-10-18,2025,Premier League,Brighton,Newcastle,2 - 1,1 - 0,1,3,Evet
2025-10-18,2025,Premier League,Crystal Palace,Bournemouth,3 - 3,0 - 2,X,6,Evet
2025-10-18,2025,Premier League,Sunderland,Wolves,2 - 0,1 - 0,1,2,Yok
2025-10-18,2025,Premier League,Fulham,Arsenal,0 - 1,0 - 0,2,1,Yok
2025-10-19,2025,Premier League,Tottenham,Aston Villa,1 - 2,1 - 1,2,3,Evet
2025-10-19,2025,Premier League,Liverpool,Manchester United,1 - 2,0 - 1,2,3,Evet
2025-10-20,2025,Premier League,West Ham,Brentford,0 - 2,0 - 1,2,2,Yok
2025-10-24,2025,Premier League,Leeds,West Ham,2 - 1,2 - 0,1,3,Evet
2025-10-25,2025,Premier League,Newcastle,Fulham,2 - 1,1 - 0,1,3,Evet
2025-10-25,2025,Premier League,Chelsea,Sunderland,1 - 2,1 - 1,2,3,Evet
2025-10-25,2025,Premier League,Manchester United,Brighton,4 - 2,2 - 0,1,6,Evet
2025-10-25,2025,Premier League,Brentford,Liverpool,3 - 2,2 - 1,1,5,Evet
2025-10-26,2025,Premier League,Bournemouth,Nottingham Forest,2 - 0,2 - 0,1,2,Yok
2025-10-26,2025,Premier League,Wolves,Burnley,2 - 3,2 - 2,2,5,Evet
2025-10-26,2025,Premier League,Arsenal,Crystal Palace,1 - 0,1 - 0,1,1,Yok
2025-10-26,2025,Premier League,Aston Villa,Manchester City,1 - 0,1 - 0,1,1,Yok
2025-10-26,2025,Premier League,Everton,Tottenham,0 - 3,0 - 2,2,3,Yok
2025-11-01,2025,Premier League,Fulham,Wolves,3 - 0,1 - 0,1,3,Yok
2025-11-01,2025,Premier League,Burnley,Arsenal,0 - 2,0 - 2,2,2,Yok
2025-11-01,2025,Premier League,Brighton,Leeds,3 - 0,1 - 0,1,3,Yok
2025-11-01,2025,Premier League,Crystal Palace,Brentford,2 - 0,1 - 0,1,2,Yok
2025-11-01,2025,Premier League,Nottingham Forest,Manchester United,2 - 2,0 - 1,X,4,Evet
2025-11-01,2025,Premier League,Tottenham,Chelsea,0 - 1,0 - 1,2,1,Yok
2025-11-01,2025,Premier League,Liverpool,Aston Villa,2 - 0,1 - 0,1,2,Yok
2025-11-02,2025,Premier League,West Ham,Newcastle,3 - 1,2 - 1,1,4,Evet
2025-11-02,2025,Premier League,Manchester City,Bournemouth,3 - 1,2 - 1,1,4,Evet
2025-11-03,2025,Premier League,Sunderland,Everton,1 - 1,0 - 1,X,2,Evet
2025-11-08,2025,Premier League,Tottenham,Manchester United,2 - 2,0 - 1,X,4,Evet
2025-11-08,2025,Premier League,Everton,Fulham,2 - 0,1 - 0,1,2,Yok
2025-11-08,2025,Premier League,West Ham,Burnley,3 - 2,1 - 1,1,5,Evet
2025-11-08,2025,Premier League,Sunderland,Arsenal,2 - 2,1 - 0,X,4,Evet
2025-11-08,2025,Premier League,Chelsea,Wolves,3 - 0,0 - 0,1,3,Yok
2025-11-09,2025,Premier League,Crystal Palace,Brighton,0 - 0,0 - 0,X,0,Yok
2025-11-09,2025,Premier League,Brentford,Newcastle,3 - 1,0 - 1,1,4,Evet
2025-11-09,2025,Premier League,Nottingham Forest,Leeds,3 - 1,1 - 1,1,4,Evet
2025-11-09,2025,Premier League,Aston Villa,Bournemouth,4 - 0,2 - 0,1,4,Yok
2025-11-09,2025,Premier League,Manchester City,Liverpool,3 - 0,2 - 0,1,3,Yok
2025-11-22,2025,Premier League,Burnley,Chelsea,0 - 2,0 - 1,2,2,Yok
2025-11-22,2025,Premier League,Bournemouth,West Ham,2 - 2,0 - 2,X,4,Evet
2025-11-22,2025,Premier League,Fulham,Sunderland,1 - 0,0 - 0,1,1,Yok
2025-11-22,2025,Premier League,Wolves,Crystal Palace,0 - 2,0 - 0,2,2,Yok
2025-11-22,2025,Premier League,Liverpool,Nottingham Forest,0 - 3,0 - 1,2,3,Yok
2025-11-22,2025,Premier League,Brighton,Brentford,2 - 1,0 - 1,1,3,Evet
2025-11-22,2025,Premier League,Newcastle,Manchester City,2 - 1,0 - 0,1,3,Evet
2025-11-23,2025,Premier League,Leeds,Aston Villa,1 - 2,1 - 0,2,3,Evet
2025-11-23,2025,Premier League,Arsenal,Tottenham,4 - 1,2 - 0,1,5,Evet
2025-11-24,2025,Premier League,Manchester United,Everton,0 - 1,0 - 1,2,1,Yok
2025-11-29,2025,Premier League,Manchester City,Leeds,3 - 2,2 - 0,1,5,Evet
2025-11-29,2025,Premier League,Brentford,Burnley,3 - 1,0 - 0,1,4,Evet
2025-11-29,2025,Premier League,Sunderland,Bournemouth,3 - 2,1 - 2,1,5,Evet
2025-11-29,2025,Premier League,Everton,Newcastle,1 - 4,0 - 3,2,5,Evet
2025-11-29,2025,Premier League,Tottenham,Fulham,1 - 2,0 - 2,2,3,Evet
2025-11-30,2025,Premier League,Crystal Palace,Manchester United,1 - 2,1 - 0,2,3,Evet
2025-11-30,2025,Premier League,West Ham,Liverpool,0 - 2,0 - 0,2,2,Yok
2025-11-30,2025,Premier League,Nottingham Forest,Brighton,0 - 2,0 - 1,2,2,Yok
2025-11-30,2025,Premier League,Aston Villa,Wolves,1 - 0,0 - 0,1,1,Yok
2025-11-30,2025,Premier League,Chelsea,Arsenal,1 - 1,0 - 0,X,2,Evet
2025-12-02,2025,Premier League,Bournemouth,Everton,0 - 1,0 - 0,2,1,Yok
2025-12-02,2025,Premier League,Fulham,Manchester City,4 - 5,1 - 3,2,9,Evet
2025-12-02,2025,Premier League,Newcastle,Tottenham,2 - 2,0 - 0,X,4,Evet
2025-12-03,2025,Premier League,Wolves,Nottingham Forest,0 - 1,0 - 0,2,1,Yok
2025-12-03,2025,Premier League,Arsenal,Brentford,2 - 0,1 - 0,1,2,Yok
2025-12-03,2025,Premier League,Burnley,Crystal Palace,0 - 1,0 - 1,2,1,Yok
2025-12-03,2025,Premier League,Brighton,Aston Villa,3 - 4,2 - 2,2,7,Evet
2025-12-03,2025,Premier League,Liverpool,Sunderland,1 - 1,0 - 0,X,2,Evet
2025-12-03,2025,Premier League,Leeds,Chelsea,3 - 1,2 - 0,1,4,Evet
2025-12-04,2025,Premier League,Manchester United,West Ham,1 - 1,0 - 0,X,2,Evet
2025-12-06,2025,Premier League,Aston Villa,Arsenal,2 - 1,1 - 0,1,3,Evet
2025-12-06,2025,Premier League,Newcastle,Burnley,2 - 1,2 - 0,1,3,Evet
2025-12-06,2025,Premier League,Bournemouth,Chelsea,0 - 0,0 - 0,X,0,Yok
2025-12-06,2025,Premier League,Everton,Nottingham Forest,3 - 0,2 - 0,1,3,Yok
2025-12-06,2025,Premier League,Tottenham,Brentford,2 - 0,2 - 0,1,2,Yok
2025-12-06,2025,Premier League,Manchester City,Sunderland,3 - 0,2 - 0,1,3,Yok
2025-12-06,2025,Premier League,Leeds,Liverpool,3 - 3,0 - 0,X,6,Evet
2025-12-07,2025,Premier League,Brighton,West Ham,1 - 1,0 - 0,X,2,Evet
2025-12-07,2025,Premier League,Fulham,Crystal Palace,1 - 2,1 - 1,2,3,Evet
2025-12-08,2025,Premier League,Wolves,Manchester United,1 - 4,1 - 1,2,5,Evet
2025-12-13,2025,Premier League,Liverpool,Brighton,2 - 0,1 - 0,1,2,Yok
2025-12-13,2025,Premier League,Chelsea,Everton,2 - 0,2 - 0,1,2,Yok
2025-12-13,2025,Premier League,Burnley,Fulham,2 - 3,1 - 2,2,5,Evet
2025-12-13,2025,Premier League,Arsenal,Wolves,2 - 1,0 - 0,1,3,Evet
2025-12-14,2025,Premier League,West Ham,Aston Villa,2 - 3,2 - 1,2,5,Evet
2025-12-14,2025,Premier League,Crystal Palace,Manchester City,0 - 3,0 - 1,2,3,Yok
2025-12-14,2025,Premier League,Nottingham Forest,Tottenham,3 - 0,1 - 0,1,3,Yok
2025-12-14,2025,Premier League,Sunderland,Newcastle,1 - 0,0 - 0,1,1,Yok
2025-12-14,2025,Premier League,Brentford,Leeds,1 - 1,0 - 0,X,2,Evet
2025-12-15,2025,Premier League,Manchester United,Bournemouth,4 - 4,2 - 1,X,8,Evet
2025-12-20,2025,Premier League,Newcastle,Chelsea,2 - 2,2 - 0,X,4,Evet
2025-12-20,2025,Premier League,Bournemouth,Burnley,1 - 1,0 - 0,X,2,Evet
2025-12-20,2025,Premier League,Wolves,Brentford,0 - 2,0 - 0,2,2,Yok
2025-12-20,2025,Premier League,Manchester City,West Ham,3 - 0,2 - 0,1,3,Yok
2025-12-20,2025,Premier League,Brighton,Sunderland,0 - 0,0 - 0,X,0,Yok
2025-12-20,2025,Premier League,Tottenham,Liverpool,1 - 2,0 - 0,2,3,Evet
2025-12-20,2025,Premier League,Everton,Arsenal,0 - 1,0 - 1,2,1,Yok
2025-12-20,2025,Premier League,Leeds,Crystal Palace,4 - 1,2 - 0,1,5,Evet
2025-12-21,2025,Premier League,Aston Villa,Manchester United,2 - 1,1 - 1,1,3,Evet
2025-12-22,2025,Premier League,Fulham,Nottingham Forest,1 - 0,1 - 0,1,1,Yok
2025-12-26,2025,Premier League,Manchester United,Newcastle,1 - 0,1 - 0,1,1,Yok
2025-12-27,2025,Premier League,Nottingham Forest,Manchester City,1 - 2,0 - 0,2,3,Evet
2025-12-27,2025,Premier League,Liverpool,Wolves,2 - 1,2 - 0,1,3,Evet
2025-12-27,2025,Premier League,Arsenal,Brighton,2 - 1,1 - 0,1,3,Evet
2025-12-27,2025,Premier League,Burnley,Everton,0 - 0,0 - 0,X,0,Yok
2025-12-27,2025,Premier League,West Ham,Fulham,0 - 1,0 - 0,2,1,Yok
2025-12-27,2025,Premier League,Brentford,Bournemouth,4 - 1,2 - 0,1,5,Evet
2025-12-27,2025,Premier League,Chelsea,Aston Villa,1 - 2,1 - 0,2,3,Evet
2025-12-28,2025,Premier League,Sunderland,Leeds,1 - 1,1 - 0,X,2,Evet
2025-12-28,2025,Premier League,Crystal Palace,Tottenham,0 - 1,0 - 1,2,1,Yok
2025-12-30,2025,Premier League,Burnley,Newcastle,1 - 3,1 - 2,2,4,Evet
2025-12-30,2025,Premier League,West Ham,Brighton,2 - 2,2 - 1,X,4,Evet
2025-12-30,2025,Premier League,Chelsea,Bournemouth,2 - 2,2 - 2,X,4,Evet
2025-12-30,2025,Premier League,Nottingham Forest,Everton,0 - 2,0 - 1,2,2,Yok
2025-12-30,2025,Premier League,Manchester United,Wolves,1 - 1,1 - 1,X,2,Evet
2025-12-30,2025,Premier League,Arsenal,Aston Villa,4 - 1,0 - 0,1,5,Evet
2026-01-01,2025,Premier League,Liverpool,Leeds,0 - 0,0 - 0,X,0,Yok
2026-01-01,2025,Premier League,Crystal Palace,Fulham,1 - 1,1 - 0,X,2,Evet
2026-01-01,2025,Premier League,Brentford,Tottenham,0 - 0,0 - 0,X,0,Yok
2026-01-01,2025,Premier League,Sunderland,Manchester City,0 - 0,0 - 0,X,0,Yok
2026-01-03,2025,Premier League,Aston Villa,Nottingham Forest,3 - 1,1 - 0,1,4,Evet
2026-01-03,2025,Premier League,Wolves,West Ham,3 - 0,3 - 0,1,3,Yok
2026-01-03,2025,Premier League,Brighton,Burnley,2 - 0,1 - 0,1,2,Yok
2026-01-03,2025,Premier League,Bournemouth,Arsenal,2 - 3,1 - 1,2,5,Evet
2026-01-04,2025,Premier League,Leeds,Manchester United,1 - 1,0 - 0,X,2,Evet
2026-01-04,2025,Premier League,Newcastle,Crystal Palace,2 - 0,0 - 0,1,2,Yok
2026-01-04,2025,Premier League,Everton,Brentford,2 - 4,0 - 1,2,6,Evet
2026-01-04,2025,Premier League,Tottenham,Sunderland,1 - 1,1 - 0,X,2,Evet
2026-01-04,2025,Premier League,Fulham,Liverpool,2 - 2,1 - 0,X,4,Evet
2026-01-04,2025,Premier League,Manchester City,Chelsea,1 - 1,1 - 0,X,2,Evet
2026-01-06,2025,Premier League,West Ham,Nottingham Forest,1 - 2,1 - 0,2,3,Evet
2026-01-07,2025,Premier League,Bournemouth,Tottenham,3 - 2,2 - 1,1,5,Evet
2026-01-07,2025,Premier League,Fulham,Chelsea,2 - 1,0 - 0,1,3,Evet
2026-01-07,2025,Premier League,Everton,Wolves,1 - 1,1 - 0,X,2,Evet
2026-01-07,2025,Premier League,Manchester City,Brighton,1 - 1,1 - 0,X,2,Evet
2026-01-07,2025,Premier League,Crystal Palace,Aston Villa,0 - 0,0 - 0,X,0,Yok
2026-01-07,2025,Premier League,Brentford,Sunderland,3 - 0,1 - 0,1,3,Yok
2026-01-07,2025,Premier League,Newcastle,Leeds,4 - 3,1 - 2,1,7,Evet
2026-01-07,2025,Premier League,Burnley,Manchester United,2 - 2,1 - 0,X,4,Evet
2026-01-08,2025,Premier League,Arsenal,Liverpool,0 - 0,0 - 0,X,0,Yok
2026-01-17,2025,Premier League,Manchester United,Manchester City,2 - 0,0 - 0,1,2,Yok
2026-01-17,2025,Premier League,Liverpool,Burnley,1 - 1,1 - 0,X,2,Evet
2026-01-17,2025,Premier League,Tottenham,West Ham,1 - 2,0 - 1,2,3,Evet
2026-01-17,2025,Premier League,Chelsea,Brentford,2 - 0,1 - 0,1,2,Yok
2026-01-17,2025,Premier League,Leeds,Fulham,1 - 0,0 - 0,1,1,Yok
2026-01-17,2025,Premier League,Sunderland,Crystal Palace,2 - 1,1 - 1,1,3,Evet
2026-01-17,2025,Premier League,Nottingham Forest,Arsenal,0 - 0,0 - 0,X,0,Yok
2026-01-18,2025,Premier League,Wolves,Newcastle,0 - 0,0 - 0,X,0,Yok
2026-01-18,2025,Premier League,Aston Villa,Everton,0 - 1,0 - 0,2,1,Yok
2026-01-19,2025,Premier League,Brighton,Bournemouth,1 - 1,0 - 1,X,2,Evet
2026-01-24,2025,Premier League,West Ham,Sunderland,3 - 1,3 - 0,1,4,Evet
2026-01-24,2025,Premier League,Fulham,Brighton,2 - 1,0 - 1,1,3,Evet
2026-01-24,2025,Premier League,Burnley,Tottenham,2 - 2,1 - 1,X,4,Evet
2026-01-24,2025,Premier League,Manchester City,Wolves,2 - 0,2 - 0,1,2,Yok
2026-01-24,2025,Premier League,Bournemouth,Liverpool,3 - 2,2 - 1,1,5,Evet
2026-01-25,2025,Premier League,Newcastle,Aston Villa,0 - 2,0 - 1,2,2,Yok
2026-01-25,2025,Premier League,Crystal Palace,Chelsea,1 - 3,0 - 1,2,4,Evet
2026-01-25,2025,Premier League,Brentford,Nottingham Forest,0 - 2,0 - 1,2,2,Yok
2026-01-25,2025,Premier League,Arsenal,Manchester United,2 - 3,1 - 1,2,5,Evet
2026-01-26,2025,Premier League,Everton,Leeds,1 - 1,0 - 1,X,2,Evet
2026-01-31,2025,Premier League,Wolves,Bournemouth,0 - 2,0 - 1,2,2,Yok
2026-01-31,2025,Premier League,Brighton,Everton,1 - 1,0 - 0,X,2,Evet
2026-01-31,2025,Premier League,Leeds,Arsenal,0 - 4,0 - 2,2,4,Yok
2026-01-31,2025,Premier League,Chelsea,West Ham,3 - 2,0 - 2,1,5,Evet
2026-01-31,2025,Premier League,Liverpool,Newcastle,4 - 1,2 - 1,1,5,Evet
2026-02-01,2025,Premier League,Manchester United,Fulham,3 - 2,1 - 0,1,5,Evet
2026-02-01,2025,Premier League,Nottingham Forest,Crystal Palace,1 - 1,1 - 1,X,2,Evet
2026-02-01,2025,Premier League,Aston Villa,Brentford,0 - 1,0 - 1,2,1,Yok
2026-02-01,2025,Premier League,Tottenham,Manchester City,2 - 2,0 - 2,X,4,Evet
2026-02-02,2025,Premier League,Sunderland,Burnley,3 - 0,2 - 0,1,3,Yok
2026-02-06,2025,Premier League,Leeds,Nottingham Forest,3 - 1,2 - 0,1,4,Evet
2026-02-07,2025,Premier League,Manchester United,Tottenham,2 - 0,1 - 0,1,2,Yok
2026-02-07,2025,Premier League,Bournemouth,Aston Villa,1 - 1,0 - 1,X,2,Evet
2026-02-07,2025,Premier League,Fulham,Everton,1 - 2,1 - 0,2,3,Evet
2026-02-07,2025,Premier League,Wolves,Chelsea,1 - 3,0 - 3,2,4,Evet
2026-02-07,2025,Premier League,Arsenal,Sunderland,3 - 0,1 - 0,1,3,Yok
2026-02-07,2025,Premier League,Burnley,West Ham,0 - 2,0 - 2,2,2,Yok
2026-02-07,2025,Premier League,Newcastle,Brentford,2 - 3,1 - 2,2,5,Evet
2026-02-08,2025,Premier League,Brighton,Crystal Palace,0 - 1,0 - 0,2,1,Yok
2026-02-08,2025,Premier League,Liverpool,Manchester City,1 - 2,0 - 0,2,3,Evet
2026-02-10,2025,Premier League,Everton,Bournemouth,1 - 2,1 - 0,2,3,Evet
2026-02-10,2025,Premier League,Tottenham,Newcastle,1 - 2,0 - 1,2,3,Evet
2026-02-10,2025,Premier League,Chelsea,Leeds,2 - 2,1 - 0,X,4,Evet
2026-02-10,2025,Premier League,West Ham,Manchester United,1 - 1,0 - 0,X,2,Evet
2026-02-11,2025,Premier League,Manchester City,Fulham,3 - 0,3 - 0,1,3,Yok
2026-02-11,2025,Premier League,Crystal Palace,Burnley,2 - 3,2 - 3,2,5,Evet
2026-02-11,2025,Premier League,Nottingham Forest,Wolves,0 - 0,0 - 0,X,0,Yok
2026-02-11,2025,Premier League,Aston Villa,Brighton,1 - 0,0 - 0,1,1,Yok
2026-02-11,2025,Premier League,Sunderland,Liverpool,0 - 1,0 - 0,2,1,Yok
2026-02-12,2025,Premier League,Brentford,Arsenal,1 - 1,0 - 0,X,2,Evet
2026-02-18,2025,Premier League,Wolves,Arsenal,2 - 2,0 - 1,X,4,Evet
2026-02-21,2025,Premier League,Chelsea,Burnley,1 - 1,1 - 0,X,2,Evet
2026-02-21,2025,Premier League,Brentford,Brighton,0 - 2,0 - 2,2,2,Yok
2026-02-21,2025,Premier League,Aston Villa,Leeds,1 - 1,0 - 1,X,2,Evet
2026-02-21,2025,Premier League,West Ham,Bournemouth,0 - 0,0 - 0,X,0,Yok
2026-02-21,2025,Premier League,Manchester City,Newcastle,2 - 1,2 - 1,1,3,Evet
2026-02-22,2025,Premier League,Crystal Palace,Wolves,1 - 0,0 - 0,1,1,Yok
2026-02-22,2025,Premier League,Nottingham Forest,Liverpool,0 - 1,0 - 0,2,1,Yok
2026-02-22,2025,Premier League,Sunderland,Fulham,1 - 3,0 - 0,2,4,Evet
2026-02-22,2025,Premier League,Tottenham,Arsenal,1 - 4,1 - 1,2,5,Evet
2026-02-23,2025,Premier League,Everton,Manchester United,0 - 1,0 - 0,2,1,Yok
2026-02-27,2025,Premier League,Wolves,Aston Villa,2 - 0,0 - 0,1,2,Yok
2026-02-28,2025,Premier League,Bournemouth,Sunderland,1 - 1,0 - 1,X,2,Evet
2026-02-28,2025,Premier League,Newcastle,Everton,2 - 3,1 - 2,2,5,Evet
2026-02-28,2025,Premier League,Liverpool,West Ham,5 - 2,3 - 0,1,7,Evet
2026-02-28,2025,Premier League,Burnley,Brentford,3 - 4,1 - 3,2,7,Evet
2026-02-28,2025,Premier League,Leeds,Manchester City,0 - 1,0 - 1,2,1,Yok
2026-03-01,2025,Premier League,Manchester United,Crystal Palace,2 - 1,0 - 1,1,3,Evet
2026-03-01,2025,Premier League,Fulham,Tottenham,2 - 1,2 - 0,1,3,Evet
2026-03-01,2025,Premier League,Brighton,Nottingham Forest,2 - 1,2 - 1,1,3,Evet
2026-03-01,2025,Premier League,Arsenal,Chelsea,2 - 1,1 - 1,1,3,Evet
2026-03-03,2025,Premier League,Bournemouth,Brentford,0 - 0,0 - 0,X,0,Yok
2026-03-03,2025,Premier League,Everton,Burnley,2 - 0,1 - 0,1,2,Yok
2026-03-03,2025,Premier League,Leeds,Sunderland,0 - 1,0 - 0,2,1,Yok
2026-03-03,2025,Premier League,Wolves,Liverpool,2 - 1,0 - 0,1,3,Evet
2026-03-04,2025,Premier League,Fulham,West Ham,0 - 1,0 - 0,2,1,Yok
2026-03-04,2025,Premier League,Manchester City,Nottingham Forest,2 - 2,1 - 0,X,4,Evet
2026-03-04,2025,Premier League,Brighton,Arsenal,0 - 1,0 - 1,2,1,Yok
2026-03-04,2025,Premier League,Aston Villa,Chelsea,1 - 4,1 - 2,2,5,Evet
2026-03-04,2025,Premier League,Newcastle,Manchester United,2 - 1,1 - 1,1,3,Evet
2026-03-05,2025,Premier League,Tottenham,Crystal Palace,1 - 3,1 - 3,2,4,Evet
2026-03-14,2025,Premier League,Burnley,Bournemouth,0 - 0,0 - 0,X,0,Yok
2026-03-14,2025,Premier League,Sunderland,Brighton,0 - 1,0 - 0,2,1,Yok
2026-03-14,2025,Premier League,Arsenal,Everton,2 - 0,0 - 0,1,2,Yok
2026-03-14,2025,Premier League,Chelsea,Newcastle,0 - 1,0 - 1,2,1,Yok
2026-03-14,2025,Premier League,West Ham,Manchester City,1 - 1,1 - 1,X,2,Evet
2026-03-15,2025,Premier League,Manchester United,Aston Villa,3 - 1,0 - 0,1,4,Evet
2026-03-15,2025,Premier League,Crystal Palace,Leeds,0 - 0,0 - 0,X,0,Yok
2026-03-15,2025,Premier League,Nottingham Forest,Fulham,0 - 0,0 - 0,X,0,Yok
2026-03-15,2025,Premier League,Liverpool,Tottenham,1 - 1,1 - 0,X,2,Evet
2026-03-16,2025,Premier League,Brentford,Wolves,2 - 2,2 - 1,X,4,Evet
2026-03-20,2025,Premier League,Bournemouth,Manchester United,2 - 2,0 - 0,X,4,Evet
2026-03-21,2025,Premier League,Brighton,Liverpool,2 - 1,1 - 1,1,3,Evet
2026-03-21,2025,Premier League,Fulham,Burnley,3 - 1,0 - 0,1,4,Evet
2026-03-21,2025,Premier League,Everton,Chelsea,3 - 0,1 - 0,1,3,Yok
2026-03-21,2025,Premier League,Leeds,Brentford,0 - 0,0 - 0,X,0,Yok
2026-03-22,2025,Premier League,Newcastle,Sunderland,1 - 2,1 - 0,2,3,Evet
2026-03-22,2025,Premier League,Tottenham,Nottingham Forest,0 - 3,0 - 1,2,3,Yok
2026-03-22,2025,Premier League,Aston Villa,West Ham,2 - 0,1 - 0,1,2,Yok
2026-04-10,2025,Premier League,West Ham,Wolves,4 - 0,1 - 0,1,4,Yok
2026-04-11,2025,Premier League,Arsenal,Bournemouth,1 - 2,1 - 1,2,3,Evet
2026-04-11,2025,Premier League,Burnley,Brighton,0 - 2,0 - 1,2,2,Yok
2026-04-11,2025,Premier League,Brentford,Everton,2 - 2,1 - 1,X,4,Evet
2026-04-11,2025,Premier League,Liverpool,Fulham,2 - 0,2 - 0,1,2,Yok
2026-04-12,2025,Premier League,Crystal Palace,Newcastle,2 - 1,0 - 1,1,3,Evet
2026-04-12,2025,Premier League,Nottingham Forest,Aston Villa,1 - 1,1 - 1,X,2,Evet
2026-04-12,2025,Premier League,Sunderland,Tottenham,1 - 0,0 - 0,1,1,Yok
2026-04-12,2025,Premier League,Chelsea,Manchester City,0 - 3,0 - 0,2,3,Yok
2026-04-13,2025,Premier League,Manchester United,Leeds,1 - 2,0 - 2,2,3,Evet
2026-04-18,2025,Premier League,Brentford,Fulham,0 - 0,0 - 0,X,0,Yok
2026-04-18,2025,Premier League,Newcastle,Bournemouth,1 - 2,0 - 1,2,3,Evet
2026-04-18,2025,Premier League,Leeds,Wolves,3 - 0,2 - 0,1,3,Yok
2026-04-18,2025,Premier League,Tottenham,Brighton,2 - 2,1 - 1,X,4,Evet
2026-04-18,2025,Premier League,Chelsea,Manchester United,0 - 1,0 - 1,2,1,Yok
2026-04-19,2025,Premier League,Everton,Liverpool,1 - 2,0 - 1,2,3,Evet
2026-04-19,2025,Premier League,Nottingham Forest,Burnley,4 - 1,0 - 1,1,5,Evet
2026-04-19,2025,Premier League,Aston Villa,Sunderland,4 - 3,2 - 1,1,7,Evet
2026-04-19,2025,Premier League,Manchester City,Arsenal,2 - 1,1 - 1,1,3,Evet
2026-04-20,2025,Premier League,Crystal Palace,West Ham,0 - 0,0 - 0,X,0,Yok
2026-04-21,2025,Premier League,Brighton,Chelsea,3 - 0,1 - 0,1,3,Yok
2026-04-22,2025,Premier League,Bournemouth,Leeds,2 - 2,0 - 0,X,4,Evet
2026-04-22,2025,Premier League,Burnley,Manchester City,0 - 1,0 - 1,2,1,Yok
2026-04-24,2025,Premier League,Sunderland,Nottingham Forest,0 - 5,0 - 4,2,5,Yok
2026-04-25,2025,Premier League,Fulham,Aston Villa,1 - 0,1 - 0,1,1,Yok
2026-04-25,2025,Premier League,Wolves,Tottenham,0 - 1,0 - 0,2,1,Yok
2026-04-25,2025,Premier League,Liverpool,Crystal Palace,3 - 1,2 - 0,1,4,Evet
2026-04-25,2025,Premier League,West Ham,Everton,2 - 1,0 - 0,1,3,Evet
2026-04-25,2025,Premier League,Arsenal,Newcastle,1 - 0,1 - 0,1,1,Yok
2026-04-27,2025,Premier League,Manchester United,Brentford,2 - 1,2 - 0,1,3,Evet
2026-05-01,2025,Premier League,Leeds,Burnley,3 - 1,1 - 0,1,4,Evet
2026-05-02,2025,Premier League,Newcastle,Brighton,3 - 1,2 - 0,1,4,Evet
2026-05-02,2025,Premier League,Wolves,Sunderland,1 - 1,0 - 1,X,2,Evet
2026-05-02,2025,Premier League,Brentford,West Ham,3 - 0,1 - 0,1,3,Yok
2026-05-02,2025,Premier League,Arsenal,Fulham,3 - 0,3 - 0,1,3,Yok
2026-05-03,2025,Premier League,Bournemouth,Crystal Palace,3 - 0,2 - 0,1,3,Yok
2026-05-03,2025,Premier League,Manchester United,Liverpool,3 - 2,2 - 0,1,5,Evet
2026-05-03,2025,Premier League,Aston Villa,Tottenham,1 - 2,0 - 2,2,3,Evet
2026-05-04,2025,Premier League,Chelsea,Nottingham Forest,1 - 3,0 - 2,2,4,Evet
2026-05-04,2025,Premier League,Everton,Manchester City,3 - 3,0 - 1,X,6,Evet
2026-05-09,2025,Premier League,Liverpool,Chelsea,1 - 1,1 - 1,X,2,Evet
2026-05-09,2025,Premier League,Fulham,Bournemouth,0 - 1,0 - 0,2,1,Yok
2026-05-09,2025,Premier League,Brighton,Wolves,3 - 0,2 - 0,1,3,Yok
2026-05-09,2025,Premier League,Sunderland,Manchester United,0 - 0,0 - 0,X,0,Yok
2026-05-09,2025,Premier League,Manchester City,Brentford,3 - 0,0 - 0,1,3,Yok
2026-05-10,2025,Premier League,Burnley,Aston Villa,2 - 2,1 - 1,X,4,Evet
2026-05-10,2025,Premier League,Crystal Palace,Everton,2 - 2,1 - 1,X,4,Evet
2026-05-10,2025,Premier League,Nottingham Forest,Newcastle,1 - 1,0 - 0,X,2,Evet
2026-05-10,2025,Premier League,West Ham,Arsenal,0 - 1,0 - 0,2,1,Yok
2026-05-11,2025,Premier League,Tottenham,Leeds,1 - 1,0 - 0,X,2,Evet
2026-05-13,2025,Premier League,Manchester City,Crystal Palace,3 - 0,2 - 0,1,3,Yok
2026-05-15,2025,Premier League,Aston Villa,Liverpool,4 - 2,1 - 0,1,6,Evet
2026-05-17,2025,Premier League,Manchester United,Nottingham Forest,3 - 2,1 - 0,1,5,Evet
2026-05-17,2025,Premier League,Wolves,Fulham,1 - 1,1 - 1,X,2,Evet
2026-05-17,2025,Premier League,Everton,Sunderland,1 - 3,1 - 0,2,4,Evet
2026-05-17,2025,Premier League,Brentford,Crystal Palace,2 - 2,1 - 1,X,4,Evet
2026-05-17,2025,Premier League,Leeds,Brighton,1 - 0,0 - 0,1,1,Yok
2026-05-17,2025,Premier League,Newcastle,West Ham,3 - 1,2 - 0,1,4,Evet
2026-05-18,2025,Premier League,Arsenal,Burnley,1 - 0,1 - 0,1,1,Yok
2026-05-19,2025,Premier League,Bournemouth,Manchester City,1 - 1,1 - 0,X,2,Evet
2026-05-19,2025,Premier League,Chelsea,Tottenham,2 - 1,1 - 0,1,3,Evet
2026-05-24,2025,Premier League,Fulham,Newcastle,2 - 0,1 - 0,1,2,Yok
2026-05-24,2025,Premier League,Liverpool,Brentford,1 - 1,0 - 0,X,2,Evet
2026-05-24,2025,Premier League,Burnley,Wolves,1 - 1,0 - 1,X,2,Evet
2026-05-24,2025,Premier League,Tottenham,Everton,1 - 0,1 - 0,1,1,Yok
2026-05-24,2025,Premier League,West Ham,Leeds,3 - 0,0 - 0,1,3,Yok
2026-05-24,2025,Premier League,Manchester City,Aston Villa,1 - 2,1 - 0,2,3,Evet
2026-05-24,2025,Premier League,Brighton,Manchester United,0 - 3,0 - 2,2,3,Yok
2026-05-24,2025,Premier League,Crystal Palace,Arsenal,1 - 2,0 - 1,2,3,Evet
2026-05-24,2025,Premier League,Nottingham Forest,Bournemouth,1 - 1,1 - 0,X,2,Evet
2026-05-24,2025,Premier League,Sunderland,Chelsea,2 - 1,1 - 0,1,3,Evet
2024-08-16,2024,Premier League,Manchester United,Fulham,1 - 0,0 - 0,1,1,Yok
2024-08-17,2024,Premier League,Ipswich,Liverpool,0 - 2,0 - 0,2,2,Yok
2024-08-17,2024,Premier League,Newcastle,Southampton,1 - 0,1 - 0,1,1,Yok
2024-08-17,2024,Premier League,Arsenal,Wolves,2 - 0,1 - 0,1,2,Yok
2024-08-17,2024,Premier League,Everton,Brighton,0 - 3,0 - 1,2,3,Yok
2024-08-17,2024,Premier League,Nottingham Forest,Bournemouth,1 - 1,1 - 0,X,2,Evet
2024-08-17,2024,Premier League,West Ham,Aston Villa,1 - 2,1 - 1,2,3,Evet
2024-08-18,2024,Premier League,Brentford,Crystal Palace,2 - 1,1 - 0,1,3,Evet
2024-08-18,2024,Premier League,Chelsea,Manchester City,0 - 2,0 - 1,2,2,Yok
2024-08-19,2024,Premier League,Leicester,Tottenham,1 - 1,0 - 1,X,2,Evet
2024-08-24,2024,Premier League,Brighton,Manchester United,2 - 1,1 - 0,1,3,Evet
2024-08-24,2024,Premier League,Fulham,Leicester,2 - 1,1 - 1,1,3,Evet
2024-08-24,2024,Premier League,Southampton,Nottingham Forest,0 - 1,0 - 0,2,1,Yok
2024-08-24,2024,Premier League,Tottenham,Everton,4 - 0,2 - 0,1,4,Yok
2024-08-24,2024,Premier League,Manchester City,Ipswich,4 - 1,3 - 1,1,5,Evet
2024-08-24,2024,Premier League,Crystal Palace,West Ham,0 - 2,0 - 0,2,2,Yok
2024-08-24,2024,Premier League,Aston Villa,Arsenal,0 - 2,0 - 0,2,2,Yok
2024-08-25,2024,Premier League,Bournemouth,Newcastle,1 - 1,1 - 0,X,2,Evet
2024-08-25,2024,Premier League,Wolves,Chelsea,2 - 6,2 - 2,2,8,Evet
2024-08-25,2024,Premier League,Liverpool,Brentford,2 - 0,1 - 0,1,2,Yok
2024-08-31,2024,Premier League,Arsenal,Brighton,1 - 1,1 - 0,X,2,Evet
2024-08-31,2024,Premier League,Everton,Bournemouth,2 - 3,0 - 0,2,5,Evet
2024-08-31,2024,Premier League,Leicester,Aston Villa,1 - 2,0 - 1,2,3,Evet
2024-08-31,2024,Premier League,Brentford,Southampton,3 - 1,1 - 0,1,4,Evet
2024-08-31,2024,Premier League,Ipswich,Fulham,1 - 1,1 - 1,X,2,Evet
2024-08-31,2024,Premier League,Nottingham Forest,Wolves,1 - 1,1 - 1,X,2,Evet
2024-08-31,2024,Premier League,West Ham,Manchester City,1 - 3,1 - 2,2,4,Evet
2024-09-01,2024,Premier League,Newcastle,Tottenham,2 - 1,1 - 0,1,3,Evet
2024-09-01,2024,Premier League,Chelsea,Crystal Palace,1 - 1,1 - 0,X,2,Evet
2024-09-01,2024,Premier League,Manchester United,Liverpool,0 - 3,0 - 2,2,3,Yok
2024-09-14,2024,Premier League,Southampton,Manchester United,0 - 3,0 - 2,2,3,Yok
2024-09-14,2024,Premier League,Fulham,West Ham,1 - 1,1 - 0,X,2,Evet
2024-09-14,2024,Premier League,Liverpool,Nottingham Forest,0 - 1,0 - 0,2,1,Yok
2024-09-14,2024,Premier League,Manchester City,Brentford,2 - 1,2 - 1,1,3,Evet
2024-09-14,2024,Premier League,Brighton,Ipswich,0 - 0,0 - 0,X,0,Yok
2024-09-14,2024,Premier League,Crystal Palace,Leicester,2 - 2,0 - 1,X,4,Evet
2024-09-14,2024,Premier League,Aston Villa,Everton,3 - 2,1 - 2,1,5,Evet
2024-09-14,2024,Premier League,Bournemouth,Chelsea,0 - 1,0 - 0,2,1,Yok
2024-09-15,2024,Premier League,Tottenham,Arsenal,0 - 1,0 - 0,2,1,Yok
2024-09-15,2024,Premier League,Wolves,Newcastle,1 - 2,1 - 0,2,3,Evet
2024-09-21,2024,Premier League,West Ham,Chelsea,0 - 3,0 - 2,2,3,Yok
2024-09-21,2024,Premier League,Fulham,Newcastle,3 - 1,2 - 0,1,4,Evet
2024-09-21,2024,Premier League,Liverpool,Bournemouth,3 - 0,3 - 0,1,3,Yok
2024-09-21,2024,Premier League,Southampton,Ipswich,1 - 1,1 - 0,X,2,Evet
2024-09-21,2024,Premier League,Leicester,Everton,1 - 1,0 - 1,X,2,Evet
2024-09-21,2024,Premier League,Tottenham,Brentford,3 - 1,2 - 1,1,4,Evet
2024-09-21,2024,Premier League,Aston Villa,Wolves,3 - 1,0 - 1,1,4,Evet
2024-09-21,2024,Premier League,Crystal Palace,Manchester United,0 - 0,0 - 0,X,0,Yok
2024-09-22,2024,Premier League,Brighton,Nottingham Forest,2 - 2,2 - 1,X,4,Evet
2024-09-22,2024,Premier League,Manchester City,Arsenal,2 - 2,1 - 2,X,4,Evet
2024-09-28,2024,Premier League,Newcastle,Manchester City,1 - 1,0 - 1,X,2,Evet
2024-09-28,2024,Premier League,Arsenal,Leicester,4 - 2,2 - 0,1,6,Evet
2024-09-28,2024,Premier League,Everton,Crystal Palace,2 - 1,0 - 1,1,3,Evet
2024-09-28,2024,Premier League,Chelsea,Brighton,4 - 2,4 - 2,1,6,Evet
2024-09-28,2024,Premier League,Brentford,West Ham,1 - 1,1 - 0,X,2,Evet
2024-09-28,2024,Premier League,Nottingham Forest,Fulham,0 - 1,0 - 0,2,1,Yok
2024-09-28,2024,Premier League,Wolves,Liverpool,1 - 2,0 - 1,2,3,Evet
2024-09-29,2024,Premier League,Ipswich,Aston Villa,2 - 2,1 - 2,X,4,Evet
2024-09-29,2024,Premier League,Manchester United,Tottenham,0 - 3,0 - 1,2,3,Yok
2024-09-30,2024,Premier League,Bournemouth,Southampton,3 - 1,3 - 0,1,4,Evet
2024-10-05,2024,Premier League,Crystal Palace,Liverpool,0 - 1,0 - 1,2,1,Yok
2024-10-05,2024,Premier League,Arsenal,Southampton,3 - 1,0 - 0,1,4,Evet
2024-10-05,2024,Premier League,Leicester,Bournemouth,1 - 0,1 - 0,1,1,Yok
2024-10-05,2024,Premier League,West Ham,Ipswich,4 - 1,2 - 1,1,5,Evet
2024-10-05,2024,Premier League,Manchester City,Fulham,3 - 2,1 - 1,1,5,Evet
2024-10-05,2024,Premier League,Brentford,Wolves,5 - 3,4 - 2,1,8,Evet
2024-10-05,2024,Premier League,Everton,Newcastle,0 - 0,0 - 0,X,0,Yok
2024-10-06,2024,Premier League,Chelsea,Nottingham Forest,1 - 1,0 - 0,X,2,Evet
2024-10-06,2024,Premier League,Aston Villa,Manchester United,0 - 0,0 - 0,X,0,Yok
2024-10-06,2024,Premier League,Brighton,Tottenham,3 - 2,0 - 2,1,5,Evet
2024-10-19,2024,Premier League,Tottenham,West Ham,4 - 1,1 - 1,1,5,Evet
2024-10-19,2024,Premier League,Manchester United,Brentford,2 - 1,0 - 1,1,3,Evet
2024-10-19,2024,Premier League,Newcastle,Brighton,0 - 1,0 - 1,2,1,Yok
2024-10-19,2024,Premier League,Fulham,Aston Villa,1 - 3,1 - 1,2,4,Evet
2024-10-19,2024,Premier League,Southampton,Leicester,2 - 3,2 - 0,2,5,Evet
2024-10-19,2024,Premier League,Ipswich,Everton,0 - 2,0 - 2,2,2,Yok
2024-10-19,2024,Premier League,Bournemouth,Arsenal,2 - 0,0 - 0,1,2,Yok
2024-10-20,2024,Premier League,Wolves,Manchester City,1 - 2,1 - 1,2,3,Evet
2024-10-20,2024,Premier League,Liverpool,Chelsea,2 - 1,1 - 0,1,3,Evet
2024-10-21,2024,Premier League,Nottingham Forest,Crystal Palace,1 - 0,0 - 0,1,1,Yok
2024-10-25,2024,Premier League,Leicester,Nottingham Forest,1 - 3,1 - 1,2,4,Evet
2024-10-26,2024,Premier League,Manchester City,Southampton,1 - 0,1 - 0,1,1,Yok
2024-10-26,2024,Premier League,Brighton,Wolves,2 - 2,1 - 0,X,4,Evet
2024-10-26,2024,Premier League,Brentford,Ipswich,4 - 3,2 - 2,1,7,Evet
2024-10-26,2024,Premier League,Aston Villa,Bournemouth,1 - 1,0 - 0,X,2,Evet
2024-10-26,2024,Premier League,Everton,Fulham,1 - 1,0 - 0,X,2,Evet
2024-10-27,2024,Premier League,West Ham,Manchester United,2 - 1,0 - 0,1,3,Evet
2024-10-27,2024,Premier League,Chelsea,Newcastle,2 - 1,1 - 1,1,3,Evet
2024-10-27,2024,Premier League,Crystal Palace,Tottenham,1 - 0,1 - 0,1,1,Yok
2024-10-27,2024,Premier League,Arsenal,Liverpool,2 - 2,2 - 1,X,4,Evet
2024-11-02,2024,Premier League,Newcastle,Arsenal,1 - 0,1 - 0,1,1,Yok
2024-11-02,2024,Premier League,Bournemouth,Manchester City,2 - 1,1 - 0,1,3,Evet
2024-11-02,2024,Premier League,Liverpool,Brighton,2 - 1,0 - 1,1,3,Evet
2024-11-02,2024,Premier League,Southampton,Everton,1 - 0,0 - 0,1,1,Yok
2024-11-02,2024,Premier League,Ipswich,Leicester,1 - 1,0 - 0,X,2,Evet
2024-11-02,2024,Premier League,Nottingham Forest,West Ham,3 - 0,1 - 0,1,3,Yok
2024-11-02,2024,Premier League,Wolves,Crystal Palace,2 - 2,0 - 0,X,4,Evet
2024-11-03,2024,Premier League,Tottenham,Aston Villa,4 - 1,0 - 1,1,5,Evet
2024-11-03,2024,Premier League,Manchester United,Chelsea,1 - 1,0 - 0,X,2,Evet
2024-11-04,2024,Premier League,Fulham,Brentford,2 - 1,0 - 1,1,3,Evet
2024-11-09,2024,Premier League,Wolves,Southampton,2 - 0,1 - 0,1,2,Yok
2024-11-09,2024,Premier League,West Ham,Everton,0 - 0,0 - 0,X,0,Yok
2024-11-09,2024,Premier League,Crystal Palace,Fulham,0 - 2,0 - 1,2,2,Yok
2024-11-09,2024,Premier League,Brentford,Bournemouth,3 - 2,1 - 1,1,5,Evet
2024-11-09,2024,Premier League,Brighton,Manchester City,2 - 1,0 - 1,1,3,Evet
2024-11-09,2024,Premier League,Liverpool,Aston Villa,2 - 0,1 - 0,1,2,Yok
2024-11-10,2024,Premier League,Manchester United,Leicester,3 - 0,2 - 0,1,3,Yok
2024-11-10,2024,Premier League,Tottenham,Ipswich,1 - 2,0 - 2,2,3,Evet
2024-11-10,2024,Premier League,Nottingham Forest,Newcastle,1 - 3,1 - 0,2,4,Evet
2024-11-10,2024,Premier League,Chelsea,Arsenal,1 - 1,0 - 0,X,2,Evet
2024-11-23,2024,Premier League,Leicester,Chelsea,1 - 2,0 - 1,2,3,Evet
2024-11-23,2024,Premier League,Bournemouth,Brighton,1 - 2,0 - 1,2,3,Evet
2024-11-23,2024,Premier League,Fulham,Wolves,1 - 4,1 - 1,2,5,Evet
2024-11-23,2024,Premier League,Arsenal,Nottingham Forest,3 - 0,1 - 0,1,3,Yok
2024-11-23,2024,Premier League,Everton,Brentford,0 - 0,0 - 0,X,0,Yok
2024-11-23,2024,Premier League,Aston Villa,Crystal Palace,2 - 2,1 - 2,X,4,Evet
2024-11-23,2024,Premier League,Manchester City,Tottenham,0 - 4,0 - 2,2,4,Yok
2024-11-24,2024,Premier League,Southampton,Liverpool,2 - 3,1 - 1,2,5,Evet
2024-11-24,2024,Premier League,Ipswich,Manchester United,1 - 1,1 - 1,X,2,Evet
2024-11-25,2024,Premier League,Newcastle,West Ham,0 - 2,0 - 1,2,2,Yok
2024-11-29,2024,Premier League,Brighton,Southampton,1 - 1,1 - 0,X,2,Evet
2024-11-30,2024,Premier League,Wolves,Bournemouth,2 - 4,1 - 3,2,6,Evet
2024-11-30,2024,Premier League,Crystal Palace,Newcastle,1 - 1,0 - 0,X,2,Evet
2024-11-30,2024,Premier League,Brentford,Leicester,4 - 1,3 - 1,1,5,Evet
2024-11-30,2024,Premier League,Nottingham Forest,Ipswich,1 - 0,0 - 0,1,1,Yok
2024-11-30,2024,Premier League,West Ham,Arsenal,2 - 5,2 - 5,2,7,Evet
2024-12-01,2024,Premier League,Manchester United,Everton,4 - 0,2 - 0,1,4,Yok
2024-12-01,2024,Premier League,Tottenham,Fulham,1 - 1,0 - 0,X,2,Evet
2024-12-01,2024,Premier League,Chelsea,Aston Villa,3 - 0,2 - 0,1,3,Yok
2024-12-01,2024,Premier League,Liverpool,Manchester City,2 - 0,1 - 0,1,2,Yok
2024-12-03,2024,Premier League,Ipswich,Crystal Palace,0 - 1,0 - 0,2,1,Yok
2024-12-03,2024,Premier League,Leicester,West Ham,3 - 1,1 - 0,1,4,Evet
2024-12-04,2024,Premier League,Newcastle,Liverpool,3 - 3,1 - 0,X,6,Evet
2024-12-04,2024,Premier League,Southampton,Chelsea,1 - 5,1 - 3,2,6,Evet
2024-12-04,2024,Premier League,Everton,Wolves,4 - 0,2 - 0,1,4,Yok
2024-12-04,2024,Premier League,Manchester City,Nottingham Forest,3 - 0,2 - 0,1,3,Yok
2024-12-04,2024,Premier League,Arsenal,Manchester United,2 - 0,0 - 0,1,2,Yok
2024-12-04,2024,Premier League,Aston Villa,Brentford,3 - 1,3 - 0,1,4,Evet
2024-12-05,2024,Premier League,Fulham,Brighton,3 - 1,1 - 0,1,4,Evet
2024-12-05,2024,Premier League,Bournemouth,Tottenham,1 - 0,1 - 0,1,1,Yok
2024-12-07,2024,Premier League,Crystal Palace,Manchester City,2 - 2,1 - 1,X,4,Evet
2024-12-07,2024,Premier League,Brentford,Newcastle,4 - 2,2 - 2,1,6,Evet
2024-12-07,2024,Premier League,Aston Villa,Southampton,1 - 0,1 - 0,1,1,Yok
2024-12-07,2024,Premier League,Manchester United,Nottingham Forest,2 - 3,1 - 1,2,5,Evet
2024-12-08,2024,Premier League,Fulham,Arsenal,1 - 1,1 - 0,X,2,Evet
2024-12-08,2024,Premier League,Leicester,Brighton,2 - 2,0 - 1,X,4,Evet
2024-12-08,2024,Premier League,Ipswich,Bournemouth,1 - 2,1 - 0,2,3,Evet
2024-12-08,2024,Premier League,Tottenham,Chelsea,3 - 4,2 - 1,2,7,Evet
2024-12-09,2024,Premier League,West Ham,Wolves,2 - 1,0 - 0,1,3,Evet
2024-12-14,2024,Premier League,Newcastle,Leicester,4 - 0,1 - 0,1,4,Yok
2024-12-14,2024,Premier League,Wolves,Ipswich,1 - 2,0 - 1,2,3,Evet
2024-12-14,2024,Premier League,Liverpool,Fulham,2 - 2,0 - 1,X,4,Evet
2024-12-14,2024,Premier League,Arsenal,Everton,0 - 0,0 - 0,X,0,Yok
2024-12-14,2024,Premier League,Nottingham Forest,Aston Villa,2 - 1,0 - 0,1,3,Evet
2024-12-15,2024,Premier League,Brighton,Crystal Palace,1 - 3,0 - 2,2,4,Evet
2024-12-15,2024,Premier League,Manchester City,Manchester United,1 - 2,1 - 0,2,3,Evet
2024-12-15,2024,Premier League,Southampton,Tottenham,0 - 5,0 - 5,2,5,Yok
2024-12-15,2024,Premier League,Chelsea,Brentford,2 - 1,1 - 0,1,3,Evet
2024-12-16,2024,Premier League,Bournemouth,West Ham,1 - 1,0 - 0,X,2,Evet
2024-12-21,2024,Premier League,Aston Villa,Manchester City,2 - 1,1 - 0,1,3,Evet
2024-12-21,2024,Premier League,West Ham,Brighton,1 - 1,0 - 0,X,2,Evet
2024-12-21,2024,Premier League,Brentford,Nottingham Forest,0 - 2,0 - 1,2,2,Yok
2024-12-21,2024,Premier League,Ipswich,Newcastle,0 - 4,0 - 3,2,4,Yok
2024-12-21,2024,Premier League,Crystal Palace,Arsenal,1 - 5,1 - 3,2,6,Evet
2024-12-22,2024,Premier League,Manchester United,Bournemouth,0 - 3,0 - 1,2,3,Yok
2024-12-22,2024,Premier League,Fulham,Southampton,0 - 0,0 - 0,X,0,Yok
2024-12-22,2024,Premier League,Everton,Chelsea,0 - 0,0 - 0,X,0,Yok
2024-12-22,2024,Premier League,Leicester,Wolves,0 - 3,0 - 3,2,3,Yok
2024-12-22,2024,Premier League,Tottenham,Liverpool,3 - 6,1 - 3,2,9,Evet
2024-12-26,2024,Premier League,Manchester City,Everton,1 - 1,1 - 1,X,2,Evet
2024-12-26,2024,Premier League,Newcastle,Aston Villa,3 - 0,1 - 0,1,3,Yok
2024-12-26,2024,Premier League,Bournemouth,Crystal Palace,0 - 0,0 - 0,X,0,Yok
2024-12-26,2024,Premier League,Southampton,West Ham,0 - 1,0 - 0,2,1,Yok
2024-12-26,2024,Premier League,Chelsea,Fulham,1 - 2,1 - 0,2,3,Evet
2024-12-26,2024,Premier League,Nottingham Forest,Tottenham,1 - 0,1 - 0,1,1,Yok
2024-12-26,2024,Premier League,Wolves,Manchester United,2 - 0,0 - 0,1,2,Yok
2024-12-26,2024,Premier League,Liverpool,Leicester,3 - 1,1 - 1,1,4,Evet
2024-12-27,2024,Premier League,Brighton,Brentford,0 - 0,0 - 0,X,0,Yok
2024-12-27,2024,Premier League,Arsenal,Ipswich,1 - 0,1 - 0,1,1,Yok
2024-12-29,2024,Premier League,Leicester,Manchester City,0 - 2,0 - 1,2,2,Yok
2024-12-29,2024,Premier League,Fulham,Bournemouth,2 - 2,1 - 0,X,4,Evet
2024-12-29,2024,Premier League,Everton,Nottingham Forest,0 - 2,0 - 1,2,2,Yok
2024-12-29,2024,Premier League,Tottenham,Wolves,2 - 2,2 - 1,X,4,Evet
2024-12-29,2024,Premier League,Crystal Palace,Southampton,2 - 1,1 - 1,1,3,Evet
2024-12-29,2024,Premier League,West Ham,Liverpool,0 - 5,0 - 3,2,5,Yok
2024-12-30,2024,Premier League,Ipswich,Chelsea,2 - 0,1 - 0,1,2,Yok
2024-12-30,2024,Premier League,Aston Villa,Brighton,2 - 2,1 - 1,X,4,Evet
2024-12-30,2024,Premier League,Manchester United,Newcastle,0 - 2,0 - 2,2,2,Yok
2025-01-01,2024,Premier League,Brentford,Arsenal,1 - 3,1 - 1,2,4,Evet
2025-01-04,2024,Premier League,Tottenham,Newcastle,1 - 2,1 - 2,2,3,Evet
2025-01-04,2024,Premier League,Bournemouth,Everton,1 - 0,0 - 0,1,1,Yok
2025-01-04,2024,Premier League,Southampton,Brentford,0 - 5,0 - 1,2,5,Yok
2025-01-04,2024,Premier League,Manchester City,West Ham,4 - 1,2 - 0,1,5,Evet
2025-01-04,2024,Premier League,Crystal Palace,Chelsea,1 - 1,0 - 1,X,2,Evet
2025-01-04,2024,Premier League,Aston Villa,Leicester,2 - 1,0 - 0,1,3,Evet
2025-01-04,2024,Premier League,Brighton,Arsenal,1 - 1,0 - 1,X,2,Evet
2025-01-05,2024,Premier League,Fulham,Ipswich,2 - 2,0 - 1,X,4,Evet
2025-01-05,2024,Premier League,Liverpool,Manchester United,2 - 2,0 - 0,X,4,Evet
2025-01-06,2024,Premier League,Wolves,Nottingham Forest,0 - 3,0 - 2,2,3,Yok
2025-01-14,2024,Premier League,West Ham,Fulham,3 - 2,2 - 0,1,5,Evet
2025-01-14,2024,Premier League,Chelsea,Bournemouth,2 - 2,1 - 0,X,4,Evet
2025-01-14,2024,Premier League,Brentford,Manchester City,2 - 2,0 - 0,X,4,Evet
2025-01-14,2024,Premier League,Nottingham Forest,Liverpool,1 - 1,1 - 0,X,2,Evet
2025-01-15,2024,Premier League,Newcastle,Wolves,3 - 0,1 - 0,1,3,Yok
2025-01-15,2024,Premier League,Everton,Aston Villa,0 - 1,0 - 0,2,1,Yok
2025-01-15,2024,Premier League,Leicester,Crystal Palace,0 - 2,0 - 0,2,2,Yok
2025-01-15,2024,Premier League,Arsenal,Tottenham,2 - 1,2 - 1,1,3,Evet
2025-01-16,2024,Premier League,Ipswich,Brighton,0 - 2,0 - 0,2,2,Yok
2025-01-16,2024,Premier League,Manchester United,Southampton,3 - 1,0 - 1,1,4,Evet
2025-01-18,2024,Premier League,Newcastle,Bournemouth,1 - 4,1 - 2,2,5,Evet
2025-01-18,2024,Premier League,Leicester,Fulham,0 - 2,0 - 0,2,2,Yok
2025-01-18,2024,Premier League,West Ham,Crystal Palace,0 - 2,0 - 0,2,2,Yok
2025-01-18,2024,Premier League,Brentford,Liverpool,0 - 2,0 - 0,2,2,Yok
2025-01-18,2024,Premier League,Arsenal,Aston Villa,2 - 2,1 - 0,X,4,Evet
2025-01-19,2024,Premier League,Manchester United,Brighton,1 - 3,1 - 1,2,4,Evet
2025-01-19,2024,Premier League,Everton,Tottenham,3 - 2,3 - 0,1,5,Evet
2025-01-19,2024,Premier League,Nottingham Forest,Southampton,3 - 2,3 - 0,1,5,Evet
2025-01-19,2024,Premier League,Ipswich,Manchester City,0 - 6,0 - 3,2,6,Yok
2025-01-20,2024,Premier League,Chelsea,Wolves,3 - 1,1 - 1,1,4,Evet
2025-01-25,2024,Premier League,Bournemouth,Nottingham Forest,5 - 0,1 - 0,1,5,Yok
2025-01-25,2024,Premier League,Wolves,Arsenal,0 - 1,0 - 0,2,1,Yok
2025-01-25,2024,Premier League,Liverpool,Ipswich,4 - 1,3 - 0,1,5,Evet
2025-01-25,2024,Premier League,Southampton,Newcastle,1 - 3,1 - 2,2,4,Evet
2025-01-25,2024,Premier League,Brighton,Everton,0 - 1,0 - 1,2,1,Yok
2025-01-25,2024,Premier League,Manchester City,Chelsea,3 - 1,1 - 1,1,4,Evet
2025-01-26,2024,Premier League,Tottenham,Leicester,1 - 2,1 - 0,2,3,Evet
2025-01-26,2024,Premier League,Crystal Palace,Brentford,1 - 2,0 - 0,2,3,Evet
2025-01-26,2024,Premier League,Aston Villa,West Ham,1 - 1,1 - 0,X,2,Evet
2025-01-26,2024,Premier League,Fulham,Manchester United,0 - 1,0 - 0,2,1,Yok
2025-02-01,2024,Premier League,Nottingham Forest,Brighton,7 - 0,3 - 0,1,7,Yok
2025-02-01,2024,Premier League,Newcastle,Fulham,1 - 2,1 - 0,2,3,Evet
2025-02-01,2024,Premier League,Bournemouth,Liverpool,0 - 2,0 - 1,2,2,Yok
2025-02-01,2024,Premier League,Everton,Leicester,4 - 0,3 - 0,1,4,Yok
2025-02-01,2024,Premier League,Ipswich,Southampton,1 - 2,1 - 1,2,3,Evet
2025-02-01,2024,Premier League,Wolves,Aston Villa,2 - 0,1 - 0,1,2,Yok
2025-02-02,2024,Premier League,Manchester United,Crystal Palace,0 - 2,0 - 0,2,2,Yok
2025-02-02,2024,Premier League,Brentford,Tottenham,0 - 2,0 - 1,2,2,Yok
2025-02-02,2024,Premier League,Arsenal,Manchester City,5 - 1,1 - 0,1,6,Evet
2025-02-03,2024,Premier League,Chelsea,West Ham,2 - 1,0 - 1,1,3,Evet
2025-02-12,2024,Premier League,Everton,Liverpool,2 - 2,1 - 1,X,4,Evet
2025-02-14,2024,Premier League,Brighton,Chelsea,3 - 0,2 - 0,1,3,Yok
2025-02-15,2024,Premier League,Leicester,Arsenal,0 - 2,0 - 0,2,2,Yok
2025-02-15,2024,Premier League,Fulham,Nottingham Forest,2 - 1,1 - 1,1,3,Evet
2025-02-15,2024,Premier League,Southampton,Bournemouth,1 - 3,0 - 2,2,4,Evet
2025-02-15,2024,Premier League,West Ham,Brentford,0 - 1,0 - 1,2,1,Yok
2025-02-15,2024,Premier League,Manchester City,Newcastle,4 - 0,3 - 0,1,4,Yok
2025-02-15,2024,Premier League,Aston Villa,Ipswich,1 - 1,0 - 0,X,2,Evet
2025-02-15,2024,Premier League,Crystal Palace,Everton,1 - 2,0 - 1,2,3,Evet
2025-02-16,2024,Premier League,Liverpool,Wolves,2 - 1,2 - 0,1,3,Evet
2025-02-16,2024,Premier League,Tottenham,Manchester United,1 - 0,1 - 0,1,1,Yok
2025-02-19,2024,Premier League,Aston Villa,Liverpool,2 - 2,2 - 1,X,4,Evet
2025-02-21,2024,Premier League,Leicester,Brentford,0 - 4,0 - 3,2,4,Yok
2025-02-22,2024,Premier League,Everton,Manchester United,2 - 2,2 - 0,X,4,Evet
2025-02-22,2024,Premier League,Bournemouth,Wolves,0 - 1,0 - 1,2,1,Yok
2025-02-22,2024,Premier League,Fulham,Crystal Palace,0 - 2,0 - 1,2,2,Yok
2025-02-22,2024,Premier League,Southampton,Brighton,0 - 4,0 - 1,2,4,Yok
2025-02-22,2024,Premier League,Arsenal,West Ham,0 - 1,0 - 1,2,1,Yok
2025-02-22,2024,Premier League,Ipswich,Tottenham,1 - 4,1 - 2,2,5,Evet
2025-02-22,2024,Premier League,Aston Villa,Chelsea,2 - 1,0 - 1,1,3,Evet
2025-02-23,2024,Premier League,Newcastle,Nottingham Forest,4 - 3,4 - 1,1,7,Evet
2025-02-23,2024,Premier League,Manchester City,Liverpool,0 - 2,0 - 2,2,2,Yok
2025-02-25,2024,Premier League,Wolves,Fulham,1 - 2,1 - 1,2,3,Evet
2025-02-25,2024,Premier League,Brighton,Bournemouth,2 - 1,1 - 0,1,3,Evet
2025-02-25,2024,Premier League,Crystal Palace,Aston Villa,4 - 1,1 - 0,1,5,Evet
2025-02-25,2024,Premier League,Chelsea,Southampton,4 - 0,3 - 0,1,4,Yok
2025-02-26,2024,Premier League,Manchester United,Ipswich,3 - 2,2 - 2,1,5,Evet
2025-02-26,2024,Premier League,Tottenham,Manchester City,0 - 1,0 - 1,2,1,Yok
2025-02-26,2024,Premier League,Brentford,Everton,1 - 1,1 - 0,X,2,Evet
2025-02-26,2024,Premier League,Nottingham Forest,Arsenal,0 - 0,0 - 0,X,0,Yok
2025-02-26,2024,Premier League,Liverpool,Newcastle,2 - 0,1 - 0,1,2,Yok
2025-02-27,2024,Premier League,West Ham,Leicester,2 - 0,2 - 0,1,2,Yok
2025-03-08,2024,Premier League,Nottingham Forest,Manchester City,1 - 0,0 - 0,1,1,Yok
2025-03-08,2024,Premier League,Liverpool,Southampton,3 - 1,0 - 1,1,4,Evet
2025-03-08,2024,Premier League,Brighton,Fulham,2 - 1,1 - 1,1,3,Evet
2025-03-08,2024,Premier League,Crystal Palace,Ipswich,1 - 0,0 - 0,1,1,Yok
2025-03-08,2024,Premier League,Brentford,Aston Villa,0 - 1,0 - 0,2,1,Yok
2025-03-08,2024,Premier League,Wolves,Everton,1 - 1,1 - 1,X,2,Evet
2025-03-09,2024,Premier League,Tottenham,Bournemouth,2 - 2,0 - 1,X,4,Evet
2025-03-09,2024,Premier League,Chelsea,Leicester,1 - 0,0 - 0,1,1,Yok
2025-03-09,2024,Premier League,Manchester United,Arsenal,1 - 1,1 - 0,X,2,Evet
2025-03-10,2024,Premier League,West Ham,Newcastle,0 - 1,0 - 0,2,1,Yok
2025-03-15,2024,Premier League,Southampton,Wolves,1 - 2,0 - 1,2,3,Evet
2025-03-15,2024,Premier League,Everton,West Ham,1 - 1,0 - 0,X,2,Evet
2025-03-15,2024,Premier League,Manchester City,Brighton,2 - 2,2 - 1,X,4,Evet
2025-03-15,2024,Premier League,Ipswich,Nottingham Forest,2 - 4,0 - 3,2,6,Evet
2025-03-15,2024,Premier League,Bournemouth,Brentford,1 - 2,1 - 1,2,3,Evet
2025-03-16,2024,Premier League,Fulham,Tottenham,2 - 0,0 - 0,1,2,Yok
2025-03-16,2024,Premier League,Arsenal,Chelsea,1 - 0,1 - 0,1,1,Yok
2025-03-16,2024,Premier League,Leicester,Manchester United,0 - 3,0 - 1,2,3,Yok
2025-04-01,2024,Premier League,Wolves,West Ham,1 - 0,1 - 0,1,1,Yok
2025-04-01,2024,Premier League,Arsenal,Fulham,2 - 1,1 - 0,1,3,Evet
2025-04-01,2024,Premier League,Nottingham Forest,Manchester United,1 - 0,1 - 0,1,1,Yok
2025-04-02,2024,Premier League,Newcastle,Brentford,2 - 1,1 - 0,1,3,Evet
2025-04-02,2024,Premier League,Bournemouth,Ipswich,1 - 2,0 - 1,2,3,Evet
2025-04-02,2024,Premier League,Southampton,Crystal Palace,1 - 1,1 - 0,X,2,Evet
2025-04-02,2024,Premier League,Manchester City,Leicester,2 - 0,2 - 0,1,2,Yok
2025-04-02,2024,Premier League,Brighton,Aston Villa,0 - 3,0 - 0,2,3,Yok
2025-04-02,2024,Premier League,Liverpool,Everton,1 - 0,0 - 0,1,1,Yok
2025-04-03,2024,Premier League,Chelsea,Tottenham,1 - 0,0 - 0,1,1,Yok
2025-04-05,2024,Premier League,Everton,Arsenal,1 - 1,0 - 1,X,2,Evet
2025-04-05,2024,Premier League,West Ham,Bournemouth,2 - 2,0 - 1,X,4,Evet
2025-04-05,2024,Premier League,Crystal Palace,Brighton,2 - 1,1 - 1,1,3,Evet
2025-04-05,2024,Premier League,Ipswich,Wolves,1 - 2,1 - 0,2,3,Evet
2025-04-05,2024,Premier League,Aston Villa,Nottingham Forest,2 - 1,2 - 0,1,3,Evet
2025-04-06,2024,Premier League,Fulham,Liverpool,3 - 2,3 - 1,1,5,Evet
2025-04-06,2024,Premier League,Tottenham,Southampton,3 - 1,2 - 0,1,4,Evet
2025-04-06,2024,Premier League,Brentford,Chelsea,0 - 0,0 - 0,X,0,Yok
2025-04-06,2024,Premier League,Manchester United,Manchester City,0 - 0,0 - 0,X,0,Yok
2025-04-07,2024,Premier League,Leicester,Newcastle,0 - 3,0 - 3,2,3,Yok
2025-04-12,2024,Premier League,Manchester City,Crystal Palace,5 - 2,2 - 2,1,7,Evet
2025-04-12,2024,Premier League,Southampton,Aston Villa,0 - 3,0 - 0,2,3,Yok
2025-04-12,2024,Premier League,Brighton,Leicester,2 - 2,1 - 1,X,4,Evet
2025-04-12,2024,Premier League,Nottingham Forest,Everton,0 - 1,0 - 0,2,1,Yok
2025-04-12,2024,Premier League,Arsenal,Brentford,1 - 1,0 - 0,X,2,Evet
2025-04-13,2024,Premier League,Wolves,Tottenham,4 - 2,2 - 0,1,6,Evet
2025-04-13,2024,Premier League,Liverpool,West Ham,2 - 1,1 - 0,1,3,Evet
2025-04-13,2024,Premier League,Chelsea,Ipswich,2 - 2,0 - 2,X,4,Evet
2025-04-13,2024,Premier League,Newcastle,Manchester United,4 - 1,1 - 1,1,5,Evet
2025-04-14,2024,Premier League,Bournemouth,Fulham,1 - 0,1 - 0,1,1,Yok
2025-04-16,2024,Premier League,Newcastle,Crystal Palace,5 - 0,4 - 0,1,5,Yok
2025-04-19,2024,Premier League,Everton,Manchester City,0 - 2,0 - 0,2,2,Yok
2025-04-19,2024,Premier League,West Ham,Southampton,1 - 1,0 - 0,X,2,Evet
2025-04-19,2024,Premier League,Crystal Palace,Bournemouth,0 - 0,0 - 0,X,0,Yok
2025-04-19,2024,Premier League,Brentford,Brighton,4 - 2,1 - 1,1,6,Evet
2025-04-19,2024,Premier League,Aston Villa,Newcastle,4 - 1,1 - 1,1,5,Evet
2025-04-20,2024,Premier League,Manchester United,Wolves,0 - 1,0 - 0,2,1,Yok
2025-04-20,2024,Premier League,Fulham,Chelsea,1 - 2,1 - 0,2,3,Evet
2025-04-20,2024,Premier League,Ipswich,Arsenal,0 - 4,0 - 2,2,4,Yok
2025-04-20,2024,Premier League,Leicester,Liverpool,0 - 1,0 - 0,2,1,Yok
2025-04-21,2024,Premier League,Tottenham,Nottingham Forest,1 - 2,0 - 2,2,3,Evet
2025-04-22,2024,Premier League,Manchester City,Aston Villa,2 - 1,1 - 1,1,3,Evet
2025-04-23,2024,Premier League,Arsenal,Crystal Palace,2 - 2,2 - 1,X,4,Evet
2025-04-26,2024,Premier League,Chelsea,Everton,1 - 0,1 - 0,1,1,Yok
2025-04-26,2024,Premier League,Newcastle,Ipswich,3 - 0,1 - 0,1,3,Yok
2025-04-26,2024,Premier League,Wolves,Leicester,3 - 0,1 - 0,1,3,Yok
2025-04-26,2024,Premier League,Southampton,Fulham,1 - 2,1 - 0,2,3,Evet
2025-04-26,2024,Premier League,Brighton,West Ham,3 - 2,1 - 0,1,5,Evet
2025-04-27,2024,Premier League,Bournemouth,Manchester United,1 - 1,1 - 0,X,2,Evet
2025-04-27,2024,Premier League,Liverpool,Tottenham,5 - 1,3 - 1,1,6,Evet
2025-05-01,2024,Premier League,Nottingham Forest,Brentford,0 - 2,0 - 1,2,2,Yok
2025-05-02,2024,Premier League,Manchester City,Wolves,1 - 0,1 - 0,1,1,Yok
2025-05-03,2024,Premier League,Aston Villa,Fulham,1 - 0,1 - 0,1,1,Yok
2025-05-03,2024,Premier League,Everton,Ipswich,2 - 2,2 - 1,X,4,Evet
2025-05-03,2024,Premier League,Leicester,Southampton,2 - 0,2 - 0,1,2,Yok
2025-05-03,2024,Premier League,Arsenal,Bournemouth,1 - 2,1 - 0,2,3,Evet
2025-05-04,2024,Premier League,West Ham,Tottenham,1 - 1,1 - 1,X,2,Evet
2025-05-04,2024,Premier League,Brighton,Newcastle,1 - 1,1 - 0,X,2,Evet
2025-05-04,2024,Premier League,Brentford,Manchester United,4 - 3,2 - 1,1,7,Evet
2025-05-04,2024,Premier League,Chelsea,Liverpool,3 - 1,1 - 0,1,4,Evet
2025-05-05,2024,Premier League,Crystal Palace,Nottingham Forest,1 - 1,0 - 0,X,2,Evet
2025-05-10,2024,Premier League,Fulham,Everton,1 - 3,1 - 1,2,4,Evet
2025-05-10,2024,Premier League,Wolves,Brighton,0 - 2,0 - 1,2,2,Yok
2025-05-10,2024,Premier League,Southampton,Manchester City,0 - 0,0 - 0,X,0,Yok
2025-05-10,2024,Premier League,Ipswich,Brentford,0 - 1,0 - 1,2,1,Yok
2025-05-10,2024,Premier League,Bournemouth,Aston Villa,0 - 1,0 - 1,2,1,Yok
2025-05-11,2024,Premier League,Newcastle,Chelsea,2 - 0,1 - 0,1,2,Yok
2025-05-11,2024,Premier League,Manchester United,West Ham,0 - 2,0 - 1,2,2,Yok
2025-05-11,2024,Premier League,Tottenham,Crystal Palace,0 - 2,0 - 1,2,2,Yok
2025-05-11,2024,Premier League,Nottingham Forest,Leicester,2 - 2,1 - 1,X,4,Evet
2025-05-11,2024,Premier League,Liverpool,Arsenal,2 - 2,2 - 0,X,4,Evet
2025-05-16,2024,Premier League,Aston Villa,Tottenham,2 - 0,0 - 0,1,2,Yok
2025-05-16,2024,Premier League,Chelsea,Manchester United,1 - 0,0 - 0,1,1,Yok
2025-05-18,2024,Premier League,Everton,Southampton,2 - 0,2 - 0,1,2,Yok
2025-05-18,2024,Premier League,West Ham,Nottingham Forest,1 - 2,0 - 1,2,3,Evet
2025-05-18,2024,Premier League,Leicester,Ipswich,2 - 0,1 - 0,1,2,Yok
2025-05-18,2024,Premier League,Brentford,Fulham,2 - 3,2 - 1,2,5,Evet
2025-05-18,2024,Premier League,Arsenal,Newcastle,1 - 0,0 - 0,1,1,Yok
2025-05-19,2024,Premier League,Brighton,Liverpool,3 - 2,1 - 2,1,5,Evet
2025-05-20,2024,Premier League,Manchester City,Bournemouth,3 - 1,2 - 0,1,4,Evet
2025-05-20,2024,Premier League,Crystal Palace,Wolves,4 - 2,2 - 1,1,6,Evet
2025-05-25,2024,Premier League,Manchester United,Aston Villa,2 - 0,0 - 0,1,2,Yok
2025-05-25,2024,Premier League,Newcastle,Everton,0 - 1,0 - 0,2,1,Yok
2025-05-25,2024,Premier League,Bournemouth,Leicester,2 - 0,0 - 0,1,2,Yok
2025-05-25,2024,Premier League,Fulham,Manchester City,0 - 2,0 - 1,2,2,Yok
2025-05-25,2024,Premier League,Wolves,Brentford,1 - 1,0 - 1,X,2,Evet
2025-05-25,2024,Premier League,Liverpool,Crystal Palace,1 - 1,0 - 1,X,2,Evet
2025-05-25,2024,Premier League,Southampton,Arsenal,1 - 2,0 - 1,2,3,Evet
2025-05-25,2024,Premier League,Tottenham,Brighton,1 - 4,1 - 0,2,5,Evet
2025-05-25,2024,Premier League,Ipswich,West Ham,1 - 3,0 - 1,2,4,Evet
2025-05-25,2024,Premier League,Nottingham Forest,Chelsea,0 - 1,0 - 0,2,1,Yok
2023-08-11,2023,Premier League,Burnley,Manchester City,0 - 3,0 - 2,2,3,Yok
2023-08-12,2023,Premier League,Arsenal,Nottingham Forest,2 - 1,2 - 0,1,3,Evet
2023-08-12,2023,Premier League,Bournemouth,West Ham,1 - 1,0 - 0,X,2,Evet
2023-08-12,2023,Premier League,Everton,Fulham,0 - 1,0 - 0,2,1,Yok
2023-08-12,2023,Premier League,Brighton,Luton,4 - 1,1 - 0,1,5,Evet
2023-08-12,2023,Premier League,Sheffield Utd,Crystal Palace,0 - 1,0 - 0,2,1,Yok
2023-08-12,2023,Premier League,Newcastle,Aston Villa,5 - 1,2 - 1,1,6,Evet
2023-08-13,2023,Premier League,Brentford,Tottenham,2 - 2,2 - 2,X,4,Evet
2023-08-13,2023,Premier League,Chelsea,Liverpool,1 - 1,1 - 1,X,2,Evet
2023-08-14,2023,Premier League,Manchester United,Wolves,1 - 0,0 - 0,1,1,Yok
2023-08-18,2023,Premier League,Nottingham Forest,Sheffield Utd,2 - 1,1 - 0,1,3,Evet
2023-08-19,2023,Premier League,Fulham,Brentford,0 - 3,0 - 1,2,3,Yok
2023-08-19,2023,Premier League,Wolves,Brighton,1 - 4,0 - 1,2,5,Evet
2023-08-19,2023,Premier League,Liverpool,Bournemouth,3 - 1,2 - 1,1,4,Evet
2023-08-19,2023,Premier League,Tottenham,Manchester United,2 - 0,0 - 0,1,2,Yok
2023-08-19,2023,Premier League,Manchester City,Newcastle,1 - 0,1 - 0,1,1,Yok
2023-08-20,2023,Premier League,Aston Villa,Everton,4 - 0,2 - 0,1,4,Yok
2023-08-20,2023,Premier League,West Ham,Chelsea,3 - 1,1 - 1,1,4,Evet
2023-08-21,2023,Premier League,Crystal Palace,Arsenal,0 - 1,0 - 0,2,1,Yok
2023-08-25,2023,Premier League,Chelsea,Luton,3 - 0,1 - 0,1,3,Yok
2023-08-26,2023,Premier League,Bournemouth,Tottenham,0 - 2,0 - 1,2,2,Yok
2023-08-26,2023,Premier League,Manchester United,Nottingham Forest,3 - 2,1 - 2,1,5,Evet
2023-08-26,2023,Premier League,Arsenal,Fulham,2 - 2,0 - 1,X,4,Evet
2023-08-26,2023,Premier League,Everton,Wolves,0 - 1,0 - 0,2,1,Yok
2023-08-26,2023,Premier League,Brentford,Crystal Palace,1 - 1,1 - 0,X,2,Evet
2023-08-26,2023,Premier League,Brighton,West Ham,1 - 3,0 - 1,2,4,Evet
2023-08-27,2023,Premier League,Burnley,Aston Villa,1 - 3,0 - 2,2,4,Evet
2023-08-27,2023,Premier League,Sheffield Utd,Manchester City,1 - 2,0 - 0,2,3,Evet
2023-08-27,2023,Premier League,Newcastle,Liverpool,1 - 2,1 - 0,2,3,Evet
2023-09-01,2023,Premier League,Luton,West Ham,1 - 2,0 - 1,2,3,Evet
2023-09-02,2023,Premier League,Sheffield Utd,Everton,2 - 2,2 - 1,X,4,Evet
2023-09-02,2023,Premier League,Burnley,Tottenham,2 - 5,1 - 2,2,7,Evet
2023-09-02,2023,Premier League,Chelsea,Nottingham Forest,0 - 1,0 - 0,2,1,Yok
2023-09-02,2023,Premier League,Manchester City,Fulham,5 - 1,2 - 1,1,6,Evet
2023-09-02,2023,Premier League,Brentford,Bournemouth,2 - 2,1 - 1,X,4,Evet
2023-09-02,2023,Premier League,Brighton,Newcastle,3 - 1,1 - 0,1,4,Evet
2023-09-03,2023,Premier League,Liverpool,Aston Villa,3 - 0,2 - 0,1,3,Yok
2023-09-03,2023,Premier League,Crystal Palace,Wolves,3 - 2,0 - 0,1,5,Evet
2023-09-03,2023,Premier League,Arsenal,Manchester United,3 - 1,1 - 1,1,4,Evet
2023-09-16,2023,Premier League,Wolves,Liverpool,1 - 3,1 - 0,2,4,Evet
2023-09-16,2023,Premier League,Manchester United,Brighton,1 - 3,0 - 1,2,4,Evet
2023-09-16,2023,Premier League,Fulham,Luton,1 - 0,0 - 0,1,1,Yok
2023-09-16,2023,Premier League,Tottenham,Sheffield Utd,2 - 1,0 - 0,1,3,Evet
2023-09-16,2023,Premier League,West Ham,Manchester City,1 - 3,1 - 0,2,4,Evet
2023-09-16,2023,Premier League,Aston Villa,Crystal Palace,3 - 1,0 - 0,1,4,Evet
2023-09-16,2023,Premier League,Newcastle,Brentford,1 - 0,0 - 0,1,1,Yok
2023-09-17,2023,Premier League,Bournemouth,Chelsea,0 - 0,0 - 0,X,0,Yok
2023-09-17,2023,Premier League,Everton,Arsenal,0 - 1,0 - 0,2,1,Yok
2023-09-18,2023,Premier League,Nottingham Forest,Burnley,1 - 1,0 - 1,X,2,Evet
2023-09-23,2023,Premier League,Manchester City,Nottingham Forest,2 - 0,2 - 0,1,2,Yok
2023-09-23,2023,Premier League,Crystal Palace,Fulham,0 - 0,0 - 0,X,0,Yok
2023-09-23,2023,Premier League,Luton,Wolves,1 - 1,0 - 0,X,2,Evet
2023-09-23,2023,Premier League,Brentford,Everton,1 - 3,1 - 1,2,4,Evet
2023-09-23,2023,Premier League,Burnley,Manchester United,0 - 1,0 - 1,2,1,Yok
2023-09-24,2023,Premier League,Liverpool,West Ham,3 - 1,1 - 1,1,4,Evet
2023-09-24,2023,Premier League,Arsenal,Tottenham,2 - 2,1 - 1,X,4,Evet
2023-09-24,2023,Premier League,Chelsea,Aston Villa,0 - 1,0 - 0,2,1,Yok
2023-09-24,2023,Premier League,Brighton,Bournemouth,3 - 1,1 - 1,1,4,Evet
2023-09-24,2023,Premier League,Sheffield Utd,Newcastle,0 - 8,0 - 3,2,8,Yok
2023-09-30,2023,Premier League,Aston Villa,Brighton,6 - 1,3 - 0,1,7,Evet
2023-09-30,2023,Premier League,Manchester United,Crystal Palace,0 - 1,0 - 1,2,1,Yok
2023-09-30,2023,Premier League,Newcastle,Burnley,2 - 0,1 - 0,1,2,Yok
2023-09-30,2023,Premier League,Bournemouth,Arsenal,0 - 4,0 - 2,2,4,Yok
2023-09-30,2023,Premier League,Wolves,Manchester City,2 - 1,1 - 0,1,3,Evet
2023-09-30,2023,Premier League,Everton,Luton,1 - 2,1 - 2,2,3,Evet
2023-09-30,2023,Premier League,West Ham,Sheffield Utd,2 - 0,2 - 0,1,2,Yok
2023-09-30,2023,Premier League,Tottenham,Liverpool,2 - 1,1 - 1,1,3,Evet
2023-10-01,2023,Premier League,Nottingham Forest,Brentford,1 - 1,0 - 0,X,2,Evet
2023-10-02,2023,Premier League,Fulham,Chelsea,0 - 2,0 - 2,2,2,Yok
2023-10-03,2023,Premier League,Luton,Burnley,1 - 2,0 - 1,2,3,Evet
2023-10-07,2023,Premier League,Luton,Tottenham,0 - 1,0 - 0,2,1,Yok
2023-10-07,2023,Premier League,Manchester United,Brentford,2 - 1,0 - 1,1,3,Evet
2023-10-07,2023,Premier League,Fulham,Sheffield Utd,3 - 1,0 - 0,1,4,Evet
2023-10-07,2023,Premier League,Burnley,Chelsea,1 - 4,1 - 1,2,5,Evet
2023-10-07,2023,Premier League,Everton,Bournemouth,3 - 0,2 - 0,1,3,Yok
2023-10-07,2023,Premier League,Crystal Palace,Nottingham Forest,0 - 0,0 - 0,X,0,Yok
2023-10-08,2023,Premier League,Wolves,Aston Villa,1 - 1,0 - 0,X,2,Evet
2023-10-08,2023,Premier League,West Ham,Newcastle,2 - 2,1 - 0,X,4,Evet
2023-10-08,2023,Premier League,Brighton,Liverpool,2 - 2,1 - 2,X,4,Evet
2023-10-08,2023,Premier League,Arsenal,Manchester City,1 - 0,0 - 0,1,1,Yok
2023-10-21,2023,Premier League,Liverpool,Everton,2 - 0,0 - 0,1,2,Yok
2023-10-21,2023,Premier League,Newcastle,Crystal Palace,4 - 0,3 - 0,1,4,Yok
2023-10-21,2023,Premier League,Bournemouth,Wolves,1 - 2,1 - 0,2,3,Evet
2023-10-21,2023,Premier League,Manchester City,Brighton,2 - 1,2 - 0,1,3,Evet
2023-10-21,2023,Premier League,Brentford,Burnley,3 - 0,1 - 0,1,3,Yok
2023-10-21,2023,Premier League,Nottingham Forest,Luton,2 - 2,0 - 0,X,4,Evet
2023-10-21,2023,Premier League,Chelsea,Arsenal,2 - 2,1 - 0,X,4,Evet
2023-10-21,2023,Premier League,Sheffield Utd,Manchester United,1 - 2,1 - 1,2,3,Evet
2023-10-22,2023,Premier League,Aston Villa,West Ham,4 - 1,1 - 0,1,5,Evet
2023-10-23,2023,Premier League,Tottenham,Fulham,2 - 0,1 - 0,1,2,Yok
2023-10-27,2023,Premier League,Crystal Palace,Tottenham,1 - 2,0 - 0,2,3,Evet
2023-10-28,2023,Premier League,Chelsea,Brentford,0 - 2,0 - 0,2,2,Yok
2023-10-28,2023,Premier League,Bournemouth,Burnley,2 - 1,1 - 1,1,3,Evet
2023-10-28,2023,Premier League,Arsenal,Sheffield Utd,5 - 0,1 - 0,1,5,Yok
2023-10-28,2023,Premier League,Wolves,Newcastle,2 - 2,1 - 2,X,4,Evet
2023-10-29,2023,Premier League,West Ham,Everton,0 - 1,0 - 0,2,1,Yok
2023-10-29,2023,Premier League,Liverpool,Nottingham Forest,3 - 0,2 - 0,1,3,Yok
2023-10-29,2023,Premier League,Brighton,Fulham,1 - 1,1 - 0,X,2,Evet
2023-10-29,2023,Premier League,Aston Villa,Luton,3 - 1,1 - 0,1,4,Evet
2023-10-29,2023,Premier League,Manchester United,Manchester City,0 - 3,0 - 1,2,3,Yok
2023-11-04,2023,Premier League,Fulham,Manchester United,0 - 1,0 - 0,2,1,Yok
2023-11-04,2023,Premier League,Burnley,Crystal Palace,0 - 2,0 - 1,2,2,Yok
2023-11-04,2023,Premier League,Everton,Brighton,1 - 1,1 - 0,X,2,Evet
2023-11-04,2023,Premier League,Manchester City,Bournemouth,6 - 1,3 - 0,1,7,Evet
2023-11-04,2023,Premier League,Brentford,West Ham,3 - 2,1 - 2,1,5,Evet
2023-11-04,2023,Premier League,Sheffield Utd,Wolves,2 - 1,0 - 0,1,3,Evet
2023-11-04,2023,Premier League,Newcastle,Arsenal,1 - 0,0 - 0,1,1,Yok
2023-11-05,2023,Premier League,Nottingham Forest,Aston Villa,2 - 0,1 - 0,1,2,Yok
2023-11-05,2023,Premier League,Luton,Liverpool,1 - 1,0 - 0,X,2,Evet
2023-11-06,2023,Premier League,Tottenham,Chelsea,1 - 4,1 - 1,2,5,Evet
2023-11-11,2023,Premier League,Wolves,Tottenham,2 - 1,0 - 1,1,3,Evet
2023-11-11,2023,Premier League,Manchester United,Luton,1 - 0,0 - 0,1,1,Yok
2023-11-11,2023,Premier League,Arsenal,Burnley,3 - 1,1 - 0,1,4,Evet
2023-11-11,2023,Premier League,Crystal Palace,Everton,2 - 3,1 - 1,2,5,Evet
2023-11-11,2023,Premier League,Bournemouth,Newcastle,2 - 0,0 - 0,1,2,Yok
2023-11-12,2023,Premier League,Liverpool,Brentford,3 - 0,1 - 0,1,3,Yok
2023-11-12,2023,Premier League,West Ham,Nottingham Forest,3 - 2,1 - 1,1,5,Evet
2023-11-12,2023,Premier League,Brighton,Sheffield Utd,1 - 1,1 - 0,X,2,Evet
2023-11-12,2023,Premier League,Aston Villa,Fulham,3 - 1,2 - 0,1,4,Evet
2023-11-12,2023,Premier League,Chelsea,Manchester City,4 - 4,2 - 2,X,8,Evet
2023-11-25,2023,Premier League,Manchester City,Liverpool,1 - 1,1 - 0,X,2,Evet
2023-11-25,2023,Premier League,Newcastle,Chelsea,4 - 1,1 - 1,1,5,Evet
2023-11-25,2023,Premier League,Burnley,West Ham,1 - 2,0 - 0,2,3,Evet
2023-11-25,2023,Premier League,Sheffield Utd,Bournemouth,1 - 3,0 - 2,2,4,Evet
2023-11-25,2023,Premier League,Nottingham Forest,Brighton,2 - 3,1 - 2,2,5,Evet
2023-11-25,2023,Premier League,Luton,Crystal Palace,2 - 1,0 - 0,1,3,Evet
2023-11-25,2023,Premier League,Brentford,Arsenal,0 - 1,0 - 0,2,1,Yok
2023-11-26,2023,Premier League,Tottenham,Aston Villa,1 - 2,1 - 1,2,3,Evet
2023-11-26,2023,Premier League,Everton,Manchester United,0 - 3,0 - 1,2,3,Yok
2023-11-27,2023,Premier League,Fulham,Wolves,3 - 2,1 - 1,1,5,Evet
2023-12-02,2023,Premier League,Arsenal,Wolves,2 - 1,2 - 0,1,3,Evet
2023-12-02,2023,Premier League,Burnley,Sheffield Utd,5 - 0,2 - 0,1,5,Yok
2023-12-02,2023,Premier League,Brentford,Luton,3 - 1,0 - 0,1,4,Evet
2023-12-02,2023,Premier League,Nottingham Forest,Everton,0 - 1,0 - 0,2,1,Yok
2023-12-02,2023,Premier League,Newcastle,Manchester United,1 - 0,0 - 0,1,1,Yok
2023-12-03,2023,Premier League,Bournemouth,Aston Villa,2 - 2,1 - 1,X,4,Evet
2023-12-03,2023,Premier League,Liverpool,Fulham,4 - 3,2 - 2,1,7,Evet
2023-12-03,2023,Premier League,West Ham,Crystal Palace,1 - 1,1 - 0,X,2,Evet
2023-12-03,2023,Premier League,Chelsea,Brighton,3 - 2,2 - 1,1,5,Evet
2023-12-03,2023,Premier League,Manchester City,Tottenham,3 - 3,2 - 1,X,6,Evet
2023-12-05,2023,Premier League,Wolves,Burnley,1 - 0,1 - 0,1,1,Yok
2023-12-05,2023,Premier League,Luton,Arsenal,3 - 4,1 - 2,2,7,Evet
2023-12-06,2023,Premier League,Fulham,Nottingham Forest,5 - 0,2 - 0,1,5,Yok
2023-12-06,2023,Premier League,Brighton,Brentford,2 - 1,1 - 1,1,3,Evet
2023-12-06,2023,Premier League,Crystal Palace,Bournemouth,0 - 2,0 - 1,2,2,Yok
2023-12-06,2023,Premier League,Sheffield Utd,Liverpool,0 - 2,0 - 1,2,2,Yok
2023-12-06,2023,Premier League,Manchester United,Chelsea,2 - 1,1 - 1,1,3,Evet
2023-12-06,2023,Premier League,Aston Villa,Manchester City,1 - 0,0 - 0,1,1,Yok
2023-12-07,2023,Premier League,Everton,Newcastle,3 - 0,0 - 0,1,3,Yok
2023-12-07,2023,Premier League,Tottenham,West Ham,1 - 2,1 - 0,2,3,Evet
2023-12-09,2023,Premier League,Crystal Palace,Liverpool,1 - 2,0 - 0,2,3,Evet
2023-12-09,2023,Premier League,Manchester United,Bournemouth,0 - 3,0 - 1,2,3,Yok
2023-12-09,2023,Premier League,Wolves,Nottingham Forest,1 - 1,1 - 1,X,2,Evet
2023-12-09,2023,Premier League,Brighton,Burnley,1 - 1,0 - 1,X,2,Evet
2023-12-09,2023,Premier League,Sheffield Utd,Brentford,1 - 0,1 - 0,1,1,Yok
2023-12-09,2023,Premier League,Aston Villa,Arsenal,1 - 0,1 - 0,1,1,Yok
2023-12-10,2023,Premier League,Fulham,West Ham,5 - 0,3 - 0,1,5,Yok
2023-12-10,2023,Premier League,Everton,Chelsea,2 - 0,0 - 0,1,2,Yok
2023-12-10,2023,Premier League,Luton,Manchester City,1 - 2,1 - 0,2,3,Evet
2023-12-10,2023,Premier League,Tottenham,Newcastle,4 - 1,2 - 0,1,5,Evet
2023-12-15,2023,Premier League,Nottingham Forest,Tottenham,0 - 2,0 - 1,2,2,Yok
2023-12-16,2023,Premier League,Newcastle,Fulham,3 - 0,0 - 0,1,3,Yok
2023-12-16,2023,Premier League,Chelsea,Sheffield Utd,2 - 0,0 - 0,1,2,Yok
2023-12-16,2023,Premier League,Manchester City,Crystal Palace,2 - 2,1 - 0,X,4,Evet
2023-12-16,2023,Premier League,Burnley,Everton,0 - 2,0 - 2,2,2,Yok
2023-12-17,2023,Premier League,Arsenal,Brighton,2 - 0,0 - 0,1,2,Yok
2023-12-17,2023,Premier League,West Ham,Wolves,3 - 0,2 - 0,1,3,Yok
2023-12-17,2023,Premier League,Brentford,Aston Villa,1 - 2,1 - 0,2,3,Evet
2023-12-17,2023,Premier League,Liverpool,Manchester United,0 - 0,0 - 0,X,0,Yok
2023-12-21,2023,Premier League,Crystal Palace,Brighton,1 - 1,1 - 0,X,2,Evet
2023-12-22,2023,Premier League,Aston Villa,Sheffield Utd,1 - 1,0 - 0,X,2,Evet
2023-12-23,2023,Premier League,West Ham,Manchester United,2 - 0,0 - 0,1,2,Yok
2023-12-23,2023,Premier League,Fulham,Burnley,0 - 2,0 - 0,2,2,Yok
2023-12-23,2023,Premier League,Tottenham,Everton,2 - 1,2 - 0,1,3,Evet
2023-12-23,2023,Premier League,Nottingham Forest,Bournemouth,2 - 3,0 - 0,2,5,Evet
2023-12-23,2023,Premier League,Luton,Newcastle,1 - 0,1 - 0,1,1,Yok
2023-12-23,2023,Premier League,Liverpool,Arsenal,1 - 1,1 - 1,X,2,Evet
2023-12-24,2023,Premier League,Wolves,Chelsea,2 - 1,0 - 0,1,3,Evet
2023-12-26,2023,Premier League,Newcastle,Nottingham Forest,1 - 3,1 - 1,2,4,Evet
2023-12-26,2023,Premier League,Bournemouth,Fulham,3 - 0,1 - 0,1,3,Yok
2023-12-26,2023,Premier League,Sheffield Utd,Luton,2 - 3,0 - 1,2,5,Evet
2023-12-26,2023,Premier League,Burnley,Liverpool,0 - 2,0 - 1,2,2,Yok
2023-12-26,2023,Premier League,Manchester United,Aston Villa,3 - 2,0 - 2,1,5,Evet
2023-12-27,2023,Premier League,Chelsea,Crystal Palace,2 - 1,1 - 1,1,3,Evet
2023-12-27,2023,Premier League,Brentford,Wolves,1 - 4,1 - 3,2,5,Evet
2023-12-27,2023,Premier League,Everton,Manchester City,1 - 3,1 - 0,2,4,Evet
2023-12-28,2023,Premier League,Brighton,Tottenham,4 - 2,2 - 0,1,6,Evet
2023-12-28,2023,Premier League,Arsenal,West Ham,0 - 2,0 - 1,2,2,Yok
2023-12-30,2023,Premier League,Luton,Chelsea,2 - 3,0 - 2,2,5,Evet
2023-12-30,2023,Premier League,Wolves,Everton,3 - 0,1 - 0,1,3,Yok
2023-12-30,2023,Premier League,Manchester City,Sheffield Utd,2 - 0,1 - 0,1,2,Yok
2023-12-30,2023,Premier League,Crystal Palace,Brentford,3 - 1,2 - 1,1,4,Evet
2023-12-30,2023,Premier League,Aston Villa,Burnley,3 - 2,2 - 1,1,5,Evet
2023-12-30,2023,Premier League,Nottingham Forest,Manchester United,2 - 1,0 - 0,1,3,Evet
2023-12-31,2023,Premier League,Fulham,Arsenal,2 - 1,1 - 1,1,3,Evet
2023-12-31,2023,Premier League,Tottenham,Bournemouth,3 - 1,1 - 0,1,4,Evet
2024-01-01,2023,Premier League,Liverpool,Newcastle,4 - 2,0 - 0,1,6,Evet
2024-01-02,2023,Premier League,West Ham,Brighton,0 - 0,0 - 0,X,0,Yok
2024-01-12,2023,Premier League,Burnley,Luton,1 - 1,1 - 0,X,2,Evet
2024-01-13,2023,Premier League,Chelsea,Fulham,1 - 0,1 - 0,1,1,Yok
2024-01-13,2023,Premier League,Newcastle,Manchester City,2 - 3,2 - 1,2,5,Evet
2024-01-14,2023,Premier League,Everton,Aston Villa,0 - 0,0 - 0,X,0,Yok
2024-01-14,2023,Premier League,Manchester United,Tottenham,2 - 2,2 - 1,X,4,Evet
2024-01-20,2023,Premier League,Arsenal,Crystal Palace,5 - 0,2 - 0,1,5,Yok
2024-01-20,2023,Premier League,Brentford,Nottingham Forest,3 - 2,1 - 1,1,5,Evet
2024-01-21,2023,Premier League,Sheffield Utd,West Ham,2 - 2,1 - 1,X,4,Evet
2024-01-21,2023,Premier League,Bournemouth,Liverpool,0 - 4,0 - 0,2,4,Yok
2024-01-22,2023,Premier League,Brighton,Wolves,0 - 0,0 - 0,X,0,Yok
2024-01-30,2023,Premier League,Nottingham Forest,Arsenal,1 - 2,0 - 0,2,3,Evet
2024-01-30,2023,Premier League,Fulham,Everton,0 - 0,0 - 0,X,0,Yok
2024-01-30,2023,Premier League,Luton,Brighton,4 - 0,3 - 0,1,4,Yok
2024-01-30,2023,Premier League,Crystal Palace,Sheffield Utd,3 - 2,2 - 2,1,5,Evet
2024-01-30,2023,Premier League,Aston Villa,Newcastle,1 - 3,0 - 2,2,4,Evet
2024-01-31,2023,Premier League,Tottenham,Brentford,3 - 2,0 - 1,1,5,Evet
2024-01-31,2023,Premier League,Manchester City,Burnley,3 - 1,2 - 0,1,4,Evet
2024-01-31,2023,Premier League,Liverpool,Chelsea,4 - 1,2 - 0,1,5,Evet
2024-02-01,2023,Premier League,West Ham,Bournemouth,1 - 1,0 - 1,X,2,Evet
2024-02-01,2023,Premier League,Wolves,Manchester United,3 - 4,0 - 2,2,7,Evet
2024-02-03,2023,Premier League,Everton,Tottenham,2 - 2,1 - 2,X,4,Evet
2024-02-03,2023,Premier League,Newcastle,Luton,4 - 4,2 - 2,X,8,Evet
2024-02-03,2023,Premier League,Burnley,Fulham,2 - 2,0 - 2,X,4,Evet
2024-02-03,2023,Premier League,Brighton,Crystal Palace,4 - 1,3 - 0,1,5,Evet
2024-02-03,2023,Premier League,Sheffield Utd,Aston Villa,0 - 5,0 - 4,2,5,Yok
2024-02-04,2023,Premier League,Manchester United,West Ham,3 - 0,1 - 0,1,3,Yok
2024-02-04,2023,Premier League,Bournemouth,Nottingham Forest,1 - 1,1 - 1,X,2,Evet
2024-02-04,2023,Premier League,Chelsea,Wolves,2 - 4,1 - 2,2,6,Evet
2024-02-04,2023,Premier League,Arsenal,Liverpool,3 - 1,1 - 1,1,4,Evet
2024-02-05,2023,Premier League,Brentford,Manchester City,1 - 3,1 - 1,2,4,Evet
2024-02-10,2023,Premier League,Manchester City,Everton,2 - 0,0 - 0,1,2,Yok
2024-02-10,2023,Premier League,Fulham,Bournemouth,3 - 1,2 - 0,1,4,Evet
2024-02-10,2023,Premier League,Wolves,Brentford,0 - 2,0 - 1,2,2,Yok
2024-02-10,2023,Premier League,Liverpool,Burnley,3 - 1,1 - 1,1,4,Evet
2024-02-10,2023,Premier League,Tottenham,Brighton,2 - 1,0 - 1,1,3,Evet
2024-02-10,2023,Premier League,Luton,Sheffield Utd,1 - 3,0 - 2,2,4,Evet
2024-02-10,2023,Premier League,Nottingham Forest,Newcastle,2 - 3,2 - 2,2,5,Evet
2024-02-11,2023,Premier League,West Ham,Arsenal,0 - 6,0 - 4,2,6,Yok
2024-02-11,2023,Premier League,Aston Villa,Manchester United,1 - 2,0 - 1,2,3,Evet
2024-02-12,2023,Premier League,Crystal Palace,Chelsea,1 - 3,1 - 0,2,4,Evet
2024-02-17,2023,Premier League,Brentford,Liverpool,1 - 4,0 - 1,2,5,Evet
2024-02-17,2023,Premier League,Newcastle,Bournemouth,2 - 2,0 - 0,X,4,Evet
2024-02-17,2023,Premier League,Fulham,Aston Villa,1 - 2,0 - 1,2,3,Evet
2024-02-17,2023,Premier League,Burnley,Arsenal,0 - 5,0 - 2,2,5,Yok
2024-02-17,2023,Premier League,Tottenham,Wolves,1 - 2,0 - 1,2,3,Evet
2024-02-17,2023,Premier League,Nottingham Forest,West Ham,2 - 0,1 - 0,1,2,Yok
2024-02-17,2023,Premier League,Manchester City,Chelsea,1 - 1,0 - 1,X,2,Evet
2024-02-18,2023,Premier League,Sheffield Utd,Brighton,0 - 5,0 - 2,2,5,Yok
2024-02-18,2023,Premier League,Luton,Manchester United,1 - 2,1 - 2,2,3,Evet
2024-02-19,2023,Premier League,Everton,Crystal Palace,1 - 1,0 - 0,X,2,Evet
2024-02-20,2023,Premier League,Manchester City,Brentford,1 - 0,0 - 0,1,1,Yok
2024-02-21,2023,Premier League,Liverpool,Luton,4 - 1,0 - 1,1,5,Evet
2024-02-24,2023,Premier League,Manchester United,Fulham,1 - 2,0 - 0,2,3,Evet
2024-02-24,2023,Premier League,Brighton,Everton,1 - 1,0 - 0,X,2,Evet
2024-02-24,2023,Premier League,Crystal Palace,Burnley,3 - 0,0 - 0,1,3,Yok
2024-02-24,2023,Premier League,Aston Villa,Nottingham Forest,4 - 2,3 - 1,1,6,Evet
2024-02-24,2023,Premier League,Bournemouth,Manchester City,0 - 1,0 - 1,2,1,Yok
2024-02-24,2023,Premier League,Arsenal,Newcastle,4 - 1,2 - 0,1,5,Evet
2024-02-25,2023,Premier League,Wolves,Sheffield Utd,1 - 0,1 - 0,1,1,Yok
2024-02-26,2023,Premier League,West Ham,Brentford,4 - 2,2 - 1,1,6,Evet
2024-03-02,2023,Premier League,Newcastle,Wolves,3 - 0,2 - 0,1,3,Yok
2024-03-02,2023,Premier League,Fulham,Brighton,3 - 0,2 - 0,1,3,Yok
2024-03-02,2023,Premier League,Everton,West Ham,1 - 3,0 - 0,2,4,Evet
2024-03-02,2023,Premier League,Tottenham,Crystal Palace,3 - 1,0 - 0,1,4,Evet
2024-03-02,2023,Premier League,Brentford,Chelsea,2 - 2,0 - 1,X,4,Evet
2024-03-02,2023,Premier League,Nottingham Forest,Liverpool,0 - 1,0 - 0,2,1,Yok
2024-03-02,2023,Premier League,Luton,Aston Villa,2 - 3,0 - 2,2,5,Evet
2024-03-03,2023,Premier League,Burnley,Bournemouth,0 - 2,0 - 1,2,2,Yok
2024-03-03,2023,Premier League,Manchester City,Manchester United,3 - 1,0 - 1,1,4,Evet
2024-03-04,2023,Premier League,Sheffield Utd,Arsenal,0 - 6,0 - 5,2,6,Yok
2024-03-09,2023,Premier League,Manchester United,Everton,2 - 0,2 - 0,1,2,Yok
2024-03-09,2023,Premier League,Bournemouth,Sheffield Utd,2 - 2,0 - 1,X,4,Evet
2024-03-09,2023,Premier League,Wolves,Fulham,2 - 1,0 - 0,1,3,Evet
2024-03-09,2023,Premier League,Crystal Palace,Luton,1 - 1,1 - 0,X,2,Evet
2024-03-09,2023,Premier League,Arsenal,Brentford,2 - 1,1 - 1,1,3,Evet
2024-03-10,2023,Premier League,Aston Villa,Tottenham,0 - 4,0 - 0,2,4,Yok
2024-03-10,2023,Premier League,West Ham,Burnley,2 - 2,0 - 2,X,4,Evet
2024-03-10,2023,Premier League,Brighton,Nottingham Forest,1 - 0,1 - 0,1,1,Yok
2024-03-10,2023,Premier League,Liverpool,Manchester City,1 - 1,0 - 1,X,2,Evet
2024-03-11,2023,Premier League,Chelsea,Newcastle,3 - 2,1 - 1,1,5,Evet
2024-03-13,2023,Premier League,Bournemouth,Luton,4 - 3,0 - 3,1,7,Evet
2024-03-16,2023,Premier League,Burnley,Brentford,2 - 1,1 - 0,1,3,Evet
2024-03-16,2023,Premier League,Luton,Nottingham Forest,1 - 1,0 - 1,X,2,Evet
2024-03-16,2023,Premier League,Fulham,Tottenham,3 - 0,1 - 0,1,3,Yok
2024-03-17,2023,Premier League,West Ham,Aston Villa,1 - 1,1 - 0,X,2,Evet
2024-03-30,2023,Premier League,Newcastle,West Ham,4 - 3,1 - 2,1,7,Evet
2024-03-30,2023,Premier League,Bournemouth,Everton,2 - 1,0 - 0,1,3,Evet
2024-03-30,2023,Premier League,Tottenham,Luton,2 - 1,0 - 1,1,3,Evet
2024-03-30,2023,Premier League,Chelsea,Burnley,2 - 2,1 - 0,X,4,Evet
2024-03-30,2023,Premier League,Sheffield Utd,Fulham,3 - 3,0 - 0,X,6,Evet
2024-03-30,2023,Premier League,Nottingham Forest,Crystal Palace,1 - 1,0 - 1,X,2,Evet
2024-03-30,2023,Premier League,Aston Villa,Wolves,2 - 0,1 - 0,1,2,Yok
2024-03-30,2023,Premier League,Brentford,Manchester United,1 - 1,0 - 0,X,2,Evet
2024-03-31,2023,Premier League,Liverpool,Brighton,2 - 1,1 - 1,1,3,Evet
2024-03-31,2023,Premier League,Manchester City,Arsenal,0 - 0,0 - 0,X,0,Yok
2024-04-02,2023,Premier League,Newcastle,Everton,1 - 1,1 - 0,X,2,Evet
2024-04-02,2023,Premier League,Nottingham Forest,Fulham,3 - 1,3 - 0,1,4,Evet
2024-04-02,2023,Premier League,Bournemouth,Crystal Palace,1 - 0,0 - 0,1,1,Yok
2024-04-02,2023,Premier League,Burnley,Wolves,1 - 1,1 - 1,X,2,Evet
2024-04-02,2023,Premier League,West Ham,Tottenham,1 - 1,1 - 1,X,2,Evet
2024-04-03,2023,Premier League,Arsenal,Luton,2 - 0,2 - 0,1,2,Yok
2024-04-03,2023,Premier League,Brentford,Brighton,0 - 0,0 - 0,X,0,Yok
2024-04-03,2023,Premier League,Manchester City,Aston Villa,4 - 1,2 - 1,1,5,Evet
2024-04-04,2023,Premier League,Liverpool,Sheffield Utd,3 - 1,1 - 0,1,4,Evet
2024-04-04,2023,Premier League,Chelsea,Manchester United,4 - 3,2 - 2,1,7,Evet
2024-04-06,2023,Premier League,Crystal Palace,Manchester City,2 - 4,1 - 1,2,6,Evet
2024-04-06,2023,Premier League,Fulham,Newcastle,0 - 1,0 - 0,2,1,Yok
2024-04-06,2023,Premier League,Wolves,West Ham,1 - 2,1 - 0,2,3,Evet
2024-04-06,2023,Premier League,Everton,Burnley,1 - 0,1 - 0,1,1,Yok
2024-04-06,2023,Premier League,Aston Villa,Brentford,3 - 3,1 - 0,X,6,Evet
2024-04-06,2023,Premier League,Luton,Bournemouth,2 - 1,0 - 0,1,3,Evet
2024-04-06,2023,Premier League,Brighton,Arsenal,0 - 3,0 - 1,2,3,Yok
2024-04-07,2023,Premier League,Manchester United,Liverpool,2 - 2,0 - 1,X,4,Evet
2024-04-07,2023,Premier League,Sheffield Utd,Chelsea,2 - 2,1 - 1,X,4,Evet
2024-04-07,2023,Premier League,Tottenham,Nottingham Forest,3 - 1,1 - 1,1,4,Evet
2024-04-13,2023,Premier League,Newcastle,Tottenham,4 - 0,2 - 0,1,4,Yok
2024-04-13,2023,Premier League,Burnley,Brighton,1 - 1,0 - 0,X,2,Evet
2024-04-13,2023,Premier League,Manchester City,Luton,5 - 1,1 - 0,1,6,Evet
2024-04-13,2023,Premier League,Brentford,Sheffield Utd,2 - 0,0 - 0,1,2,Yok
2024-04-13,2023,Premier League,Nottingham Forest,Wolves,2 - 2,1 - 1,X,4,Evet
2024-04-13,2023,Premier League,Bournemouth,Manchester United,2 - 2,2 - 1,X,4,Evet
2024-04-14,2023,Premier League,Liverpool,Crystal Palace,0 - 1,0 - 1,2,1,Yok
2024-04-14,2023,Premier League,West Ham,Fulham,0 - 2,0 - 1,2,2,Yok
2024-04-14,2023,Premier League,Arsenal,Aston Villa,0 - 2,0 - 0,2,2,Yok
2024-04-15,2023,Premier League,Chelsea,Everton,6 - 0,4 - 0,1,6,Yok
2024-04-20,2023,Premier League,Sheffield Utd,Burnley,1 - 4,0 - 2,2,5,Evet
2024-04-20,2023,Premier League,Luton,Brentford,1 - 5,0 - 2,2,6,Evet
2024-04-20,2023,Premier League,Wolves,Arsenal,0 - 2,0 - 1,2,2,Yok
2024-04-21,2023,Premier League,Everton,Nottingham Forest,2 - 0,1 - 0,1,2,Yok
2024-04-21,2023,Premier League,Crystal Palace,West Ham,5 - 2,4 - 1,1,7,Evet
2024-04-21,2023,Premier League,Aston Villa,Bournemouth,3 - 1,1 - 1,1,4,Evet
2024-04-21,2023,Premier League,Fulham,Liverpool,1 - 3,1 - 1,2,4,Evet
2024-04-23,2023,Premier League,Arsenal,Chelsea,5 - 0,1 - 0,1,5,Yok
2024-04-24,2023,Premier League,Wolves,Bournemouth,0 - 1,0 - 1,2,1,Yok
2024-04-24,2023,Premier League,Manchester United,Sheffield Utd,4 - 2,1 - 1,1,6,Evet
2024-04-24,2023,Premier League,Everton,Liverpool,2 - 0,1 - 0,1,2,Yok
2024-04-24,2023,Premier League,Crystal Palace,Newcastle,2 - 0,0 - 0,1,2,Yok
2024-04-25,2023,Premier League,Brighton,Manchester City,0 - 4,0 - 3,2,4,Yok
2024-04-27,2023,Premier League,West Ham,Liverpool,2 - 2,1 - 0,X,4,Evet
2024-04-27,2023,Premier League,Manchester United,Burnley,1 - 1,0 - 0,X,2,Evet
2024-04-27,2023,Premier League,Newcastle,Sheffield Utd,5 - 1,1 - 1,1,6,Evet
2024-04-27,2023,Premier League,Fulham,Crystal Palace,1 - 1,0 - 0,X,2,Evet
2024-04-27,2023,Premier League,Wolves,Luton,2 - 1,1 - 0,1,3,Evet
2024-04-27,2023,Premier League,Everton,Brentford,1 - 0,0 - 0,1,1,Yok
2024-04-27,2023,Premier League,Aston Villa,Chelsea,2 - 2,2 - 0,X,4,Evet
2024-04-28,2023,Premier League,Bournemouth,Brighton,3 - 0,1 - 0,1,3,Yok
2024-04-28,2023,Premier League,Tottenham,Arsenal,2 - 3,0 - 3,2,5,Evet
2024-04-28,2023,Premier League,Nottingham Forest,Manchester City,0 - 2,0 - 1,2,2,Yok
2024-05-02,2023,Premier League,Chelsea,Tottenham,2 - 0,1 - 0,1,2,Yok
2024-05-03,2023,Premier League,Luton,Everton,1 - 1,1 - 1,X,2,Evet
2024-05-04,2023,Premier League,Arsenal,Bournemouth,3 - 0,1 - 0,1,3,Yok
2024-05-04,2023,Premier League,Burnley,Newcastle,1 - 4,0 - 3,2,5,Evet
2024-05-04,2023,Premier League,Brentford,Fulham,0 - 0,0 - 0,X,0,Yok
2024-05-04,2023,Premier League,Sheffield Utd,Nottingham Forest,1 - 3,1 - 1,2,4,Evet
2024-05-04,2023,Premier League,Manchester City,Wolves,5 - 1,3 - 0,1,6,Evet
2024-05-05,2023,Premier League,Chelsea,West Ham,5 - 0,3 - 0,1,5,Yok
2024-05-05,2023,Premier League,Brighton,Aston Villa,1 - 0,0 - 0,1,1,Yok
2024-05-05,2023,Premier League,Liverpool,Tottenham,4 - 2,2 - 0,1,6,Evet
2024-05-06,2023,Premier League,Crystal Palace,Manchester United,4 - 0,2 - 0,1,4,Yok
2024-05-11,2023,Premier League,Fulham,Manchester City,0 - 4,0 - 1,2,4,Yok
2024-05-11,2023,Premier League,Newcastle,Brighton,1 - 1,1 - 1,X,2,Evet
2024-05-11,2023,Premier League,Bournemouth,Brentford,1 - 2,0 - 0,2,3,Evet
2024-05-11,2023,Premier League,Wolves,Crystal Palace,1 - 3,0 - 2,2,4,Evet
2024-05-11,2023,Premier League,Everton,Sheffield Utd,1 - 0,1 - 0,1,1,Yok
2024-05-11,2023,Premier League,Tottenham,Burnley,2 - 1,1 - 1,1,3,Evet
2024-05-11,2023,Premier League,West Ham,Luton,3 - 1,0 - 1,1,4,Evet
2024-05-11,2023,Premier League,Nottingham Forest,Chelsea,2 - 3,1 - 1,2,5,Evet
2024-05-12,2023,Premier League,Manchester United,Arsenal,0 - 1,0 - 1,2,1,Yok
2024-05-13,2023,Premier League,Aston Villa,Liverpool,3 - 3,1 - 2,X,6,Evet
2024-05-14,2023,Premier League,Tottenham,Manchester City,0 - 2,0 - 0,2,2,Yok
2024-05-15,2023,Premier League,Brighton,Chelsea,1 - 2,0 - 1,2,3,Evet
2024-05-15,2023,Premier League,Manchester United,Newcastle,3 - 2,1 - 0,1,5,Evet
2024-05-19,2023,Premier League,Liverpool,Wolves,2 - 0,2 - 0,1,2,Yok
2024-05-19,2023,Premier League,Arsenal,Everton,2 - 1,1 - 1,1,3,Evet
2024-05-19,2023,Premier League,Burnley,Nottingham Forest,1 - 2,0 - 2,2,3,Evet
2024-05-19,2023,Premier League,Chelsea,Bournemouth,2 - 1,1 - 0,1,3,Evet
2024-05-19,2023,Premier League,Manchester City,West Ham,3 - 1,2 - 1,1,4,Evet
2024-05-19,2023,Premier League,Brighton,Manchester United,0 - 2,0 - 0,2,2,Yok
2024-05-19,2023,Premier League,Crystal Palace,Aston Villa,5 - 0,2 - 0,1,5,Yok
2024-05-19,2023,Premier League,Brentford,Newcastle,2 - 4,0 - 3,2,6,Evet
2024-05-19,2023,Premier League,Sheffield Utd,Tottenham,0 - 3,0 - 1,2,3,Yok
2024-05-19,2023,Premier League,Luton,Fulham,2 - 4,1 - 2,2,6,Evet
2022-08-05,2022,Premier League,Crystal Palace,Arsenal,0 - 2,0 - 1,2,2,Yok
2022-08-06,2022,Premier League,Fulham,Liverpool,2 - 2,1 - 0,X,4,Evet
2022-08-06,2022,Premier League,Newcastle,Nottingham Forest,2 - 0,0 - 0,1,2,Yok
2022-08-06,2022,Premier League,Bournemouth,Aston Villa,2 - 0,1 - 0,1,2,Yok
2022-08-06,2022,Premier League,Tottenham,Southampton,4 - 1,2 - 1,1,5,Evet
2022-08-06,2022,Premier League,Leeds,Wolves,2 - 1,1 - 1,1,3,Evet
2022-08-06,2022,Premier League,Everton,Chelsea,0 - 1,0 - 1,2,1,Yok
2022-08-07,2022,Premier League,Manchester United,Brighton,1 - 2,0 - 2,2,3,Evet
2022-08-07,2022,Premier League,Leicester,Brentford,2 - 2,1 - 0,X,4,Evet
2022-08-07,2022,Premier League,West Ham,Manchester City,0 - 2,0 - 1,2,2,Yok
2022-08-13,2022,Premier League,Aston Villa,Everton,2 - 1,1 - 0,1,3,Evet
2022-08-13,2022,Premier League,Wolves,Fulham,0 - 0,0 - 0,X,0,Yok
2022-08-13,2022,Premier League,Southampton,Leeds,2 - 2,0 - 0,X,4,Evet
2022-08-13,2022,Premier League,Arsenal,Leicester,4 - 2,2 - 0,1,6,Evet
2022-08-13,2022,Premier League,Manchester City,Bournemouth,4 - 0,3 - 0,1,4,Yok
2022-08-13,2022,Premier League,Brighton,Newcastle,0 - 0,0 - 0,X,0,Yok
2022-08-13,2022,Premier League,Brentford,Manchester United,4 - 0,4 - 0,1,4,Yok
2022-08-14,2022,Premier League,Nottingham Forest,West Ham,1 - 0,1 - 0,1,1,Yok
2022-08-14,2022,Premier League,Chelsea,Tottenham,2 - 2,1 - 0,X,4,Evet
2022-08-15,2022,Premier League,Liverpool,Crystal Palace,1 - 1,0 - 1,X,2,Evet
2022-08-20,2022,Premier League,Tottenham,Wolves,1 - 0,0 - 0,1,1,Yok
2022-08-20,2022,Premier League,Fulham,Brentford,3 - 2,2 - 1,1,5,Evet
2022-08-20,2022,Premier League,Everton,Nottingham Forest,1 - 1,0 - 0,X,2,Evet
2022-08-20,2022,Premier League,Leicester,Southampton,1 - 2,0 - 0,2,3,Evet
2022-08-20,2022,Premier League,Crystal Palace,Aston Villa,3 - 1,1 - 1,1,4,Evet
2022-08-20,2022,Premier League,Bournemouth,Arsenal,0 - 3,0 - 2,2,3,Yok
2022-08-21,2022,Premier League,West Ham,Brighton,0 - 2,0 - 1,2,2,Yok
2022-08-21,2022,Premier League,Leeds,Chelsea,3 - 0,2 - 0,1,3,Yok
2022-08-21,2022,Premier League,Newcastle,Manchester City,3 - 3,2 - 1,X,6,Evet
2022-08-22,2022,Premier League,Manchester United,Liverpool,2 - 1,1 - 0,1,3,Evet
2022-08-27,2022,Premier League,Southampton,Manchester United,0 - 1,0 - 0,2,1,Yok
2022-08-27,2022,Premier League,Liverpool,Bournemouth,9 - 0,5 - 0,1,9,Yok
2022-08-27,2022,Premier League,Chelsea,Leicester,2 - 1,0 - 0,1,3,Evet
2022-08-27,2022,Premier League,Manchester City,Crystal Palace,4 - 2,0 - 2,1,6,Evet
2022-08-27,2022,Premier League,Brighton,Leeds,1 - 0,0 - 0,1,1,Yok
2022-08-27,2022,Premier League,Brentford,Everton,1 - 1,0 - 1,X,2,Evet
2022-08-27,2022,Premier League,Arsenal,Fulham,2 - 1,0 - 0,1,3,Evet
2022-08-28,2022,Premier League,Wolves,Newcastle,1 - 1,1 - 0,X,2,Evet
2022-08-28,2022,Premier League,Aston Villa,West Ham,0 - 1,0 - 0,2,1,Yok
2022-08-28,2022,Premier League,Nottingham Forest,Tottenham,0 - 2,0 - 1,2,2,Yok
2022-08-30,2022,Premier League,Fulham,Brighton,2 - 1,0 - 0,1,3,Evet
2022-08-30,2022,Premier League,Crystal Palace,Brentford,1 - 1,0 - 0,X,2,Evet
2022-08-30,2022,Premier League,Southampton,Chelsea,2 - 1,2 - 1,1,3,Evet
2022-08-30,2022,Premier League,Leeds,Everton,1 - 1,0 - 1,X,2,Evet
2022-08-31,2022,Premier League,Bournemouth,Wolves,0 - 0,0 - 0,X,0,Yok
2022-08-31,2022,Premier League,Arsenal,Aston Villa,2 - 1,1 - 0,1,3,Evet
2022-08-31,2022,Premier League,Manchester City,Nottingham Forest,6 - 0,3 - 0,1,6,Yok
2022-08-31,2022,Premier League,West Ham,Tottenham,1 - 1,0 - 1,X,2,Evet
2022-08-31,2022,Premier League,Liverpool,Newcastle,2 - 1,0 - 1,1,3,Evet
2022-09-01,2022,Premier League,Leicester,Manchester United,0 - 1,0 - 1,2,1,Yok
2022-09-03,2022,Premier League,Everton,Liverpool,0 - 0,0 - 0,X,0,Yok
2022-09-03,2022,Premier League,Newcastle,Crystal Palace,0 - 0,0 - 0,X,0,Yok
2022-09-03,2022,Premier League,Wolves,Southampton,1 - 0,1 - 0,1,1,Yok
2022-09-03,2022,Premier League,Tottenham,Fulham,2 - 1,1 - 0,1,3,Evet
2022-09-03,2022,Premier League,Chelsea,West Ham,2 - 1,0 - 0,1,3,Evet
2022-09-03,2022,Premier League,Brentford,Leeds,5 - 2,2 - 1,1,7,Evet
2022-09-03,2022,Premier League,Nottingham Forest,Bournemouth,2 - 3,2 - 0,2,5,Evet
2022-09-03,2022,Premier League,Aston Villa,Manchester City,1 - 1,0 - 0,X,2,Evet
2022-09-04,2022,Premier League,Brighton,Leicester,5 - 2,2 - 2,1,7,Evet
2022-09-04,2022,Premier League,Manchester United,Arsenal,3 - 1,1 - 0,1,4,Evet
2022-09-16,2022,Premier League,Nottingham Forest,Fulham,2 - 3,1 - 0,2,5,Evet
2022-09-16,2022,Premier League,Aston Villa,Southampton,1 - 0,1 - 0,1,1,Yok
2022-09-17,2022,Premier League,Wolves,Manchester City,0 - 3,0 - 2,2,3,Yok
2022-09-17,2022,Premier League,Newcastle,Bournemouth,1 - 1,0 - 0,X,2,Evet
2022-09-17,2022,Premier League,Tottenham,Leicester,6 - 2,2 - 2,1,8,Evet
2022-09-18,2022,Premier League,Brentford,Arsenal,0 - 3,0 - 2,2,3,Yok
2022-09-18,2022,Premier League,Everton,West Ham,1 - 0,0 - 0,1,1,Yok
2022-10-01,2022,Premier League,Arsenal,Tottenham,3 - 1,1 - 1,1,4,Evet
2022-10-01,2022,Premier League,Bournemouth,Brentford,0 - 0,0 - 0,X,0,Yok
2022-10-01,2022,Premier League,Fulham,Newcastle,1 - 4,0 - 3,2,5,Evet
2022-10-01,2022,Premier League,Liverpool,Brighton,3 - 3,1 - 2,X,6,Evet
2022-10-01,2022,Premier League,Southampton,Everton,1 - 2,0 - 0,2,3,Evet
2022-10-01,2022,Premier League,Crystal Palace,Chelsea,1 - 2,1 - 1,2,3,Evet
2022-10-01,2022,Premier League,West Ham,Wolves,2 - 0,1 - 0,1,2,Yok
2022-10-02,2022,Premier League,Manchester City,Manchester United,6 - 3,4 - 0,1,9,Evet
2022-10-02,2022,Premier League,Leeds,Aston Villa,0 - 0,0 - 0,X,0,Yok
2022-10-03,2022,Premier League,Leicester,Nottingham Forest,4 - 0,3 - 0,1,4,Yok
2022-10-08,2022,Premier League,Newcastle,Brentford,5 - 1,2 - 0,1,6,Evet
2022-10-08,2022,Premier League,Bournemouth,Leicester,2 - 1,0 - 1,1,3,Evet
2022-10-08,2022,Premier League,Chelsea,Wolves,3 - 0,1 - 0,1,3,Yok
2022-10-08,2022,Premier League,Manchester City,Southampton,4 - 0,2 - 0,1,4,Yok
2022-10-08,2022,Premier League,Brighton,Tottenham,0 - 1,0 - 1,2,1,Yok
2022-10-09,2022,Premier League,West Ham,Fulham,3 - 1,1 - 1,1,4,Evet
2022-10-09,2022,Premier League,Crystal Palace,Leeds,2 - 1,1 - 1,1,3,Evet
2022-10-09,2022,Premier League,Arsenal,Liverpool,3 - 2,2 - 1,1,5,Evet
2022-10-09,2022,Premier League,Everton,Manchester United,1 - 2,1 - 2,2,3,Evet
2022-10-10,2022,Premier League,Nottingham Forest,Aston Villa,1 - 1,1 - 1,X,2,Evet
2022-10-14,2022,Premier League,Brentford,Brighton,2 - 0,1 - 0,1,2,Yok
2022-10-15,2022,Premier League,Leicester,Crystal Palace,0 - 0,0 - 0,X,0,Yok
2022-10-15,2022,Premier League,Fulham,Bournemouth,2 - 2,1 - 2,X,4,Evet
2022-10-15,2022,Premier League,Wolves,Nottingham Forest,1 - 0,0 - 0,1,1,Yok
2022-10-15,2022,Premier League,Tottenham,Everton,2 - 0,0 - 0,1,2,Yok
2022-10-16,2022,Premier League,Manchester United,Newcastle,0 - 0,0 - 0,X,0,Yok
2022-10-16,2022,Premier League,Southampton,West Ham,1 - 1,1 - 0,X,2,Evet
2022-10-16,2022,Premier League,Leeds,Arsenal,0 - 1,0 - 1,2,1,Yok
2022-10-16,2022,Premier League,Aston Villa,Chelsea,0 - 2,0 - 1,2,2,Yok
2022-10-16,2022,Premier League,Liverpool,Manchester City,1 - 0,0 - 0,1,1,Yok
2022-10-18,2022,Premier League,Brighton,Nottingham Forest,0 - 0,0 - 0,X,0,Yok
2022-10-18,2022,Premier League,Crystal Palace,Wolves,2 - 1,0 - 1,1,3,Evet
2022-10-19,2022,Premier League,Newcastle,Everton,1 - 0,1 - 0,1,1,Yok
2022-10-19,2022,Premier League,Bournemouth,Southampton,0 - 1,0 - 1,2,1,Yok
2022-10-19,2022,Premier League,Liverpool,West Ham,1 - 0,1 - 0,1,1,Yok
2022-10-19,2022,Premier League,Brentford,Chelsea,0 - 0,0 - 0,X,0,Yok
2022-10-19,2022,Premier League,Manchester United,Tottenham,2 - 0,0 - 0,1,2,Yok
2022-10-20,2022,Premier League,Fulham,Aston Villa,3 - 0,1 - 0,1,3,Yok
2022-10-20,2022,Premier League,Leicester,Leeds,2 - 0,2 - 0,1,2,Yok
2022-10-22,2022,Premier League,Nottingham Forest,Liverpool,1 - 0,0 - 0,1,1,Yok
2022-10-22,2022,Premier League,Everton,Crystal Palace,3 - 0,1 - 0,1,3,Yok
2022-10-22,2022,Premier League,Manchester City,Brighton,3 - 1,2 - 0,1,4,Evet
2022-10-22,2022,Premier League,Chelsea,Manchester United,1 - 1,0 - 0,X,2,Evet
2022-10-23,2022,Premier League,Wolves,Leicester,0 - 4,0 - 2,2,4,Yok
2022-10-23,2022,Premier League,Southampton,Arsenal,1 - 1,0 - 1,X,2,Evet
2022-10-23,2022,Premier League,Leeds,Fulham,2 - 3,1 - 1,2,5,Evet
2022-10-23,2022,Premier League,Aston Villa,Brentford,4 - 0,3 - 0,1,4,Yok
2022-10-23,2022,Premier League,Tottenham,Newcastle,1 - 2,0 - 2,2,3,Evet
2022-10-24,2022,Premier League,West Ham,Bournemouth,2 - 0,1 - 0,1,2,Yok
2022-10-29,2022,Premier League,Leicester,Manchester City,0 - 1,0 - 0,2,1,Yok
2022-10-29,2022,Premier League,Newcastle,Aston Villa,4 - 0,1 - 0,1,4,Yok
2022-10-29,2022,Premier League,Bournemouth,Tottenham,2 - 3,1 - 0,2,5,Evet
2022-10-29,2022,Premier League,Brighton,Chelsea,4 - 1,3 - 0,1,5,Evet
2022-10-29,2022,Premier League,Crystal Palace,Southampton,1 - 0,1 - 0,1,1,Yok
2022-10-29,2022,Premier League,Brentford,Wolves,1 - 1,0 - 0,X,2,Evet
2022-10-29,2022,Premier League,Fulham,Everton,0 - 0,0 - 0,X,0,Yok
2022-10-29,2022,Premier League,Liverpool,Leeds,1 - 2,1 - 1,2,3,Evet
2022-10-30,2022,Premier League,Arsenal,Nottingham Forest,5 - 0,1 - 0,1,5,Yok
2022-10-30,2022,Premier League,Manchester United,West Ham,1 - 0,1 - 0,1,1,Yok
2022-11-05,2022,Premier League,Wolves,Brighton,2 - 3,2 - 2,2,5,Evet
2022-11-05,2022,Premier League,Manchester City,Fulham,2 - 1,1 - 1,1,3,Evet
2022-11-05,2022,Premier League,Leeds,Bournemouth,4 - 3,1 - 2,1,7,Evet
2022-11-05,2022,Premier League,Nottingham Forest,Brentford,2 - 2,1 - 1,X,4,Evet
2022-11-05,2022,Premier League,Everton,Leicester,0 - 2,0 - 1,2,2,Yok
2022-11-06,2022,Premier League,Chelsea,Arsenal,0 - 1,0 - 0,2,1,Yok
2022-11-06,2022,Premier League,Southampton,Newcastle,1 - 4,0 - 1,2,5,Evet
2022-11-06,2022,Premier League,West Ham,Crystal Palace,1 - 2,1 - 1,2,3,Evet
2022-11-06,2022,Premier League,Aston Villa,Manchester United,3 - 1,2 - 1,1,4,Evet
2022-11-06,2022,Premier League,Tottenham,Liverpool,1 - 2,0 - 2,2,3,Evet
2022-11-12,2022,Premier League,Manchester City,Brentford,1 - 2,1 - 1,2,3,Evet
2022-11-12,2022,Premier League,Bournemouth,Everton,3 - 0,2 - 0,1,3,Yok
2022-11-12,2022,Premier League,Liverpool,Southampton,3 - 1,3 - 1,1,4,Evet
2022-11-12,2022,Premier League,Tottenham,Leeds,4 - 3,1 - 2,1,7,Evet
2022-11-12,2022,Premier League,West Ham,Leicester,0 - 2,0 - 1,2,2,Yok
2022-11-12,2022,Premier League,Nottingham Forest,Crystal Palace,1 - 0,0 - 0,1,1,Yok
2022-11-12,2022,Premier League,Newcastle,Chelsea,1 - 0,0 - 0,1,1,Yok
2022-11-12,2022,Premier League,Wolves,Arsenal,0 - 2,0 - 0,2,2,Yok
2022-11-13,2022,Premier League,Brighton,Aston Villa,1 - 2,1 - 1,2,3,Evet
2022-11-13,2022,Premier League,Fulham,Manchester United,1 - 2,0 - 1,2,3,Evet
2022-12-26,2022,Premier League,Brentford,Tottenham,2 - 2,1 - 0,X,4,Evet
2022-12-26,2022,Premier League,Southampton,Brighton,1 - 3,0 - 2,2,4,Evet
2022-12-26,2022,Premier League,Everton,Wolves,1 - 2,1 - 1,2,3,Evet
2022-12-26,2022,Premier League,Leicester,Newcastle,0 - 3,0 - 3,2,3,Yok
2022-12-26,2022,Premier League,Crystal Palace,Fulham,0 - 3,0 - 1,2,3,Yok
2022-12-26,2022,Premier League,Aston Villa,Liverpool,1 - 3,0 - 2,2,4,Evet
2022-12-26,2022,Premier League,Arsenal,West Ham,3 - 1,0 - 1,1,4,Evet
2022-12-27,2022,Premier League,Chelsea,Bournemouth,2 - 0,2 - 0,1,2,Yok
2022-12-27,2022,Premier League,Manchester United,Nottingham Forest,3 - 0,2 - 0,1,3,Yok
2022-12-28,2022,Premier League,Leeds,Manchester City,1 - 3,0 - 1,2,4,Evet
2022-12-30,2022,Premier League,West Ham,Brentford,0 - 2,0 - 2,2,2,Yok
2022-12-30,2022,Premier League,Liverpool,Leicester,2 - 1,2 - 1,1,3,Evet
2022-12-31,2022,Premier League,Wolves,Manchester United,0 - 1,0 - 0,2,1,Yok
2022-12-31,2022,Premier League,Newcastle,Leeds,0 - 0,0 - 0,X,0,Yok
2022-12-31,2022,Premier League,Bournemouth,Crystal Palace,0 - 2,0 - 2,2,2,Yok
2022-12-31,2022,Premier League,Fulham,Southampton,2 - 1,1 - 0,1,3,Evet
2022-12-31,2022,Premier League,Manchester City,Everton,1 - 1,1 - 0,X,2,Evet
2022-12-31,2022,Premier League,Brighton,Arsenal,2 - 4,0 - 2,2,6,Evet
2023-01-01,2022,Premier League,Tottenham,Aston Villa,0 - 2,0 - 0,2,2,Yok
2023-01-01,2022,Premier League,Nottingham Forest,Chelsea,1 - 1,0 - 1,X,2,Evet
2023-01-02,2022,Premier League,Brentford,Liverpool,3 - 1,2 - 0,1,4,Evet
2023-01-03,2022,Premier League,Arsenal,Newcastle,0 - 0,0 - 0,X,0,Yok
2023-01-03,2022,Premier League,Everton,Brighton,1 - 4,0 - 1,2,5,Evet
2023-01-03,2022,Premier League,Leicester,Fulham,0 - 1,0 - 1,2,1,Yok
2023-01-03,2022,Premier League,Manchester United,Bournemouth,3 - 0,1 - 0,1,3,Yok
2023-01-04,2022,Premier League,Southampton,Nottingham Forest,0 - 1,0 - 1,2,1,Yok
2023-01-04,2022,Premier League,Leeds,West Ham,2 - 2,1 - 1,X,4,Evet
2023-01-04,2022,Premier League,Crystal Palace,Tottenham,0 - 4,0 - 0,2,4,Yok
2023-01-04,2022,Premier League,Aston Villa,Wolves,1 - 1,0 - 1,X,2,Evet
2023-01-05,2022,Premier League,Chelsea,Manchester City,0 - 1,0 - 0,2,1,Yok
2023-01-12,2022,Premier League,Fulham,Chelsea,2 - 1,1 - 0,1,3,Evet
2023-01-13,2022,Premier League,Aston Villa,Leeds,2 - 1,1 - 0,1,3,Evet
2023-01-14,2022,Premier League,Manchester United,Manchester City,2 - 1,0 - 0,1,3,Evet
2023-01-14,2022,Premier League,Wolves,West Ham,1 - 0,0 - 0,1,1,Yok
2023-01-14,2022,Premier League,Everton,Southampton,1 - 2,1 - 0,2,3,Evet
2023-01-14,2022,Premier League,Brighton,Liverpool,3 - 0,0 - 0,1,3,Yok
2023-01-14,2022,Premier League,Nottingham Forest,Leicester,2 - 0,0 - 0,1,2,Yok
2023-01-14,2022,Premier League,Brentford,Bournemouth,2 - 0,1 - 0,1,2,Yok
2023-01-15,2022,Premier League,Newcastle,Fulham,1 - 0,0 - 0,1,1,Yok
2023-01-15,2022,Premier League,Chelsea,Crystal Palace,1 - 0,0 - 0,1,1,Yok
2023-01-15,2022,Premier League,Tottenham,Arsenal,0 - 2,0 - 2,2,2,Yok
2023-01-18,2022,Premier League,Crystal Palace,Manchester United,1 - 1,0 - 1,X,2,Evet
2023-01-19,2022,Premier League,Manchester City,Tottenham,4 - 2,0 - 2,1,6,Evet
2023-01-21,2022,Premier League,Liverpool,Chelsea,0 - 0,0 - 0,X,0,Yok
2023-01-21,2022,Premier League,Bournemouth,Nottingham Forest,1 - 1,1 - 0,X,2,Evet
2023-01-21,2022,Premier League,Southampton,Aston Villa,0 - 1,0 - 0,2,1,Yok
2023-01-21,2022,Premier League,Leicester,Brighton,2 - 2,1 - 1,X,4,Evet
2023-01-21,2022,Premier League,West Ham,Everton,2 - 0,2 - 0,1,2,Yok
2023-01-21,2022,Premier League,Crystal Palace,Newcastle,0 - 0,0 - 0,X,0,Yok
2023-01-22,2022,Premier League,Manchester City,Wolves,3 - 0,1 - 0,1,3,Yok
2023-01-22,2022,Premier League,Leeds,Brentford,0 - 0,0 - 0,X,0,Yok
2023-01-22,2022,Premier League,Arsenal,Manchester United,3 - 2,1 - 1,1,5,Evet
2023-01-23,2022,Premier League,Fulham,Tottenham,0 - 1,0 - 1,2,1,Yok
2023-02-03,2022,Premier League,Chelsea,Fulham,0 - 0,0 - 0,X,0,Yok
2023-02-04,2022,Premier League,Everton,Arsenal,1 - 0,0 - 0,1,1,Yok
2023-02-04,2022,Premier League,Manchester United,Crystal Palace,2 - 1,1 - 0,1,3,Evet
2023-02-04,2022,Premier League,Wolves,Liverpool,3 - 0,2 - 0,1,3,Yok
2023-02-04,2022,Premier League,Brighton,Bournemouth,1 - 0,0 - 0,1,1,Yok
2023-02-04,2022,Premier League,Brentford,Southampton,3 - 0,2 - 0,1,3,Yok
2023-02-04,2022,Premier League,Aston Villa,Leicester,2 - 4,2 - 3,2,6,Evet
2023-02-04,2022,Premier League,Newcastle,West Ham,1 - 1,1 - 1,X,2,Evet
2023-02-05,2022,Premier League,Nottingham Forest,Leeds,1 - 0,1 - 0,1,1,Yok
2023-02-05,2022,Premier League,Tottenham,Manchester City,1 - 0,1 - 0,1,1,Yok
2023-02-08,2022,Premier League,Manchester United,Leeds,2 - 2,0 - 1,X,4,Evet
2023-02-11,2022,Premier League,West Ham,Chelsea,1 - 1,1 - 1,X,2,Evet
2023-02-11,2022,Premier League,Fulham,Nottingham Forest,2 - 0,1 - 0,1,2,Yok
2023-02-11,2022,Premier League,Southampton,Wolves,1 - 2,1 - 0,2,3,Evet
2023-02-11,2022,Premier League,Arsenal,Brentford,1 - 1,0 - 0,X,2,Evet
2023-02-11,2022,Premier League,Leicester,Tottenham,4 - 1,3 - 1,1,5,Evet
2023-02-11,2022,Premier League,Crystal Palace,Brighton,1 - 1,0 - 0,X,2,Evet
2023-02-11,2022,Premier League,Bournemouth,Newcastle,1 - 1,1 - 1,X,2,Evet
2023-02-12,2022,Premier League,Leeds,Manchester United,0 - 2,0 - 0,2,2,Yok
2023-02-12,2022,Premier League,Manchester City,Aston Villa,3 - 1,3 - 0,1,4,Evet
2023-02-13,2022,Premier League,Liverpool,Everton,2 - 0,1 - 0,1,2,Yok
2023-02-15,2022,Premier League,Arsenal,Manchester City,1 - 3,1 - 1,2,4,Evet
2023-02-18,2022,Premier League,Aston Villa,Arsenal,2 - 4,2 - 1,2,6,Evet
2023-02-18,2022,Premier League,Wolves,Bournemouth,0 - 1,0 - 0,2,1,Yok
2023-02-18,2022,Premier League,Everton,Leeds,1 - 0,0 - 0,1,1,Yok
2023-02-18,2022,Premier League,Chelsea,Southampton,0 - 1,0 - 1,2,1,Yok
2023-02-18,2022,Premier League,Brighton,Fulham,0 - 1,0 - 0,2,1,Yok
2023-02-18,2022,Premier League,Brentford,Crystal Palace,1 - 1,0 - 0,X,2,Evet
2023-02-18,2022,Premier League,Nottingham Forest,Manchester City,1 - 1,0 - 1,X,2,Evet
2023-02-18,2022,Premier League,Newcastle,Liverpool,0 - 2,0 - 2,2,2,Yok
2023-02-19,2022,Premier League,Manchester United,Leicester,3 - 0,1 - 0,1,3,Yok
2023-02-19,2022,Premier League,Tottenham,West Ham,2 - 0,0 - 0,1,2,Yok
2023-02-24,2022,Premier League,Fulham,Wolves,1 - 1,0 - 1,X,2,Evet
2023-02-25,2022,Premier League,Everton,Aston Villa,0 - 2,0 - 0,2,2,Yok
2023-02-25,2022,Premier League,Leicester,Arsenal,0 - 1,0 - 0,2,1,Yok
2023-02-25,2022,Premier League,West Ham,Nottingham Forest,4 - 0,0 - 0,1,4,Yok
2023-02-25,2022,Premier League,Leeds,Southampton,1 - 0,0 - 0,1,1,Yok
2023-02-25,2022,Premier League,Bournemouth,Manchester City,1 - 4,0 - 3,2,5,Evet
2023-02-25,2022,Premier League,Crystal Palace,Liverpool,0 - 0,0 - 0,X,0,Yok
2023-02-26,2022,Premier League,Tottenham,Chelsea,2 - 0,0 - 0,1,2,Yok
2023-03-01,2022,Premier League,Arsenal,Everton,4 - 0,2 - 0,1,4,Yok
2023-03-01,2022,Premier League,Liverpool,Wolves,2 - 0,0 - 0,1,2,Yok
2023-03-04,2022,Premier League,Manchester City,Newcastle,2 - 0,1 - 0,1,2,Yok
2023-03-04,2022,Premier League,Wolves,Tottenham,1 - 0,0 - 0,1,1,Yok
2023-03-04,2022,Premier League,Arsenal,Bournemouth,3 - 2,0 - 1,1,5,Evet
2023-03-04,2022,Premier League,Chelsea,Leeds,1 - 0,0 - 0,1,1,Yok
2023-03-04,2022,Premier League,Brighton,West Ham,4 - 0,1 - 0,1,4,Yok
2023-03-04,2022,Premier League,Aston Villa,Crystal Palace,1 - 0,1 - 0,1,1,Yok
2023-03-04,2022,Premier League,Southampton,Leicester,1 - 0,1 - 0,1,1,Yok
2023-03-05,2022,Premier League,Nottingham Forest,Everton,2 - 2,1 - 2,X,4,Evet
2023-03-05,2022,Premier League,Liverpool,Manchester United,7 - 0,1 - 0,1,7,Yok
2023-03-06,2022,Premier League,Brentford,Fulham,3 - 2,1 - 1,1,5,Evet
2023-03-11,2022,Premier League,Bournemouth,Liverpool,1 - 0,1 - 0,1,1,Yok
2023-03-11,2022,Premier League,Everton,Brentford,1 - 0,1 - 0,1,1,Yok
2023-03-11,2022,Premier League,Leicester,Chelsea,1 - 3,1 - 2,2,4,Evet
2023-03-11,2022,Premier League,Tottenham,Nottingham Forest,3 - 1,2 - 0,1,4,Evet
2023-03-11,2022,Premier League,Leeds,Brighton,2 - 2,1 - 1,X,4,Evet
2023-03-11,2022,Premier League,Crystal Palace,Manchester City,0 - 1,0 - 0,2,1,Yok
2023-03-12,2022,Premier League,Manchester United,Southampton,0 - 0,0 - 0,X,0,Yok
2023-03-12,2022,Premier League,Fulham,Arsenal,0 - 3,0 - 3,2,3,Yok
2023-03-12,2022,Premier League,West Ham,Aston Villa,1 - 1,1 - 1,X,2,Evet
2023-03-12,2022,Premier League,Newcastle,Wolves,2 - 1,1 - 0,1,3,Evet
2023-03-15,2022,Premier League,Southampton,Brentford,0 - 2,0 - 1,2,2,Yok
2023-03-15,2022,Premier League,Brighton,Crystal Palace,1 - 0,1 - 0,1,1,Yok
2023-03-17,2022,Premier League,Nottingham Forest,Newcastle,1 - 2,1 - 1,2,3,Evet
2023-03-18,2022,Premier League,Wolves,Leeds,2 - 4,0 - 1,2,6,Evet
2023-03-18,2022,Premier League,Southampton,Tottenham,3 - 3,0 - 1,X,6,Evet
2023-03-18,2022,Premier League,Brentford,Leicester,1 - 1,1 - 0,X,2,Evet
2023-03-18,2022,Premier League,Aston Villa,Bournemouth,3 - 0,1 - 0,1,3,Yok
2023-03-18,2022,Premier League,Chelsea,Everton,2 - 2,0 - 0,X,4,Evet
2023-03-19,2022,Premier League,Arsenal,Crystal Palace,4 - 1,2 - 0,1,5,Evet
2023-04-01,2022,Premier League,Manchester City,Liverpool,4 - 1,1 - 1,1,5,Evet
2023-04-01,2022,Premier League,Bournemouth,Fulham,2 - 1,0 - 1,1,3,Evet
2023-04-01,2022,Premier League,Arsenal,Leeds,4 - 1,1 - 0,1,5,Evet
2023-04-01,2022,Premier League,Brighton,Brentford,3 - 3,2 - 2,X,6,Evet
2023-04-01,2022,Premier League,Crystal Palace,Leicester,2 - 1,0 - 0,1,3,Evet
2023-04-01,2022,Premier League,Nottingham Forest,Wolves,1 - 1,1 - 0,X,2,Evet
2023-04-01,2022,Premier League,Chelsea,Aston Villa,0 - 2,0 - 1,2,2,Yok
2023-04-02,2022,Premier League,West Ham,Southampton,1 - 0,1 - 0,1,1,Yok
2023-04-02,2022,Premier League,Newcastle,Manchester United,2 - 0,0 - 0,1,2,Yok
2023-04-03,2022,Premier League,Everton,Tottenham,1 - 1,0 - 0,X,2,Evet
2023-04-04,2022,Premier League,Bournemouth,Brighton,0 - 2,0 - 1,2,2,Yok
2023-04-04,2022,Premier League,Leicester,Aston Villa,1 - 2,1 - 1,2,3,Evet
2023-04-04,2022,Premier League,Leeds,Nottingham Forest,2 - 1,2 - 1,1,3,Evet
2023-04-04,2022,Premier League,Chelsea,Liverpool,0 - 0,0 - 0,X,0,Yok
2023-04-05,2022,Premier League,Manchester United,Brentford,1 - 0,1 - 0,1,1,Yok
2023-04-05,2022,Premier League,West Ham,Newcastle,1 - 5,1 - 2,2,6,Evet
2023-04-08,2022,Premier League,Manchester United,Everton,2 - 0,1 - 0,1,2,Yok
2023-04-08,2022,Premier League,Fulham,West Ham,0 - 1,0 - 1,2,1,Yok
2023-04-08,2022,Premier League,Wolves,Chelsea,1 - 0,1 - 0,1,1,Yok
2023-04-08,2022,Premier League,Leicester,Bournemouth,0 - 1,0 - 1,2,1,Yok
2023-04-08,2022,Premier League,Tottenham,Brighton,2 - 1,1 - 1,1,3,Evet
2023-04-08,2022,Premier League,Brentford,Newcastle,1 - 2,1 - 0,2,3,Evet
2023-04-08,2022,Premier League,Aston Villa,Nottingham Forest,2 - 0,0 - 0,1,2,Yok
2023-04-08,2022,Premier League,Southampton,Manchester City,1 - 4,0 - 1,2,5,Evet
2023-04-09,2022,Premier League,Leeds,Crystal Palace,1 - 5,1 - 1,2,6,Evet
2023-04-09,2022,Premier League,Liverpool,Arsenal,2 - 2,1 - 2,X,4,Evet
2023-04-15,2022,Premier League,Aston Villa,Newcastle,3 - 0,1 - 0,1,3,Yok
2023-04-15,2022,Premier League,Wolves,Brentford,2 - 0,1 - 0,1,2,Yok
2023-04-15,2022,Premier League,Southampton,Crystal Palace,0 - 2,0 - 0,2,2,Yok
2023-04-15,2022,Premier League,Everton,Fulham,1 - 3,1 - 1,2,4,Evet
2023-04-15,2022,Premier League,Chelsea,Brighton,1 - 2,1 - 1,2,3,Evet
2023-04-15,2022,Premier League,Tottenham,Bournemouth,2 - 3,1 - 1,2,5,Evet
2023-04-15,2022,Premier League,Manchester City,Leicester,3 - 1,3 - 0,1,4,Evet
2023-04-16,2022,Premier League,West Ham,Arsenal,2 - 2,1 - 2,X,4,Evet
2023-04-16,2022,Premier League,Nottingham Forest,Manchester United,0 - 2,0 - 1,2,2,Yok
2023-04-17,2022,Premier League,Leeds,Liverpool,1 - 6,0 - 2,2,7,Evet
2023-04-21,2022,Premier League,Arsenal,Southampton,3 - 3,1 - 2,X,6,Evet
2023-04-22,2022,Premier League,Fulham,Leeds,2 - 1,0 - 0,1,3,Evet
2023-04-22,2022,Premier League,Liverpool,Nottingham Forest,3 - 2,0 - 0,1,5,Evet
2023-04-22,2022,Premier League,Leicester,Wolves,2 - 1,1 - 1,1,3,Evet
2023-04-22,2022,Premier League,Crystal Palace,Everton,0 - 0,0 - 0,X,0,Yok
2023-04-22,2022,Premier League,Brentford,Aston Villa,1 - 1,0 - 0,X,2,Evet
2023-04-23,2022,Premier League,Newcastle,Tottenham,6 - 1,5 - 0,1,7,Evet
2023-04-23,2022,Premier League,Bournemouth,West Ham,0 - 4,0 - 3,2,4,Yok
2023-04-25,2022,Premier League,Wolves,Crystal Palace,2 - 0,1 - 0,1,2,Yok
2023-04-25,2022,Premier League,Aston Villa,Fulham,1 - 0,1 - 0,1,1,Yok
2023-04-25,2022,Premier League,Leeds,Leicester,1 - 1,1 - 0,X,2,Evet
2023-04-26,2022,Premier League,Nottingham Forest,Brighton,3 - 1,1 - 1,1,4,Evet
2023-04-26,2022,Premier League,West Ham,Liverpool,1 - 2,1 - 1,2,3,Evet
2023-04-26,2022,Premier League,Chelsea,Brentford,0 - 2,0 - 1,2,2,Yok
2023-04-26,2022,Premier League,Manchester City,Arsenal,4 - 1,2 - 0,1,5,Evet
2023-04-27,2022,Premier League,Southampton,Bournemouth,0 - 1,0 - 0,2,1,Yok
2023-04-27,2022,Premier League,Everton,Newcastle,1 - 4,0 - 1,2,5,Evet
2023-04-27,2022,Premier League,Tottenham,Manchester United,2 - 2,0 - 2,X,4,Evet
2023-04-29,2022,Premier League,Crystal Palace,West Ham,4 - 3,3 - 2,1,7,Evet
2023-04-29,2022,Premier League,Brighton,Wolves,6 - 0,4 - 0,1,6,Yok
2023-04-29,2022,Premier League,Brentford,Nottingham Forest,2 - 1,0 - 1,1,3,Evet
2023-04-30,2022,Premier League,Manchester United,Aston Villa,1 - 0,1 - 0,1,1,Yok
2023-04-30,2022,Premier League,Newcastle,Southampton,3 - 1,0 - 1,1,4,Evet
2023-04-30,2022,Premier League,Bournemouth,Leeds,4 - 1,2 - 1,1,5,Evet
2023-04-30,2022,Premier League,Fulham,Manchester City,1 - 2,1 - 2,2,3,Evet
2023-04-30,2022,Premier League,Liverpool,Tottenham,4 - 3,3 - 1,1,7,Evet
2023-05-01,2022,Premier League,Leicester,Everton,2 - 2,2 - 1,X,4,Evet
2023-05-02,2022,Premier League,Arsenal,Chelsea,3 - 1,3 - 0,1,4,Evet
2023-05-03,2022,Premier League,Liverpool,Fulham,1 - 0,1 - 0,1,1,Yok
2023-05-03,2022,Premier League,Manchester City,West Ham,3 - 0,0 - 0,1,3,Yok
2023-05-04,2022,Premier League,Brighton,Manchester United,1 - 0,0 - 0,1,1,Yok
2023-05-06,2022,Premier League,Bournemouth,Chelsea,1 - 3,1 - 1,2,4,Evet
2023-05-06,2022,Premier League,Wolves,Aston Villa,1 - 0,1 - 0,1,1,Yok
2023-05-06,2022,Premier League,Tottenham,Crystal Palace,1 - 0,1 - 0,1,1,Yok
2023-05-06,2022,Premier League,Manchester City,Leeds,2 - 1,2 - 0,1,3,Evet
2023-05-06,2022,Premier League,Liverpool,Brentford,1 - 0,1 - 0,1,1,Yok
2023-05-07,2022,Premier League,Newcastle,Arsenal,0 - 2,0 - 1,2,2,Yok
2023-05-07,2022,Premier League,West Ham,Manchester United,1 - 0,1 - 0,1,1,Yok
2023-05-08,2022,Premier League,Fulham,Leicester,5 - 3,3 - 0,1,8,Evet
2023-05-08,2022,Premier League,Brighton,Everton,1 - 5,0 - 3,2,6,Evet
2023-05-08,2022,Premier League,Nottingham Forest,Southampton,4 - 3,3 - 1,1,7,Evet
2023-05-13,2022,Premier League,Leeds,Newcastle,2 - 2,1 - 1,X,4,Evet
2023-05-13,2022,Premier League,Manchester United,Wolves,2 - 0,1 - 0,1,2,Yok
2023-05-13,2022,Premier League,Southampton,Fulham,0 - 2,0 - 0,2,2,Yok
2023-05-13,2022,Premier League,Chelsea,Nottingham Forest,2 - 2,0 - 1,X,4,Evet
2023-05-13,2022,Premier League,Crystal Palace,Bournemouth,2 - 0,1 - 0,1,2,Yok
2023-05-13,2022,Premier League,Aston Villa,Tottenham,2 - 1,1 - 0,1,3,Evet
2023-05-14,2022,Premier League,Everton,Manchester City,0 - 3,0 - 2,2,3,Yok
2023-05-14,2022,Premier League,Brentford,West Ham,2 - 0,2 - 0,1,2,Yok
2023-05-14,2022,Premier League,Arsenal,Brighton,0 - 3,0 - 0,2,3,Yok
2023-05-15,2022,Premier League,Leicester,Liverpool,0 - 3,0 - 2,2,3,Yok
2023-05-18,2022,Premier League,Newcastle,Brighton,4 - 1,2 - 0,1,5,Evet
2023-05-20,2022,Premier League,Tottenham,Brentford,1 - 3,1 - 0,2,4,Evet
2023-05-20,2022,Premier League,Bournemouth,Manchester United,0 - 1,0 - 1,2,1,Yok
2023-05-20,2022,Premier League,Fulham,Crystal Palace,2 - 2,1 - 1,X,4,Evet
2023-05-20,2022,Premier League,Wolves,Everton,1 - 1,1 - 0,X,2,Evet
2023-05-20,2022,Premier League,Liverpool,Aston Villa,1 - 1,0 - 1,X,2,Evet
2023-05-20,2022,Premier League,Nottingham Forest,Arsenal,1 - 0,1 - 0,1,1,Yok
2023-05-21,2022,Premier League,West Ham,Leeds,3 - 1,1 - 1,1,4,Evet
2023-05-21,2022,Premier League,Brighton,Southampton,3 - 1,2 - 0,1,4,Evet
2023-05-21,2022,Premier League,Manchester City,Chelsea,1 - 0,1 - 0,1,1,Yok
2023-05-22,2022,Premier League,Newcastle,Leicester,0 - 0,0 - 0,X,0,Yok
2023-05-24,2022,Premier League,Brighton,Manchester City,1 - 1,1 - 1,X,2,Evet
2023-05-25,2022,Premier League,Manchester United,Chelsea,4 - 1,2 - 0,1,5,Evet
2023-05-28,2022,Premier League,Manchester United,Fulham,2 - 1,1 - 1,1,3,Evet
2023-05-28,2022,Premier League,Southampton,Liverpool,4 - 4,2 - 2,X,8,Evet
2023-05-28,2022,Premier League,Arsenal,Wolves,5 - 0,3 - 0,1,5,Yok
2023-05-28,2022,Premier League,Everton,Bournemouth,1 - 0,0 - 0,1,1,Yok
2023-05-28,2022,Premier League,Leicester,West Ham,2 - 1,1 - 0,1,3,Evet
2023-05-28,2022,Premier League,Chelsea,Newcastle,1 - 1,1 - 1,X,2,Evet
2023-05-28,2022,Premier League,Crystal Palace,Nottingham Forest,1 - 1,0 - 1,X,2,Evet
2023-05-28,2022,Premier League,Brentford,Manchester City,1 - 0,0 - 0,1,1,Yok
2023-05-28,2022,Premier League,Leeds,Tottenham,1 - 4,0 - 1,2,5,Evet
2023-05-28,2022,Premier League,Aston Villa,Brighton,2 - 1,2 - 1,1,3,Evet
2021-08-13,2021,Premier League,Brentford,Arsenal,2 - 0,1 - 0,1,2,Yok
2021-08-14,2021,Premier League,Manchester United,Leeds,5 - 1,1 - 0,1,6,Evet
2021-08-14,2021,Premier League,Watford,Aston Villa,3 - 2,2 - 0,1,5,Evet
2021-08-14,2021,Premier League,Burnley,Brighton,1 - 2,1 - 0,2,3,Evet
2021-08-14,2021,Premier League,Everton,Southampton,3 - 1,0 - 1,1,4,Evet
2021-08-14,2021,Premier League,Leicester,Wolves,1 - 0,1 - 0,1,1,Yok
2021-08-14,2021,Premier League,Chelsea,Crystal Palace,3 - 0,2 - 0,1,3,Yok
2021-08-14,2021,Premier League,Norwich,Liverpool,0 - 3,0 - 1,2,3,Yok
2021-08-15,2021,Premier League,Newcastle,West Ham,2 - 4,2 - 1,2,6,Evet
2021-08-15,2021,Premier League,Tottenham,Manchester City,1 - 0,0 - 0,1,1,Yok
2021-08-21,2021,Premier League,Liverpool,Burnley,2 - 0,1 - 0,1,2,Yok
2021-08-21,2021,Premier League,Manchester City,Norwich,5 - 0,2 - 0,1,5,Yok
2021-08-21,2021,Premier League,Crystal Palace,Brentford,0 - 0,0 - 0,X,0,Yok
2021-08-21,2021,Premier League,Leeds,Everton,2 - 2,1 - 1,X,4,Evet
2021-08-21,2021,Premier League,Aston Villa,Newcastle,2 - 0,1 - 0,1,2,Yok
2021-08-21,2021,Premier League,Brighton,Watford,2 - 0,2 - 0,1,2,Yok
2021-08-22,2021,Premier League,Wolves,Tottenham,0 - 1,0 - 1,2,1,Yok
2021-08-22,2021,Premier League,Southampton,Manchester United,1 - 1,1 - 0,X,2,Evet
2021-08-22,2021,Premier League,Arsenal,Chelsea,0 - 2,0 - 2,2,2,Yok
2021-08-23,2021,Premier League,West Ham,Leicester,4 - 1,1 - 0,1,5,Evet
2021-08-28,2021,Premier League,Manchester City,Arsenal,5 - 0,3 - 0,1,5,Yok
2021-08-28,2021,Premier League,Newcastle,Southampton,2 - 2,0 - 0,X,4,Evet
2021-08-28,2021,Premier League,West Ham,Crystal Palace,2 - 2,1 - 0,X,4,Evet
2021-08-28,2021,Premier League,Brighton,Everton,0 - 2,0 - 1,2,2,Yok
2021-08-28,2021,Premier League,Aston Villa,Brentford,1 - 1,1 - 1,X,2,Evet
2021-08-28,2021,Premier League,Norwich,Leicester,1 - 2,1 - 1,2,3,Evet
2021-08-28,2021,Premier League,Liverpool,Chelsea,1 - 1,1 - 1,X,2,Evet
2021-08-29,2021,Premier League,Burnley,Leeds,1 - 1,0 - 0,X,2,Evet
2021-08-29,2021,Premier League,Tottenham,Watford,1 - 0,1 - 0,1,1,Yok
2021-08-29,2021,Premier League,Wolves,Manchester United,0 - 1,0 - 0,2,1,Yok
2021-09-11,2021,Premier League,Crystal Palace,Tottenham,3 - 0,0 - 0,1,3,Yok
2021-09-11,2021,Premier League,Manchester United,Newcastle,4 - 1,1 - 0,1,5,Evet
2021-09-11,2021,Premier League,Watford,Wolves,0 - 2,0 - 0,2,2,Yok
2021-09-11,2021,Premier League,Southampton,West Ham,0 - 0,0 - 0,X,0,Yok
2021-09-11,2021,Premier League,Arsenal,Norwich,1 - 0,0 - 0,1,1,Yok
2021-09-11,2021,Premier League,Leicester,Manchester City,0 - 1,0 - 0,2,1,Yok
2021-09-11,2021,Premier League,Brentford,Brighton,0 - 1,0 - 0,2,1,Yok
2021-09-11,2021,Premier League,Chelsea,Aston Villa,3 - 0,1 - 0,1,3,Yok
2021-09-12,2021,Premier League,Leeds,Liverpool,0 - 3,0 - 1,2,3,Yok
2021-09-13,2021,Premier League,Everton,Burnley,3 - 1,0 - 0,1,4,Evet
2021-09-17,2021,Premier League,Newcastle,Leeds,1 - 1,1 - 1,X,2,Evet
2021-09-18,2021,Premier League,Wolves,Brentford,0 - 2,0 - 2,2,2,Yok
2021-09-18,2021,Premier League,Liverpool,Crystal Palace,3 - 0,1 - 0,1,3,Yok
2021-09-18,2021,Premier League,Burnley,Arsenal,0 - 1,0 - 1,2,1,Yok
2021-09-18,2021,Premier League,Manchester City,Southampton,0 - 0,0 - 0,X,0,Yok
2021-09-18,2021,Premier League,Norwich,Watford,1 - 3,1 - 1,2,4,Evet
2021-09-18,2021,Premier League,Aston Villa,Everton,3 - 0,0 - 0,1,3,Yok
2021-09-19,2021,Premier League,West Ham,Manchester United,1 - 2,1 - 1,2,3,Evet
2021-09-19,2021,Premier League,Brighton,Leicester,2 - 1,1 - 0,1,3,Evet
2021-09-19,2021,Premier League,Tottenham,Chelsea,0 - 3,0 - 0,2,3,Yok
2021-09-25,2021,Premier League,Manchester United,Aston Villa,0 - 1,0 - 0,2,1,Yok
2021-09-25,2021,Premier League,Chelsea,Manchester City,0 - 1,0 - 0,2,1,Yok
2021-09-25,2021,Premier League,Watford,Newcastle,1 - 1,0 - 1,X,2,Evet
2021-09-25,2021,Premier League,Everton,Norwich,2 - 0,1 - 0,1,2,Yok
2021-09-25,2021,Premier League,Leicester,Burnley,2 - 2,1 - 2,X,4,Evet
2021-09-25,2021,Premier League,Leeds,West Ham,1 - 2,1 - 0,2,3,Evet
2021-09-25,2021,Premier League,Brentford,Liverpool,3 - 3,1 - 1,X,6,Evet
2021-09-26,2021,Premier League,Southampton,Wolves,0 - 1,0 - 0,2,1,Yok
2021-09-26,2021,Premier League,Arsenal,Tottenham,3 - 1,3 - 0,1,4,Evet
2021-09-27,2021,Premier League,Crystal Palace,Brighton,1 - 1,1 - 0,X,2,Evet
2021-10-02,2021,Premier League,Manchester United,Everton,1 - 1,1 - 0,X,2,Evet
2021-10-02,2021,Premier League,Wolves,Newcastle,2 - 1,1 - 1,1,3,Evet
2021-10-02,2021,Premier League,Burnley,Norwich,0 - 0,0 - 0,X,0,Yok
2021-10-02,2021,Premier League,Chelsea,Southampton,3 - 1,1 - 0,1,4,Evet
2021-10-02,2021,Premier League,Leeds,Watford,1 - 0,1 - 0,1,1,Yok
2021-10-02,2021,Premier League,Brighton,Arsenal,0 - 0,0 - 0,X,0,Yok
2021-10-03,2021,Premier League,Tottenham,Aston Villa,2 - 1,1 - 0,1,3,Evet
2021-10-03,2021,Premier League,West Ham,Brentford,1 - 2,0 - 1,2,3,Evet
2021-10-03,2021,Premier League,Crystal Palace,Leicester,2 - 2,0 - 2,X,4,Evet
2021-10-03,2021,Premier League,Liverpool,Manchester City,2 - 2,0 - 0,X,4,Evet
2021-10-16,2021,Premier League,Watford,Liverpool,0 - 5,0 - 2,2,5,Yok
2021-10-16,2021,Premier League,Southampton,Leeds,1 - 0,0 - 0,1,1,Yok
2021-10-16,2021,Premier League,Leicester,Manchester United,4 - 2,1 - 1,1,6,Evet
2021-10-16,2021,Premier League,Manchester City,Burnley,2 - 0,1 - 0,1,2,Yok
2021-10-16,2021,Premier League,Aston Villa,Wolves,2 - 3,0 - 0,2,5,Evet
2021-10-16,2021,Premier League,Norwich,Brighton,0 - 0,0 - 0,X,0,Yok
2021-10-16,2021,Premier League,Brentford,Chelsea,0 - 1,0 - 1,2,1,Yok
2021-10-17,2021,Premier League,Everton,West Ham,0 - 1,0 - 0,2,1,Yok
2021-10-17,2021,Premier League,Newcastle,Tottenham,2 - 3,1 - 3,2,5,Evet
2021-10-18,2021,Premier League,Arsenal,Crystal Palace,2 - 2,1 - 0,X,4,Evet
2021-10-22,2021,Premier League,Arsenal,Aston Villa,3 - 1,2 - 0,1,4,Evet
2021-10-23,2021,Premier League,Chelsea,Norwich,7 - 0,3 - 0,1,7,Yok
2021-10-23,2021,Premier League,Southampton,Burnley,2 - 2,1 - 1,X,4,Evet
2021-10-23,2021,Premier League,Everton,Watford,2 - 5,1 - 1,2,7,Evet
2021-10-23,2021,Premier League,Crystal Palace,Newcastle,1 - 1,0 - 0,X,2,Evet
2021-10-23,2021,Premier League,Leeds,Wolves,1 - 1,0 - 1,X,2,Evet
2021-10-23,2021,Premier League,Brighton,Manchester City,1 - 4,0 - 3,2,5,Evet
2021-10-24,2021,Premier League,West Ham,Tottenham,1 - 0,0 - 0,1,1,Yok
2021-10-24,2021,Premier League,Brentford,Leicester,1 - 2,0 - 1,2,3,Evet
2021-10-24,2021,Premier League,Manchester United,Liverpool,0 - 5,0 - 4,2,5,Yok
2021-10-30,2021,Premier League,Leicester,Arsenal,0 - 2,0 - 2,2,2,Yok
2021-10-30,2021,Premier League,Newcastle,Chelsea,0 - 3,0 - 0,2,3,Yok
2021-10-30,2021,Premier League,Watford,Southampton,0 - 1,0 - 1,2,1,Yok
2021-10-30,2021,Premier League,Liverpool,Brighton,2 - 2,2 - 1,X,4,Evet
2021-10-30,2021,Premier League,Burnley,Brentford,3 - 1,3 - 0,1,4,Evet
2021-10-30,2021,Premier League,Manchester City,Crystal Palace,0 - 2,0 - 1,2,2,Yok
2021-10-30,2021,Premier League,Tottenham,Manchester United,0 - 3,0 - 1,2,3,Yok
2021-10-31,2021,Premier League,Norwich,Leeds,1 - 2,0 - 0,2,3,Evet
2021-10-31,2021,Premier League,Aston Villa,West Ham,1 - 4,1 - 2,2,5,Evet
2021-11-01,2021,Premier League,Wolves,Everton,2 - 1,2 - 0,1,3,Evet
2021-11-05,2021,Premier League,Southampton,Aston Villa,1 - 0,1 - 0,1,1,Yok
2021-11-06,2021,Premier League,Manchester United,Manchester City,0 - 2,0 - 2,2,2,Yok
2021-11-06,2021,Premier League,Chelsea,Burnley,1 - 1,1 - 0,X,2,Evet
2021-11-06,2021,Premier League,Crystal Palace,Wolves,2 - 0,0 - 0,1,2,Yok
2021-11-06,2021,Premier League,Brentford,Norwich,1 - 2,0 - 2,2,3,Evet
2021-11-06,2021,Premier League,Brighton,Newcastle,1 - 1,1 - 0,X,2,Evet
2021-11-07,2021,Premier League,Arsenal,Watford,1 - 0,0 - 0,1,1,Yok
2021-11-07,2021,Premier League,Everton,Tottenham,0 - 0,0 - 0,X,0,Yok
2021-11-07,2021,Premier League,Leeds,Leicester,1 - 1,1 - 1,X,2,Evet
2021-11-07,2021,Premier League,West Ham,Liverpool,3 - 2,1 - 1,1,5,Evet
2021-11-20,2021,Premier League,Leicester,Chelsea,0 - 3,0 - 2,2,3,Yok
2021-11-20,2021,Premier League,Newcastle,Brentford,3 - 3,2 - 2,X,6,Evet
2021-11-20,2021,Premier League,Watford,Manchester United,4 - 1,2 - 0,1,5,Evet
2021-11-20,2021,Premier League,Wolves,West Ham,1 - 0,0 - 0,1,1,Yok
2021-11-20,2021,Premier League,Burnley,Crystal Palace,3 - 3,2 - 3,X,6,Evet
2021-11-20,2021,Premier League,Aston Villa,Brighton,2 - 0,0 - 0,1,2,Yok
2021-11-20,2021,Premier League,Norwich,Southampton,2 - 1,1 - 1,1,3,Evet
2021-11-20,2021,Premier League,Liverpool,Arsenal,4 - 0,1 - 0,1,4,Yok
2021-11-21,2021,Premier League,Manchester City,Everton,3 - 0,1 - 0,1,3,Yok
2021-11-21,2021,Premier League,Tottenham,Leeds,2 - 1,0 - 1,1,3,Evet
2021-11-27,2021,Premier League,Arsenal,Newcastle,2 - 0,0 - 0,1,2,Yok
2021-11-27,2021,Premier League,Liverpool,Southampton,4 - 0,3 - 0,1,4,Yok
2021-11-27,2021,Premier League,Crystal Palace,Aston Villa,1 - 2,0 - 1,2,3,Evet
2021-11-27,2021,Premier League,Norwich,Wolves,0 - 0,0 - 0,X,0,Yok
2021-11-27,2021,Premier League,Brighton,Leeds,0 - 0,0 - 0,X,0,Yok
2021-11-28,2021,Premier League,Leicester,Watford,4 - 2,3 - 1,1,6,Evet
2021-11-28,2021,Premier League,Manchester City,West Ham,2 - 1,1 - 0,1,3,Evet
2021-11-28,2021,Premier League,Brentford,Everton,1 - 0,1 - 0,1,1,Yok
2021-11-28,2021,Premier League,Chelsea,Manchester United,1 - 1,0 - 0,X,2,Evet
2021-11-30,2021,Premier League,Newcastle,Norwich,1 - 1,0 - 0,X,2,Evet
2021-11-30,2021,Premier League,Leeds,Crystal Palace,1 - 0,0 - 0,1,1,Yok
2021-12-01,2021,Premier League,Watford,Chelsea,1 - 2,1 - 1,2,3,Evet
2021-12-01,2021,Premier League,Wolves,Burnley,0 - 0,0 - 0,X,0,Yok
2021-12-01,2021,Premier League,Southampton,Leicester,2 - 2,2 - 1,X,4,Evet
2021-12-01,2021,Premier League,West Ham,Brighton,1 - 1,1 - 0,X,2,Evet
2021-12-01,2021,Premier League,Everton,Liverpool,1 - 4,1 - 2,2,5,Evet
2021-12-01,2021,Premier League,Aston Villa,Manchester City,1 - 2,0 - 2,2,3,Evet
2021-12-02,2021,Premier League,Tottenham,Brentford,2 - 0,1 - 0,1,2,Yok
2021-12-02,2021,Premier League,Manchester United,Arsenal,3 - 2,1 - 1,1,5,Evet
2021-12-04,2021,Premier League,West Ham,Chelsea,3 - 2,1 - 2,1,5,Evet
2021-12-04,2021,Premier League,Newcastle,Burnley,1 - 0,1 - 0,1,1,Yok
2021-12-04,2021,Premier League,Wolves,Liverpool,0 - 1,0 - 0,2,1,Yok
2021-12-04,2021,Premier League,Southampton,Brighton,1 - 1,1 - 0,X,2,Evet
2021-12-04,2021,Premier League,Watford,Manchester City,1 - 3,0 - 2,2,4,Evet
2021-12-05,2021,Premier League,Manchester United,Crystal Palace,1 - 0,0 - 0,1,1,Yok
2021-12-05,2021,Premier League,Tottenham,Norwich,3 - 0,1 - 0,1,3,Yok
2021-12-05,2021,Premier League,Leeds,Brentford,2 - 2,1 - 0,X,4,Evet
2021-12-05,2021,Premier League,Aston Villa,Leicester,2 - 1,1 - 1,1,3,Evet
2021-12-06,2021,Premier League,Everton,Arsenal,2 - 1,0 - 1,1,3,Evet
2021-12-10,2021,Premier League,Brentford,Watford,2 - 1,0 - 1,1,3,Evet
2021-12-11,2021,Premier League,Manchester City,Wolves,1 - 0,0 - 0,1,1,Yok
2021-12-11,2021,Premier League,Liverpool,Aston Villa,1 - 0,0 - 0,1,1,Yok
2021-12-11,2021,Premier League,Arsenal,Southampton,3 - 0,2 - 0,1,3,Yok
2021-12-11,2021,Premier League,Chelsea,Leeds,3 - 2,1 - 1,1,5,Evet
2021-12-11,2021,Premier League,Norwich,Manchester United,0 - 1,0 - 0,2,1,Yok
2021-12-12,2021,Premier League,Burnley,West Ham,0 - 0,0 - 0,X,0,Yok
2021-12-12,2021,Premier League,Leicester,Newcastle,4 - 0,1 - 0,1,4,Yok
2021-12-12,2021,Premier League,Crystal Palace,Everton,3 - 1,1 - 0,1,4,Evet
2021-12-14,2021,Premier League,Norwich,Aston Villa,0 - 2,0 - 1,2,2,Yok
2021-12-14,2021,Premier League,Manchester City,Leeds,7 - 0,3 - 0,1,7,Yok
2021-12-15,2021,Premier League,Brighton,Wolves,0 - 1,0 - 1,2,1,Yok
2021-12-15,2021,Premier League,Crystal Palace,Southampton,2 - 2,1 - 2,X,4,Evet
2021-12-15,2021,Premier League,Arsenal,West Ham,2 - 0,0 - 0,1,2,Yok
2021-12-16,2021,Premier League,Chelsea,Everton,1 - 1,0 - 0,X,2,Evet
2021-12-16,2021,Premier League,Liverpool,Newcastle,3 - 1,2 - 1,1,4,Evet
2021-12-18,2021,Premier League,Leeds,Arsenal,1 - 4,0 - 3,2,5,Evet
2021-12-19,2021,Premier League,Newcastle,Manchester City,0 - 4,0 - 2,2,4,Yok
2021-12-19,2021,Premier League,Wolves,Chelsea,0 - 0,0 - 0,X,0,Yok
2021-12-19,2021,Premier League,Tottenham,Liverpool,2 - 2,1 - 1,X,4,Evet
2021-12-26,2021,Premier League,Tottenham,Crystal Palace,3 - 0,2 - 0,1,3,Yok
2021-12-26,2021,Premier League,West Ham,Southampton,2 - 3,0 - 1,2,5,Evet
2021-12-26,2021,Premier League,Manchester City,Leicester,6 - 3,4 - 0,1,9,Evet
2021-12-26,2021,Premier League,Norwich,Arsenal,0 - 5,0 - 2,2,5,Yok
2021-12-26,2021,Premier League,Aston Villa,Chelsea,1 - 3,1 - 1,2,4,Evet
2021-12-26,2021,Premier League,Brighton,Brentford,2 - 0,2 - 0,1,2,Yok
2021-12-27,2021,Premier League,Newcastle,Manchester United,1 - 1,1 - 0,X,2,Evet
2021-12-28,2021,Premier League,Watford,West Ham,1 - 4,1 - 2,2,5,Evet
2021-12-28,2021,Premier League,Southampton,Tottenham,1 - 1,1 - 1,X,2,Evet
2021-12-28,2021,Premier League,Crystal Palace,Norwich,3 - 0,3 - 0,1,3,Yok
2021-12-28,2021,Premier League,Leicester,Liverpool,1 - 0,0 - 0,1,1,Yok
2021-12-29,2021,Premier League,Chelsea,Brighton,1 - 1,1 - 0,X,2,Evet
2021-12-29,2021,Premier League,Brentford,Manchester City,0 - 1,0 - 1,2,1,Yok
2021-12-30,2021,Premier League,Manchester United,Burnley,3 - 1,3 - 1,1,4,Evet
2022-01-01,2021,Premier League,Arsenal,Manchester City,1 - 2,1 - 0,2,3,Evet
2022-01-01,2021,Premier League,Watford,Tottenham,0 - 1,0 - 0,2,1,Yok
2022-01-01,2021,Premier League,Crystal Palace,West Ham,2 - 3,0 - 3,2,5,Evet
2022-01-02,2021,Premier League,Everton,Brighton,2 - 3,0 - 2,2,5,Evet
2022-01-02,2021,Premier League,Brentford,Aston Villa,2 - 1,1 - 1,1,3,Evet
2022-01-02,2021,Premier League,Leeds,Burnley,3 - 1,1 - 0,1,4,Evet
2022-01-02,2021,Premier League,Chelsea,Liverpool,2 - 2,2 - 2,X,4,Evet
2022-01-03,2021,Premier League,Manchester United,Wolves,0 - 1,0 - 0,2,1,Yok
2022-01-11,2021,Premier League,Southampton,Brentford,4 - 1,2 - 1,1,5,Evet
2022-01-12,2021,Premier League,West Ham,Norwich,2 - 0,1 - 0,1,2,Yok
2022-01-14,2021,Premier League,Brighton,Crystal Palace,1 - 1,0 - 0,X,2,Evet
2022-01-15,2021,Premier League,Manchester City,Chelsea,1 - 0,0 - 0,1,1,Yok
2022-01-15,2021,Premier League,Newcastle,Watford,1 - 1,0 - 0,X,2,Evet
2022-01-15,2021,Premier League,Wolves,Southampton,3 - 1,1 - 0,1,4,Evet
2022-01-15,2021,Premier League,Norwich,Everton,2 - 1,2 - 0,1,3,Evet
2022-01-15,2021,Premier League,Aston Villa,Manchester United,2 - 2,0 - 1,X,4,Evet
2022-01-16,2021,Premier League,Liverpool,Brentford,3 - 0,1 - 0,1,3,Yok
2022-01-16,2021,Premier League,West Ham,Leeds,2 - 3,1 - 2,2,5,Evet
2022-01-18,2021,Premier League,Brighton,Chelsea,1 - 1,0 - 1,X,2,Evet
2022-01-19,2021,Premier League,Leicester,Tottenham,2 - 3,1 - 1,2,5,Evet
2022-01-19,2021,Premier League,Brentford,Manchester United,1 - 3,0 - 0,2,4,Evet
2022-01-21,2021,Premier League,Watford,Norwich,0 - 3,0 - 0,2,3,Yok
2022-01-22,2021,Premier League,Everton,Aston Villa,0 - 1,0 - 1,2,1,Yok
2022-01-22,2021,Premier League,Manchester United,West Ham,1 - 0,0 - 0,1,1,Yok
2022-01-22,2021,Premier League,Brentford,Wolves,1 - 2,0 - 0,2,3,Evet
2022-01-22,2021,Premier League,Leeds,Newcastle,0 - 1,0 - 0,2,1,Yok
2022-01-22,2021,Premier League,Southampton,Manchester City,1 - 1,1 - 0,X,2,Evet
2022-01-23,2021,Premier League,Arsenal,Burnley,0 - 0,0 - 0,X,0,Yok
2022-01-23,2021,Premier League,Leicester,Brighton,1 - 1,0 - 0,X,2,Evet
2022-01-23,2021,Premier League,Crystal Palace,Liverpool,1 - 3,0 - 2,2,4,Evet
2022-01-23,2021,Premier League,Chelsea,Tottenham,2 - 0,0 - 0,1,2,Yok
2022-02-05,2021,Premier League,Burnley,Watford,0 - 0,0 - 0,X,0,Yok
2022-02-08,2021,Premier League,Newcastle,Everton,3 - 1,1 - 1,1,4,Evet
2022-02-08,2021,Premier League,West Ham,Watford,1 - 0,0 - 0,1,1,Yok
2022-02-08,2021,Premier League,Burnley,Manchester United,1 - 1,0 - 1,X,2,Evet
2022-02-09,2021,Premier League,Tottenham,Southampton,2 - 3,1 - 1,2,5,Evet
2022-02-09,2021,Premier League,Manchester City,Brentford,2 - 0,1 - 0,1,2,Yok
2022-02-09,2021,Premier League,Norwich,Crystal Palace,1 - 1,1 - 0,X,2,Evet
2022-02-09,2021,Premier League,Aston Villa,Leeds,3 - 3,3 - 2,X,6,Evet
2022-02-10,2021,Premier League,Wolves,Arsenal,0 - 1,0 - 1,2,1,Yok
2022-02-10,2021,Premier League,Liverpool,Leicester,2 - 0,1 - 0,1,2,Yok
2022-02-12,2021,Premier League,Manchester United,Southampton,1 - 1,1 - 0,X,2,Evet
2022-02-12,2021,Premier League,Watford,Brighton,0 - 2,0 - 1,2,2,Yok
2022-02-12,2021,Premier League,Everton,Leeds,3 - 0,2 - 0,1,3,Yok
2022-02-12,2021,Premier League,Brentford,Crystal Palace,0 - 0,0 - 0,X,0,Yok
2022-02-12,2021,Premier League,Norwich,Manchester City,0 - 4,0 - 1,2,4,Yok
2022-02-13,2021,Premier League,Newcastle,Aston Villa,1 - 0,1 - 0,1,1,Yok
2022-02-13,2021,Premier League,Burnley,Liverpool,0 - 1,0 - 1,2,1,Yok
2022-02-13,2021,Premier League,Tottenham,Wolves,0 - 2,0 - 2,2,2,Yok
2022-02-13,2021,Premier League,Leicester,West Ham,2 - 2,1 - 1,X,4,Evet
2022-02-15,2021,Premier League,Manchester United,Brighton,2 - 0,0 - 0,1,2,Yok
2022-02-19,2021,Premier League,West Ham,Newcastle,1 - 1,1 - 1,X,2,Evet
2022-02-19,2021,Premier League,Liverpool,Norwich,3 - 1,0 - 0,1,4,Evet
2022-02-19,2021,Premier League,Southampton,Everton,2 - 0,0 - 0,1,2,Yok
2022-02-19,2021,Premier League,Arsenal,Brentford,2 - 1,0 - 0,1,3,Evet
2022-02-19,2021,Premier League,Brighton,Burnley,0 - 3,0 - 2,2,3,Yok
2022-02-19,2021,Premier League,Crystal Palace,Chelsea,0 - 1,0 - 0,2,1,Yok
2022-02-19,2021,Premier League,Aston Villa,Watford,0 - 1,0 - 0,2,1,Yok
2022-02-19,2021,Premier League,Manchester City,Tottenham,2 - 3,1 - 1,2,5,Evet
2022-02-20,2021,Premier League,Leeds,Manchester United,2 - 4,0 - 2,2,6,Evet
2022-02-20,2021,Premier League,Wolves,Leicester,2 - 1,1 - 1,1,3,Evet
2022-02-23,2021,Premier League,Watford,Crystal Palace,1 - 4,1 - 2,2,5,Evet
2022-02-23,2021,Premier League,Burnley,Tottenham,1 - 0,0 - 0,1,1,Yok
2022-02-23,2021,Premier League,Liverpool,Leeds,6 - 0,3 - 0,1,6,Yok
2022-02-24,2021,Premier League,Arsenal,Wolves,2 - 1,0 - 1,1,3,Evet
2022-02-25,2021,Premier League,Southampton,Norwich,2 - 0,1 - 0,1,2,Yok
2022-02-26,2021,Premier League,Leeds,Tottenham,0 - 4,0 - 3,2,4,Yok
2022-02-26,2021,Premier League,Manchester United,Watford,0 - 0,0 - 0,X,0,Yok
2022-02-26,2021,Premier League,Crystal Palace,Burnley,1 - 1,1 - 0,X,2,Evet
2022-02-26,2021,Premier League,Brentford,Newcastle,0 - 2,0 - 2,2,2,Yok
2022-02-26,2021,Premier League,Brighton,Aston Villa,0 - 2,0 - 1,2,2,Yok
2022-02-26,2021,Premier League,Everton,Manchester City,0 - 1,0 - 0,2,1,Yok
2022-02-27,2021,Premier League,West Ham,Wolves,1 - 0,0 - 0,1,1,Yok
2022-03-01,2021,Premier League,Burnley,Leicester,0 - 2,0 - 0,2,2,Yok
2022-03-05,2021,Premier League,Leicester,Leeds,1 - 0,0 - 0,1,1,Yok
2022-03-05,2021,Premier League,Newcastle,Brighton,2 - 1,2 - 0,1,3,Evet
2022-03-05,2021,Premier League,Wolves,Crystal Palace,0 - 2,0 - 2,2,2,Yok
2022-03-05,2021,Premier League,Burnley,Chelsea,0 - 4,0 - 0,2,4,Yok
2022-03-05,2021,Premier League,Aston Villa,Southampton,4 - 0,2 - 0,1,4,Yok
2022-03-05,2021,Premier League,Norwich,Brentford,1 - 3,0 - 1,2,4,Evet
2022-03-05,2021,Premier League,Liverpool,West Ham,1 - 0,1 - 0,1,1,Yok
2022-03-06,2021,Premier League,Watford,Arsenal,2 - 3,1 - 2,2,5,Evet
2022-03-06,2021,Premier League,Manchester City,Manchester United,4 - 1,2 - 1,1,5,Evet
2022-03-07,2021,Premier League,Tottenham,Everton,5 - 0,3 - 0,1,5,Yok
2022-03-10,2021,Premier League,Wolves,Watford,4 - 0,3 - 0,1,4,Yok
2022-03-10,2021,Premier League,Southampton,Newcastle,1 - 2,1 - 1,2,3,Evet
2022-03-10,2021,Premier League,Norwich,Chelsea,1 - 3,0 - 2,2,4,Evet
2022-03-10,2021,Premier League,Leeds,Aston Villa,0 - 3,0 - 1,2,3,Yok
2022-03-12,2021,Premier League,Brighton,Liverpool,0 - 2,0 - 1,2,2,Yok
2022-03-12,2021,Premier League,Brentford,Burnley,2 - 0,0 - 0,1,2,Yok
2022-03-12,2021,Premier League,Manchester United,Tottenham,3 - 2,2 - 1,1,5,Evet
2022-03-13,2021,Premier League,Southampton,Watford,1 - 2,1 - 2,2,3,Evet
2022-03-13,2021,Premier League,Everton,Wolves,0 - 1,0 - 0,2,1,Yok
2022-03-13,2021,Premier League,West Ham,Aston Villa,2 - 1,0 - 0,1,3,Evet
2022-03-13,2021,Premier League,Chelsea,Newcastle,1 - 0,0 - 0,1,1,Yok
2022-03-13,2021,Premier League,Leeds,Norwich,2 - 1,1 - 0,1,3,Evet
2022-03-13,2021,Premier League,Arsenal,Leicester,2 - 0,1 - 0,1,2,Yok
2022-03-14,2021,Premier League,Crystal Palace,Manchester City,0 - 0,0 - 0,X,0,Yok
2022-03-16,2021,Premier League,Brighton,Tottenham,0 - 2,0 - 1,2,2,Yok
2022-03-16,2021,Premier League,Arsenal,Liverpool,0 - 2,0 - 0,2,2,Yok
2022-03-17,2021,Premier League,Everton,Newcastle,1 - 0,0 - 0,1,1,Yok
2022-03-18,2021,Premier League,Wolves,Leeds,2 - 3,2 - 0,2,5,Evet
2022-03-19,2021,Premier League,Aston Villa,Arsenal,0 - 1,0 - 1,2,1,Yok
2022-03-20,2021,Premier League,Leicester,Brentford,2 - 1,2 - 0,1,3,Evet
2022-03-20,2021,Premier League,Tottenham,West Ham,3 - 1,2 - 1,1,4,Evet
2022-04-02,2021,Premier League,Liverpool,Watford,2 - 0,1 - 0,1,2,Yok
2022-04-02,2021,Premier League,Wolves,Aston Villa,2 - 1,2 - 0,1,3,Evet
2022-04-02,2021,Premier League,Burnley,Manchester City,0 - 2,0 - 2,2,2,Yok
2022-04-02,2021,Premier League,Chelsea,Brentford,1 - 4,0 - 0,2,5,Evet
2022-04-02,2021,Premier League,Brighton,Norwich,0 - 0,0 - 0,X,0,Yok
2022-04-02,2021,Premier League,Leeds,Southampton,1 - 1,1 - 0,X,2,Evet
2022-04-02,2021,Premier League,Manchester United,Leicester,1 - 1,0 - 0,X,2,Evet
2022-04-03,2021,Premier League,West Ham,Everton,2 - 1,1 - 0,1,3,Evet
2022-04-03,2021,Premier League,Tottenham,Newcastle,5 - 1,1 - 1,1,6,Evet
2022-04-04,2021,Premier League,Crystal Palace,Arsenal,3 - 0,2 - 0,1,3,Yok
2022-04-06,2021,Premier League,Burnley,Everton,3 - 2,1 - 2,1,5,Evet
2022-04-08,2021,Premier League,Newcastle,Wolves,1 - 0,0 - 0,1,1,Yok
2022-04-09,2021,Premier League,Everton,Manchester United,1 - 0,1 - 0,1,1,Yok
2022-04-09,2021,Premier League,Watford,Leeds,0 - 3,0 - 1,2,3,Yok
2022-04-09,2021,Premier League,Southampton,Chelsea,0 - 6,0 - 4,2,6,Yok
2022-04-09,2021,Premier League,Arsenal,Brighton,1 - 2,0 - 1,2,3,Evet
2022-04-09,2021,Premier League,Aston Villa,Tottenham,0 - 4,0 - 1,2,4,Yok
2022-04-10,2021,Premier League,Leicester,Crystal Palace,2 - 1,2 - 0,1,3,Evet
2022-04-10,2021,Premier League,Brentford,West Ham,2 - 0,0 - 0,1,2,Yok
2022-04-10,2021,Premier League,Norwich,Burnley,2 - 0,1 - 0,1,2,Yok
2022-04-10,2021,Premier League,Manchester City,Liverpool,2 - 2,2 - 1,X,4,Evet
2022-04-16,2021,Premier League,Tottenham,Brighton,0 - 1,0 - 0,2,1,Yok
2022-04-16,2021,Premier League,Manchester United,Norwich,3 - 2,2 - 1,1,5,Evet
2022-04-16,2021,Premier League,Watford,Brentford,1 - 2,0 - 1,2,3,Evet
2022-04-16,2021,Premier League,Southampton,Arsenal,1 - 0,1 - 0,1,1,Yok
2022-04-17,2021,Premier League,Newcastle,Leicester,2 - 1,1 - 1,1,3,Evet
2022-04-17,2021,Premier League,West Ham,Burnley,1 - 1,0 - 1,X,2,Evet
2022-04-19,2021,Premier League,Liverpool,Manchester United,4 - 0,2 - 0,1,4,Yok
2022-04-20,2021,Premier League,Newcastle,Crystal Palace,1 - 0,1 - 0,1,1,Yok
2022-04-20,2021,Premier League,Everton,Leicester,1 - 1,0 - 1,X,2,Evet
2022-04-20,2021,Premier League,Chelsea,Arsenal,2 - 4,2 - 2,2,6,Evet
2022-04-20,2021,Premier League,Manchester City,Brighton,3 - 0,0 - 0,1,3,Yok
2022-04-21,2021,Premier League,Burnley,Southampton,2 - 0,2 - 0,1,2,Yok
2022-04-23,2021,Premier League,Arsenal,Manchester United,3 - 1,2 - 1,1,4,Evet
2022-04-23,2021,Premier League,Leicester,Aston Villa,0 - 0,0 - 0,X,0,Yok
2022-04-23,2021,Premier League,Manchester City,Watford,5 - 1,3 - 1,1,6,Evet
2022-04-23,2021,Premier League,Norwich,Newcastle,0 - 3,0 - 2,2,3,Yok
2022-04-23,2021,Premier League,Brentford,Tottenham,0 - 0,0 - 0,X,0,Yok
2022-04-24,2021,Premier League,Burnley,Wolves,1 - 0,0 - 0,1,1,Yok
2022-04-24,2021,Premier League,Chelsea,West Ham,1 - 0,0 - 0,1,1,Yok
2022-04-24,2021,Premier League,Brighton,Southampton,2 - 2,2 - 1,X,4,Evet
2022-04-24,2021,Premier League,Liverpool,Everton,2 - 0,0 - 0,1,2,Yok
2022-04-25,2021,Premier League,Crystal Palace,Leeds,0 - 0,0 - 0,X,0,Yok
2022-04-28,2021,Premier League,Manchester United,Chelsea,1 - 1,0 - 0,X,2,Evet
2022-04-30,2021,Premier League,Newcastle,Liverpool,0 - 1,0 - 1,2,1,Yok
2022-04-30,2021,Premier League,Watford,Burnley,1 - 2,1 - 0,2,3,Evet
2022-04-30,2021,Premier League,Wolves,Brighton,0 - 3,0 - 1,2,3,Yok
2022-04-30,2021,Premier League,Southampton,Crystal Palace,1 - 2,1 - 0,2,3,Evet
2022-04-30,2021,Premier League,Aston Villa,Norwich,2 - 0,1 - 0,1,2,Yok
2022-04-30,2021,Premier League,Leeds,Manchester City,0 - 4,0 - 1,2,4,Yok
2022-05-01,2021,Premier League,Everton,Chelsea,1 - 0,0 - 0,1,1,Yok
2022-05-01,2021,Premier League,Tottenham,Leicester,3 - 1,1 - 0,1,4,Evet
2022-05-01,2021,Premier League,West Ham,Arsenal,1 - 2,1 - 1,2,3,Evet
2022-05-02,2021,Premier League,Manchester United,Brentford,3 - 0,1 - 0,1,3,Yok
2022-05-07,2021,Premier League,Burnley,Aston Villa,1 - 3,0 - 2,2,4,Evet
2022-05-07,2021,Premier League,Chelsea,Wolves,2 - 2,0 - 0,X,4,Evet
2022-05-07,2021,Premier League,Crystal Palace,Watford,1 - 0,1 - 0,1,1,Yok
2022-05-07,2021,Premier League,Brentford,Southampton,3 - 0,2 - 0,1,3,Yok
2022-05-07,2021,Premier League,Brighton,Manchester United,4 - 0,1 - 0,1,4,Yok
2022-05-07,2021,Premier League,Liverpool,Tottenham,1 - 1,0 - 0,X,2,Evet
2022-05-08,2021,Premier League,Arsenal,Leeds,2 - 1,2 - 0,1,3,Evet
2022-05-08,2021,Premier League,Leicester,Everton,1 - 2,1 - 2,2,3,Evet
2022-05-08,2021,Premier League,Norwich,West Ham,0 - 4,0 - 3,2,4,Yok
2022-05-08,2021,Premier League,Manchester City,Newcastle,5 - 0,2 - 0,1,5,Yok
2022-05-10,2021,Premier League,Aston Villa,Liverpool,1 - 2,1 - 1,2,3,Evet
2022-05-11,2021,Premier League,Leeds,Chelsea,0 - 3,0 - 1,2,3,Yok
2022-05-11,2021,Premier League,Watford,Everton,0 - 0,0 - 0,X,0,Yok
2022-05-11,2021,Premier League,Leicester,Norwich,3 - 0,0 - 0,1,3,Yok
2022-05-11,2021,Premier League,Wolves,Manchester City,1 - 5,1 - 3,2,6,Evet
2022-05-12,2021,Premier League,Tottenham,Arsenal,3 - 0,2 - 0,1,3,Yok
2022-05-15,2021,Premier League,Tottenham,Burnley,1 - 0,1 - 0,1,1,Yok
2022-05-15,2021,Premier League,Watford,Leicester,1 - 5,1 - 2,2,6,Evet
2022-05-15,2021,Premier League,Wolves,Norwich,1 - 1,0 - 1,X,2,Evet
2022-05-15,2021,Premier League,West Ham,Manchester City,2 - 2,2 - 0,X,4,Evet
2022-05-15,2021,Premier League,Leeds,Brighton,1 - 1,0 - 1,X,2,Evet
2022-05-15,2021,Premier League,Aston Villa,Crystal Palace,1 - 1,0 - 0,X,2,Evet
2022-05-15,2021,Premier League,Everton,Brentford,2 - 3,2 - 1,2,5,Evet
2022-05-16,2021,Premier League,Newcastle,Arsenal,2 - 0,0 - 0,1,2,Yok
2022-05-17,2021,Premier League,Southampton,Liverpool,1 - 2,1 - 1,2,3,Evet
2022-05-19,2021,Premier League,Everton,Crystal Palace,3 - 2,0 - 2,1,5,Evet
2022-05-19,2021,Premier League,Chelsea,Leicester,1 - 1,1 - 1,X,2,Evet
2022-05-19,2021,Premier League,Aston Villa,Burnley,1 - 1,0 - 1,X,2,Evet
2022-05-22,2021,Premier League,Liverpool,Wolves,3 - 1,1 - 1,1,4,Evet
2022-05-22,2021,Premier League,Arsenal,Everton,5 - 1,2 - 1,1,6,Evet
2022-05-22,2021,Premier League,Burnley,Newcastle,1 - 2,0 - 1,2,3,Evet
2022-05-22,2021,Premier League,Leicester,Southampton,4 - 1,0 - 0,1,5,Evet
2022-05-22,2021,Premier League,Chelsea,Watford,2 - 1,1 - 0,1,3,Evet
2022-05-22,2021,Premier League,Manchester City,Aston Villa,3 - 2,0 - 1,1,5,Evet
2022-05-22,2021,Premier League,Brighton,West Ham,3 - 1,0 - 1,1,4,Evet
2022-05-22,2021,Premier League,Crystal Palace,Manchester United,1 - 0,1 - 0,1,1,Yok
2022-05-22,2021,Premier League,Brentford,Leeds,1 - 2,0 - 0,2,3,Evet
2022-05-22,2021,Premier League,Norwich,Tottenham,0 - 5,0 - 2,2,5,Yok
