Tarih,Sezon,Lig,Ev Sahibi,Deplasman,MS Skor,IY Skor,MS Sonucu,Toplam Gol,KG Var
2026-08-07,2026,Jupiler Pro League,Club Brugge KV,Kortrijk,3 - 0,1 - 0,1,3,Yok
2026-08-08,2026,Jupiler Pro League,Standard Liege,Cercle Brugge,2 - 2,1 - 1,X,4,Evet
2026-08-08,2026,Jupiler Pro League,KVC Westerlo,Union St. Gilloise,1 - 5,1 - 1,2,6,Evet
2026-08-08,2026,Jupiler Pro League,St. Truiden,Lommel United,1 - 1,0 - 1,X,2,Evet
2026-08-09,2026,Jupiler Pro League,Gent,KV Mechelen,2 - 0,2 - 0,1,2,Yok
2026-08-09,2026,Jupiler Pro League,Zulte Waregem,Genk,2 - 1,0 - 1,1,3,Evet
2026-08-09,2026,Jupiler Pro League,Charleroi,OH Leuven,3 - 1,1 - 1,1,4,Evet
2026-08-09,2026,Jupiler Pro League,Anderlecht,RAAL La Louvière,2 - 1,0 - 0,1,3,Evet
2026-08-09,2026,Jupiler Pro League,Antwerp,SK Beveren,2 - 1,0 - 1,1,3,Evet
2026-08-14,2026,Jupiler Pro League,Cercle Brugge,St. Truiden,3 - 3,1 - 2,X,6,Evet
2026-08-15,2026,Jupiler Pro League,Union St. Gilloise,Zulte Waregem,0 - 0,0 - 0,X,0,Yok
2026-08-15,2026,Jupiler Pro League,Kortrijk,Antwerp,0 - 3,0 - 1,2,3,Yok
2026-08-15,2026,Jupiler Pro League,OH Leuven,Club Brugge KV,0 - 3,0 - 1,2,3,Yok
2026-08-15,2026,Jupiler Pro League,Genk,KVC Westerlo,3 - 2,2 - 2,1,5,Evet
2026-08-16,2026,Jupiler Pro League,SK Beveren,Anderlecht,1 - 0,1 - 0,1,1,Yok
2026-08-16,2026,Jupiler Pro League,RAAL La Louvière,Gent,1 - 2,1 - 1,2,3,Evet
2026-08-16,2026,Jupiler Pro League,KV Mechelen,Standard Liege,3 - 3,1 - 2,X,6,Evet
2026-08-16,2026,Jupiler Pro League,Lommel United,Charleroi,0 - 1,0 - 0,2,1,Yok
2026-08-21,2026,Jupiler Pro League,Standard Liege,RAAL La Louvière,2 - 0,0 - 0,1,2,Yok
2026-08-22,2026,Jupiler Pro League,Zulte Waregem,SK Beveren,4 - 0,2 - 0,1,4,Yok
2026-08-22,2026,Jupiler Pro League,Charleroi,KV Mechelen,2 - 0,1 - 0,1,2,Yok
2026-08-22,2026,Jupiler Pro League,Antwerp,Genk,4 - 4,1 - 1,X,8,Evet
2026-08-23,2026,Jupiler Pro League,Lommel United,KVC Westerlo,4 - 0,2 - 0,1,4,Yok
2026-08-23,2026,Jupiler Pro League,Club Brugge KV,Cercle Brugge,1 - 0,1 - 0,1,1,Yok
2026-08-28,2026,Jupiler Pro League,Genk,SK Beveren,4 - 0,3 - 0,1,4,Yok
2026-08-29,2026,Jupiler Pro League,RAAL La Louvière,KV Mechelen,2 - 2,2 - 1,X,4,Evet
2026-08-29,2026,Jupiler Pro League,Kortrijk,Charleroi,1 - 3,1 - 1,2,4,Evet
2026-08-29,2026,Jupiler Pro League,OH Leuven,Standard Liege,1 - 2,0 - 1,2,3,Evet
2026-08-29,2026,Jupiler Pro League,Cercle Brugge,Lommel United,0 - 1,0 - 0,2,1,Yok
2026-08-30,2026,Jupiler Pro League,Gent,Club Brugge KV,2 - 1,1 - 1,1,3,Evet
2026-08-30,2026,Jupiler Pro League,Antwerp,St. Truiden,1 - 4,0 - 1,2,5,Evet
2026-08-30,2026,Jupiler Pro League,Union St. Gilloise,Anderlecht,3 - 0,2 - 0,1,3,Yok
2026-08-30,2026,Jupiler Pro League,KVC Westerlo,Zulte Waregem,2 - 2,1 - 1,X,4,Evet
2026-09-02,2026,Jupiler Pro League,St. Truiden,Union St. Gilloise,0 - 3,0 - 1,2,3,Yok
2026-09-03,2026,Jupiler Pro League,Anderlecht,Kortrijk,1 - 0,1 - 0,1,1,Yok
2026-09-03,2026,Jupiler Pro League,Gent,OH Leuven,1 - 0,0 - 0,1,1,Yok
2026-09-04,2026,Jupiler Pro League,Lommel United,Club Brugge KV,0 - 1,0 - 1,2,1,Yok
2026-09-05,2026,Jupiler Pro League,Charleroi,Union St. Gilloise,2 - 3,2 - 2,2,5,Evet
2026-09-05,2026,Jupiler Pro League,KV Mechelen,KVC Westerlo,0 - 4,0 - 2,2,4,Yok
2026-09-05,2026,Jupiler Pro League,Standard Liege,Antwerp,1 - 0,0 - 0,1,1,Yok
2026-09-05,2026,Jupiler Pro League,St. Truiden,RAAL La Louvière,4 - 0,1 - 0,1,4,Yok
2026-09-06,2026,Jupiler Pro League,Cercle Brugge,Gent,0 - 3,0 - 1,2,3,Yok
2026-09-06,2026,Jupiler Pro League,Kortrijk,Zulte Waregem,0 - 2,0 - 0,2,2,Yok
2026-09-06,2026,Jupiler Pro League,Anderlecht,Genk,0 - 0,0 - 0,X,0,Yok
2026-09-06,2026,Jupiler Pro League,SK Beveren,OH Leuven,3 - 0,0 - 0,1,3,Yok
2026-09-11,2026,Jupiler Pro League,KV Mechelen,Anderlecht,0 - 1,0 - 1,2,1,Yok
2026-09-12,2026,Jupiler Pro League,SK Beveren,St. Truiden,2 - 0,0 - 0,1,2,Yok
2026-09-12,2026,Jupiler Pro League,KVC Westerlo,Standard Liege,4 - 2,1 - 0,1,6,Evet
2026-09-12,2026,Jupiler Pro League,OH Leuven,Cercle Brugge,1 - 1,1 - 0,X,2,Evet
2026-09-12,2026,Jupiler Pro League,Union St. Gilloise,Lommel United,5 - 0,2 - 0,1,5,Yok
2026-09-13,2026,Jupiler Pro League,Club Brugge KV,Antwerp,3 - 1,1 - 1,1,4,Evet
2026-09-13,2026,Jupiler Pro League,Genk,Gent,1 - 1,0 - 1,X,2,Evet
2026-09-13,2026,Jupiler Pro League,Zulte Waregem,Charleroi,0 - 1,0 - 1,2,1,Yok
2026-09-13,2026,Jupiler Pro League,RAAL La Louvière,Kortrijk,3 - 0,2 - 0,1,3,Yok
2026-09-18,2026,Jupiler Pro League,Gent,Standard Liege,2 - 1,1 - 1,1,3,Evet
2026-09-19,2026,Jupiler Pro League,OH Leuven,RAAL La Louvière,2 - 0,1 - 0,1,2,Yok
2026-09-19,2026,Jupiler Pro League,Charleroi,Cercle Brugge,3 - 2,2 - 1,1,5,Evet
2026-09-19,2026,Jupiler Pro League,Lommel United,KV Mechelen,0 - 0,0 - 0,X,0,Yok
2026-09-19,2026,Jupiler Pro League,Anderlecht,Zulte Waregem,3 - 0,1 - 0,1,3,Yok
2026-09-20,2026,Jupiler Pro League,Antwerp,Union St. Gilloise,0 - 2,0 - 0,2,2,Yok
2026-09-20,2026,Jupiler Pro League,St. Truiden,KVC Westerlo,0 - 2,0 - 1,2,2,Yok
2026-09-20,2026,Jupiler Pro League,Club Brugge KV,Genk,3 - 0,1 - 0,1,3,Yok
2026-09-20,2026,Jupiler Pro League,Kortrijk,SK Beveren,1 - 0,0 - 0,1,1,Yok
2025-07-25,2025,Jupiler Pro League,Antwerp,Union St. Gilloise,1 - 1,1 - 0,X,2,Evet
2025-07-26,2025,Jupiler Pro League,Dender,Cercle Brugge,0 - 0,0 - 0,X,0,Yok
2025-07-26,2025,Jupiler Pro League,Zulte Waregem,KV Mechelen,1 - 1,0 - 1,X,2,Evet
2025-07-26,2025,Jupiler Pro League,RAAL La Louvière,Standard Liege,0 - 2,0 - 2,2,2,Yok
2025-07-27,2025,Jupiler Pro League,Anderlecht,KVC Westerlo,5 - 2,2 - 0,1,7,Evet
2025-07-27,2025,Jupiler Pro League,OH Leuven,Charleroi,2 - 2,1 - 0,X,4,Evet
2025-07-27,2025,Jupiler Pro League,Club Brugge KV,Genk,2 - 1,0 - 1,1,3,Evet
2025-07-27,2025,Jupiler Pro League,St. Truiden,Gent,3 - 1,0 - 0,1,4,Evet
2025-08-01,2025,Jupiler Pro League,KV Mechelen,Club Brugge KV,2 - 1,1 - 0,1,3,Evet
2025-08-02,2025,Jupiler Pro League,KVC Westerlo,Zulte Waregem,3 - 1,2 - 1,1,4,Evet
2025-08-02,2025,Jupiler Pro League,Standard Liege,Dender,1 - 1,0 - 0,X,2,Evet
2025-08-02,2025,Jupiler Pro League,Gent,RAAL La Louvière,1 - 0,0 - 0,1,1,Yok
2025-08-03,2025,Jupiler Pro League,Genk,Antwerp,1 - 1,1 - 1,X,2,Evet
2025-08-03,2025,Jupiler Pro League,Cercle Brugge,Anderlecht,0 - 2,0 - 1,2,2,Yok
2025-08-03,2025,Jupiler Pro League,Union St. Gilloise,OH Leuven,5 - 0,2 - 0,1,5,Yok
2025-08-03,2025,Jupiler Pro League,Charleroi,St. Truiden,1 - 1,1 - 1,X,2,Evet
2025-08-08,2025,Jupiler Pro League,St. Truiden,Dender,2 - 0,1 - 0,1,2,Yok
2025-08-09,2025,Jupiler Pro League,Club Brugge KV,Cercle Brugge,2 - 0,0 - 0,1,2,Yok
2025-08-09,2025,Jupiler Pro League,KVC Westerlo,KV Mechelen,0 - 1,0 - 0,2,1,Yok
2025-08-09,2025,Jupiler Pro League,Gent,Union St. Gilloise,2 - 3,0 - 1,2,5,Evet
2025-08-10,2025,Jupiler Pro League,RAAL La Louvière,Charleroi,1 - 0,1 - 0,1,1,Yok
2025-08-10,2025,Jupiler Pro League,Anderlecht,Zulte Waregem,2 - 3,0 - 1,2,5,Evet
2025-08-10,2025,Jupiler Pro League,Standard Liege,Genk,2 - 1,1 - 0,1,3,Evet
2025-08-10,2025,Jupiler Pro League,Antwerp,OH Leuven,3 - 1,1 - 0,1,4,Evet
2025-08-15,2025,Jupiler Pro League,OH Leuven,Genk,1 - 2,1 - 2,2,3,Evet
2025-08-16,2025,Jupiler Pro League,Zulte Waregem,Club Brugge KV,0 - 1,0 - 0,2,1,Yok
2025-08-16,2025,Jupiler Pro League,KV Mechelen,Gent,1 - 1,1 - 0,X,2,Evet
2025-08-16,2025,Jupiler Pro League,Union St. Gilloise,Standard Liege,3 - 0,1 - 0,1,3,Yok
2025-08-17,2025,Jupiler Pro League,Dender,Anderlecht,0 - 2,0 - 0,2,2,Yok
2025-08-17,2025,Jupiler Pro League,St. Truiden,RAAL La Louvière,2 - 1,1 - 0,1,3,Evet
2025-08-17,2025,Jupiler Pro League,Charleroi,Antwerp,1 - 1,1 - 1,X,2,Evet
2025-08-17,2025,Jupiler Pro League,Cercle Brugge,KVC Westerlo,4 - 1,3 - 0,1,5,Evet
2025-08-23,2025,Jupiler Pro League,Standard Liege,Cercle Brugge,0 - 3,0 - 3,2,3,Yok
2025-08-23,2025,Jupiler Pro League,Zulte Waregem,St. Truiden,0 - 2,0 - 0,2,2,Yok
2025-08-24,2025,Jupiler Pro League,Antwerp,KV Mechelen,2 - 1,1 - 1,1,3,Evet
2025-08-24,2025,Jupiler Pro League,RAAL La Louvière,Union St. Gilloise,0 - 0,0 - 0,X,0,Yok
2025-08-24,2025,Jupiler Pro League,Dender,OH Leuven,0 - 1,0 - 0,2,1,Yok
2025-08-29,2025,Jupiler Pro League,Cercle Brugge,St. Truiden,1 - 1,1 - 1,X,2,Evet
2025-08-30,2025,Jupiler Pro League,KV Mechelen,RAAL La Louvière,3 - 2,1 - 0,1,5,Evet
2025-08-30,2025,Jupiler Pro League,KVC Westerlo,Antwerp,2 - 0,1 - 0,1,2,Yok
2025-08-30,2025,Jupiler Pro League,Charleroi,Dender,3 - 1,1 - 0,1,4,Evet
2025-08-31,2025,Jupiler Pro League,Gent,Club Brugge KV,1 - 1,0 - 0,X,2,Evet
2025-08-31,2025,Jupiler Pro League,OH Leuven,Standard Liege,1 - 0,0 - 0,1,1,Yok
2025-08-31,2025,Jupiler Pro League,Union St. Gilloise,Anderlecht,2 - 0,1 - 0,1,2,Yok
2025-08-31,2025,Jupiler Pro League,Genk,Zulte Waregem,3 - 2,2 - 2,1,5,Evet
2025-09-12,2025,Jupiler Pro League,Standard Liege,KV Mechelen,1 - 1,0 - 0,X,2,Evet
2025-09-13,2025,Jupiler Pro League,Zulte Waregem,OH Leuven,2 - 0,2 - 0,1,2,Yok
2025-09-13,2025,Jupiler Pro League,Dender,Union St. Gilloise,0 - 1,0 - 0,2,1,Yok
2025-09-13,2025,Jupiler Pro League,RAAL La Louvière,Club Brugge KV,1 - 0,1 - 0,1,1,Yok
2025-09-14,2025,Jupiler Pro League,Antwerp,Gent,1 - 2,1 - 1,2,3,Evet
2025-09-14,2025,Jupiler Pro League,Cercle Brugge,Charleroi,2 - 3,0 - 2,2,5,Evet
2025-09-14,2025,Jupiler Pro League,Anderlecht,Genk,1 - 1,0 - 0,X,2,Evet
2025-09-14,2025,Jupiler Pro League,St. Truiden,KVC Westerlo,0 - 3,0 - 1,2,3,Yok
2025-09-17,2025,Jupiler Pro League,Genk,Charleroi,0 - 1,0 - 1,2,1,Yok
2025-09-19,2025,Jupiler Pro League,Gent,Dender,3 - 0,1 - 0,1,3,Yok
2025-09-20,2025,Jupiler Pro League,OH Leuven,RAAL La Louvière,1 - 2,1 - 2,2,3,Evet
2025-09-20,2025,Jupiler Pro League,Charleroi,Zulte Waregem,1 - 2,1 - 0,2,3,Evet
2025-09-20,2025,Jupiler Pro League,Anderlecht,Antwerp,0 - 0,0 - 0,X,0,Yok
2025-09-21,2025,Jupiler Pro League,Genk,Union St. Gilloise,1 - 2,0 - 1,2,3,Evet
2025-09-21,2025,Jupiler Pro League,KVC Westerlo,Standard Liege,0 - 2,0 - 2,2,2,Yok
2025-09-21,2025,Jupiler Pro League,Club Brugge KV,St. Truiden,2 - 0,1 - 0,1,2,Yok
2025-09-21,2025,Jupiler Pro League,KV Mechelen,Cercle Brugge,0 - 0,0 - 0,X,0,Yok
2025-09-23,2025,Jupiler Pro League,Anderlecht,Gent,1 - 0,0 - 0,1,1,Yok
2025-09-24,2025,Jupiler Pro League,Club Brugge KV,KVC Westerlo,5 - 5,1 - 2,X,10,Evet
2025-09-26,2025,Jupiler Pro League,OH Leuven,Anderlecht,1 - 1,0 - 0,X,2,Evet
2025-09-27,2025,Jupiler Pro League,Zulte Waregem,Antwerp,2 - 0,0 - 0,1,2,Yok
2025-09-27,2025,Jupiler Pro League,Standard Liege,Club Brugge KV,1 - 2,1 - 1,2,3,Evet
2025-09-27,2025,Jupiler Pro League,Union St. Gilloise,KVC Westerlo,2 - 0,0 - 0,1,2,Yok
2025-09-28,2025,Jupiler Pro League,St. Truiden,Genk,1 - 2,1 - 0,2,3,Evet
2025-09-28,2025,Jupiler Pro League,Cercle Brugge,Gent,2 - 4,2 - 2,2,6,Evet
2025-09-28,2025,Jupiler Pro League,Charleroi,KV Mechelen,0 - 2,0 - 2,2,2,Yok
2025-09-28,2025,Jupiler Pro League,Dender,RAAL La Louvière,0 - 0,0 - 0,X,0,Yok
2025-10-03,2025,Jupiler Pro League,Gent,Charleroi,2 - 1,1 - 1,1,3,Evet
2025-10-04,2025,Jupiler Pro League,KV Mechelen,St. Truiden,1 - 3,1 - 0,2,4,Evet
2025-10-04,2025,Jupiler Pro League,RAAL La Louvière,Zulte Waregem,0 - 0,0 - 0,X,0,Yok
2025-10-04,2025,Jupiler Pro League,Antwerp,Cercle Brugge,1 - 1,1 - 1,X,2,Evet
2025-10-05,2025,Jupiler Pro League,Anderlecht,Standard Liege,1 - 0,0 - 0,1,1,Yok
2025-10-05,2025,Jupiler Pro League,Genk,Dender,2 - 1,1 - 1,1,3,Evet
2025-10-05,2025,Jupiler Pro League,Club Brugge KV,Union St. Gilloise,1 - 0,0 - 0,1,1,Yok
2025-10-05,2025,Jupiler Pro League,KVC Westerlo,OH Leuven,2 - 0,1 - 0,1,2,Yok
2025-10-18,2025,Jupiler Pro League,RAAL La Louvière,KVC Westerlo,0 - 0,0 - 0,X,0,Yok
2025-10-18,2025,Jupiler Pro League,OH Leuven,Club Brugge KV,0 - 1,0 - 0,2,1,Yok
2025-10-18,2025,Jupiler Pro League,Union St. Gilloise,Charleroi,3 - 1,1 - 1,1,4,Evet
2025-10-19,2025,Jupiler Pro League,Cercle Brugge,Genk,2 - 2,1 - 1,X,4,Evet
2025-10-19,2025,Jupiler Pro League,Dender,KV Mechelen,1 - 3,0 - 1,2,4,Evet
2025-10-19,2025,Jupiler Pro League,St. Truiden,Anderlecht,2 - 2,1 - 2,X,4,Evet
2025-10-19,2025,Jupiler Pro League,Zulte Waregem,Gent,4 - 1,3 - 0,1,5,Evet
2025-10-20,2025,Jupiler Pro League,Standard Liege,Antwerp,1 - 0,1 - 0,1,1,Yok
2025-10-24,2025,Jupiler Pro League,Charleroi,Anderlecht,1 - 0,0 - 0,1,1,Yok
2025-10-25,2025,Jupiler Pro League,KVC Westerlo,Dender,1 - 1,0 - 1,X,2,Evet
2025-10-25,2025,Jupiler Pro League,KV Mechelen,OH Leuven,1 - 1,0 - 0,X,2,Evet
2025-10-25,2025,Jupiler Pro League,Gent,Standard Liege,4 - 0,3 - 0,1,4,Yok
2025-10-26,2025,Jupiler Pro League,Antwerp,Club Brugge KV,0 - 1,0 - 1,2,1,Yok
2025-10-26,2025,Jupiler Pro League,Cercle Brugge,Zulte Waregem,1 - 1,0 - 1,X,2,Evet
2025-10-26,2025,Jupiler Pro League,Genk,RAAL La Louvière,1 - 1,1 - 1,X,2,Evet
2025-10-26,2025,Jupiler Pro League,Union St. Gilloise,St. Truiden,2 - 0,0 - 0,1,2,Yok
2025-10-31,2025,Jupiler Pro League,Standard Liege,Charleroi,3 - 1,1 - 1,1,4,Evet
2025-11-01,2025,Jupiler Pro League,Zulte Waregem,Union St. Gilloise,1 - 4,0 - 2,2,5,Evet
2025-11-01,2025,Jupiler Pro League,Club Brugge KV,Dender,2 - 1,2 - 0,1,3,Evet
2025-11-01,2025,Jupiler Pro League,Anderlecht,KV Mechelen,3 - 1,2 - 1,1,4,Evet
2025-11-02,2025,Jupiler Pro League,KVC Westerlo,Genk,0 - 1,0 - 1,2,1,Yok
2025-11-02,2025,Jupiler Pro League,OH Leuven,Gent,4 - 0,2 - 0,1,4,Yok
2025-11-02,2025,Jupiler Pro League,St. Truiden,Antwerp,1 - 0,1 - 0,1,1,Yok
2025-11-02,2025,Jupiler Pro League,RAAL La Louvière,Cercle Brugge,2 - 1,1 - 0,1,3,Evet
2025-11-07,2025,Jupiler Pro League,Dender,Zulte Waregem,2 - 2,1 - 0,X,4,Evet
2025-11-08,2025,Jupiler Pro League,Cercle Brugge,OH Leuven,1 - 2,1 - 0,2,3,Evet
2025-11-08,2025,Jupiler Pro League,Charleroi,KVC Westerlo,2 - 0,1 - 0,1,2,Yok
2025-11-08,2025,Jupiler Pro League,Antwerp,RAAL La Louvière,3 - 1,0 - 0,1,4,Evet
2025-11-09,2025,Jupiler Pro League,Anderlecht,Club Brugge KV,1 - 0,1 - 0,1,1,Yok
2025-11-09,2025,Jupiler Pro League,St. Truiden,Standard Liege,1 - 0,0 - 0,1,1,Yok
2025-11-09,2025,Jupiler Pro League,Gent,Genk,1 - 1,0 - 1,X,2,Evet
2025-11-09,2025,Jupiler Pro League,KV Mechelen,Union St. Gilloise,1 - 1,0 - 0,X,2,Evet
2025-11-21,2025,Jupiler Pro League,Standard Liege,Zulte Waregem,0 - 0,0 - 0,X,0,Yok
2025-11-22,2025,Jupiler Pro League,Union St. Gilloise,Cercle Brugge,2 - 0,1 - 0,1,2,Yok
2025-11-22,2025,Jupiler Pro League,KVC Westerlo,Gent,0 - 0,0 - 0,X,0,Yok
2025-11-22,2025,Jupiler Pro League,Club Brugge KV,Charleroi,1 - 0,0 - 0,1,1,Yok
2025-11-23,2025,Jupiler Pro League,Genk,KV Mechelen,0 - 1,0 - 1,2,1,Yok
2025-11-23,2025,Jupiler Pro League,Antwerp,Dender,1 - 2,0 - 0,2,3,Evet
2025-11-23,2025,Jupiler Pro League,RAAL La Louvière,Anderlecht,0 - 1,0 - 0,2,1,Yok
2025-11-23,2025,Jupiler Pro League,OH Leuven,St. Truiden,1 - 2,1 - 2,2,3,Evet
2025-11-28,2025,Jupiler Pro League,KV Mechelen,Standard Liege,0 - 1,0 - 0,2,1,Yok
2025-11-29,2025,Jupiler Pro League,Dender,KVC Westerlo,2 - 2,1 - 0,X,4,Evet
2025-11-29,2025,Jupiler Pro League,Zulte Waregem,Cercle Brugge,1 - 1,1 - 0,X,2,Evet
2025-11-29,2025,Jupiler Pro League,Charleroi,RAAL La Louvière,0 - 0,0 - 0,X,0,Yok
2025-11-30,2025,Jupiler Pro League,Club Brugge KV,Antwerp,0 - 1,0 - 0,2,1,Yok
2025-11-30,2025,Jupiler Pro League,Genk,OH Leuven,2 - 1,0 - 0,1,3,Evet
2025-11-30,2025,Jupiler Pro League,Anderlecht,Union St. Gilloise,1 - 0,1 - 0,1,1,Yok
2025-11-30,2025,Jupiler Pro League,Gent,St. Truiden,1 - 2,1 - 0,2,3,Evet
2025-12-05,2025,Jupiler Pro League,RAAL La Louvière,Dender,1 - 2,1 - 1,2,3,Evet
2025-12-06,2025,Jupiler Pro League,Cercle Brugge,Standard Liege,1 - 2,0 - 2,2,3,Evet
2025-12-06,2025,Jupiler Pro League,Union St. Gilloise,Gent,1 - 1,0 - 1,X,2,Evet
2025-12-06,2025,Jupiler Pro League,St. Truiden,Club Brugge KV,3 - 2,2 - 1,1,5,Evet
2025-12-07,2025,Jupiler Pro League,KV Mechelen,Charleroi,1 - 0,1 - 0,1,1,Yok
2025-12-07,2025,Jupiler Pro League,KVC Westerlo,Anderlecht,4 - 0,3 - 0,1,4,Yok
2025-12-07,2025,Jupiler Pro League,Antwerp,Genk,3 - 0,2 - 0,1,3,Yok
2025-12-07,2025,Jupiler Pro League,OH Leuven,Zulte Waregem,1 - 1,1 - 1,X,2,Evet
2025-12-12,2025,Jupiler Pro League,Standard Liege,OH Leuven,0 - 1,0 - 0,2,1,Yok
2025-12-13,2025,Jupiler Pro League,Cercle Brugge,KV Mechelen,2 - 3,0 - 2,2,5,Evet
2025-12-13,2025,Jupiler Pro League,Zulte Waregem,RAAL La Louvière,2 - 2,1 - 1,X,4,Evet
2025-12-13,2025,Jupiler Pro League,Anderlecht,St. Truiden,2 - 1,0 - 0,1,3,Evet
2025-12-14,2025,Jupiler Pro League,Gent,Antwerp,0 - 2,0 - 1,2,2,Yok
2025-12-14,2025,Jupiler Pro League,Dender,Club Brugge KV,1 - 5,1 - 1,2,6,Evet
2025-12-14,2025,Jupiler Pro League,Charleroi,Union St. Gilloise,1 - 1,0 - 1,X,2,Evet
2025-12-14,2025,Jupiler Pro League,Genk,KVC Westerlo,1 - 1,0 - 1,X,2,Evet
2025-12-19,2025,Jupiler Pro League,Charleroi,Genk,2 - 2,1 - 1,X,4,Evet
2025-12-20,2025,Jupiler Pro League,Dender,Standard Liege,0 - 1,0 - 1,2,1,Yok
2025-12-20,2025,Jupiler Pro League,KVC Westerlo,RAAL La Louvière,2 - 1,1 - 0,1,3,Evet
2025-12-20,2025,Jupiler Pro League,Union St. Gilloise,Zulte Waregem,2 - 0,1 - 0,1,2,Yok
2025-12-21,2025,Jupiler Pro League,Club Brugge KV,Gent,2 - 1,1 - 0,1,3,Evet
2025-12-21,2025,Jupiler Pro League,St. Truiden,KV Mechelen,1 - 0,1 - 0,1,1,Yok
2025-12-21,2025,Jupiler Pro League,Antwerp,Anderlecht,2 - 2,2 - 0,X,4,Evet
2025-12-21,2025,Jupiler Pro League,OH Leuven,Cercle Brugge,0 - 2,0 - 2,2,2,Yok
2025-12-26,2025,Jupiler Pro League,Genk,Club Brugge KV,3 - 5,1 - 3,2,8,Evet
2025-12-26,2025,Jupiler Pro League,Cercle Brugge,Union St. Gilloise,1 - 1,1 - 1,X,2,Evet
2025-12-26,2025,Jupiler Pro League,Standard Liege,St. Truiden,1 - 2,1 - 1,2,3,Evet
2025-12-26,2025,Jupiler Pro League,Anderlecht,Charleroi,1 - 2,1 - 2,2,3,Evet
2025-12-27,2025,Jupiler Pro League,Antwerp,Zulte Waregem,2 - 1,1 - 1,1,3,Evet
2025-12-27,2025,Jupiler Pro League,RAAL La Louvière,OH Leuven,0 - 0,0 - 0,X,0,Yok
2025-12-27,2025,Jupiler Pro League,KV Mechelen,Dender,1 - 1,1 - 0,X,2,Evet
2025-12-27,2025,Jupiler Pro League,Gent,KVC Westerlo,2 - 0,2 - 0,1,2,Yok
2026-01-16,2025,Jupiler Pro League,Club Brugge KV,RAAL La Louvière,2 - 3,2 - 0,2,5,Evet
2026-01-17,2025,Jupiler Pro League,Zulte Waregem,Genk,2 - 1,0 - 0,1,3,Evet
2026-01-17,2025,Jupiler Pro League,KVC Westerlo,Cercle Brugge,0 - 2,0 - 2,2,2,Yok
2026-01-17,2025,Jupiler Pro League,Union St. Gilloise,KV Mechelen,1 - 0,1 - 0,1,1,Yok
2026-01-18,2025,Jupiler Pro League,Gent,Anderlecht,4 - 2,1 - 2,1,6,Evet
2026-01-18,2025,Jupiler Pro League,Dender,Antwerp,1 - 0,1 - 0,1,1,Yok
2026-01-18,2025,Jupiler Pro League,Charleroi,Standard Liege,2 - 0,2 - 0,1,2,Yok
2026-01-18,2025,Jupiler Pro League,St. Truiden,OH Leuven,1 - 0,1 - 0,1,1,Yok
2026-01-23,2025,Jupiler Pro League,Standard Liege,Gent,0 - 4,0 - 2,2,4,Yok
2026-01-24,2025,Jupiler Pro League,RAAL La Louvière,St. Truiden,1 - 2,0 - 0,2,3,Evet
2026-01-24,2025,Jupiler Pro League,Club Brugge KV,Zulte Waregem,4 - 3,1 - 2,1,7,Evet
2026-01-24,2025,Jupiler Pro League,OH Leuven,Union St. Gilloise,0 - 0,0 - 0,X,0,Yok
2026-01-25,2025,Jupiler Pro League,Antwerp,Charleroi,0 - 2,0 - 1,2,2,Yok
2026-01-25,2025,Jupiler Pro League,Genk,Cercle Brugge,1 - 1,1 - 0,X,2,Evet
2026-01-25,2025,Jupiler Pro League,Anderlecht,Dender,0 - 0,0 - 0,X,0,Yok
2026-01-25,2025,Jupiler Pro League,KV Mechelen,KVC Westerlo,1 - 1,0 - 1,X,2,Evet
2026-01-30,2025,Jupiler Pro League,RAAL La Louvière,Gent,1 - 1,0 - 0,X,2,Evet
2026-01-31,2025,Jupiler Pro League,Cercle Brugge,Antwerp,0 - 4,0 - 2,2,4,Yok
2026-01-31,2025,Jupiler Pro League,Zulte Waregem,KVC Westerlo,0 - 1,0 - 1,2,1,Yok
2026-01-31,2025,Jupiler Pro League,St. Truiden,Charleroi,0 - 2,0 - 0,2,2,Yok
2026-02-01,2025,Jupiler Pro League,Standard Liege,Anderlecht,2 - 0,1 - 0,1,2,Yok
2026-02-01,2025,Jupiler Pro League,Dender,Genk,1 - 2,0 - 2,2,3,Evet
2026-02-01,2025,Jupiler Pro League,Union St. Gilloise,Club Brugge KV,1 - 0,1 - 0,1,1,Yok
2026-02-01,2025,Jupiler Pro League,OH Leuven,KV Mechelen,2 - 2,1 - 0,X,4,Evet
2026-02-06,2025,Jupiler Pro League,KVC Westerlo,St. Truiden,0 - 4,0 - 3,2,4,Yok
2026-02-07,2025,Jupiler Pro League,Zulte Waregem,Dender,1 - 0,0 - 0,1,1,Yok
2026-02-07,2025,Jupiler Pro League,Charleroi,Cercle Brugge,3 - 4,1 - 3,2,7,Evet
2026-02-07,2025,Jupiler Pro League,Gent,OH Leuven,1 - 3,0 - 2,2,4,Evet
2026-02-08,2025,Jupiler Pro League,Genk,Anderlecht,2 - 0,0 - 0,1,2,Yok
2026-02-08,2025,Jupiler Pro League,Union St. Gilloise,RAAL La Louvière,2 - 1,1 - 1,1,3,Evet
2026-02-08,2025,Jupiler Pro League,Club Brugge KV,Standard Liege,3 - 0,3 - 0,1,3,Yok
2026-02-08,2025,Jupiler Pro League,KV Mechelen,Antwerp,2 - 0,1 - 0,1,2,Yok
2026-02-13,2025,Jupiler Pro League,KV Mechelen,Genk,2 - 3,1 - 1,2,5,Evet
2026-02-14,2025,Jupiler Pro League,OH Leuven,Dender,3 - 2,2 - 1,1,5,Evet
2026-02-14,2025,Jupiler Pro League,Charleroi,Gent,2 - 3,0 - 1,2,5,Evet
2026-02-14,2025,Jupiler Pro League,Standard Liege,Union St. Gilloise,1 - 1,1 - 0,X,2,Evet
2026-02-15,2025,Jupiler Pro League,Cercle Brugge,Club Brugge KV,1 - 2,0 - 0,2,3,Evet
2026-02-15,2025,Jupiler Pro League,Antwerp,KVC Westerlo,0 - 2,0 - 1,2,2,Yok
2026-02-15,2025,Jupiler Pro League,Anderlecht,RAAL La Louvière,0 - 0,0 - 0,X,0,Yok
2026-02-15,2025,Jupiler Pro League,St. Truiden,Zulte Waregem,3 - 2,2 - 2,1,5,Evet
2026-02-20,2025,Jupiler Pro League,Gent,Cercle Brugge,0 - 1,0 - 1,2,1,Yok
2026-02-21,2025,Jupiler Pro League,Dender,St. Truiden,1 - 4,1 - 2,2,5,Evet
2026-02-21,2025,Jupiler Pro League,Club Brugge KV,OH Leuven,2 - 1,0 - 0,1,3,Evet
2026-02-21,2025,Jupiler Pro League,Union St. Gilloise,Antwerp,2 - 1,1 - 0,1,3,Evet
2026-02-22,2025,Jupiler Pro League,Genk,Standard Liege,0 - 3,0 - 2,2,3,Yok
2026-02-22,2025,Jupiler Pro League,RAAL La Louvière,KV Mechelen,0 - 2,0 - 1,2,2,Yok
2026-02-22,2025,Jupiler Pro League,Zulte Waregem,Anderlecht,2 - 4,0 - 3,2,6,Evet
2026-02-22,2025,Jupiler Pro League,KVC Westerlo,Charleroi,2 - 1,1 - 1,1,3,Evet
2026-02-27,2025,Jupiler Pro League,Standard Liege,RAAL La Louvière,1 - 1,1 - 1,X,2,Evet
2026-02-28,2025,Jupiler Pro League,KV Mechelen,Zulte Waregem,2 - 1,1 - 0,1,3,Evet
2026-02-28,2025,Jupiler Pro League,Antwerp,St. Truiden,1 - 0,0 - 0,1,1,Yok
2026-02-28,2025,Jupiler Pro League,Anderlecht,OH Leuven,5 - 1,1 - 1,1,6,Evet
2026-03-01,2025,Jupiler Pro League,Genk,Gent,3 - 0,1 - 0,1,3,Yok
2026-03-01,2025,Jupiler Pro League,KVC Westerlo,Union St. Gilloise,0 - 0,0 - 0,X,0,Yok
2026-03-01,2025,Jupiler Pro League,Charleroi,Club Brugge KV,1 - 2,1 - 0,2,3,Evet
2026-03-01,2025,Jupiler Pro League,Cercle Brugge,Dender,0 - 0,0 - 0,X,0,Yok
2026-03-06,2025,Jupiler Pro League,RAAL La Louvière,Antwerp,0 - 0,0 - 0,X,0,Yok
2026-03-07,2025,Jupiler Pro League,OH Leuven,KVC Westerlo,0 - 1,0 - 1,2,1,Yok
2026-03-07,2025,Jupiler Pro League,Dender,Charleroi,2 - 2,2 - 1,X,4,Evet
2026-03-07,2025,Jupiler Pro League,Union St. Gilloise,Genk,2 - 1,1 - 0,1,3,Evet
2026-03-08,2025,Jupiler Pro League,Club Brugge KV,Anderlecht,2 - 2,1 - 1,X,4,Evet
2026-03-08,2025,Jupiler Pro League,Gent,KV Mechelen,3 - 1,2 - 0,1,4,Evet
2026-03-08,2025,Jupiler Pro League,Zulte Waregem,Standard Liege,0 - 1,0 - 0,2,1,Yok
2026-03-08,2025,Jupiler Pro League,St. Truiden,Cercle Brugge,2 - 1,1 - 0,1,3,Evet
2026-03-13,2025,Jupiler Pro League,Gent,Zulte Waregem,2 - 0,1 - 0,1,2,Yok
2026-03-14,2025,Jupiler Pro League,Charleroi,OH Leuven,0 - 2,0 - 0,2,2,Yok
2026-03-14,2025,Jupiler Pro League,Union St. Gilloise,Dender,2 - 0,0 - 0,1,2,Yok
2026-03-14,2025,Jupiler Pro League,KVC Westerlo,Club Brugge KV,1 - 2,0 - 2,2,3,Evet
2026-03-15,2025,Jupiler Pro League,Genk,St. Truiden,1 - 0,1 - 0,1,1,Yok
2026-03-15,2025,Jupiler Pro League,Antwerp,Standard Liege,1 - 1,0 - 0,X,2,Evet
2026-03-15,2025,Jupiler Pro League,KV Mechelen,Anderlecht,1 - 0,0 - 0,1,1,Yok
2026-03-15,2025,Jupiler Pro League,Cercle Brugge,RAAL La Louvière,1 - 3,0 - 1,2,4,Evet
2026-03-22,2025,Jupiler Pro League,OH Leuven,Antwerp,1 - 0,0 - 0,1,1,Yok
2026-03-22,2025,Jupiler Pro League,Anderlecht,Cercle Brugge,2 - 3,1 - 3,2,5,Evet
2026-03-22,2025,Jupiler Pro League,Club Brugge KV,KV Mechelen,4 - 1,3 - 0,1,5,Evet
2026-03-22,2025,Jupiler Pro League,Zulte Waregem,Charleroi,1 - 0,1 - 0,1,1,Yok
2026-03-22,2025,Jupiler Pro League,Standard Liege,KVC Westerlo,0 - 0,0 - 0,X,0,Yok
2026-03-22,2025,Jupiler Pro League,St. Truiden,Union St. Gilloise,1 - 3,0 - 2,2,4,Evet
2026-03-22,2025,Jupiler Pro League,RAAL La Louvière,Genk,5 - 5,2 - 3,X,10,Evet
2026-03-22,2025,Jupiler Pro League,Dender,Gent,1 - 3,1 - 1,2,4,Evet
2026-04-03,2025,Jupiler Pro League,Antwerp,Genk,1 - 2,0 - 1,2,3,Evet
2026-04-04,2025,Jupiler Pro League,Zulte Waregem,Cercle Brugge,2 - 2,0 - 1,X,4,Evet
2026-04-04,2025,Jupiler Pro League,OH Leuven,Standard Liege,1 - 3,0 - 0,2,4,Evet
2026-04-04,2025,Jupiler Pro League,Union St. Gilloise,St. Truiden,1 - 0,0 - 0,1,1,Yok
2026-04-05,2025,Jupiler Pro League,KVC Westerlo,Charleroi,2 - 0,1 - 0,1,2,Yok
2026-04-06,2025,Jupiler Pro League,Club Brugge KV,Anderlecht,4 - 2,3 - 0,1,6,Evet
2026-04-06,2025,Jupiler Pro League,RAAL La Louvière,Dender,0 - 1,0 - 0,2,1,Yok
2026-04-06,2025,Jupiler Pro League,Gent,KV Mechelen,1 - 1,1 - 0,X,2,Evet
2026-04-10,2025,Jupiler Pro League,Charleroi,Antwerp,2 - 1,1 - 0,1,3,Evet
2026-04-11,2025,Jupiler Pro League,Cercle Brugge,RAAL La Louvière,3 - 0,2 - 0,1,3,Yok
2026-04-11,2025,Jupiler Pro League,Standard Liege,KVC Westerlo,1 - 2,0 - 1,2,3,Evet
2026-04-11,2025,Jupiler Pro League,St. Truiden,Club Brugge KV,1 - 2,1 - 0,2,3,Evet
2026-04-12,2025,Jupiler Pro League,KV Mechelen,Union St. Gilloise,0 - 1,0 - 1,2,1,Yok
2026-04-12,2025,Jupiler Pro League,Genk,OH Leuven,0 - 0,0 - 0,X,0,Yok
2026-04-12,2025,Jupiler Pro League,Anderlecht,Gent,3 - 1,0 - 1,1,4,Evet
2026-04-12,2025,Jupiler Pro League,Dender,Zulte Waregem,1 - 2,0 - 0,2,3,Evet
2026-04-18,2025,Jupiler Pro League,Antwerp,OH Leuven,2 - 0,0 - 0,1,2,Yok
2026-04-18,2025,Jupiler Pro League,KVC Westerlo,Genk,1 - 2,0 - 0,2,3,Evet
2026-04-18,2025,Jupiler Pro League,Charleroi,Standard Liege,1 - 2,0 - 0,2,3,Evet
2026-04-18,2025,Jupiler Pro League,KV Mechelen,Anderlecht,1 - 2,1 - 0,2,3,Evet
2026-04-19,2025,Jupiler Pro League,Gent,St. Truiden,0 - 0,0 - 0,X,0,Yok
2026-04-19,2025,Jupiler Pro League,Dender,Cercle Brugge,1 - 4,1 - 1,2,5,Evet
2026-04-19,2025,Jupiler Pro League,Union St. Gilloise,Club Brugge KV,2 - 1,1 - 1,1,3,Evet
2026-04-19,2025,Jupiler Pro League,RAAL La Louvière,Zulte Waregem,0 - 2,0 - 1,2,2,Yok
2026-04-21,2025,Jupiler Pro League,OH Leuven,KVC Westerlo,0 - 2,0 - 0,2,2,Yok
2026-04-21,2025,Jupiler Pro League,Standard Liege,Antwerp,1 - 2,0 - 0,2,3,Evet
2026-04-21,2025,Jupiler Pro League,Genk,Charleroi,1 - 1,0 - 1,X,2,Evet
2026-04-22,2025,Jupiler Pro League,Club Brugge KV,KV Mechelen,6 - 1,1 - 1,1,7,Evet
2026-04-22,2025,Jupiler Pro League,Union St. Gilloise,Gent,0 - 0,0 - 0,X,0,Yok
2026-04-23,2025,Jupiler Pro League,Lommel United,Liège,3 - 0,2 - 0,1,3,Yok
2026-04-23,2025,Jupiler Pro League,Patro Eisden,Beerschot VA,1 - 1,1 - 0,X,2,Evet
2026-04-23,2025,Jupiler Pro League,St. Truiden,Anderlecht,2 - 0,0 - 0,1,2,Yok
2026-04-24,2025,Jupiler Pro League,Cercle Brugge,Dender,2 - 1,1 - 0,1,3,Evet
2026-04-25,2025,Jupiler Pro League,OH Leuven,Charleroi,0 - 2,0 - 0,2,2,Yok
2026-04-25,2025,Jupiler Pro League,Genk,Standard Liege,1 - 1,0 - 0,X,2,Evet
2026-04-25,2025,Jupiler Pro League,KVC Westerlo,Antwerp,2 - 4,0 - 3,2,6,Evet
2026-04-26,2025,Jupiler Pro League,Gent,Club Brugge KV,0 - 2,0 - 1,2,2,Yok
2026-04-26,2025,Jupiler Pro League,KV Mechelen,St. Truiden,1 - 4,1 - 1,2,5,Evet
2026-04-26,2025,Jupiler Pro League,Anderlecht,Union St. Gilloise,1 - 3,1 - 2,2,4,Evet
2026-04-26,2025,Jupiler Pro League,Zulte Waregem,RAAL La Louvière,4 - 0,2 - 0,1,4,Yok
2026-04-27,2025,Jupiler Pro League,Beerschot VA,Patro Eisden,3 - 2,1 - 0,1,5,Evet
2026-04-27,2025,Jupiler Pro League,Liège,Lommel United,1 - 2,1 - 2,2,3,Evet
2026-05-01,2025,Jupiler Pro League,Cercle Brugge,Zulte Waregem,2 - 3,1 - 0,2,5,Evet
2026-05-02,2025,Jupiler Pro League,KVC Westerlo,OH Leuven,3 - 3,0 - 3,X,6,Evet
2026-05-02,2025,Jupiler Pro League,Charleroi,Genk,2 - 0,0 - 0,1,2,Yok
2026-05-02,2025,Jupiler Pro League,Lommel United,Beerschot VA,3 - 1,2 - 1,1,4,Evet
2026-05-02,2025,Jupiler Pro League,St. Truiden,Union St. Gilloise,2 - 1,0 - 0,1,3,Evet
2026-05-03,2025,Jupiler Pro League,KV Mechelen,Gent,1 - 0,1 - 0,1,1,Yok
2026-05-03,2025,Jupiler Pro League,Antwerp,Standard Liege,0 - 5,0 - 3,2,5,Yok
2026-05-03,2025,Jupiler Pro League,Anderlecht,Club Brugge KV,1 - 3,0 - 1,2,4,Evet
2026-05-03,2025,Jupiler Pro League,Dender,RAAL La Louvière,2 - 1,2 - 1,1,3,Evet
2026-05-08,2025,Jupiler Pro League,Standard Liege,OH Leuven,2 - 1,0 - 1,1,3,Evet
2026-05-09,2025,Jupiler Pro League,Zulte Waregem,Dender,2 - 1,2 - 1,1,3,Evet
2026-05-09,2025,Jupiler Pro League,RAAL La Louvière,Cercle Brugge,4 - 1,0 - 1,1,5,Evet
2026-05-09,2025,Jupiler Pro League,Beerschot VA,Lommel United,1 - 3,0 - 0,2,4,Evet
2026-05-09,2025,Jupiler Pro League,Club Brugge KV,St. Truiden,2 - 0,1 - 0,1,2,Yok
2026-05-10,2025,Jupiler Pro League,Gent,Anderlecht,1 - 1,1 - 1,X,2,Evet
2026-05-10,2025,Jupiler Pro League,Antwerp,Charleroi,0 - 1,0 - 1,2,1,Yok
2026-05-10,2025,Jupiler Pro League,Union St. Gilloise,KV Mechelen,3 - 0,1 - 0,1,3,Yok
2026-05-10,2025,Jupiler Pro League,Genk,KVC Westerlo,3 - 0,0 - 0,1,3,Yok
2026-05-15,2025,Jupiler Pro League,OH Leuven,Antwerp,3 - 0,2 - 0,1,3,Yok
2026-05-16,2025,Jupiler Pro League,Charleroi,KVC Westerlo,0 - 1,0 - 0,2,1,Yok
2026-05-16,2025,Jupiler Pro League,Standard Liege,Genk,0 - 0,0 - 0,X,0,Yok
2026-05-16,2025,Jupiler Pro League,St. Truiden,Gent,1 - 1,0 - 1,X,2,Evet
2026-05-17,2025,Jupiler Pro League,Anderlecht,KV Mechelen,2 - 2,1 - 1,X,4,Evet
2026-05-17,2025,Jupiler Pro League,Lommel United,Dender,3 - 2,0 - 1,1,5,Evet
2026-05-17,2025,Jupiler Pro League,Club Brugge KV,Union St. Gilloise,5 - 0,3 - 0,1,5,Yok
2026-05-19,2025,Jupiler Pro League,KVC Westerlo,Standard Liege,1 - 2,1 - 2,2,3,Evet
2026-05-19,2025,Jupiler Pro League,Charleroi,OH Leuven,1 - 1,0 - 1,X,2,Evet
2026-05-19,2025,Jupiler Pro League,Genk,Antwerp,0 - 0,0 - 0,X,0,Yok
2026-05-21,2025,Jupiler Pro League,KV Mechelen,Club Brugge KV,2 - 2,0 - 1,X,4,Evet
2026-05-21,2025,Jupiler Pro League,Anderlecht,St. Truiden,3 - 1,2 - 0,1,4,Evet
2026-05-21,2025,Jupiler Pro League,Gent,Union St. Gilloise,0 - 0,0 - 0,X,0,Yok
2026-05-23,2025,Jupiler Pro League,Dender,Lommel United,0 - 0,0 - 0,X,0,Yok
2026-05-23,2025,Jupiler Pro League,OH Leuven,Genk,0 - 2,0 - 2,2,2,Yok
2026-05-23,2025,Jupiler Pro League,Standard Liege,Charleroi,0 - 2,0 - 0,2,2,Yok
2026-05-23,2025,Jupiler Pro League,Antwerp,KVC Westerlo,2 - 0,1 - 0,1,2,Yok
2026-05-24,2025,Jupiler Pro League,Club Brugge KV,Gent,5 - 0,3 - 0,1,5,Yok
2026-05-24,2025,Jupiler Pro League,St. Truiden,KV Mechelen,3 - 0,2 - 0,1,3,Yok
2026-05-24,2025,Jupiler Pro League,Union St. Gilloise,Anderlecht,5 - 1,4 - 0,1,6,Evet
2026-05-31,2025,Jupiler Pro League,Gent,Genk,1 - 1,0 - 0,X,2,Evet
2024-07-26,2024,Jupiler Pro League,Club Brugge KV,KV Mechelen,1 - 1,0 - 0,X,2,Evet
2024-07-27,2024,Jupiler Pro League,Dender,Union St. Gilloise,0 - 0,0 - 0,X,0,Yok
2024-07-27,2024,Jupiler Pro League,Beerschot VA,OH Leuven,0 - 0,0 - 0,X,0,Yok
2024-07-27,2024,Jupiler Pro League,Anderlecht,St. Truiden,1 - 0,0 - 0,1,1,Yok
2024-07-28,2024,Jupiler Pro League,Genk,Standard Liege,0 - 0,0 - 0,X,0,Yok
2024-07-28,2024,Jupiler Pro League,Kortrijk,Gent,0 - 1,0 - 0,2,1,Yok
2024-07-28,2024,Jupiler Pro League,Charleroi,Antwerp,0 - 1,0 - 1,2,1,Yok
2024-07-28,2024,Jupiler Pro League,KVC Westerlo,Cercle Brugge,3 - 0,1 - 0,1,3,Yok
2024-08-02,2024,Jupiler Pro League,Union St. Gilloise,Beerschot VA,3 - 1,2 - 0,1,4,Evet
2024-08-03,2024,Jupiler Pro League,KV Mechelen,KVC Westerlo,2 - 4,0 - 2,2,6,Evet
2024-08-03,2024,Jupiler Pro League,OH Leuven,Genk,3 - 1,2 - 0,1,4,Evet
2024-08-03,2024,Jupiler Pro League,St. Truiden,Charleroi,1 - 4,0 - 4,2,5,Evet
2024-08-04,2024,Jupiler Pro League,Antwerp,Anderlecht,1 - 2,1 - 1,2,3,Evet
2024-08-04,2024,Jupiler Pro League,Cercle Brugge,Kortrijk,1 - 2,1 - 1,2,3,Evet
2024-08-04,2024,Jupiler Pro League,Standard Liege,Club Brugge KV,1 - 0,0 - 0,1,1,Yok
2024-08-04,2024,Jupiler Pro League,Gent,Dender,1 - 2,0 - 1,2,3,Evet
2024-08-09,2024,Jupiler Pro League,Standard Liege,KV Mechelen,0 - 0,0 - 0,X,0,Yok
2024-08-10,2024,Jupiler Pro League,Dender,Kortrijk,4 - 1,2 - 1,1,5,Evet
2024-08-10,2024,Jupiler Pro League,KVC Westerlo,Union St. Gilloise,4 - 3,3 - 1,1,7,Evet
2024-08-10,2024,Jupiler Pro League,Anderlecht,OH Leuven,1 - 1,1 - 1,X,2,Evet
2024-08-11,2024,Jupiler Pro League,Genk,Club Brugge KV,3 - 2,0 - 1,1,5,Evet
2024-08-11,2024,Jupiler Pro League,Antwerp,St. Truiden,6 - 1,2 - 0,1,7,Evet
2024-08-11,2024,Jupiler Pro League,Charleroi,Gent,1 - 0,0 - 0,1,1,Yok
2024-08-11,2024,Jupiler Pro League,Cercle Brugge,Beerschot VA,4 - 1,3 - 1,1,5,Evet
2024-08-16,2024,Jupiler Pro League,Union St. Gilloise,Charleroi,1 - 0,0 - 0,1,1,Yok
2024-08-17,2024,Jupiler Pro League,Beerschot VA,Genk,3 - 4,1 - 3,2,7,Evet
2024-08-17,2024,Jupiler Pro League,St. Truiden,Dender,3 - 3,2 - 1,X,6,Evet
2024-08-17,2024,Jupiler Pro League,KV Mechelen,Anderlecht,1 - 3,1 - 2,2,4,Evet
2024-08-18,2024,Jupiler Pro League,Club Brugge KV,Antwerp,1 - 0,0 - 0,1,1,Yok
2024-08-18,2024,Jupiler Pro League,OH Leuven,Cercle Brugge,1 - 1,1 - 1,X,2,Evet
2024-08-18,2024,Jupiler Pro League,Kortrijk,Standard Liege,1 - 0,0 - 0,1,1,Yok
2024-08-18,2024,Jupiler Pro League,Gent,KVC Westerlo,4 - 1,3 - 1,1,5,Evet
2024-08-24,2024,Jupiler Pro League,KVC Westerlo,OH Leuven,1 - 1,1 - 1,X,2,Evet
2024-08-24,2024,Jupiler Pro League,Antwerp,KV Mechelen,0 - 1,0 - 1,2,1,Yok
2024-08-25,2024,Jupiler Pro League,Dender,Club Brugge KV,1 - 2,1 - 2,2,3,Evet
2024-08-25,2024,Jupiler Pro League,St. Truiden,Union St. Gilloise,0 - 0,0 - 0,X,0,Yok
2024-08-25,2024,Jupiler Pro League,Standard Liege,Beerschot VA,1 - 0,0 - 0,1,1,Yok
2024-08-25,2024,Jupiler Pro League,Charleroi,Kortrijk,1 - 0,1 - 0,1,1,Yok
2024-08-30,2024,Jupiler Pro League,Genk,KVC Westerlo,1 - 0,0 - 0,1,1,Yok
2024-08-31,2024,Jupiler Pro League,KV Mechelen,Charleroi,5 - 2,3 - 2,1,7,Evet
2024-08-31,2024,Jupiler Pro League,Beerschot VA,Dender,1 - 2,0 - 2,2,3,Evet
2024-08-31,2024,Jupiler Pro League,OH Leuven,Standard Liege,2 - 0,1 - 0,1,2,Yok
2024-09-01,2024,Jupiler Pro League,Club Brugge KV,Cercle Brugge,3 - 0,2 - 0,1,3,Yok
2024-09-01,2024,Jupiler Pro League,Gent,Antwerp,1 - 1,1 - 1,X,2,Evet
2024-09-01,2024,Jupiler Pro League,Union St. Gilloise,Anderlecht,0 - 0,0 - 0,X,0,Yok
2024-09-01,2024,Jupiler Pro League,Kortrijk,St. Truiden,1 - 1,0 - 1,X,2,Evet
2024-09-13,2024,Jupiler Pro League,Dender,Standard Liege,0 - 2,0 - 1,2,2,Yok
2024-09-14,2024,Jupiler Pro League,Cercle Brugge,Genk,2 - 3,2 - 2,2,5,Evet
2024-09-14,2024,Jupiler Pro League,Kortrijk,Club Brugge KV,0 - 3,0 - 1,2,3,Yok
2024-09-14,2024,Jupiler Pro League,Anderlecht,KVC Westerlo,2 - 2,1 - 1,X,4,Evet
2024-09-15,2024,Jupiler Pro League,Antwerp,Union St. Gilloise,2 - 0,0 - 0,1,2,Yok
2024-09-15,2024,Jupiler Pro League,St. Truiden,OH Leuven,2 - 1,1 - 0,1,3,Evet
2024-09-15,2024,Jupiler Pro League,Charleroi,Beerschot VA,3 - 0,1 - 0,1,3,Yok
2024-09-15,2024,Jupiler Pro League,Gent,KV Mechelen,2 - 0,2 - 0,1,2,Yok
2024-09-17,2024,Jupiler Pro League,Anderlecht,Genk,0 - 2,0 - 1,2,2,Yok
2024-09-20,2024,Jupiler Pro League,Standard Liege,Union St. Gilloise,0 - 0,0 - 0,X,0,Yok
2024-09-21,2024,Jupiler Pro League,Beerschot VA,St. Truiden,0 - 3,0 - 1,2,3,Yok
2024-09-21,2024,Jupiler Pro League,KVC Westerlo,Antwerp,1 - 2,1 - 1,2,3,Evet
2024-09-21,2024,Jupiler Pro League,Anderlecht,Charleroi,0 - 0,0 - 0,X,0,Yok
2024-09-22,2024,Jupiler Pro League,Club Brugge KV,Gent,2 - 4,0 - 2,2,6,Evet
2024-09-22,2024,Jupiler Pro League,KV Mechelen,Cercle Brugge,2 - 0,1 - 0,1,2,Yok
2024-09-22,2024,Jupiler Pro League,Genk,Dender,4 - 0,1 - 0,1,4,Yok
2024-09-22,2024,Jupiler Pro League,OH Leuven,Kortrijk,1 - 1,0 - 0,X,2,Evet
2024-09-26,2024,Jupiler Pro League,Cercle Brugge,Gent,2 - 1,0 - 0,1,3,Evet
2024-09-27,2024,Jupiler Pro League,Charleroi,Club Brugge KV,1 - 1,0 - 0,X,2,Evet
2024-09-28,2024,Jupiler Pro League,Genk,KV Mechelen,2 - 1,0 - 0,1,3,Evet
2024-09-28,2024,Jupiler Pro League,Standard Liege,KVC Westerlo,1 - 2,0 - 1,2,3,Evet
2024-09-28,2024,Jupiler Pro League,Dender,Anderlecht,1 - 1,0 - 1,X,2,Evet
2024-09-29,2024,Jupiler Pro League,Antwerp,Beerschot VA,4 - 0,1 - 0,1,4,Yok
2024-09-29,2024,Jupiler Pro League,Union St. Gilloise,Kortrijk,3 - 0,1 - 0,1,3,Yok
2024-09-29,2024,Jupiler Pro League,Gent,OH Leuven,3 - 0,2 - 0,1,3,Yok
2024-09-29,2024,Jupiler Pro League,Cercle Brugge,St. Truiden,1 - 1,1 - 0,X,2,Evet
2024-10-04,2024,Jupiler Pro League,KVC Westerlo,Beerschot VA,2 - 2,0 - 1,X,4,Evet
2024-10-05,2024,Jupiler Pro League,KV Mechelen,OH Leuven,5 - 0,2 - 0,1,5,Yok
2024-10-05,2024,Jupiler Pro League,Kortrijk,Genk,2 - 1,2 - 1,1,3,Evet
2024-10-05,2024,Jupiler Pro League,Dender,Charleroi,1 - 0,1 - 0,1,1,Yok
2024-10-06,2024,Jupiler Pro League,Anderlecht,Standard Liege,3 - 0,2 - 0,1,3,Yok
2024-10-06,2024,Jupiler Pro League,Antwerp,Cercle Brugge,3 - 0,2 - 0,1,3,Yok
2024-10-06,2024,Jupiler Pro League,Club Brugge KV,Union St. Gilloise,1 - 1,0 - 0,X,2,Evet
2024-10-06,2024,Jupiler Pro League,St. Truiden,Gent,1 - 1,0 - 1,X,2,Evet
2024-10-18,2024,Jupiler Pro League,Beerschot VA,Anderlecht,2 - 1,1 - 0,1,3,Evet
2024-10-19,2024,Jupiler Pro League,KVC Westerlo,Club Brugge KV,1 - 2,1 - 2,2,3,Evet
2024-10-19,2024,Jupiler Pro League,Cercle Brugge,Dender,0 - 0,0 - 0,X,0,Yok
2024-10-19,2024,Jupiler Pro League,Union St. Gilloise,Gent,0 - 0,0 - 0,X,0,Yok
2024-10-20,2024,Jupiler Pro League,Genk,St. Truiden,3 - 2,3 - 1,1,5,Evet
2024-10-20,2024,Jupiler Pro League,OH Leuven,Antwerp,1 - 1,0 - 1,X,2,Evet
2024-10-20,2024,Jupiler Pro League,Standard Liege,Charleroi,2 - 1,2 - 0,1,3,Evet
2024-10-20,2024,Jupiler Pro League,KV Mechelen,Kortrijk,3 - 0,1 - 0,1,3,Yok
2024-10-25,2024,Jupiler Pro League,Kortrijk,Beerschot VA,1 - 0,0 - 0,1,1,Yok
2024-10-26,2024,Jupiler Pro League,Charleroi,OH Leuven,0 - 2,0 - 2,2,2,Yok
2024-10-26,2024,Jupiler Pro League,Dender,KV Mechelen,2 - 5,0 - 0,2,7,Evet
2024-10-26,2024,Jupiler Pro League,St. Truiden,KVC Westerlo,2 - 0,1 - 0,1,2,Yok
2024-10-27,2024,Jupiler Pro League,Club Brugge KV,Anderlecht,2 - 1,1 - 0,1,3,Evet
2024-10-27,2024,Jupiler Pro League,Antwerp,Standard Liege,3 - 0,1 - 0,1,3,Yok
2024-10-27,2024,Jupiler Pro League,Gent,Genk,0 - 2,0 - 0,2,2,Yok
2024-10-27,2024,Jupiler Pro League,Union St. Gilloise,Cercle Brugge,1 - 3,1 - 0,2,4,Evet
2024-11-01,2024,Jupiler Pro League,KVC Westerlo,Dender,2 - 0,1 - 0,1,2,Yok
2024-11-02,2024,Jupiler Pro League,Standard Liege,St. Truiden,2 - 1,2 - 0,1,3,Evet
2024-11-02,2024,Jupiler Pro League,OH Leuven,Club Brugge KV,0 - 1,0 - 0,2,1,Yok
2024-11-02,2024,Jupiler Pro League,KV Mechelen,Union St. Gilloise,1 - 1,0 - 1,X,2,Evet
2024-11-03,2024,Jupiler Pro League,Genk,Antwerp,2 - 0,1 - 0,1,2,Yok
2024-11-03,2024,Jupiler Pro League,Cercle Brugge,Charleroi,2 - 0,0 - 0,1,2,Yok
2024-11-03,2024,Jupiler Pro League,Anderlecht,Kortrijk,4 - 0,1 - 0,1,4,Yok
2024-11-03,2024,Jupiler Pro League,Beerschot VA,Gent,0 - 0,0 - 0,X,0,Yok
2024-11-08,2024,Jupiler Pro League,St. Truiden,KV Mechelen,2 - 1,1 - 0,1,3,Evet
2024-11-09,2024,Jupiler Pro League,Kortrijk,Antwerp,1 - 2,0 - 1,2,3,Evet
2024-11-09,2024,Jupiler Pro League,Dender,OH Leuven,1 - 1,1 - 1,X,2,Evet
2024-11-09,2024,Jupiler Pro League,Charleroi,KVC Westerlo,1 - 0,0 - 0,1,1,Yok
2024-11-10,2024,Jupiler Pro League,Cercle Brugge,Anderlecht,0 - 5,0 - 1,2,5,Yok
2024-11-10,2024,Jupiler Pro League,Gent,Standard Liege,5 - 0,2 - 0,1,5,Yok
2024-11-10,2024,Jupiler Pro League,Union St. Gilloise,Genk,4 - 0,2 - 0,1,4,Yok
2024-11-10,2024,Jupiler Pro League,Beerschot VA,Club Brugge KV,2 - 2,0 - 2,X,4,Evet
2024-11-22,2024,Jupiler Pro League,Antwerp,Dender,1 - 1,0 - 1,X,2,Evet
2024-11-23,2024,Jupiler Pro League,Club Brugge KV,St. Truiden,7 - 0,3 - 0,1,7,Yok
2024-11-23,2024,Jupiler Pro League,Standard Liege,Cercle Brugge,1 - 0,0 - 0,1,1,Yok
2024-11-23,2024,Jupiler Pro League,Genk,Charleroi,3 - 0,0 - 0,1,3,Yok
2024-11-24,2024,Jupiler Pro League,KV Mechelen,Beerschot VA,3 - 0,1 - 0,1,3,Yok
2024-11-24,2024,Jupiler Pro League,OH Leuven,Union St. Gilloise,1 - 1,1 - 1,X,2,Evet
2024-11-24,2024,Jupiler Pro League,Anderlecht,Gent,6 - 0,3 - 0,1,6,Yok
2024-11-24,2024,Jupiler Pro League,KVC Westerlo,Kortrijk,4 - 0,0 - 0,1,4,Yok
2024-11-29,2024,Jupiler Pro League,Kortrijk,KV Mechelen,3 - 1,2 - 0,1,4,Evet
2024-11-30,2024,Jupiler Pro League,Club Brugge KV,Dender,4 - 1,2 - 1,1,5,Evet
2024-11-30,2024,Jupiler Pro League,Charleroi,Standard Liege,1 - 1,0 - 1,X,2,Evet
2024-12-01,2024,Jupiler Pro League,St. Truiden,Genk,2 - 2,0 - 1,X,4,Evet
2024-12-01,2024,Jupiler Pro League,OH Leuven,Anderlecht,0 - 0,0 - 0,X,0,Yok
2024-12-01,2024,Jupiler Pro League,Beerschot VA,Cercle Brugge,3 - 2,0 - 2,1,5,Evet
2024-12-01,2024,Jupiler Pro League,Union St. Gilloise,Antwerp,2 - 1,1 - 1,1,3,Evet
2024-12-01,2024,Jupiler Pro League,KVC Westerlo,Gent,2 - 2,1 - 1,X,4,Evet
2024-12-07,2024,Jupiler Pro League,Genk,Kortrijk,3 - 2,1 - 1,1,5,Evet
2024-12-07,2024,Jupiler Pro League,KV Mechelen,Club Brugge KV,1 - 2,0 - 1,2,3,Evet
2024-12-07,2024,Jupiler Pro League,Standard Liege,OH Leuven,1 - 1,1 - 0,X,2,Evet
2024-12-07,2024,Jupiler Pro League,Gent,St. Truiden,2 - 0,1 - 0,1,2,Yok
2024-12-08,2024,Jupiler Pro League,Antwerp,Charleroi,1 - 3,0 - 1,2,4,Evet
2024-12-08,2024,Jupiler Pro League,Cercle Brugge,Union St. Gilloise,0 - 0,0 - 0,X,0,Yok
2024-12-08,2024,Jupiler Pro League,Anderlecht,Beerschot VA,2 - 1,1 - 1,1,3,Evet
2024-12-08,2024,Jupiler Pro League,Dender,KVC Westerlo,1 - 0,1 - 0,1,1,Yok
2024-12-13,2024,Jupiler Pro League,KV Mechelen,Antwerp,1 - 1,0 - 1,X,2,Evet
2024-12-14,2024,Jupiler Pro League,Beerschot VA,Standard Liege,0 - 0,0 - 0,X,0,Yok
2024-12-14,2024,Jupiler Pro League,OH Leuven,Charleroi,1 - 0,0 - 0,1,1,Yok
2024-12-14,2024,Jupiler Pro League,Kortrijk,Dender,0 - 3,0 - 3,2,3,Yok
2024-12-15,2024,Jupiler Pro League,Club Brugge KV,Genk,2 - 0,0 - 0,1,2,Yok
2024-12-15,2024,Jupiler Pro League,Union St. Gilloise,KVC Westerlo,3 - 1,2 - 0,1,4,Evet
2024-12-15,2024,Jupiler Pro League,St. Truiden,Anderlecht,0 - 2,0 - 1,2,2,Yok
2024-12-15,2024,Jupiler Pro League,Gent,Cercle Brugge,1 - 1,1 - 0,X,2,Evet
2024-12-20,2024,Jupiler Pro League,KVC Westerlo,KV Mechelen,1 - 1,0 - 1,X,2,Evet
2024-12-21,2024,Jupiler Pro League,Charleroi,St. Truiden,2 - 1,1 - 0,1,3,Evet
2024-12-21,2024,Jupiler Pro League,Dender,Antwerp,1 - 3,0 - 1,2,4,Evet
2024-12-21,2024,Jupiler Pro League,Beerschot VA,Kortrijk,2 - 2,0 - 0,X,4,Evet
2024-12-22,2024,Jupiler Pro League,Genk,Anderlecht,2 - 0,1 - 0,1,2,Yok
2024-12-22,2024,Jupiler Pro League,Standard Liege,Gent,0 - 1,0 - 0,2,1,Yok
2024-12-22,2024,Jupiler Pro League,Union St. Gilloise,Club Brugge KV,2 - 2,1 - 0,X,4,Evet
2024-12-22,2024,Jupiler Pro League,Cercle Brugge,OH Leuven,1 - 0,0 - 0,1,1,Yok
2024-12-26,2024,Jupiler Pro League,Antwerp,Genk,2 - 2,2 - 1,X,4,Evet
2024-12-26,2024,Jupiler Pro League,Club Brugge KV,KVC Westerlo,4 - 3,2 - 1,1,7,Evet
2024-12-26,2024,Jupiler Pro League,Kortrijk,Charleroi,0 - 1,0 - 1,2,1,Yok
2024-12-26,2024,Jupiler Pro League,KV Mechelen,Standard Liege,0 - 0,0 - 0,X,0,Yok
2024-12-26,2024,Jupiler Pro League,Gent,Union St. Gilloise,1 - 3,0 - 1,2,4,Evet
2024-12-27,2024,Jupiler Pro League,OH Leuven,Beerschot VA,2 - 0,0 - 0,1,2,Yok
2024-12-27,2024,Jupiler Pro League,Anderlecht,Dender,2 - 3,2 - 1,2,5,Evet
2024-12-27,2024,Jupiler Pro League,St. Truiden,Cercle Brugge,1 - 1,0 - 1,X,2,Evet
2025-01-10,2024,Jupiler Pro League,Standard Liege,Kortrijk,1 - 0,0 - 0,1,1,Yok
2025-01-11,2024,Jupiler Pro League,KVC Westerlo,St. Truiden,1 - 2,1 - 1,2,3,Evet
2025-01-11,2024,Jupiler Pro League,Genk,OH Leuven,2 - 0,0 - 0,1,2,Yok
2025-01-11,2024,Jupiler Pro League,Charleroi,Union St. Gilloise,1 - 2,1 - 0,2,3,Evet
2025-01-12,2024,Jupiler Pro League,Beerschot VA,Antwerp,1 - 1,1 - 0,X,2,Evet
2025-01-12,2024,Jupiler Pro League,Dender,Gent,0 - 0,0 - 0,X,0,Yok
2025-01-12,2024,Jupiler Pro League,Anderlecht,Club Brugge KV,0 - 3,0 - 2,2,3,Yok
2025-01-12,2024,Jupiler Pro League,Cercle Brugge,KV Mechelen,1 - 0,1 - 0,1,1,Yok
2025-01-17,2024,Jupiler Pro League,Gent,Charleroi,1 - 1,0 - 1,X,2,Evet
2025-01-18,2024,Jupiler Pro League,Dender,Cercle Brugge,0 - 1,0 - 1,2,1,Yok
2025-01-18,2024,Jupiler Pro League,KV Mechelen,Genk,1 - 2,1 - 2,2,3,Evet
2025-01-18,2024,Jupiler Pro League,Club Brugge KV,Beerschot VA,4 - 2,2 - 0,1,6,Evet
2025-01-19,2024,Jupiler Pro League,Kortrijk,Anderlecht,0 - 2,0 - 0,2,2,Yok
2025-01-19,2024,Jupiler Pro League,Union St. Gilloise,OH Leuven,1 - 0,1 - 0,1,1,Yok
2025-01-19,2024,Jupiler Pro League,St. Truiden,Standard Liege,1 - 2,1 - 1,2,3,Evet
2025-01-19,2024,Jupiler Pro League,Antwerp,KVC Westerlo,3 - 2,1 - 2,1,5,Evet
2025-01-24,2024,Jupiler Pro League,St. Truiden,Antwerp,1 - 1,1 - 1,X,2,Evet
2025-01-25,2024,Jupiler Pro League,KVC Westerlo,Genk,1 - 2,0 - 2,2,3,Evet
2025-01-25,2024,Jupiler Pro League,Charleroi,Cercle Brugge,1 - 1,1 - 1,X,2,Evet
2025-01-25,2024,Jupiler Pro League,Club Brugge KV,Kortrijk,1 - 1,1 - 1,X,2,Evet
2025-01-26,2024,Jupiler Pro League,Standard Liege,Dender,1 - 0,1 - 0,1,1,Yok
2025-01-26,2024,Jupiler Pro League,Beerschot VA,Union St. Gilloise,0 - 4,0 - 3,2,4,Yok
2025-01-26,2024,Jupiler Pro League,Anderlecht,KV Mechelen,4 - 1,2 - 0,1,5,Evet
2025-01-26,2024,Jupiler Pro League,OH Leuven,Gent,0 - 0,0 - 0,X,0,Yok
2025-01-31,2024,Jupiler Pro League,OH Leuven,KV Mechelen,1 - 0,1 - 0,1,1,Yok
2025-02-01,2024,Jupiler Pro League,Charleroi,Dender,5 - 0,3 - 0,1,5,Yok
2025-02-01,2024,Jupiler Pro League,Cercle Brugge,Standard Liege,1 - 1,0 - 0,X,2,Evet
2025-02-01,2024,Jupiler Pro League,Genk,Beerschot VA,1 - 0,1 - 0,1,1,Yok
2025-02-02,2024,Jupiler Pro League,Antwerp,Club Brugge KV,2 - 1,0 - 1,1,3,Evet
2025-02-02,2024,Jupiler Pro League,Union St. Gilloise,St. Truiden,2 - 1,0 - 0,1,3,Evet
2025-02-02,2024,Jupiler Pro League,Gent,Anderlecht,1 - 0,1 - 0,1,1,Yok
2025-02-02,2024,Jupiler Pro League,Kortrijk,KVC Westerlo,1 - 2,1 - 0,2,3,Evet
2025-02-07,2024,Jupiler Pro League,KV Mechelen,Gent,3 - 3,1 - 1,X,6,Evet
2025-02-08,2024,Jupiler Pro League,Club Brugge KV,OH Leuven,1 - 0,1 - 0,1,1,Yok
2025-02-08,2024,Jupiler Pro League,Dender,St. Truiden,2 - 1,1 - 0,1,3,Evet
2025-02-08,2024,Jupiler Pro League,Genk,Cercle Brugge,2 - 1,2 - 1,1,3,Evet
2025-02-09,2024,Jupiler Pro League,Anderlecht,Antwerp,2 - 0,0 - 0,1,2,Yok
2025-02-09,2024,Jupiler Pro League,Kortrijk,Union St. Gilloise,1 - 2,0 - 1,2,3,Evet
2025-02-09,2024,Jupiler Pro League,KVC Westerlo,Standard Liege,4 - 2,2 - 1,1,6,Evet
2025-02-09,2024,Jupiler Pro League,Beerschot VA,Charleroi,1 - 1,1 - 0,X,2,Evet
2025-02-14,2024,Jupiler Pro League,Standard Liege,Genk,1 - 2,0 - 1,2,3,Evet
2025-02-15,2024,Jupiler Pro League,OH Leuven,Dender,3 - 2,1 - 2,1,5,Evet
2025-02-15,2024,Jupiler Pro League,Antwerp,Kortrijk,2 - 1,2 - 0,1,3,Evet
2025-02-15,2024,Jupiler Pro League,St. Truiden,Club Brugge KV,2 - 2,2 - 0,X,4,Evet
2025-02-16,2024,Jupiler Pro League,Gent,Beerschot VA,3 - 2,1 - 1,1,5,Evet
2025-02-16,2024,Jupiler Pro League,Union St. Gilloise,KV Mechelen,0 - 1,0 - 1,2,1,Yok
2025-02-16,2024,Jupiler Pro League,Charleroi,Anderlecht,0 - 1,0 - 0,2,1,Yok
2025-02-16,2024,Jupiler Pro League,Cercle Brugge,KVC Westerlo,1 - 1,0 - 1,X,2,Evet
2025-02-21,2024,Jupiler Pro League,KV Mechelen,St. Truiden,1 - 1,1 - 0,X,2,Evet
2025-02-22,2024,Jupiler Pro League,Dender,Beerschot VA,0 - 0,0 - 0,X,0,Yok
2025-02-22,2024,Jupiler Pro League,KVC Westerlo,Charleroi,1 - 3,1 - 0,2,4,Evet
2025-02-22,2024,Jupiler Pro League,Antwerp,OH Leuven,2 - 2,0 - 0,X,4,Evet
2025-02-23,2024,Jupiler Pro League,Club Brugge KV,Standard Liege,1 - 2,0 - 0,2,3,Evet
2025-02-23,2024,Jupiler Pro League,Genk,Gent,0 - 0,0 - 0,X,0,Yok
2025-02-23,2024,Jupiler Pro League,Anderlecht,Union St. Gilloise,0 - 2,0 - 1,2,2,Yok
2025-02-23,2024,Jupiler Pro League,Kortrijk,Cercle Brugge,1 - 1,1 - 0,X,2,Evet
2025-02-28,2024,Jupiler Pro League,Charleroi,Genk,1 - 1,0 - 0,X,2,Evet
2025-03-01,2024,Jupiler Pro League,Gent,Club Brugge KV,1 - 1,0 - 1,X,2,Evet
2025-03-01,2024,Jupiler Pro League,Cercle Brugge,Antwerp,0 - 0,0 - 0,X,0,Yok
2025-03-01,2024,Jupiler Pro League,St. Truiden,Kortrijk,4 - 2,2 - 1,1,6,Evet
2025-03-01,2024,Jupiler Pro League,Union St. Gilloise,Dender,4 - 1,2 - 0,1,5,Evet
2025-03-02,2024,Jupiler Pro League,Beerschot VA,KV Mechelen,1 - 0,1 - 0,1,1,Yok
2025-03-02,2024,Jupiler Pro League,Standard Liege,Anderlecht,0 - 2,0 - 0,2,2,Yok
2025-03-02,2024,Jupiler Pro League,OH Leuven,KVC Westerlo,0 - 0,0 - 0,X,0,Yok
2025-03-07,2024,Jupiler Pro League,St. Truiden,Beerschot VA,2 - 0,1 - 0,1,2,Yok
2025-03-08,2024,Jupiler Pro League,Kortrijk,OH Leuven,2 - 0,1 - 0,1,2,Yok
2025-03-08,2024,Jupiler Pro League,Charleroi,KV Mechelen,0 - 1,0 - 1,2,1,Yok
2025-03-08,2024,Jupiler Pro League,Dender,Genk,0 - 1,0 - 0,2,1,Yok
2025-03-09,2024,Jupiler Pro League,Cercle Brugge,Club Brugge KV,1 - 3,0 - 3,2,4,Evet
2025-03-09,2024,Jupiler Pro League,KVC Westerlo,Anderlecht,2 - 0,2 - 0,1,2,Yok
2025-03-09,2024,Jupiler Pro League,Antwerp,Gent,0 - 1,0 - 0,2,1,Yok
2025-03-09,2024,Jupiler Pro League,Union St. Gilloise,Standard Liege,3 - 0,1 - 0,1,3,Yok
2025-03-15,2024,Jupiler Pro League,Genk,Union St. Gilloise,2 - 1,0 - 0,1,3,Evet
2025-03-16,2024,Jupiler Pro League,Standard Liege,Antwerp,0 - 0,0 - 0,X,0,Yok
2025-03-16,2024,Jupiler Pro League,OH Leuven,St. Truiden,3 - 2,1 - 1,1,5,Evet
2025-03-16,2024,Jupiler Pro League,Beerschot VA,KVC Westerlo,1 - 2,0 - 1,2,3,Evet
2025-03-16,2024,Jupiler Pro League,KV Mechelen,Dender,2 - 1,0 - 0,1,3,Evet
2025-03-16,2024,Jupiler Pro League,Anderlecht,Cercle Brugge,3 - 0,1 - 0,1,3,Yok
2025-03-16,2024,Jupiler Pro League,Club Brugge KV,Charleroi,4 - 2,1 - 1,1,6,Evet
2025-03-16,2024,Jupiler Pro League,Gent,Kortrijk,1 - 2,0 - 1,2,3,Evet
2025-03-28,2024,Jupiler Pro League,OH Leuven,Charleroi,0 - 0,0 - 0,X,0,Yok
2025-03-29,2024,Jupiler Pro League,Beerschot VA,St. Truiden,0 - 1,0 - 0,2,1,Yok
2025-03-29,2024,Jupiler Pro League,Standard Liege,KV Mechelen,2 - 2,2 - 1,X,4,Evet
2025-03-29,2024,Jupiler Pro League,Union St. Gilloise,Antwerp,5 - 1,3 - 1,1,6,Evet
2025-03-30,2024,Jupiler Pro League,Club Brugge KV,Anderlecht,2 - 0,1 - 0,1,2,Yok
2025-03-30,2024,Jupiler Pro League,Kortrijk,Cercle Brugge,2 - 2,1 - 0,X,4,Evet
2025-03-30,2024,Jupiler Pro League,Genk,Gent,4 - 0,1 - 0,1,4,Yok
2025-03-30,2024,Jupiler Pro League,Dender,KVC Westerlo,1 - 0,1 - 0,1,1,Yok
2025-04-04,2024,Jupiler Pro League,KV Mechelen,Dender,5 - 2,4 - 0,1,7,Evet
2025-04-05,2024,Jupiler Pro League,Cercle Brugge,Beerschot VA,2 - 1,1 - 0,1,3,Evet
2025-04-05,2024,Jupiler Pro League,KVC Westerlo,OH Leuven,2 - 2,0 - 0,X,4,Evet
2025-04-05,2024,Jupiler Pro League,Gent,Union St. Gilloise,0 - 3,0 - 3,2,3,Yok
2025-04-06,2024,Jupiler Pro League,Antwerp,Club Brugge KV,2 - 3,0 - 3,2,5,Evet
2025-04-06,2024,Jupiler Pro League,St. Truiden,Kortrijk,0 - 3,0 - 3,2,3,Yok
2025-04-06,2024,Jupiler Pro League,Anderlecht,Genk,1 - 2,0 - 1,2,3,Evet
2025-04-06,2024,Jupiler Pro League,Charleroi,Standard Liege,1 - 0,1 - 0,1,1,Yok
2025-04-11,2024,Jupiler Pro League,KVC Westerlo,Charleroi,2 - 2,1 - 1,X,4,Evet
2025-04-12,2024,Jupiler Pro League,Kortrijk,Beerschot VA,3 - 2,2 - 2,1,5,Evet
2025-04-12,2024,Jupiler Pro League,St. Truiden,Cercle Brugge,3 - 1,2 - 1,1,4,Evet
2025-04-12,2024,Jupiler Pro League,Union St. Gilloise,Anderlecht,2 - 0,1 - 0,1,2,Yok
2025-04-13,2024,Jupiler Pro League,Antwerp,Gent,0 - 1,0 - 1,2,1,Yok
2025-04-13,2024,Jupiler Pro League,KV Mechelen,OH Leuven,1 - 1,1 - 1,X,2,Evet
2025-04-13,2024,Jupiler Pro League,Club Brugge KV,Genk,1 - 0,0 - 0,1,1,Yok
2025-04-13,2024,Jupiler Pro League,Dender,Standard Liege,1 - 1,1 - 1,X,2,Evet
2025-04-19,2024,Jupiler Pro League,OH Leuven,Dender,4 - 4,3 - 1,X,8,Evet
2025-04-19,2024,Jupiler Pro League,Charleroi,KV Mechelen,3 - 0,2 - 0,1,3,Yok
2025-04-19,2024,Jupiler Pro League,Standard Liege,KVC Westerlo,1 - 1,0 - 0,X,2,Evet
2025-04-20,2024,Jupiler Pro League,Anderlecht,Antwerp,0 - 0,0 - 0,X,0,Yok
2025-04-20,2024,Jupiler Pro League,Genk,Union St. Gilloise,1 - 2,0 - 1,2,3,Evet
2025-04-20,2024,Jupiler Pro League,Gent,Club Brugge KV,0 - 5,0 - 3,2,5,Yok
2025-04-22,2024,Jupiler Pro League,KV Mechelen,KVC Westerlo,2 - 3,1 - 1,2,5,Evet
2025-04-22,2024,Jupiler Pro League,Standard Liege,OH Leuven,0 - 1,0 - 0,2,1,Yok
2025-04-22,2024,Jupiler Pro League,Dender,Charleroi,2 - 1,0 - 1,1,3,Evet
2025-04-23,2024,Jupiler Pro League,Anderlecht,Gent,5 - 0,3 - 0,1,5,Yok
2025-04-23,2024,Jupiler Pro League,Antwerp,Genk,1 - 1,0 - 0,X,2,Evet
2025-04-24,2024,Jupiler Pro League,Club Brugge KV,Union St. Gilloise,0 - 1,0 - 1,2,1,Yok
2025-04-25,2024,Jupiler Pro League,Beerschot VA,Kortrijk,2 - 0,2 - 0,1,2,Yok
2025-04-26,2024,Jupiler Pro League,OH Leuven,Standard Liege,1 - 1,1 - 0,X,2,Evet
2025-04-26,2024,Jupiler Pro League,KVC Westerlo,KV Mechelen,2 - 2,0 - 0,X,4,Evet
2025-04-26,2024,Jupiler Pro League,Charleroi,Dender,4 - 1,1 - 0,1,5,Evet
2025-04-26,2024,Jupiler Pro League,Cercle Brugge,St. Truiden,3 - 1,2 - 0,1,4,Evet
2025-04-27,2024,Jupiler Pro League,Gent,Anderlecht,0 - 1,0 - 0,2,1,Yok
2025-04-27,2024,Jupiler Pro League,Genk,Antwerp,0 - 1,0 - 1,2,1,Yok
2025-04-27,2024,Jupiler Pro League,Union St. Gilloise,Club Brugge KV,0 - 0,0 - 0,X,0,Yok
2025-05-01,2024,Jupiler Pro League,Antwerp,Anderlecht,1 - 3,0 - 0,2,4,Evet
2025-05-01,2024,Jupiler Pro League,Club Brugge KV,Gent,4 - 1,1 - 1,1,5,Evet
2025-05-02,2024,Jupiler Pro League,KVC Westerlo,Dender,4 - 2,1 - 1,1,6,Evet
2025-05-03,2024,Jupiler Pro League,Cercle Brugge,Kortrijk,0 - 2,0 - 2,2,2,Yok
2025-05-03,2024,Jupiler Pro League,OH Leuven,KV Mechelen,1 - 2,0 - 1,2,3,Evet
2025-05-03,2024,Jupiler Pro League,Union St. Gilloise,Genk,1 - 0,0 - 0,1,1,Yok
2025-05-04,2024,Jupiler Pro League,Standard Liege,Charleroi,0 - 1,0 - 0,2,1,Yok
2025-05-04,2024,Jupiler Pro League,St. Truiden,Beerschot VA,2 - 1,1 - 0,1,3,Evet
2025-05-09,2024,Jupiler Pro League,Charleroi,KVC Westerlo,4 - 3,1 - 2,1,7,Evet
2025-05-10,2024,Jupiler Pro League,Beerschot VA,Cercle Brugge,4 - 2,0 - 1,1,6,Evet
2025-05-10,2024,Jupiler Pro League,Kortrijk,St. Truiden,2 - 2,2 - 2,X,4,Evet
2025-05-10,2024,Jupiler Pro League,KV Mechelen,Standard Liege,0 - 0,0 - 0,X,0,Yok
2025-05-10,2024,Jupiler Pro League,Anderlecht,Union St. Gilloise,0 - 1,0 - 1,2,1,Yok
2025-05-11,2024,Jupiler Pro League,Gent,Antwerp,0 - 3,0 - 2,2,3,Yok
2025-05-11,2024,Jupiler Pro League,Genk,Club Brugge KV,0 - 2,0 - 1,2,2,Yok
2025-05-11,2024,Jupiler Pro League,Dender,OH Leuven,5 - 0,4 - 0,1,5,Yok
2025-05-16,2024,Jupiler Pro League,OH Leuven,KVC Westerlo,0 - 2,0 - 1,2,2,Yok
2025-05-17,2024,Jupiler Pro League,Standard Liege,Dender,0 - 0,0 - 0,X,0,Yok
2025-05-17,2024,Jupiler Pro League,Antwerp,Union St. Gilloise,0 - 4,0 - 3,2,4,Yok
2025-05-18,2024,Jupiler Pro League,Anderlecht,Club Brugge KV,1 - 3,1 - 3,2,4,Evet
2025-05-18,2024,Jupiler Pro League,KV Mechelen,Charleroi,1 - 1,0 - 1,X,2,Evet
2025-05-18,2024,Jupiler Pro League,Gent,Genk,1 - 4,1 - 2,2,5,Evet
2025-05-18,2024,Jupiler Pro League,Patro Eisden,Cercle Brugge,1 - 5,0 - 2,2,6,Evet
2025-05-23,2024,Jupiler Pro League,Cercle Brugge,Patro Eisden,3 - 1,2 - 0,1,4,Evet
2025-05-24,2024,Jupiler Pro League,KVC Westerlo,Standard Liege,0 - 0,0 - 0,X,0,Yok
2025-05-24,2024,Jupiler Pro League,Charleroi,OH Leuven,2 - 1,1 - 1,1,3,Evet
2025-05-24,2024,Jupiler Pro League,Dender,KV Mechelen,2 - 2,2 - 2,X,4,Evet
2025-05-25,2024,Jupiler Pro League,Club Brugge KV,Antwerp,1 - 1,1 - 1,X,2,Evet
2025-05-25,2024,Jupiler Pro League,Genk,Anderlecht,2 - 1,1 - 1,1,3,Evet
2025-05-25,2024,Jupiler Pro League,Union St. Gilloise,Gent,3 - 1,1 - 1,1,4,Evet
2025-05-29,2024,Jupiler Pro League,Antwerp,Charleroi,1 - 2,0 - 0,2,3,Evet
2023-07-28,2023,Jupiler Pro League,Union St. Gilloise,Anderlecht,2 - 0,1 - 0,1,2,Yok
2023-07-29,2023,Jupiler Pro League,AS Eupen,KVC Westerlo,2 - 2,1 - 0,X,4,Evet
2023-07-29,2023,Jupiler Pro League,Charleroi,OH Leuven,1 - 1,1 - 0,X,2,Evet
2023-07-29,2023,Jupiler Pro League,RWDM,Genk,0 - 4,0 - 3,2,4,Yok
2023-07-30,2023,Jupiler Pro League,Antwerp,Cercle Brugge,1 - 0,1 - 0,1,1,Yok
2023-07-30,2023,Jupiler Pro League,Gent,Kortrijk,3 - 2,2 - 1,1,5,Evet
2023-07-30,2023,Jupiler Pro League,Club Brugge KV,KV Mechelen,1 - 1,0 - 1,X,2,Evet
2023-07-30,2023,Jupiler Pro League,St. Truiden,Standard Liege,1 - 0,0 - 0,1,1,Yok
2023-08-04,2023,Jupiler Pro League,Standard Liege,Union St. Gilloise,0 - 1,0 - 1,2,1,Yok
2023-08-05,2023,Jupiler Pro League,Genk,AS Eupen,0 - 1,0 - 1,2,1,Yok
2023-08-05,2023,Jupiler Pro League,Cercle Brugge,Charleroi,2 - 0,2 - 0,1,2,Yok
2023-08-05,2023,Jupiler Pro League,OH Leuven,RWDM,1 - 2,1 - 1,2,3,Evet
2023-08-06,2023,Jupiler Pro League,Anderlecht,Antwerp,1 - 0,1 - 0,1,1,Yok
2023-08-06,2023,Jupiler Pro League,KV Mechelen,Gent,0 - 1,0 - 0,2,1,Yok
2023-08-06,2023,Jupiler Pro League,KVC Westerlo,Club Brugge KV,0 - 1,0 - 1,2,1,Yok
2023-08-06,2023,Jupiler Pro League,Kortrijk,St. Truiden,0 - 1,0 - 0,2,1,Yok
2023-08-11,2023,Jupiler Pro League,Antwerp,Kortrijk,6 - 0,4 - 0,1,6,Yok
2023-08-12,2023,Jupiler Pro League,RWDM,KV Mechelen,1 - 0,0 - 0,1,1,Yok
2023-08-12,2023,Jupiler Pro League,Union St. Gilloise,OH Leuven,5 - 1,2 - 1,1,6,Evet
2023-08-13,2023,Jupiler Pro League,St. Truiden,Anderlecht,0 - 1,0 - 0,2,1,Yok
2023-08-13,2023,Jupiler Pro League,AS Eupen,Club Brugge KV,0 - 5,0 - 3,2,5,Yok
2023-08-13,2023,Jupiler Pro League,Cercle Brugge,Genk,0 - 1,0 - 0,2,1,Yok
2023-08-13,2023,Jupiler Pro League,Charleroi,Standard Liege,1 - 1,0 - 1,X,2,Evet
2023-08-13,2023,Jupiler Pro League,KVC Westerlo,Gent,1 - 3,1 - 1,2,4,Evet
2023-08-18,2023,Jupiler Pro League,OH Leuven,Antwerp,1 - 1,0 - 1,X,2,Evet
2023-08-19,2023,Jupiler Pro League,Standard Liege,Cercle Brugge,0 - 1,0 - 0,2,1,Yok
2023-08-19,2023,Jupiler Pro League,KV Mechelen,Union St. Gilloise,4 - 0,1 - 0,1,4,Yok
2023-08-20,2023,Jupiler Pro League,Anderlecht,KVC Westerlo,2 - 1,1 - 0,1,3,Evet
2023-08-20,2023,Jupiler Pro League,Gent,St. Truiden,2 - 2,1 - 2,X,4,Evet
2023-08-20,2023,Jupiler Pro League,Genk,Charleroi,0 - 0,0 - 0,X,0,Yok
2023-08-20,2023,Jupiler Pro League,Club Brugge KV,RWDM,7 - 1,2 - 1,1,8,Evet
2023-08-20,2023,Jupiler Pro League,Kortrijk,AS Eupen,1 - 3,0 - 0,2,4,Evet
2023-08-26,2023,Jupiler Pro League,KVC Westerlo,KV Mechelen,2 - 3,2 - 0,2,5,Evet
2023-08-26,2023,Jupiler Pro League,AS Eupen,OH Leuven,3 - 1,1 - 0,1,4,Evet
2023-08-26,2023,Jupiler Pro League,Kortrijk,Standard Liege,1 - 1,1 - 0,X,2,Evet
2023-08-27,2023,Jupiler Pro League,St. Truiden,Cercle Brugge,0 - 2,0 - 0,2,2,Yok
2023-08-27,2023,Jupiler Pro League,Anderlecht,Charleroi,2 - 1,1 - 0,1,3,Evet
2023-09-01,2023,Jupiler Pro League,OH Leuven,Kortrijk,3 - 0,1 - 0,1,3,Yok
2023-09-02,2023,Jupiler Pro League,Cercle Brugge,KVC Westerlo,2 - 1,1 - 0,1,3,Evet
2023-09-02,2023,Jupiler Pro League,KV Mechelen,AS Eupen,1 - 0,0 - 0,1,1,Yok
2023-09-02,2023,Jupiler Pro League,Standard Liege,RWDM,1 - 1,1 - 1,X,2,Evet
2023-09-03,2023,Jupiler Pro League,Gent,Club Brugge KV,2 - 1,1 - 1,1,3,Evet
2023-09-03,2023,Jupiler Pro League,Union St. Gilloise,Antwerp,2 - 2,1 - 2,X,4,Evet
2023-09-03,2023,Jupiler Pro League,Genk,Anderlecht,1 - 1,0 - 0,X,2,Evet
2023-09-03,2023,Jupiler Pro League,Charleroi,St. Truiden,1 - 1,0 - 0,X,2,Evet
2023-09-15,2023,Jupiler Pro League,KVC Westerlo,Antwerp,0 - 3,0 - 1,2,3,Yok
2023-09-16,2023,Jupiler Pro League,RWDM,Cercle Brugge,2 - 1,1 - 1,1,3,Evet
2023-09-16,2023,Jupiler Pro League,Union St. Gilloise,Genk,0 - 2,0 - 1,2,2,Yok
2023-09-16,2023,Jupiler Pro League,Club Brugge KV,Charleroi,4 - 2,2 - 2,1,6,Evet
2023-09-17,2023,Jupiler Pro League,AS Eupen,Standard Liege,1 - 3,0 - 2,2,4,Evet
2023-09-17,2023,Jupiler Pro League,Kortrijk,Anderlecht,2 - 2,1 - 1,X,4,Evet
2023-09-17,2023,Jupiler Pro League,OH Leuven,Gent,1 - 1,1 - 1,X,2,Evet
2023-09-17,2023,Jupiler Pro League,St. Truiden,KV Mechelen,2 - 0,1 - 0,1,2,Yok
2023-09-22,2023,Jupiler Pro League,Standard Liege,KVC Westerlo,0 - 0,0 - 0,X,0,Yok
2023-09-23,2023,Jupiler Pro League,Charleroi,Kortrijk,1 - 0,1 - 0,1,1,Yok
2023-09-23,2023,Jupiler Pro League,KV Mechelen,OH Leuven,1 - 2,0 - 2,2,3,Evet
2023-09-23,2023,Jupiler Pro League,Antwerp,RWDM,0 - 0,0 - 0,X,0,Yok
2023-09-24,2023,Jupiler Pro League,Genk,St. Truiden,3 - 3,0 - 3,X,6,Evet
2023-09-24,2023,Jupiler Pro League,Cercle Brugge,Union St. Gilloise,0 - 2,0 - 1,2,2,Yok
2023-09-24,2023,Jupiler Pro League,Anderlecht,Club Brugge KV,1 - 1,1 - 0,X,2,Evet
2023-09-24,2023,Jupiler Pro League,Gent,AS Eupen,2 - 1,0 - 1,1,3,Evet
2023-09-27,2023,Jupiler Pro League,Antwerp,Gent,0 - 0,0 - 0,X,0,Yok
2023-09-28,2023,Jupiler Pro League,RWDM,Union St. Gilloise,2 - 3,2 - 2,2,5,Evet
2023-09-28,2023,Jupiler Pro League,Club Brugge KV,Genk,1 - 1,0 - 1,X,2,Evet
2023-09-29,2023,Jupiler Pro League,Kortrijk,Cercle Brugge,2 - 1,0 - 0,1,3,Evet
2023-09-30,2023,Jupiler Pro League,AS Eupen,Anderlecht,1 - 3,1 - 1,2,4,Evet
2023-09-30,2023,Jupiler Pro League,OH Leuven,Standard Liege,1 - 2,0 - 1,2,3,Evet
2023-09-30,2023,Jupiler Pro League,KV Mechelen,Antwerp,0 - 0,0 - 0,X,0,Yok
2023-10-01,2023,Jupiler Pro League,Union St. Gilloise,Charleroi,3 - 1,3 - 1,1,4,Evet
2023-10-01,2023,Jupiler Pro League,Genk,KVC Westerlo,3 - 3,2 - 1,X,6,Evet
2023-10-01,2023,Jupiler Pro League,Club Brugge KV,St. Truiden,1 - 1,0 - 0,X,2,Evet
2023-10-01,2023,Jupiler Pro League,RWDM,Gent,1 - 1,1 - 1,X,2,Evet
2023-10-06,2023,Jupiler Pro League,Charleroi,RWDM,2 - 1,0 - 0,1,3,Evet
2023-10-07,2023,Jupiler Pro League,Cercle Brugge,OH Leuven,3 - 2,2 - 2,1,5,Evet
2023-10-07,2023,Jupiler Pro League,KVC Westerlo,Kortrijk,1 - 0,1 - 0,1,1,Yok
2023-10-07,2023,Jupiler Pro League,Anderlecht,KV Mechelen,3 - 1,1 - 0,1,4,Evet
2023-10-08,2023,Jupiler Pro League,Standard Liege,Club Brugge KV,2 - 1,1 - 0,1,3,Evet
2023-10-08,2023,Jupiler Pro League,Antwerp,AS Eupen,4 - 1,2 - 1,1,5,Evet
2023-10-08,2023,Jupiler Pro League,Gent,Genk,1 - 1,0 - 0,X,2,Evet
2023-10-08,2023,Jupiler Pro League,St. Truiden,Union St. Gilloise,0 - 4,0 - 2,2,4,Yok
2023-10-20,2023,Jupiler Pro League,Union St. Gilloise,AS Eupen,4 - 1,2 - 0,1,5,Evet
2023-10-21,2023,Jupiler Pro League,Kortrijk,Club Brugge KV,1 - 0,1 - 0,1,1,Yok
2023-10-21,2023,Jupiler Pro League,RWDM,KVC Westerlo,1 - 1,0 - 0,X,2,Evet
2023-10-21,2023,Jupiler Pro League,Charleroi,Antwerp,3 - 2,0 - 0,1,5,Evet
2023-10-22,2023,Jupiler Pro League,Genk,KV Mechelen,4 - 0,2 - 0,1,4,Yok
2023-10-22,2023,Jupiler Pro League,Cercle Brugge,Gent,2 - 0,0 - 0,1,2,Yok
2023-10-22,2023,Jupiler Pro League,Standard Liege,Anderlecht,3 - 2,0 - 2,1,5,Evet
2023-10-22,2023,Jupiler Pro League,OH Leuven,St. Truiden,4 - 0,2 - 0,1,4,Yok
2023-10-27,2023,Jupiler Pro League,St. Truiden,RWDM,2 - 1,0 - 0,1,3,Evet
2023-10-28,2023,Jupiler Pro League,KV Mechelen,Cercle Brugge,0 - 2,0 - 0,2,2,Yok
2023-10-28,2023,Jupiler Pro League,AS Eupen,Charleroi,2 - 0,1 - 0,1,2,Yok
2023-10-28,2023,Jupiler Pro League,Anderlecht,OH Leuven,5 - 1,2 - 1,1,6,Evet
2023-10-29,2023,Jupiler Pro League,Club Brugge KV,Antwerp,2 - 1,1 - 0,1,3,Evet
2023-10-29,2023,Jupiler Pro League,KVC Westerlo,Union St. Gilloise,1 - 3,1 - 1,2,4,Evet
2023-10-29,2023,Jupiler Pro League,Gent,Standard Liege,3 - 1,3 - 0,1,4,Evet
2023-10-29,2023,Jupiler Pro League,Kortrijk,Genk,0 - 3,0 - 0,2,3,Yok
2023-11-03,2023,Jupiler Pro League,St. Truiden,AS Eupen,1 - 1,1 - 0,X,2,Evet
2023-11-04,2023,Jupiler Pro League,RWDM,Kortrijk,1 - 1,1 - 1,X,2,Evet
2023-11-04,2023,Jupiler Pro League,OH Leuven,KVC Westerlo,0 - 2,0 - 0,2,2,Yok
2023-11-04,2023,Jupiler Pro League,Antwerp,Genk,3 - 2,3 - 1,1,5,Evet
2023-11-05,2023,Jupiler Pro League,Cercle Brugge,Anderlecht,0 - 3,0 - 2,2,3,Yok
2023-11-05,2023,Jupiler Pro League,Standard Liege,KV Mechelen,1 - 1,1 - 0,X,2,Evet
2023-11-05,2023,Jupiler Pro League,Union St. Gilloise,Club Brugge KV,2 - 1,1 - 0,1,3,Evet
2023-11-05,2023,Jupiler Pro League,Charleroi,Gent,1 - 3,0 - 1,2,4,Evet
2023-11-10,2023,Jupiler Pro League,KVC Westerlo,St. Truiden,3 - 3,2 - 1,X,6,Evet
2023-11-11,2023,Jupiler Pro League,Antwerp,Standard Liege,6 - 0,4 - 0,1,6,Yok
2023-11-11,2023,Jupiler Pro League,AS Eupen,RWDM,1 - 3,1 - 1,2,4,Evet
2023-11-11,2023,Jupiler Pro League,KV Mechelen,Charleroi,1 - 0,0 - 0,1,1,Yok
2023-11-12,2023,Jupiler Pro League,Club Brugge KV,Cercle Brugge,0 - 0,0 - 0,X,0,Yok
2023-11-12,2023,Jupiler Pro League,Genk,OH Leuven,3 - 1,1 - 0,1,4,Evet
2023-11-12,2023,Jupiler Pro League,Gent,Anderlecht,1 - 1,1 - 1,X,2,Evet
2023-11-12,2023,Jupiler Pro League,Union St. Gilloise,Kortrijk,3 - 0,2 - 0,1,3,Yok
2023-11-24,2023,Jupiler Pro League,St. Truiden,Antwerp,1 - 1,1 - 0,X,2,Evet
2023-11-25,2023,Jupiler Pro League,Cercle Brugge,AS Eupen,2 - 0,0 - 0,1,2,Yok
2023-11-25,2023,Jupiler Pro League,Charleroi,KVC Westerlo,3 - 2,0 - 1,1,5,Evet
2023-11-25,2023,Jupiler Pro League,Standard Liege,Genk,1 - 0,0 - 0,1,1,Yok
2023-11-26,2023,Jupiler Pro League,Gent,Union St. Gilloise,1 - 1,1 - 0,X,2,Evet
2023-11-26,2023,Jupiler Pro League,OH Leuven,Club Brugge KV,0 - 1,0 - 1,2,1,Yok
2023-11-26,2023,Jupiler Pro League,Anderlecht,RWDM,2 - 1,0 - 1,1,3,Evet
2023-11-26,2023,Jupiler Pro League,Kortrijk,KV Mechelen,0 - 3,0 - 2,2,3,Yok
2023-12-01,2023,Jupiler Pro League,KVC Westerlo,Anderlecht,1 - 3,0 - 1,2,4,Evet
2023-12-02,2023,Jupiler Pro League,RWDM,Charleroi,0 - 0,0 - 0,X,0,Yok
2023-12-02,2023,Jupiler Pro League,AS Eupen,Kortrijk,1 - 1,0 - 0,X,2,Evet
2023-12-02,2023,Jupiler Pro League,Antwerp,OH Leuven,1 - 0,1 - 0,1,1,Yok
2023-12-03,2023,Jupiler Pro League,Genk,Gent,2 - 2,1 - 1,X,4,Evet
2023-12-03,2023,Jupiler Pro League,KV Mechelen,St. Truiden,0 - 2,0 - 2,2,2,Yok
2023-12-03,2023,Jupiler Pro League,Club Brugge KV,Standard Liege,2 - 0,1 - 0,1,2,Yok
2023-12-03,2023,Jupiler Pro League,Union St. Gilloise,Cercle Brugge,2 - 1,2 - 1,1,3,Evet
2023-12-08,2023,Jupiler Pro League,Kortrijk,KVC Westerlo,1 - 2,0 - 1,2,3,Evet
2023-12-09,2023,Jupiler Pro League,Cercle Brugge,Antwerp,1 - 3,0 - 1,2,4,Evet
2023-12-09,2023,Jupiler Pro League,St. Truiden,OH Leuven,1 - 1,1 - 1,X,2,Evet
2023-12-09,2023,Jupiler Pro League,Gent,RWDM,4 - 0,2 - 0,1,4,Yok
2023-12-10,2023,Jupiler Pro League,KV Mechelen,Club Brugge KV,0 - 0,0 - 0,X,0,Yok
2023-12-10,2023,Jupiler Pro League,AS Eupen,Genk,1 - 3,0 - 1,2,4,Evet
2023-12-10,2023,Jupiler Pro League,Anderlecht,Standard Liege,2 - 2,1 - 1,X,4,Evet
2023-12-10,2023,Jupiler Pro League,Charleroi,Union St. Gilloise,1 - 3,0 - 1,2,4,Evet
2023-12-15,2023,Jupiler Pro League,KVC Westerlo,AS Eupen,2 - 0,0 - 0,1,2,Yok
2023-12-16,2023,Jupiler Pro League,OH Leuven,Cercle Brugge,1 - 2,1 - 0,2,3,Evet
2023-12-16,2023,Jupiler Pro League,RWDM,St. Truiden,3 - 0,1 - 0,1,3,Yok
2023-12-16,2023,Jupiler Pro League,Standard Liege,Charleroi,0 - 0,0 - 0,X,0,Yok
2023-12-17,2023,Jupiler Pro League,Club Brugge KV,Gent,2 - 0,2 - 0,1,2,Yok
2023-12-17,2023,Jupiler Pro League,Union St. Gilloise,KV Mechelen,1 - 0,0 - 0,1,1,Yok
2023-12-17,2023,Jupiler Pro League,Antwerp,Anderlecht,1 - 1,0 - 1,X,2,Evet
2023-12-17,2023,Jupiler Pro League,Genk,Kortrijk,4 - 0,1 - 0,1,4,Yok
2023-12-20,2023,Jupiler Pro League,Cercle Brugge,Kortrijk,3 - 0,1 - 0,1,3,Yok
2023-12-20,2023,Jupiler Pro League,KV Mechelen,Standard Liege,3 - 0,1 - 0,1,3,Yok
2023-12-21,2023,Jupiler Pro League,Gent,OH Leuven,4 - 0,1 - 0,1,4,Yok
2023-12-22,2023,Jupiler Pro League,RWDM,Club Brugge KV,1 - 6,0 - 3,2,7,Evet
2023-12-23,2023,Jupiler Pro League,AS Eupen,Union St. Gilloise,1 - 2,0 - 2,2,3,Evet
2023-12-23,2023,Jupiler Pro League,St. Truiden,Charleroi,1 - 0,0 - 0,1,1,Yok
2023-12-23,2023,Jupiler Pro League,Antwerp,KVC Westerlo,2 - 2,1 - 0,X,4,Evet
2023-12-23,2023,Jupiler Pro League,Anderlecht,Genk,2 - 1,0 - 0,1,3,Evet
2023-12-26,2023,Jupiler Pro League,Genk,Antwerp,3 - 0,1 - 0,1,3,Yok
2023-12-26,2023,Jupiler Pro League,OH Leuven,AS Eupen,3 - 0,2 - 0,1,3,Yok
2023-12-26,2023,Jupiler Pro League,Kortrijk,Gent,0 - 2,0 - 1,2,2,Yok
2023-12-26,2023,Jupiler Pro League,KVC Westerlo,RWDM,3 - 0,1 - 0,1,3,Yok
2023-12-26,2023,Jupiler Pro League,Club Brugge KV,Union St. Gilloise,1 - 1,0 - 1,X,2,Evet
2023-12-27,2023,Jupiler Pro League,Standard Liege,St. Truiden,1 - 1,0 - 0,X,2,Evet
2023-12-27,2023,Jupiler Pro League,Anderlecht,Cercle Brugge,2 - 0,1 - 0,1,2,Yok
2023-12-27,2023,Jupiler Pro League,Charleroi,KV Mechelen,3 - 1,2 - 0,1,4,Evet
2024-01-19,2023,Jupiler Pro League,Gent,KV Mechelen,1 - 2,0 - 1,2,3,Evet
2024-01-20,2023,Jupiler Pro League,Genk,Cercle Brugge,1 - 1,0 - 1,X,2,Evet
2024-01-20,2023,Jupiler Pro League,Standard Liege,Kortrijk,0 - 1,0 - 1,2,1,Yok
2024-01-20,2023,Jupiler Pro League,Club Brugge KV,KVC Westerlo,3 - 0,1 - 0,1,3,Yok
2024-01-21,2023,Jupiler Pro League,Antwerp,Charleroi,4 - 1,2 - 0,1,5,Evet
2024-01-21,2023,Jupiler Pro League,Union St. Gilloise,St. Truiden,2 - 1,1 - 1,1,3,Evet
2024-01-21,2023,Jupiler Pro League,OH Leuven,Anderlecht,1 - 1,1 - 0,X,2,Evet
2024-01-24,2023,Jupiler Pro League,RWDM,AS Eupen,0 - 1,0 - 0,2,1,Yok
2024-01-26,2023,Jupiler Pro League,Cercle Brugge,Standard Liege,1 - 1,0 - 0,X,2,Evet
2024-01-27,2023,Jupiler Pro League,Kortrijk,OH Leuven,0 - 0,0 - 0,X,0,Yok
2024-01-27,2023,Jupiler Pro League,Gent,KVC Westerlo,2 - 2,1 - 1,X,4,Evet
2024-01-27,2023,Jupiler Pro League,Charleroi,Club Brugge KV,1 - 4,0 - 3,2,5,Evet
2024-01-28,2023,Jupiler Pro League,St. Truiden,Genk,1 - 1,0 - 1,X,2,Evet
2024-01-28,2023,Jupiler Pro League,AS Eupen,Antwerp,1 - 0,1 - 0,1,1,Yok
2024-01-28,2023,Jupiler Pro League,Anderlecht,Union St. Gilloise,2 - 2,1 - 2,X,4,Evet
2024-01-28,2023,Jupiler Pro League,KV Mechelen,RWDM,3 - 1,0 - 0,1,4,Evet
2024-01-30,2023,Jupiler Pro League,KVC Westerlo,Cercle Brugge,4 - 2,4 - 1,1,6,Evet
2024-01-30,2023,Jupiler Pro League,Club Brugge KV,Kortrijk,3 - 3,1 - 0,X,6,Evet
2024-01-31,2023,Jupiler Pro League,OH Leuven,Genk,2 - 1,0 - 0,1,3,Evet
2024-01-31,2023,Jupiler Pro League,Charleroi,AS Eupen,1 - 0,0 - 0,1,1,Yok
2024-01-31,2023,Jupiler Pro League,Standard Liege,Antwerp,0 - 1,0 - 0,2,1,Yok
2024-01-31,2023,Jupiler Pro League,Union St. Gilloise,RWDM,3 - 2,2 - 0,1,5,Evet
2024-02-01,2023,Jupiler Pro League,KV Mechelen,Anderlecht,2 - 2,0 - 1,X,4,Evet
2024-02-01,2023,Jupiler Pro League,St. Truiden,Gent,4 - 1,0 - 1,1,5,Evet
2024-02-03,2023,Jupiler Pro League,RWDM,Standard Liege,2 - 2,1 - 1,X,4,Evet
2024-02-03,2023,Jupiler Pro League,KVC Westerlo,OH Leuven,0 - 3,0 - 2,2,3,Yok
2024-02-03,2023,Jupiler Pro League,Kortrijk,Charleroi,1 - 0,1 - 0,1,1,Yok
2024-02-03,2023,Jupiler Pro League,Genk,Union St. Gilloise,0 - 1,0 - 0,2,1,Yok
2024-02-04,2023,Jupiler Pro League,Antwerp,Club Brugge KV,2 - 1,0 - 0,1,3,Evet
2024-02-04,2023,Jupiler Pro League,AS Eupen,KV Mechelen,0 - 1,0 - 0,2,1,Yok
2024-02-04,2023,Jupiler Pro League,Anderlecht,Gent,1 - 0,1 - 0,1,1,Yok
2024-02-04,2023,Jupiler Pro League,Cercle Brugge,St. Truiden,4 - 1,2 - 0,1,5,Evet
2024-02-09,2023,Jupiler Pro League,St. Truiden,Kortrijk,1 - 0,1 - 0,1,1,Yok
2024-02-10,2023,Jupiler Pro League,Standard Liege,OH Leuven,1 - 0,1 - 0,1,1,Yok
2024-02-10,2023,Jupiler Pro League,Union St. Gilloise,KVC Westerlo,2 - 2,1 - 1,X,4,Evet
2024-02-10,2023,Jupiler Pro League,Club Brugge KV,AS Eupen,4 - 0,2 - 0,1,4,Yok
2024-02-11,2023,Jupiler Pro League,RWDM,Antwerp,0 - 4,0 - 3,2,4,Yok
2024-02-11,2023,Jupiler Pro League,KV Mechelen,Genk,1 - 1,1 - 1,X,2,Evet
2024-02-11,2023,Jupiler Pro League,Charleroi,Anderlecht,1 - 3,1 - 2,2,4,Evet
2024-02-11,2023,Jupiler Pro League,Gent,Cercle Brugge,1 - 2,0 - 1,2,3,Evet
2024-02-16,2023,Jupiler Pro League,KVC Westerlo,Standard Liege,2 - 1,1 - 1,1,3,Evet
2024-02-17,2023,Jupiler Pro League,Genk,RWDM,3 - 1,2 - 1,1,4,Evet
2024-02-17,2023,Jupiler Pro League,OH Leuven,Charleroi,0 - 0,0 - 0,X,0,Yok
2024-02-17,2023,Jupiler Pro League,Antwerp,KV Mechelen,0 - 1,0 - 0,2,1,Yok
2024-02-18,2023,Jupiler Pro League,Cercle Brugge,Club Brugge KV,1 - 1,0 - 0,X,2,Evet
2024-02-18,2023,Jupiler Pro League,Kortrijk,Union St. Gilloise,1 - 3,0 - 2,2,4,Evet
2024-02-18,2023,Jupiler Pro League,Anderlecht,St. Truiden,4 - 1,0 - 1,1,5,Evet
2024-02-18,2023,Jupiler Pro League,AS Eupen,Gent,0 - 2,0 - 1,2,2,Yok
2024-02-23,2023,Jupiler Pro League,Charleroi,Genk,0 - 1,0 - 0,2,1,Yok
2024-02-24,2023,Jupiler Pro League,RWDM,OH Leuven,1 - 1,1 - 1,X,2,Evet
2024-02-24,2023,Jupiler Pro League,St. Truiden,KVC Westerlo,1 - 0,1 - 0,1,1,Yok
2024-02-24,2023,Jupiler Pro League,KV Mechelen,Kortrijk,3 - 0,1 - 0,1,3,Yok
2024-02-25,2023,Jupiler Pro League,Club Brugge KV,Anderlecht,1 - 2,1 - 0,2,3,Evet
2024-02-25,2023,Jupiler Pro League,Gent,Antwerp,2 - 2,2 - 1,X,4,Evet
2024-02-25,2023,Jupiler Pro League,Union St. Gilloise,Standard Liege,2 - 1,2 - 0,1,3,Evet
2024-02-25,2023,Jupiler Pro League,AS Eupen,Cercle Brugge,0 - 2,0 - 0,2,2,Yok
2024-03-01,2023,Jupiler Pro League,KVC Westerlo,Charleroi,0 - 1,0 - 0,2,1,Yok
2024-03-02,2023,Jupiler Pro League,Cercle Brugge,KV Mechelen,2 - 3,2 - 2,2,5,Evet
2024-03-02,2023,Jupiler Pro League,OH Leuven,Union St. Gilloise,0 - 2,0 - 1,2,2,Yok
2024-03-02,2023,Jupiler Pro League,Standard Liege,Gent,4 - 2,1 - 1,1,6,Evet
2024-03-03,2023,Jupiler Pro League,Genk,Club Brugge KV,0 - 3,0 - 1,2,3,Yok
2024-03-03,2023,Jupiler Pro League,Antwerp,St. Truiden,3 - 0,0 - 0,1,3,Yok
2024-03-03,2023,Jupiler Pro League,Anderlecht,AS Eupen,1 - 0,1 - 0,1,1,Yok
2024-03-03,2023,Jupiler Pro League,Kortrijk,RWDM,3 - 2,1 - 1,1,5,Evet
2024-03-08,2023,Jupiler Pro League,KV Mechelen,KVC Westerlo,3 - 1,2 - 0,1,4,Evet
2024-03-09,2023,Jupiler Pro League,Kortrijk,Antwerp,0 - 1,0 - 1,2,1,Yok
2024-03-09,2023,Jupiler Pro League,Charleroi,Cercle Brugge,0 - 0,0 - 0,X,0,Yok
2024-03-09,2023,Jupiler Pro League,RWDM,Anderlecht,0 - 3,0 - 3,2,3,Yok
2024-03-10,2023,Jupiler Pro League,Genk,Standard Liege,1 - 0,0 - 0,1,1,Yok
2024-03-10,2023,Jupiler Pro League,Club Brugge KV,OH Leuven,3 - 1,1 - 1,1,4,Evet
2024-03-10,2023,Jupiler Pro League,Union St. Gilloise,Gent,1 - 1,0 - 0,X,2,Evet
2024-03-10,2023,Jupiler Pro League,AS Eupen,St. Truiden,1 - 0,1 - 0,1,1,Yok
2024-03-16,2023,Jupiler Pro League,Standard Liege,AS Eupen,4 - 0,2 - 0,1,4,Yok
2024-03-16,2023,Jupiler Pro League,Anderlecht,Kortrijk,0 - 1,0 - 0,2,1,Yok
2024-03-17,2023,Jupiler Pro League,St. Truiden,Club Brugge KV,2 - 1,0 - 1,1,3,Evet
2024-03-17,2023,Jupiler Pro League,Antwerp,Union St. Gilloise,1 - 1,0 - 0,X,2,Evet
2024-03-17,2023,Jupiler Pro League,OH Leuven,KV Mechelen,1 - 0,0 - 0,1,1,Yok
2024-03-17,2023,Jupiler Pro League,KVC Westerlo,Genk,1 - 1,0 - 0,X,2,Evet
2024-03-17,2023,Jupiler Pro League,Gent,Charleroi,5 - 0,2 - 0,1,5,Yok
2024-03-17,2023,Jupiler Pro League,Cercle Brugge,RWDM,4 - 0,2 - 0,1,4,Yok
2024-03-29,2023,Jupiler Pro League,Gent,Standard Liege,5 - 1,1 - 1,1,6,Evet
2024-03-30,2023,Jupiler Pro League,OH Leuven,KV Mechelen,2 - 3,0 - 1,2,5,Evet
2024-03-30,2023,Jupiler Pro League,Anderlecht,Antwerp,1 - 0,0 - 0,1,1,Yok
2024-03-31,2023,Jupiler Pro League,St. Truiden,KVC Westerlo,2 - 0,1 - 0,1,2,Yok
2024-04-01,2023,Jupiler Pro League,Cercle Brugge,Club Brugge KV,1 - 1,1 - 0,X,2,Evet
2024-04-01,2023,Jupiler Pro League,Genk,Union St. Gilloise,1 - 0,1 - 0,1,1,Yok
2024-04-05,2023,Jupiler Pro League,KV Mechelen,St. Truiden,2 - 3,1 - 0,2,5,Evet
2024-04-06,2023,Jupiler Pro League,Charleroi,RWDM,0 - 0,0 - 0,X,0,Yok
2024-04-06,2023,Jupiler Pro League,Standard Liege,OH Leuven,0 - 0,0 - 0,X,0,Yok
2024-04-06,2023,Jupiler Pro League,Antwerp,Genk,0 - 1,0 - 1,2,1,Yok
2024-04-07,2023,Jupiler Pro League,Union St. Gilloise,Cercle Brugge,2 - 3,1 - 2,2,5,Evet
2024-04-07,2023,Jupiler Pro League,AS Eupen,Kortrijk,1 - 1,0 - 0,X,2,Evet
2024-04-07,2023,Jupiler Pro League,Club Brugge KV,Anderlecht,3 - 1,1 - 0,1,4,Evet
2024-04-07,2023,Jupiler Pro League,KVC Westerlo,Gent,0 - 3,0 - 2,2,3,Yok
2024-04-12,2023,Jupiler Pro League,St. Truiden,Standard Liege,3 - 3,1 - 1,X,6,Evet
2024-04-13,2023,Jupiler Pro League,RWDM,AS Eupen,3 - 1,1 - 1,1,4,Evet
2024-04-13,2023,Jupiler Pro League,KV Mechelen,KVC Westerlo,3 - 2,0 - 2,1,5,Evet
2024-04-13,2023,Jupiler Pro League,Genk,Cercle Brugge,1 - 1,1 - 0,X,2,Evet
2024-04-14,2023,Jupiler Pro League,Club Brugge KV,Antwerp,3 - 0,1 - 0,1,3,Yok
2024-04-14,2023,Jupiler Pro League,Kortrijk,Charleroi,1 - 2,1 - 0,2,3,Evet
2024-04-14,2023,Jupiler Pro League,Anderlecht,Union St. Gilloise,2 - 1,1 - 0,1,3,Evet
2024-04-14,2023,Jupiler Pro League,OH Leuven,Gent,2 - 1,2 - 1,1,3,Evet
2024-04-20,2023,Jupiler Pro League,OH Leuven,St. Truiden,1 - 0,0 - 0,1,1,Yok
2024-04-20,2023,Jupiler Pro League,KVC Westerlo,Standard Liege,3 - 3,1 - 1,X,6,Evet
2024-04-20,2023,Jupiler Pro League,Gent,KV Mechelen,3 - 1,1 - 0,1,4,Evet
2024-04-20,2023,Jupiler Pro League,Genk,Anderlecht,2 - 1,1 - 0,1,3,Evet
2024-04-21,2023,Jupiler Pro League,Cercle Brugge,Antwerp,0 - 1,0 - 0,2,1,Yok
2024-04-21,2023,Jupiler Pro League,Kortrijk,RWDM,2 - 4,1 - 3,2,6,Evet
2024-04-21,2023,Jupiler Pro League,Union St. Gilloise,Club Brugge KV,1 - 2,0 - 0,2,3,Evet
2024-04-21,2023,Jupiler Pro League,Charleroi,AS Eupen,1 - 0,1 - 0,1,1,Yok
2024-04-23,2023,Jupiler Pro League,KVC Westerlo,OH Leuven,1 - 1,1 - 0,X,2,Evet
2024-04-23,2023,Jupiler Pro League,Standard Liege,KV Mechelen,0 - 0,0 - 0,X,0,Yok
2024-04-23,2023,Jupiler Pro League,St. Truiden,Gent,0 - 2,0 - 1,2,2,Yok
2024-04-24,2023,Jupiler Pro League,Anderlecht,Cercle Brugge,3 - 0,2 - 0,1,3,Yok
2024-04-24,2023,Jupiler Pro League,Club Brugge KV,Genk,4 - 0,1 - 0,1,4,Yok
2024-04-25,2023,Jupiler Pro League,Antwerp,Union St. Gilloise,0 - 3,0 - 0,2,3,Yok
2024-04-26,2023,Jupiler Pro League,AS Eupen,Charleroi,1 - 2,0 - 2,2,3,Evet
2024-04-27,2023,Jupiler Pro League,KV Mechelen,OH Leuven,3 - 0,0 - 0,1,3,Yok
2024-04-27,2023,Jupiler Pro League,Standard Liege,St. Truiden,1 - 1,0 - 1,X,2,Evet
2024-04-27,2023,Jupiler Pro League,Gent,KVC Westerlo,3 - 2,2 - 2,1,5,Evet
2024-04-28,2023,Jupiler Pro League,Genk,Club Brugge KV,0 - 3,0 - 1,2,3,Yok
2024-04-28,2023,Jupiler Pro League,Cercle Brugge,Anderlecht,1 - 1,0 - 1,X,2,Evet
2024-04-28,2023,Jupiler Pro League,Union St. Gilloise,Antwerp,4 - 1,2 - 1,1,5,Evet
2024-04-28,2023,Jupiler Pro League,RWDM,Kortrijk,0 - 1,0 - 1,2,1,Yok
2024-05-03,2023,Jupiler Pro League,KVC Westerlo,St. Truiden,2 - 2,1 - 1,X,4,Evet
2024-05-04,2023,Jupiler Pro League,RWDM,Charleroi,1 - 3,0 - 3,2,4,Evet
2024-05-04,2023,Jupiler Pro League,KV Mechelen,Gent,2 - 4,2 - 3,2,6,Evet
2024-05-04,2023,Jupiler Pro League,Cercle Brugge,Genk,4 - 1,3 - 1,1,5,Evet
2024-05-05,2023,Jupiler Pro League,Antwerp,Club Brugge KV,1 - 2,0 - 0,2,3,Evet
2024-05-05,2023,Jupiler Pro League,OH Leuven,Standard Liege,3 - 1,0 - 1,1,4,Evet
2024-05-05,2023,Jupiler Pro League,Union St. Gilloise,Anderlecht,0 - 0,0 - 0,X,0,Yok
2024-05-05,2023,Jupiler Pro League,Kortrijk,AS Eupen,1 - 0,1 - 0,1,1,Yok
2024-05-10,2023,Jupiler Pro League,Standard Liege,KVC Westerlo,0 - 5,0 - 5,2,5,Yok
2024-05-11,2023,Jupiler Pro League,Charleroi,Kortrijk,3 - 1,2 - 0,1,4,Evet
2024-05-11,2023,Jupiler Pro League,AS Eupen,RWDM,2 - 0,0 - 0,1,2,Yok
2024-05-11,2023,Jupiler Pro League,Anderlecht,Genk,2 - 1,1 - 0,1,3,Evet
2024-05-12,2023,Jupiler Pro League,Gent,OH Leuven,0 - 1,0 - 1,2,1,Yok
2024-05-12,2023,Jupiler Pro League,St. Truiden,KV Mechelen,2 - 1,2 - 1,1,3,Evet
2024-05-12,2023,Jupiler Pro League,Antwerp,Cercle Brugge,1 - 2,0 - 2,2,3,Evet
2024-05-13,2023,Jupiler Pro League,Club Brugge KV,Union St. Gilloise,2 - 2,0 - 0,X,4,Evet
2024-05-17,2023,Jupiler Pro League,St. Truiden,OH Leuven,1 - 1,0 - 0,X,2,Evet
2024-05-18,2023,Jupiler Pro League,KVC Westerlo,KV Mechelen,0 - 2,0 - 1,2,2,Yok
2024-05-18,2023,Jupiler Pro League,Standard Liege,Gent,1 - 4,1 - 1,2,5,Evet
2024-05-19,2023,Jupiler Pro League,Cercle Brugge,Union St. Gilloise,1 - 2,1 - 1,2,3,Evet
2024-05-19,2023,Jupiler Pro League,Anderlecht,Club Brugge KV,0 - 1,0 - 1,2,1,Yok
2024-05-19,2023,Jupiler Pro League,Lommel United,Kortrijk,0 - 1,0 - 1,2,1,Yok
2024-05-20,2023,Jupiler Pro League,Genk,Antwerp,1 - 0,1 - 0,1,1,Yok
2024-05-25,2023,Jupiler Pro League,OH Leuven,KVC Westerlo,1 - 2,0 - 2,2,3,Evet
2024-05-25,2023,Jupiler Pro League,KV Mechelen,Standard Liege,3 - 2,2 - 0,1,5,Evet
2024-05-25,2023,Jupiler Pro League,Gent,St. Truiden,2 - 0,0 - 0,1,2,Yok
2024-05-26,2023,Jupiler Pro League,Kortrijk,Lommel United,4 - 2,0 - 1,1,6,Evet
2024-05-26,2023,Jupiler Pro League,Club Brugge KV,Cercle Brugge,0 - 0,0 - 0,X,0,Yok
2024-05-26,2023,Jupiler Pro League,Antwerp,Anderlecht,3 - 1,0 - 1,1,4,Evet
2024-05-26,2023,Jupiler Pro League,Union St. Gilloise,Genk,2 - 0,1 - 0,1,2,Yok
2024-06-02,2023,Jupiler Pro League,Genk,Gent,0 - 1,0 - 0,2,1,Yok
2022-07-22,2022,Jupiler Pro League,Standard Liege,Gent,2 - 2,1 - 0,X,4,Evet
2022-07-23,2022,Jupiler Pro League,Charleroi,AS Eupen,3 - 1,1 - 0,1,4,Evet
2022-07-23,2022,Jupiler Pro League,Zulte Waregem,Seraing United,2 - 0,0 - 0,1,2,Yok
2022-07-23,2022,Jupiler Pro League,Kortrijk,OH Leuven,0 - 2,0 - 0,2,2,Yok
2022-07-23,2022,Jupiler Pro League,St. Truiden,Union St. Gilloise,1 - 1,1 - 0,X,2,Evet
2022-07-24,2022,Jupiler Pro League,Club Brugge KV,Genk,3 - 2,1 - 1,1,5,Evet
2022-07-24,2022,Jupiler Pro League,KV Mechelen,Antwerp,0 - 2,0 - 2,2,2,Yok
2022-07-24,2022,Jupiler Pro League,Anderlecht,Oostende,2 - 0,1 - 0,1,2,Yok
2022-07-24,2022,Jupiler Pro League,KVC Westerlo,Cercle Brugge,2 - 0,1 - 0,1,2,Yok
2022-07-29,2022,Jupiler Pro League,Union St. Gilloise,Charleroi,1 - 0,0 - 0,1,1,Yok
2022-07-30,2022,Jupiler Pro League,Cercle Brugge,Anderlecht,1 - 0,0 - 0,1,1,Yok
2022-07-30,2022,Jupiler Pro League,OH Leuven,KVC Westerlo,2 - 0,1 - 0,1,2,Yok
2022-07-30,2022,Jupiler Pro League,Oostende,KV Mechelen,2 - 1,2 - 0,1,3,Evet
2022-07-30,2022,Jupiler Pro League,Gent,St. Truiden,1 - 1,1 - 0,X,2,Evet
2022-07-31,2022,Jupiler Pro League,Genk,Standard Liege,3 - 1,3 - 1,1,4,Evet
2022-07-31,2022,Jupiler Pro League,AS Eupen,Club Brugge KV,2 - 1,2 - 1,1,3,Evet
2022-07-31,2022,Jupiler Pro League,Seraing United,Kortrijk,0 - 1,0 - 0,2,1,Yok
2022-07-31,2022,Jupiler Pro League,Antwerp,Zulte Waregem,1 - 0,0 - 0,1,1,Yok
2022-08-05,2022,Jupiler Pro League,Club Brugge KV,Zulte Waregem,1 - 1,0 - 0,X,2,Evet
2022-08-06,2022,Jupiler Pro League,Genk,AS Eupen,4 - 2,3 - 1,1,6,Evet
2022-08-06,2022,Jupiler Pro League,Kortrijk,St. Truiden,0 - 0,0 - 0,X,0,Yok
2022-08-06,2022,Jupiler Pro League,Charleroi,Oostende,1 - 3,0 - 1,2,4,Evet
2022-08-06,2022,Jupiler Pro League,KV Mechelen,Union St. Gilloise,3 - 0,1 - 0,1,3,Yok
2022-08-07,2022,Jupiler Pro League,Standard Liege,Cercle Brugge,2 - 0,2 - 0,1,2,Yok
2022-08-07,2022,Jupiler Pro League,Gent,KVC Westerlo,2 - 1,2 - 1,1,3,Evet
2022-08-07,2022,Jupiler Pro League,Anderlecht,Seraing United,3 - 1,3 - 0,1,4,Evet
2022-08-07,2022,Jupiler Pro League,Antwerp,OH Leuven,4 - 2,2 - 1,1,6,Evet
2022-08-12,2022,Jupiler Pro League,Oostende,Gent,1 - 3,1 - 2,2,4,Evet
2022-08-13,2022,Jupiler Pro League,KVC Westerlo,Standard Liege,4 - 2,1 - 0,1,6,Evet
2022-08-13,2022,Jupiler Pro League,Cercle Brugge,KV Mechelen,0 - 0,0 - 0,X,0,Yok
2022-08-13,2022,Jupiler Pro League,Seraing United,Charleroi,0 - 1,0 - 0,2,1,Yok
2022-08-13,2022,Jupiler Pro League,Union St. Gilloise,Kortrijk,2 - 1,1 - 0,1,3,Evet
2022-08-14,2022,Jupiler Pro League,St. Truiden,Anderlecht,0 - 3,0 - 2,2,3,Yok
2022-08-14,2022,Jupiler Pro League,AS Eupen,Antwerp,0 - 1,0 - 0,2,1,Yok
2022-08-14,2022,Jupiler Pro League,OH Leuven,Club Brugge KV,0 - 3,0 - 2,2,3,Yok
2022-08-14,2022,Jupiler Pro League,Zulte Waregem,Genk,1 - 4,1 - 3,2,5,Evet
2022-08-19,2022,Jupiler Pro League,AS Eupen,Seraing United,1 - 3,0 - 3,2,4,Evet
2022-08-20,2022,Jupiler Pro League,Oostende,St. Truiden,0 - 1,0 - 1,2,1,Yok
2022-08-20,2022,Jupiler Pro League,Genk,Cercle Brugge,2 - 1,1 - 0,1,3,Evet
2022-08-21,2022,Jupiler Pro League,Club Brugge KV,Kortrijk,2 - 1,2 - 1,1,3,Evet
2022-08-21,2022,Jupiler Pro League,Zulte Waregem,Charleroi,1 - 3,1 - 1,2,4,Evet
2022-08-21,2022,Jupiler Pro League,Standard Liege,OH Leuven,1 - 3,0 - 2,2,4,Evet
2022-08-21,2022,Jupiler Pro League,KV Mechelen,KVC Westerlo,5 - 4,1 - 1,1,9,Evet
2022-08-26,2022,Jupiler Pro League,Charleroi,Club Brugge KV,1 - 3,1 - 2,2,4,Evet
2022-08-27,2022,Jupiler Pro League,Seraing United,Genk,0 - 4,0 - 1,2,4,Yok
2022-08-27,2022,Jupiler Pro League,OH Leuven,Oostende,2 - 1,0 - 1,1,3,Evet
2022-08-27,2022,Jupiler Pro League,Cercle Brugge,Zulte Waregem,1 - 1,1 - 1,X,2,Evet
2022-08-27,2022,Jupiler Pro League,St. Truiden,KV Mechelen,3 - 1,0 - 0,1,4,Evet
2022-08-28,2022,Jupiler Pro League,Gent,Antwerp,1 - 2,1 - 2,2,3,Evet
2022-08-28,2022,Jupiler Pro League,Kortrijk,Standard Liege,0 - 1,0 - 0,2,1,Yok
2022-08-28,2022,Jupiler Pro League,Union St. Gilloise,Anderlecht,2 - 1,2 - 1,1,3,Evet
2022-08-28,2022,Jupiler Pro League,KVC Westerlo,AS Eupen,0 - 1,0 - 0,2,1,Yok
2022-08-31,2022,Jupiler Pro League,Antwerp,Union St. Gilloise,4 - 2,4 - 1,1,6,Evet
2022-09-01,2022,Jupiler Pro League,Anderlecht,Gent,0 - 1,0 - 0,2,1,Yok
2022-09-02,2022,Jupiler Pro League,Club Brugge KV,Cercle Brugge,4 - 0,1 - 0,1,4,Yok
2022-09-03,2022,Jupiler Pro League,Genk,St. Truiden,0 - 0,0 - 0,X,0,Yok
2022-09-03,2022,Jupiler Pro League,KV Mechelen,Seraing United,2 - 3,2 - 1,2,5,Evet
2022-09-03,2022,Jupiler Pro League,AS Eupen,Kortrijk,0 - 1,0 - 0,2,1,Yok
2022-09-03,2022,Jupiler Pro League,Standard Liege,Oostende,1 - 0,0 - 0,1,1,Yok
2022-09-04,2022,Jupiler Pro League,Anderlecht,OH Leuven,2 - 2,0 - 1,X,4,Evet
2022-09-04,2022,Jupiler Pro League,Antwerp,KVC Westerlo,3 - 0,1 - 0,1,3,Yok
2022-09-04,2022,Jupiler Pro League,Charleroi,Gent,2 - 1,1 - 1,1,3,Evet
2022-09-04,2022,Jupiler Pro League,Zulte Waregem,Union St. Gilloise,1 - 3,0 - 1,2,4,Evet
2022-09-09,2022,Jupiler Pro League,St. Truiden,Standard Liege,1 - 2,0 - 2,2,3,Evet
2022-09-10,2022,Jupiler Pro League,Kortrijk,KV Mechelen,1 - 4,0 - 2,2,5,Evet
2022-09-10,2022,Jupiler Pro League,Oostende,AS Eupen,1 - 0,0 - 0,1,1,Yok
2022-09-10,2022,Jupiler Pro League,Seraing United,Club Brugge KV,0 - 2,0 - 0,2,2,Yok
2022-09-10,2022,Jupiler Pro League,OH Leuven,Charleroi,3 - 2,1 - 1,1,5,Evet
2022-09-11,2022,Jupiler Pro League,KVC Westerlo,Anderlecht,2 - 1,1 - 0,1,3,Evet
2022-09-11,2022,Jupiler Pro League,Cercle Brugge,Antwerp,0 - 2,0 - 1,2,2,Yok
2022-09-11,2022,Jupiler Pro League,Union St. Gilloise,Genk,1 - 2,0 - 1,2,3,Evet
2022-09-11,2022,Jupiler Pro League,Gent,Zulte Waregem,2 - 0,0 - 0,1,2,Yok
2022-09-16,2022,Jupiler Pro League,Antwerp,Seraing United,2 - 1,2 - 1,1,3,Evet
2022-09-17,2022,Jupiler Pro League,KV Mechelen,OH Leuven,0 - 0,0 - 0,X,0,Yok
2022-09-17,2022,Jupiler Pro League,Zulte Waregem,St. Truiden,0 - 3,0 - 1,2,3,Yok
2022-09-17,2022,Jupiler Pro League,Cercle Brugge,Oostende,2 - 2,2 - 0,X,4,Evet
2022-09-17,2022,Jupiler Pro League,Charleroi,KVC Westerlo,2 - 3,1 - 2,2,5,Evet
2022-09-18,2022,Jupiler Pro League,Genk,Gent,1 - 0,0 - 0,1,1,Yok
2022-09-18,2022,Jupiler Pro League,AS Eupen,Union St. Gilloise,1 - 2,1 - 1,2,3,Evet
2022-09-18,2022,Jupiler Pro League,Standard Liege,Club Brugge KV,3 - 0,1 - 0,1,3,Yok
2022-09-18,2022,Jupiler Pro League,Anderlecht,Kortrijk,4 - 1,1 - 0,1,5,Evet
2022-09-30,2022,Jupiler Pro League,Standard Liege,Seraing United,0 - 2,0 - 1,2,2,Yok
2022-10-01,2022,Jupiler Pro League,OH Leuven,Union St. Gilloise,0 - 3,0 - 2,2,3,Yok
2022-10-01,2022,Jupiler Pro League,KVC Westerlo,Zulte Waregem,2 - 0,1 - 0,1,2,Yok
2022-10-01,2022,Jupiler Pro League,Oostende,Genk,1 - 2,1 - 1,2,3,Evet
2022-10-01,2022,Jupiler Pro League,Club Brugge KV,KV Mechelen,3 - 0,1 - 0,1,3,Yok
2022-10-02,2022,Jupiler Pro League,Anderlecht,Charleroi,0 - 1,0 - 0,2,1,Yok
2022-10-02,2022,Jupiler Pro League,Gent,Cercle Brugge,3 - 4,0 - 1,2,7,Evet
2022-10-02,2022,Jupiler Pro League,Kortrijk,Antwerp,2 - 1,2 - 0,1,3,Evet
2022-10-02,2022,Jupiler Pro League,St. Truiden,AS Eupen,0 - 1,0 - 0,2,1,Yok
2022-10-07,2022,Jupiler Pro League,Antwerp,St. Truiden,2 - 0,1 - 0,1,2,Yok
2022-10-08,2022,Jupiler Pro League,Genk,Kortrijk,2 - 1,1 - 0,1,3,Evet
2022-10-08,2022,Jupiler Pro League,Zulte Waregem,OH Leuven,2 - 5,1 - 0,2,7,Evet
2022-10-08,2022,Jupiler Pro League,Seraing United,Oostende,1 - 1,0 - 0,X,2,Evet
2022-10-08,2022,Jupiler Pro League,Club Brugge KV,KVC Westerlo,0 - 2,0 - 0,2,2,Yok
2022-10-09,2022,Jupiler Pro League,KV Mechelen,Anderlecht,1 - 3,1 - 0,2,4,Evet
2022-10-09,2022,Jupiler Pro League,AS Eupen,Gent,0 - 4,0 - 2,2,4,Yok
2022-10-09,2022,Jupiler Pro League,Charleroi,Standard Liege,0 - 1,0 - 1,2,1,Yok
2022-10-09,2022,Jupiler Pro League,Union St. Gilloise,Cercle Brugge,2 - 1,1 - 0,1,3,Evet
2022-10-14,2022,Jupiler Pro League,KVC Westerlo,Seraing United,2 - 2,2 - 1,X,4,Evet
2022-10-15,2022,Jupiler Pro League,Kortrijk,Zulte Waregem,1 - 3,1 - 0,2,4,Evet
2022-10-15,2022,Jupiler Pro League,St. Truiden,Charleroi,2 - 1,1 - 0,1,3,Evet
2022-10-15,2022,Jupiler Pro League,Cercle Brugge,AS Eupen,5 - 1,3 - 1,1,6,Evet
2022-10-15,2022,Jupiler Pro League,OH Leuven,Genk,0 - 1,0 - 1,2,1,Yok
2022-10-16,2022,Jupiler Pro League,Standard Liege,Antwerp,3 - 0,3 - 0,1,3,Yok
2022-10-16,2022,Jupiler Pro League,Gent,KV Mechelen,3 - 0,1 - 0,1,3,Yok
2022-10-16,2022,Jupiler Pro League,Anderlecht,Club Brugge KV,0 - 1,0 - 0,2,1,Yok
2022-10-16,2022,Jupiler Pro League,Oostende,Union St. Gilloise,1 - 6,0 - 2,2,7,Evet
2022-10-18,2022,Jupiler Pro League,Charleroi,Kortrijk,2 - 2,2 - 0,X,4,Evet
2022-10-18,2022,Jupiler Pro League,AS Eupen,OH Leuven,4 - 2,2 - 2,1,6,Evet
2022-10-18,2022,Jupiler Pro League,Genk,KVC Westerlo,6 - 1,5 - 1,1,7,Evet
2022-10-18,2022,Jupiler Pro League,Seraing United,Cercle Brugge,0 - 1,0 - 1,2,1,Yok
2022-10-19,2022,Jupiler Pro League,Union St. Gilloise,Gent,2 - 0,1 - 0,1,2,Yok
2022-10-19,2022,Jupiler Pro League,KV Mechelen,Standard Liege,2 - 0,0 - 0,1,2,Yok
2022-10-19,2022,Jupiler Pro League,Club Brugge KV,St. Truiden,3 - 0,1 - 0,1,3,Yok
2022-10-20,2022,Jupiler Pro League,Antwerp,Oostende,3 - 0,1 - 0,1,3,Yok
2022-10-20,2022,Jupiler Pro League,Zulte Waregem,Anderlecht,3 - 2,1 - 1,1,5,Evet
2022-10-21,2022,Jupiler Pro League,Cercle Brugge,Charleroi,4 - 1,1 - 0,1,5,Evet
2022-10-22,2022,Jupiler Pro League,Kortrijk,KVC Westerlo,0 - 2,0 - 0,2,2,Yok
2022-10-22,2022,Jupiler Pro League,KV Mechelen,AS Eupen,2 - 1,1 - 1,1,3,Evet
2022-10-22,2022,Jupiler Pro League,St. Truiden,OH Leuven,0 - 0,0 - 0,X,0,Yok
2022-10-22,2022,Jupiler Pro League,Union St. Gilloise,Club Brugge KV,2 - 2,1 - 2,X,4,Evet
2022-10-23,2022,Jupiler Pro League,Antwerp,Genk,1 - 3,1 - 2,2,4,Evet
2022-10-23,2022,Jupiler Pro League,Gent,Seraing United,2 - 1,1 - 1,1,3,Evet
2022-10-23,2022,Jupiler Pro League,Oostende,Zulte Waregem,2 - 1,1 - 0,1,3,Evet
2022-10-28,2022,Jupiler Pro League,Genk,KV Mechelen,3 - 1,1 - 1,1,4,Evet
2022-10-29,2022,Jupiler Pro League,Zulte Waregem,Standard Liege,0 - 3,0 - 0,2,3,Yok
2022-10-29,2022,Jupiler Pro League,KVC Westerlo,St. Truiden,2 - 3,0 - 2,2,5,Evet
2022-10-29,2022,Jupiler Pro League,Kortrijk,Cercle Brugge,1 - 1,0 - 1,X,2,Evet
2022-10-29,2022,Jupiler Pro League,Club Brugge KV,Oostende,4 - 2,2 - 0,1,6,Evet
2022-10-30,2022,Jupiler Pro League,Anderlecht,AS Eupen,4 - 2,2 - 1,1,6,Evet
2022-10-30,2022,Jupiler Pro League,Seraing United,Union St. Gilloise,1 - 2,0 - 0,2,3,Evet
2022-10-30,2022,Jupiler Pro League,OH Leuven,Gent,1 - 1,0 - 1,X,2,Evet
2022-10-30,2022,Jupiler Pro League,Charleroi,Antwerp,1 - 0,1 - 0,1,1,Yok
2022-11-04,2022,Jupiler Pro League,Genk,Charleroi,4 - 1,2 - 0,1,5,Evet
2022-11-05,2022,Jupiler Pro League,KV Mechelen,Zulte Waregem,2 - 2,2 - 0,X,4,Evet
2022-11-05,2022,Jupiler Pro League,Cercle Brugge,OH Leuven,2 - 1,1 - 1,1,3,Evet
2022-11-05,2022,Jupiler Pro League,Seraing United,St. Truiden,1 - 2,1 - 0,2,3,Evet
2022-11-05,2022,Jupiler Pro League,AS Eupen,Standard Liege,2 - 0,0 - 0,1,2,Yok
2022-11-06,2022,Jupiler Pro League,Gent,Club Brugge KV,2 - 0,2 - 0,1,2,Yok
2022-11-06,2022,Jupiler Pro League,Union St. Gilloise,KVC Westerlo,1 - 1,0 - 1,X,2,Evet
2022-11-06,2022,Jupiler Pro League,Antwerp,Anderlecht,0 - 0,0 - 0,X,0,Yok
2022-11-06,2022,Jupiler Pro League,Oostende,Kortrijk,3 - 1,1 - 1,1,4,Evet
2022-11-11,2022,Jupiler Pro League,OH Leuven,Seraing United,5 - 0,4 - 0,1,5,Yok
2022-11-12,2022,Jupiler Pro League,KVC Westerlo,Oostende,6 - 0,3 - 0,1,6,Yok
2022-11-12,2022,Jupiler Pro League,Zulte Waregem,AS Eupen,5 - 5,2 - 3,X,10,Evet
2022-11-12,2022,Jupiler Pro League,St. Truiden,Cercle Brugge,0 - 1,0 - 0,2,1,Yok
2022-11-13,2022,Jupiler Pro League,Club Brugge KV,Antwerp,2 - 2,1 - 0,X,4,Evet
2022-11-13,2022,Jupiler Pro League,Standard Liege,Union St. Gilloise,2 - 3,0 - 1,2,5,Evet
2022-11-13,2022,Jupiler Pro League,Anderlecht,Genk,0 - 2,0 - 1,2,2,Yok
2022-11-13,2022,Jupiler Pro League,Kortrijk,Gent,0 - 4,0 - 2,2,4,Yok
2022-12-23,2022,Jupiler Pro League,Seraing United,AS Eupen,0 - 1,0 - 0,2,1,Yok
2022-12-23,2022,Jupiler Pro League,KV Mechelen,Cercle Brugge,1 - 1,0 - 1,X,2,Evet
2022-12-23,2022,Jupiler Pro League,Gent,Standard Liege,0 - 0,0 - 0,X,0,Yok
2022-12-26,2022,Jupiler Pro League,Club Brugge KV,OH Leuven,1 - 1,1 - 0,X,2,Evet
2022-12-26,2022,Jupiler Pro League,Union St. Gilloise,Oostende,3 - 0,0 - 0,1,3,Yok
2022-12-26,2022,Jupiler Pro League,Kortrijk,Genk,1 - 0,0 - 0,1,1,Yok
2022-12-26,2022,Jupiler Pro League,Charleroi,Anderlecht,0 - 1,0 - 0,2,1,Yok
2022-12-27,2022,Jupiler Pro League,KVC Westerlo,Antwerp,3 - 3,1 - 0,X,6,Evet
2022-12-27,2022,Jupiler Pro League,St. Truiden,Zulte Waregem,2 - 0,1 - 0,1,2,Yok
2023-01-06,2022,Jupiler Pro League,Standard Liege,St. Truiden,1 - 1,0 - 0,X,2,Evet
2023-01-07,2022,Jupiler Pro League,AS Eupen,Charleroi,1 - 2,1 - 0,2,3,Evet
2023-01-07,2022,Jupiler Pro League,Oostende,Seraing United,1 - 2,1 - 1,2,3,Evet
2023-01-07,2022,Jupiler Pro League,Cercle Brugge,KVC Westerlo,0 - 1,0 - 1,2,1,Yok
2023-01-07,2022,Jupiler Pro League,Antwerp,Gent,2 - 0,1 - 0,1,2,Yok
2023-01-08,2022,Jupiler Pro League,Genk,Club Brugge KV,3 - 1,1 - 1,1,4,Evet
2023-01-08,2022,Jupiler Pro League,Zulte Waregem,KV Mechelen,2 - 0,1 - 0,1,2,Yok
2023-01-08,2022,Jupiler Pro League,Anderlecht,Union St. Gilloise,1 - 3,0 - 0,2,4,Evet
2023-01-08,2022,Jupiler Pro League,OH Leuven,Kortrijk,2 - 3,1 - 1,2,5,Evet
2023-01-13,2022,Jupiler Pro League,KVC Westerlo,OH Leuven,1 - 2,0 - 0,2,3,Evet
2023-01-14,2022,Jupiler Pro League,Seraing United,Standard Liege,1 - 1,1 - 1,X,2,Evet
2023-01-14,2022,Jupiler Pro League,KV Mechelen,Oostende,2 - 1,1 - 0,1,3,Evet
2023-01-14,2022,Jupiler Pro League,AS Eupen,St. Truiden,0 - 2,0 - 1,2,2,Yok
2023-01-14,2022,Jupiler Pro League,Genk,Zulte Waregem,1 - 0,1 - 0,1,1,Yok
2023-01-15,2022,Jupiler Pro League,Club Brugge KV,Anderlecht,1 - 1,0 - 0,X,2,Evet
2023-01-15,2022,Jupiler Pro League,Gent,Kortrijk,2 - 1,1 - 0,1,3,Evet
2023-01-15,2022,Jupiler Pro League,Union St. Gilloise,Antwerp,2 - 0,1 - 0,1,2,Yok
2023-01-15,2022,Jupiler Pro League,Charleroi,Cercle Brugge,2 - 1,1 - 1,1,3,Evet
2023-01-17,2022,Jupiler Pro League,OH Leuven,AS Eupen,1 - 1,1 - 0,X,2,Evet
2023-01-17,2022,Jupiler Pro League,KVC Westerlo,Genk,2 - 3,0 - 2,2,5,Evet
2023-01-17,2022,Jupiler Pro League,Standard Liege,KV Mechelen,2 - 0,1 - 0,1,2,Yok
2023-01-18,2022,Jupiler Pro League,Oostende,Antwerp,0 - 3,0 - 2,2,3,Yok
2023-01-18,2022,Jupiler Pro League,Cercle Brugge,Union St. Gilloise,1 - 1,0 - 0,X,2,Evet
2023-01-18,2022,Jupiler Pro League,Anderlecht,Zulte Waregem,2 - 3,2 - 1,2,5,Evet
2023-01-18,2022,Jupiler Pro League,Kortrijk,Seraing United,3 - 2,2 - 1,1,5,Evet
2023-01-19,2022,Jupiler Pro League,Gent,Charleroi,0 - 0,0 - 0,X,0,Yok
2023-01-19,2022,Jupiler Pro League,St. Truiden,Club Brugge KV,1 - 1,0 - 1,X,2,Evet
2023-01-21,2022,Jupiler Pro League,Zulte Waregem,KVC Westerlo,1 - 1,0 - 1,X,2,Evet
2023-01-21,2022,Jupiler Pro League,KV Mechelen,Kortrijk,3 - 2,2 - 1,1,5,Evet
2023-01-21,2022,Jupiler Pro League,Oostende,Cercle Brugge,1 - 2,0 - 1,2,3,Evet
2023-01-21,2022,Jupiler Pro League,Union St. Gilloise,OH Leuven,1 - 0,0 - 0,1,1,Yok
2023-01-22,2022,Jupiler Pro League,Antwerp,Standard Liege,4 - 1,3 - 1,1,5,Evet
2023-01-22,2022,Jupiler Pro League,Seraing United,Anderlecht,0 - 1,0 - 0,2,1,Yok
2023-01-22,2022,Jupiler Pro League,Club Brugge KV,Charleroi,2 - 2,1 - 2,X,4,Evet
2023-01-22,2022,Jupiler Pro League,St. Truiden,Gent,0 - 3,0 - 2,2,3,Yok
2023-01-27,2022,Jupiler Pro League,Standard Liege,AS Eupen,3 - 1,2 - 1,1,4,Evet
2023-01-28,2022,Jupiler Pro League,KVC Westerlo,KV Mechelen,2 - 0,1 - 0,1,2,Yok
2023-01-28,2022,Jupiler Pro League,OH Leuven,St. Truiden,1 - 1,0 - 1,X,2,Evet
2023-01-28,2022,Jupiler Pro League,Kortrijk,Oostende,2 - 2,1 - 1,X,4,Evet
2023-01-28,2022,Jupiler Pro League,Charleroi,Union St. Gilloise,0 - 1,0 - 1,2,1,Yok
2023-01-29,2022,Jupiler Pro League,Anderlecht,Antwerp,0 - 0,0 - 0,X,0,Yok
2023-01-29,2022,Jupiler Pro League,Cercle Brugge,Gent,3 - 2,0 - 0,1,5,Evet
2023-01-29,2022,Jupiler Pro League,Zulte Waregem,Club Brugge KV,1 - 2,1 - 2,2,3,Evet
2023-01-29,2022,Jupiler Pro League,Genk,Seraing United,4 - 0,2 - 0,1,4,Yok
2023-02-01,2022,Jupiler Pro League,AS Eupen,Genk,1 - 1,1 - 1,X,2,Evet
2023-02-03,2022,Jupiler Pro League,Oostende,Anderlecht,0 - 2,0 - 1,2,2,Yok
2023-02-04,2022,Jupiler Pro League,Cercle Brugge,Standard Liege,1 - 1,0 - 0,X,2,Evet
2023-02-04,2022,Jupiler Pro League,AS Eupen,KVC Westerlo,1 - 1,0 - 1,X,2,Evet
2023-02-04,2022,Jupiler Pro League,Seraing United,OH Leuven,2 - 1,1 - 1,1,3,Evet
2023-02-04,2022,Jupiler Pro League,St. Truiden,Kortrijk,1 - 0,1 - 0,1,1,Yok
2023-02-05,2022,Jupiler Pro League,Antwerp,Club Brugge KV,0 - 0,0 - 0,X,0,Yok
2023-02-05,2022,Jupiler Pro League,KV Mechelen,Charleroi,2 - 2,2 - 0,X,4,Evet
2023-02-05,2022,Jupiler Pro League,Gent,Genk,2 - 3,1 - 1,2,5,Evet
2023-02-05,2022,Jupiler Pro League,Union St. Gilloise,Zulte Waregem,4 - 0,1 - 0,1,4,Yok
2023-02-10,2022,Jupiler Pro League,OH Leuven,Cercle Brugge,0 - 0,0 - 0,X,0,Yok
2023-02-10,2022,Jupiler Pro League,Club Brugge KV,Union St. Gilloise,1 - 1,1 - 1,X,2,Evet
2023-02-10,2022,Jupiler Pro League,AS Eupen,KV Mechelen,2 - 1,0 - 1,1,3,Evet
2023-02-11,2022,Jupiler Pro League,KVC Westerlo,Gent,3 - 3,2 - 2,X,6,Evet
2023-02-11,2022,Jupiler Pro League,Charleroi,Seraing United,3 - 0,1 - 0,1,3,Yok
2023-02-12,2022,Jupiler Pro League,Genk,Antwerp,0 - 1,0 - 0,2,1,Yok
2023-02-12,2022,Jupiler Pro League,Anderlecht,St. Truiden,3 - 1,0 - 0,1,4,Evet
2023-02-12,2022,Jupiler Pro League,Standard Liege,Kortrijk,0 - 2,0 - 0,2,2,Yok
2023-02-12,2022,Jupiler Pro League,Zulte Waregem,Oostende,1 - 1,1 - 0,X,2,Evet
2023-02-17,2022,Jupiler Pro League,KV Mechelen,Genk,2 - 2,1 - 1,X,4,Evet
2023-02-18,2022,Jupiler Pro League,Antwerp,AS Eupen,2 - 0,2 - 0,1,2,Yok
2023-02-18,2022,Jupiler Pro League,Oostende,Charleroi,0 - 0,0 - 0,X,0,Yok
2023-02-18,2022,Jupiler Pro League,Seraing United,Zulte Waregem,1 - 1,0 - 1,X,2,Evet
2023-02-18,2022,Jupiler Pro League,Union St. Gilloise,Standard Liege,2 - 4,1 - 2,2,6,Evet
2023-02-19,2022,Jupiler Pro League,Cercle Brugge,Club Brugge KV,2 - 2,0 - 1,X,4,Evet
2023-02-19,2022,Jupiler Pro League,Gent,OH Leuven,2 - 0,0 - 0,1,2,Yok
2023-02-19,2022,Jupiler Pro League,Kortrijk,Anderlecht,2 - 2,0 - 1,X,4,Evet
2023-02-19,2022,Jupiler Pro League,St. Truiden,KVC Westerlo,0 - 1,0 - 1,2,1,Yok
2023-02-24,2022,Jupiler Pro League,Zulte Waregem,Kortrijk,3 - 3,1 - 2,X,6,Evet
2023-02-25,2022,Jupiler Pro League,Seraing United,KV Mechelen,0 - 2,0 - 1,2,2,Yok
2023-02-25,2022,Jupiler Pro League,AS Eupen,Cercle Brugge,2 - 2,2 - 2,X,4,Evet
2023-02-25,2022,Jupiler Pro League,Genk,Oostende,3 - 0,2 - 0,1,3,Yok
2023-02-25,2022,Jupiler Pro League,KVC Westerlo,Union St. Gilloise,4 - 2,2 - 1,1,6,Evet
2023-02-26,2022,Jupiler Pro League,Club Brugge KV,Gent,2 - 0,0 - 0,1,2,Yok
2023-02-26,2022,Jupiler Pro League,OH Leuven,Antwerp,1 - 1,1 - 0,X,2,Evet
2023-02-26,2022,Jupiler Pro League,Anderlecht,Standard Liege,2 - 2,2 - 1,X,4,Evet
2023-02-26,2022,Jupiler Pro League,Charleroi,St. Truiden,1 - 0,0 - 0,1,1,Yok
2023-03-03,2022,Jupiler Pro League,Oostende,Club Brugge KV,3 - 0,1 - 0,1,3,Yok
2023-03-04,2022,Jupiler Pro League,Kortrijk,Charleroi,0 - 1,0 - 0,2,1,Yok
2023-03-04,2022,Jupiler Pro League,OH Leuven,Zulte Waregem,4 - 2,3 - 0,1,6,Evet
2023-03-04,2022,Jupiler Pro League,Cercle Brugge,Seraing United,3 - 1,2 - 1,1,4,Evet
2023-03-04,2022,Jupiler Pro League,Standard Liege,KVC Westerlo,2 - 0,1 - 0,1,2,Yok
2023-03-05,2022,Jupiler Pro League,St. Truiden,Genk,2 - 2,1 - 1,X,4,Evet
2023-03-05,2022,Jupiler Pro League,Antwerp,KV Mechelen,5 - 0,3 - 0,1,5,Yok
2023-03-05,2022,Jupiler Pro League,Gent,Anderlecht,1 - 0,0 - 0,1,1,Yok
2023-03-05,2022,Jupiler Pro League,Union St. Gilloise,AS Eupen,2 - 1,1 - 0,1,3,Evet
2023-03-10,2022,Jupiler Pro League,Charleroi,OH Leuven,0 - 1,0 - 1,2,1,Yok
2023-03-11,2022,Jupiler Pro League,KV Mechelen,St. Truiden,1 - 0,0 - 0,1,1,Yok
2023-03-11,2022,Jupiler Pro League,KVC Westerlo,Kortrijk,3 - 1,1 - 0,1,4,Evet
2023-03-11,2022,Jupiler Pro League,AS Eupen,Oostende,4 - 4,1 - 1,X,8,Evet
2023-03-11,2022,Jupiler Pro League,Seraing United,Antwerp,0 - 2,0 - 2,2,2,Yok
2023-03-12,2022,Jupiler Pro League,Club Brugge KV,Standard Liege,2 - 0,0 - 0,1,2,Yok
2023-03-12,2022,Jupiler Pro League,Zulte Waregem,Gent,2 - 6,0 - 2,2,8,Evet
2023-03-12,2022,Jupiler Pro League,Genk,Union St. Gilloise,1 - 2,1 - 2,2,3,Evet
2023-03-12,2022,Jupiler Pro League,Anderlecht,Cercle Brugge,2 - 0,1 - 0,1,2,Yok
2023-03-17,2022,Jupiler Pro League,Cercle Brugge,Genk,1 - 1,1 - 0,X,2,Evet
2023-03-18,2022,Jupiler Pro League,Kortrijk,Club Brugge KV,1 - 0,1 - 0,1,1,Yok
2023-03-18,2022,Jupiler Pro League,Oostende,KVC Westerlo,1 - 2,0 - 1,2,3,Evet
2023-03-18,2022,Jupiler Pro League,St. Truiden,Seraing United,2 - 1,1 - 0,1,3,Evet
2023-03-18,2022,Jupiler Pro League,Standard Liege,Zulte Waregem,2 - 2,2 - 0,X,4,Evet
2023-03-19,2022,Jupiler Pro League,Antwerp,Charleroi,0 - 1,0 - 1,2,1,Yok
2023-03-19,2022,Jupiler Pro League,OH Leuven,Anderlecht,0 - 2,0 - 1,2,2,Yok
2023-03-19,2022,Jupiler Pro League,Union St. Gilloise,KV Mechelen,2 - 1,1 - 1,1,3,Evet
2023-03-19,2022,Jupiler Pro League,Gent,AS Eupen,3 - 0,1 - 0,1,3,Yok
2023-03-31,2022,Jupiler Pro League,Zulte Waregem,Antwerp,0 - 2,0 - 0,2,2,Yok
2023-04-01,2022,Jupiler Pro League,Cercle Brugge,Kortrijk,2 - 0,2 - 0,1,2,Yok
2023-04-01,2022,Jupiler Pro League,KVC Westerlo,Charleroi,2 - 3,1 - 2,2,5,Evet
2023-04-01,2022,Jupiler Pro League,Seraing United,Gent,0 - 5,0 - 1,2,5,Yok
2023-04-01,2022,Jupiler Pro League,Oostende,Standard Liege,1 - 3,1 - 3,2,4,Evet
2023-04-02,2022,Jupiler Pro League,Genk,OH Leuven,2 - 1,1 - 0,1,3,Evet
2023-04-02,2022,Jupiler Pro League,AS Eupen,Anderlecht,0 - 1,0 - 0,2,1,Yok
2023-04-02,2022,Jupiler Pro League,KV Mechelen,Club Brugge KV,0 - 3,0 - 2,2,3,Yok
2023-04-02,2022,Jupiler Pro League,Union St. Gilloise,St. Truiden,2 - 1,0 - 0,1,3,Evet
2023-04-07,2022,Jupiler Pro League,Club Brugge KV,Seraing United,2 - 0,0 - 0,1,2,Yok
2023-04-08,2022,Jupiler Pro League,OH Leuven,KV Mechelen,4 - 1,2 - 0,1,5,Evet
2023-04-08,2022,Jupiler Pro League,Kortrijk,AS Eupen,0 - 0,0 - 0,X,0,Yok
2023-04-08,2022,Jupiler Pro League,Charleroi,Zulte Waregem,3 - 2,0 - 1,1,5,Evet
2023-04-08,2022,Jupiler Pro League,Gent,Union St. Gilloise,1 - 1,0 - 1,X,2,Evet
2023-04-09,2022,Jupiler Pro League,Anderlecht,KVC Westerlo,0 - 0,0 - 0,X,0,Yok
2023-04-09,2022,Jupiler Pro League,Antwerp,Cercle Brugge,2 - 1,0 - 1,1,3,Evet
2023-04-09,2022,Jupiler Pro League,Standard Liege,Genk,2 - 0,2 - 0,1,2,Yok
2023-04-09,2022,Jupiler Pro League,St. Truiden,Oostende,5 - 0,2 - 0,1,5,Yok
2023-04-14,2022,Jupiler Pro League,Standard Liege,Charleroi,3 - 1,1 - 0,1,4,Evet
2023-04-15,2022,Jupiler Pro League,AS Eupen,Zulte Waregem,1 - 5,0 - 4,2,6,Evet
2023-04-15,2022,Jupiler Pro League,Oostende,OH Leuven,0 - 4,0 - 2,2,4,Yok
2023-04-15,2022,Jupiler Pro League,Cercle Brugge,St. Truiden,3 - 1,2 - 0,1,4,Evet
2023-04-15,2022,Jupiler Pro League,KVC Westerlo,Club Brugge KV,0 - 0,0 - 0,X,0,Yok
2023-04-16,2022,Jupiler Pro League,Genk,Anderlecht,5 - 2,2 - 1,1,7,Evet
2023-04-16,2022,Jupiler Pro League,KV Mechelen,Gent,1 - 1,1 - 1,X,2,Evet
2023-04-16,2022,Jupiler Pro League,Antwerp,Kortrijk,1 - 0,0 - 0,1,1,Yok
2023-04-16,2022,Jupiler Pro League,Union St. Gilloise,Seraing United,2 - 1,2 - 0,1,3,Evet
2023-04-22,2022,Jupiler Pro League,Seraing United,KVC Westerlo,1 - 1,1 - 1,X,2,Evet
2023-04-23,2022,Jupiler Pro League,St. Truiden,Antwerp,0 - 1,0 - 0,2,1,Yok
2023-04-23,2022,Jupiler Pro League,OH Leuven,Standard Liege,3 - 2,1 - 0,1,5,Evet
2023-04-23,2022,Jupiler Pro League,Anderlecht,KV Mechelen,2 - 3,1 - 2,2,5,Evet
2023-04-23,2022,Jupiler Pro League,Club Brugge KV,AS Eupen,7 - 0,4 - 0,1,7,Yok
2023-04-23,2022,Jupiler Pro League,Zulte Waregem,Cercle Brugge,2 - 3,0 - 2,2,5,Evet
2023-04-23,2022,Jupiler Pro League,Gent,Oostende,1 - 2,0 - 0,2,3,Evet
2023-04-23,2022,Jupiler Pro League,Kortrijk,Union St. Gilloise,2 - 4,2 - 1,2,6,Evet
2023-04-23,2022,Jupiler Pro League,Charleroi,Genk,2 - 2,1 - 2,X,4,Evet
2023-04-28,2022,Jupiler Pro League,Gent,KVC Westerlo,3 - 1,0 - 1,1,4,Evet
2023-04-29,2022,Jupiler Pro League,Cercle Brugge,Standard Liege,0 - 0,0 - 0,X,0,Yok
2023-04-30,2022,Jupiler Pro League,Genk,Club Brugge KV,3 - 1,1 - 1,1,4,Evet
2023-05-03,2022,Jupiler Pro League,Union St. Gilloise,Antwerp,0 - 2,0 - 2,2,2,Yok
2023-05-06,2022,Jupiler Pro League,Club Brugge KV,Union St. Gilloise,1 - 2,0 - 1,2,3,Evet
2023-05-06,2022,Jupiler Pro League,Standard Liege,Gent,1 - 2,0 - 1,2,3,Evet
2023-05-07,2022,Jupiler Pro League,KVC Westerlo,Cercle Brugge,3 - 5,1 - 4,2,8,Evet
2023-05-07,2022,Jupiler Pro League,Antwerp,Genk,2 - 1,1 - 1,1,3,Evet
2023-05-13,2022,Jupiler Pro League,Cercle Brugge,Gent,0 - 4,0 - 1,2,4,Yok
2023-05-13,2022,Jupiler Pro League,Standard Liege,KVC Westerlo,2 - 2,1 - 0,X,4,Evet
2023-05-14,2022,Jupiler Pro League,Antwerp,Club Brugge KV,3 - 2,1 - 2,1,5,Evet
2023-05-14,2022,Jupiler Pro League,Union St. Gilloise,Genk,3 - 0,1 - 0,1,3,Yok
2023-05-20,2022,Jupiler Pro League,KVC Westerlo,Standard Liege,3 - 0,2 - 0,1,3,Yok
2023-05-20,2022,Jupiler Pro League,Gent,Cercle Brugge,2 - 2,0 - 1,X,4,Evet
2023-05-21,2022,Jupiler Pro League,Club Brugge KV,Antwerp,2 - 0,0 - 0,1,2,Yok
2023-05-21,2022,Jupiler Pro League,Genk,Union St. Gilloise,1 - 1,1 - 1,X,2,Evet
2023-05-27,2022,Jupiler Pro League,KVC Westerlo,Gent,1 - 3,1 - 1,2,4,Evet
2023-05-27,2022,Jupiler Pro League,Standard Liege,Cercle Brugge,0 - 4,0 - 1,2,4,Yok
2023-05-28,2022,Jupiler Pro League,Antwerp,Union St. Gilloise,1 - 1,1 - 0,X,2,Evet
2023-05-28,2022,Jupiler Pro League,Club Brugge KV,Genk,1 - 3,0 - 1,2,4,Evet
2023-06-03,2022,Jupiler Pro League,Gent,Standard Liege,3 - 1,2 - 1,1,4,Evet
2023-06-03,2022,Jupiler Pro League,Cercle Brugge,KVC Westerlo,2 - 0,0 - 0,1,2,Yok
2023-06-04,2022,Jupiler Pro League,Genk,Antwerp,2 - 2,1 - 0,X,4,Evet
2023-06-04,2022,Jupiler Pro League,Union St. Gilloise,Club Brugge KV,1 - 3,0 - 0,2,4,Evet
2021-07-23,2021,Jupiler Pro League,Standard Liege,Genk,1 - 1,0 - 0,X,2,Evet
2021-07-24,2021,Jupiler Pro League,OH Leuven,Zulte Waregem,1 - 1,1 - 1,X,2,Evet
2021-07-24,2021,Jupiler Pro League,Kortrijk,Seraing United,2 - 0,1 - 0,1,2,Yok
2021-07-24,2021,Jupiler Pro League,Oostende,Charleroi,0 - 3,0 - 1,2,3,Yok
2021-07-25,2021,Jupiler Pro League,KV Mechelen,Antwerp,3 - 2,0 - 1,1,5,Evet
2021-07-25,2021,Jupiler Pro League,Club Brugge KV,AS Eupen,2 - 2,0 - 0,X,4,Evet
2021-07-25,2021,Jupiler Pro League,Anderlecht,Union St. Gilloise,1 - 3,1 - 1,2,4,Evet
2021-07-25,2021,Jupiler Pro League,St. Truiden,Gent,2 - 1,1 - 1,1,3,Evet
2021-07-27,2021,Jupiler Pro League,Beerschot VA,Cercle Brugge,0 - 1,0 - 1,2,1,Yok
2021-07-30,2021,Jupiler Pro League,Genk,Oostende,3 - 4,2 - 1,2,7,Evet
2021-07-31,2021,Jupiler Pro League,Charleroi,St. Truiden,0 - 0,0 - 0,X,0,Yok
2021-07-31,2021,Jupiler Pro League,Cercle Brugge,OH Leuven,1 - 1,0 - 1,X,2,Evet
2021-07-31,2021,Jupiler Pro League,Seraing United,KV Mechelen,1 - 0,1 - 0,1,1,Yok
2021-07-31,2021,Jupiler Pro League,AS Eupen,Anderlecht,1 - 1,1 - 1,X,2,Evet
2021-08-01,2021,Jupiler Pro League,Union St. Gilloise,Club Brugge KV,0 - 1,0 - 0,2,1,Yok
2021-08-01,2021,Jupiler Pro League,Zulte Waregem,Standard Liege,1 - 2,0 - 0,2,3,Evet
2021-08-01,2021,Jupiler Pro League,Gent,Beerschot VA,2 - 2,1 - 0,X,4,Evet
2021-08-01,2021,Jupiler Pro League,Antwerp,Kortrijk,0 - 1,0 - 0,2,1,Yok
2021-08-06,2021,Jupiler Pro League,Club Brugge KV,Cercle Brugge,1 - 1,1 - 0,X,2,Evet
2021-08-07,2021,Jupiler Pro League,Beerschot VA,Union St. Gilloise,0 - 3,0 - 1,2,3,Yok
2021-08-07,2021,Jupiler Pro League,KV Mechelen,AS Eupen,1 - 3,1 - 0,2,4,Evet
2021-08-07,2021,Jupiler Pro League,St. Truiden,Zulte Waregem,1 - 3,0 - 0,2,4,Evet
2021-08-07,2021,Jupiler Pro League,Kortrijk,Genk,1 - 2,1 - 0,2,3,Evet
2021-08-08,2021,Jupiler Pro League,Standard Liege,Antwerp,2 - 5,0 - 2,2,7,Evet
2021-08-08,2021,Jupiler Pro League,OH Leuven,Charleroi,1 - 1,0 - 1,X,2,Evet
2021-08-08,2021,Jupiler Pro League,Anderlecht,Seraing United,3 - 0,0 - 0,1,3,Yok
2021-08-08,2021,Jupiler Pro League,Oostende,Gent,1 - 0,0 - 0,1,1,Yok
2021-08-13,2021,Jupiler Pro League,Charleroi,Antwerp,1 - 1,0 - 1,X,2,Evet
2021-08-14,2021,Jupiler Pro League,Union St. Gilloise,Kortrijk,2 - 0,1 - 0,1,2,Yok
2021-08-14,2021,Jupiler Pro League,AS Eupen,St. Truiden,2 - 1,1 - 0,1,3,Evet
2021-08-14,2021,Jupiler Pro League,Seraing United,Oostende,2 - 3,1 - 0,2,5,Evet
2021-08-14,2021,Jupiler Pro League,Genk,OH Leuven,4 - 0,1 - 0,1,4,Yok
2021-08-15,2021,Jupiler Pro League,Beerschot VA,Standard Liege,0 - 1,0 - 0,2,1,Yok
2021-08-15,2021,Jupiler Pro League,Gent,KV Mechelen,2 - 0,1 - 0,1,2,Yok
2021-08-15,2021,Jupiler Pro League,Cercle Brugge,Anderlecht,1 - 2,1 - 2,2,3,Evet
2021-08-15,2021,Jupiler Pro League,Zulte Waregem,Club Brugge KV,0 - 4,0 - 1,2,4,Yok
2021-08-20,2021,Jupiler Pro League,Standard Liege,Oostende,1 - 0,0 - 0,1,1,Yok
2021-08-21,2021,Jupiler Pro League,Seraing United,Cercle Brugge,2 - 1,0 - 1,1,3,Evet
2021-08-21,2021,Jupiler Pro League,OH Leuven,AS Eupen,1 - 4,0 - 2,2,5,Evet
2021-08-21,2021,Jupiler Pro League,St. Truiden,Kortrijk,0 - 2,0 - 1,2,2,Yok
2021-08-22,2021,Jupiler Pro League,Zulte Waregem,Charleroi,2 - 2,1 - 1,X,4,Evet
2021-08-22,2021,Jupiler Pro League,Club Brugge KV,Beerschot VA,3 - 2,2 - 1,1,5,Evet
2021-08-22,2021,Jupiler Pro League,KV Mechelen,Union St. Gilloise,3 - 1,1 - 1,1,4,Evet
2021-08-27,2021,Jupiler Pro League,Kortrijk,KV Mechelen,2 - 2,0 - 2,X,4,Evet
2021-08-28,2021,Jupiler Pro League,Charleroi,Beerschot VA,5 - 2,1 - 0,1,7,Evet
2021-08-28,2021,Jupiler Pro League,AS Eupen,Seraing United,1 - 2,0 - 0,2,3,Evet
2021-08-28,2021,Jupiler Pro League,Cercle Brugge,St. Truiden,0 - 1,0 - 1,2,1,Yok
2021-08-28,2021,Jupiler Pro League,Union St. Gilloise,Standard Liege,4 - 0,2 - 0,1,4,Yok
2021-08-29,2021,Jupiler Pro League,Gent,Club Brugge KV,6 - 1,3 - 0,1,7,Evet
2021-08-29,2021,Jupiler Pro League,Antwerp,OH Leuven,2 - 2,2 - 0,X,4,Evet
2021-08-29,2021,Jupiler Pro League,Genk,Anderlecht,1 - 0,0 - 0,1,1,Yok
2021-08-29,2021,Jupiler Pro League,Oostende,Zulte Waregem,0 - 2,0 - 1,2,2,Yok
2021-09-10,2021,Jupiler Pro League,Club Brugge KV,Oostende,3 - 0,1 - 0,1,3,Yok
2021-09-11,2021,Jupiler Pro League,AS Eupen,Antwerp,0 - 1,0 - 0,2,1,Yok
2021-09-11,2021,Jupiler Pro League,Zulte Waregem,Cercle Brugge,2 - 4,1 - 0,2,6,Evet
2021-09-12,2021,Jupiler Pro League,Anderlecht,KV Mechelen,7 - 2,1 - 1,1,9,Evet
2021-09-12,2021,Jupiler Pro League,Gent,Charleroi,2 - 3,1 - 2,2,5,Evet
2021-09-12,2021,Jupiler Pro League,Seraing United,Standard Liege,0 - 1,0 - 1,2,1,Yok
2021-09-12,2021,Jupiler Pro League,OH Leuven,Kortrijk,2 - 1,0 - 0,1,3,Evet
2021-09-12,2021,Jupiler Pro League,Genk,Union St. Gilloise,1 - 1,0 - 0,X,2,Evet
2021-09-13,2021,Jupiler Pro League,Beerschot VA,St. Truiden,0 - 1,0 - 1,2,1,Yok
2021-09-17,2021,Jupiler Pro League,Cercle Brugge,AS Eupen,1 - 2,1 - 1,2,3,Evet
2021-09-18,2021,Jupiler Pro League,Oostende,Beerschot VA,3 - 1,2 - 0,1,4,Evet
2021-09-18,2021,Jupiler Pro League,KV Mechelen,OH Leuven,2 - 0,2 - 0,1,2,Yok
2021-09-18,2021,Jupiler Pro League,Union St. Gilloise,Zulte Waregem,2 - 1,0 - 0,1,3,Evet
2021-09-18,2021,Jupiler Pro League,Charleroi,Club Brugge KV,0 - 1,0 - 0,2,1,Yok
2021-09-19,2021,Jupiler Pro League,St. Truiden,Genk,1 - 2,1 - 0,2,3,Evet
2021-09-19,2021,Jupiler Pro League,Antwerp,Seraing United,2 - 1,0 - 0,1,3,Evet
2021-09-19,2021,Jupiler Pro League,Standard Liege,Anderlecht,0 - 1,0 - 1,2,1,Yok
2021-09-19,2021,Jupiler Pro League,Kortrijk,Gent,1 - 0,1 - 0,1,1,Yok
2021-09-22,2021,Jupiler Pro League,Antwerp,Genk,4 - 2,3 - 1,1,6,Evet
2021-09-23,2021,Jupiler Pro League,Anderlecht,Gent,1 - 1,0 - 1,X,2,Evet
2021-09-24,2021,Jupiler Pro League,Club Brugge KV,OH Leuven,1 - 1,0 - 1,X,2,Evet
2021-09-25,2021,Jupiler Pro League,Beerschot VA,AS Eupen,0 - 3,0 - 1,2,3,Yok
2021-09-25,2021,Jupiler Pro League,Zulte Waregem,Kortrijk,2 - 2,0 - 0,X,4,Evet
2021-09-25,2021,Jupiler Pro League,Standard Liege,St. Truiden,1 - 2,1 - 0,2,3,Evet
2021-09-26,2021,Jupiler Pro League,Union St. Gilloise,Antwerp,1 - 2,1 - 0,2,3,Evet
2021-09-26,2021,Jupiler Pro League,Gent,Cercle Brugge,2 - 1,0 - 1,1,3,Evet
2021-09-26,2021,Jupiler Pro League,Oostende,Anderlecht,2 - 2,2 - 0,X,4,Evet
2021-09-26,2021,Jupiler Pro League,Charleroi,KV Mechelen,0 - 2,0 - 1,2,2,Yok
2021-09-26,2021,Jupiler Pro League,Genk,Seraing United,3 - 0,2 - 0,1,3,Yok
2021-10-01,2021,Jupiler Pro League,KV Mechelen,Standard Liege,3 - 1,3 - 0,1,4,Evet
2021-10-02,2021,Jupiler Pro League,Kortrijk,Charleroi,2 - 2,1 - 0,X,4,Evet
2021-10-02,2021,Jupiler Pro League,St. Truiden,Oostende,1 - 1,0 - 0,X,2,Evet
2021-10-02,2021,Jupiler Pro League,Cercle Brugge,Union St. Gilloise,0 - 3,0 - 0,2,3,Yok
2021-10-02,2021,Jupiler Pro League,OH Leuven,Beerschot VA,0 - 0,0 - 0,X,0,Yok
2021-10-03,2021,Jupiler Pro League,Anderlecht,Club Brugge KV,1 - 1,0 - 1,X,2,Evet
2021-10-03,2021,Jupiler Pro League,Seraing United,Zulte Waregem,5 - 1,2 - 0,1,6,Evet
2021-10-03,2021,Jupiler Pro League,Antwerp,Gent,1 - 0,0 - 0,1,1,Yok
2021-10-03,2021,Jupiler Pro League,AS Eupen,Genk,3 - 2,1 - 1,1,5,Evet
2021-10-15,2021,Jupiler Pro League,Club Brugge KV,Kortrijk,2 - 0,2 - 0,1,2,Yok
2021-10-16,2021,Jupiler Pro League,Union St. Gilloise,Seraing United,4 - 2,0 - 2,1,6,Evet
2021-10-16,2021,Jupiler Pro League,Zulte Waregem,Antwerp,2 - 1,0 - 1,1,3,Evet
2021-10-16,2021,Jupiler Pro League,Oostende,Cercle Brugge,2 - 1,0 - 0,1,3,Evet
2021-10-16,2021,Jupiler Pro League,Standard Liege,OH Leuven,2 - 2,1 - 0,X,4,Evet
2021-10-17,2021,Jupiler Pro League,St. Truiden,Anderlecht,2 - 2,0 - 0,X,4,Evet
2021-10-17,2021,Jupiler Pro League,Beerschot VA,KV Mechelen,0 - 1,0 - 1,2,1,Yok
2021-10-17,2021,Jupiler Pro League,Charleroi,Genk,2 - 0,0 - 0,1,2,Yok
2021-10-17,2021,Jupiler Pro League,Gent,AS Eupen,2 - 0,1 - 0,1,2,Yok
2021-10-22,2021,Jupiler Pro League,Seraing United,Charleroi,1 - 3,0 - 2,2,4,Evet
2021-10-23,2021,Jupiler Pro League,Cercle Brugge,Standard Liege,1 - 1,1 - 1,X,2,Evet
2021-10-23,2021,Jupiler Pro League,KV Mechelen,Zulte Waregem,2 - 2,2 - 2,X,4,Evet
2021-10-23,2021,Jupiler Pro League,Kortrijk,Oostende,1 - 0,1 - 0,1,1,Yok
2021-10-23,2021,Jupiler Pro League,AS Eupen,Union St. Gilloise,2 - 3,0 - 2,2,5,Evet
2021-10-24,2021,Jupiler Pro League,Antwerp,Club Brugge KV,1 - 1,1 - 1,X,2,Evet
2021-10-24,2021,Jupiler Pro League,Anderlecht,Beerschot VA,4 - 2,1 - 0,1,6,Evet
2021-10-24,2021,Jupiler Pro League,Genk,Gent,0 - 3,0 - 1,2,3,Yok
2021-10-24,2021,Jupiler Pro League,OH Leuven,St. Truiden,4 - 1,0 - 0,1,5,Evet
2021-10-29,2021,Jupiler Pro League,Oostende,KV Mechelen,2 - 4,0 - 2,2,6,Evet
2021-10-30,2021,Jupiler Pro League,Charleroi,AS Eupen,3 - 0,0 - 0,1,3,Yok
2021-10-30,2021,Jupiler Pro League,Beerschot VA,Seraing United,3 - 0,1 - 0,1,3,Yok
2021-10-30,2021,Jupiler Pro League,Standard Liege,Kortrijk,1 - 1,0 - 0,X,2,Evet
2021-10-30,2021,Jupiler Pro League,St. Truiden,Club Brugge KV,1 - 2,1 - 1,2,3,Evet
2021-10-31,2021,Jupiler Pro League,Zulte Waregem,Genk,2 - 6,0 - 2,2,8,Evet
2021-10-31,2021,Jupiler Pro League,Cercle Brugge,Antwerp,0 - 1,0 - 0,2,1,Yok
2021-10-31,2021,Jupiler Pro League,Anderlecht,OH Leuven,2 - 2,1 - 2,X,4,Evet
2021-10-31,2021,Jupiler Pro League,Gent,Union St. Gilloise,0 - 2,0 - 2,2,2,Yok
2021-11-05,2021,Jupiler Pro League,OH Leuven,Oostende,1 - 0,0 - 0,1,1,Yok
2021-11-06,2021,Jupiler Pro League,AS Eupen,Zulte Waregem,1 - 1,1 - 1,X,2,Evet
2021-11-06,2021,Jupiler Pro League,KV Mechelen,St. Truiden,0 - 1,0 - 1,2,1,Yok
2021-11-06,2021,Jupiler Pro League,Kortrijk,Beerschot VA,1 - 1,0 - 0,X,2,Evet
2021-11-06,2021,Jupiler Pro League,Union St. Gilloise,Charleroi,4 - 0,3 - 0,1,4,Yok
2021-11-07,2021,Jupiler Pro League,Club Brugge KV,Standard Liege,2 - 2,2 - 1,X,4,Evet
2021-11-07,2021,Jupiler Pro League,Seraing United,Gent,0 - 0,0 - 0,X,0,Yok
2021-11-07,2021,Jupiler Pro League,Antwerp,Anderlecht,2 - 0,0 - 0,1,2,Yok
2021-11-07,2021,Jupiler Pro League,Genk,Cercle Brugge,1 - 1,0 - 1,X,2,Evet
2021-11-19,2021,Jupiler Pro League,KV Mechelen,Club Brugge KV,2 - 1,0 - 0,1,3,Evet
2021-11-20,2021,Jupiler Pro League,Cercle Brugge,Charleroi,1 - 2,0 - 2,2,3,Evet
2021-11-20,2021,Jupiler Pro League,OH Leuven,Seraing United,1 - 3,0 - 1,2,4,Evet
2021-11-20,2021,Jupiler Pro League,Zulte Waregem,Gent,1 - 2,0 - 0,2,3,Evet
2021-11-20,2021,Jupiler Pro League,Standard Liege,AS Eupen,1 - 0,1 - 0,1,1,Yok
2021-11-21,2021,Jupiler Pro League,Anderlecht,Kortrijk,1 - 1,0 - 1,X,2,Evet
2021-11-21,2021,Jupiler Pro League,St. Truiden,Antwerp,2 - 1,2 - 0,1,3,Evet
2021-11-21,2021,Jupiler Pro League,Oostende,Union St. Gilloise,1 - 7,1 - 4,2,8,Evet
2021-11-21,2021,Jupiler Pro League,Beerschot VA,Genk,2 - 0,1 - 0,1,2,Yok
2021-11-26,2021,Jupiler Pro League,Union St. Gilloise,OH Leuven,1 - 3,0 - 2,2,4,Evet
2021-11-27,2021,Jupiler Pro League,Seraing United,St. Truiden,2 - 0,1 - 0,1,2,Yok
2021-11-27,2021,Jupiler Pro League,AS Eupen,Kortrijk,2 - 2,2 - 1,X,4,Evet
2021-11-27,2021,Jupiler Pro League,Cercle Brugge,KV Mechelen,3 - 1,1 - 1,1,4,Evet
2021-11-27,2021,Jupiler Pro League,Charleroi,Anderlecht,1 - 3,0 - 1,2,4,Evet
2021-11-28,2021,Jupiler Pro League,Genk,Club Brugge KV,2 - 3,0 - 1,2,5,Evet
2021-11-28,2021,Jupiler Pro League,Zulte Waregem,Beerschot VA,2 - 0,2 - 0,1,2,Yok
2021-11-28,2021,Jupiler Pro League,Gent,Standard Liege,3 - 1,1 - 0,1,4,Evet
2021-11-28,2021,Jupiler Pro League,Antwerp,Oostende,3 - 0,0 - 0,1,3,Yok
2021-12-03,2021,Jupiler Pro League,St. Truiden,Union St. Gilloise,1 - 2,0 - 1,2,3,Evet
2021-12-04,2021,Jupiler Pro League,OH Leuven,Gent,0 - 1,0 - 1,2,1,Yok
2021-12-04,2021,Jupiler Pro League,Oostende,AS Eupen,2 - 1,0 - 1,1,3,Evet
2021-12-04,2021,Jupiler Pro League,Kortrijk,Cercle Brugge,0 - 2,0 - 1,2,2,Yok
2021-12-04,2021,Jupiler Pro League,Club Brugge KV,Seraing United,3 - 2,3 - 2,1,5,Evet
2021-12-05,2021,Jupiler Pro League,Beerschot VA,Antwerp,0 - 1,0 - 0,2,1,Yok
2021-12-05,2021,Jupiler Pro League,Anderlecht,Zulte Waregem,3 - 2,1 - 1,1,5,Evet
2021-12-05,2021,Jupiler Pro League,Standard Liege,Charleroi,0 - 3,0 - 2,2,3,Yok
2021-12-05,2021,Jupiler Pro League,KV Mechelen,Genk,1 - 1,0 - 1,X,2,Evet
2021-12-10,2021,Jupiler Pro League,Charleroi,Oostende,1 - 0,0 - 0,1,1,Yok
2021-12-11,2021,Jupiler Pro League,Kortrijk,OH Leuven,2 - 1,0 - 0,1,3,Evet
2021-12-11,2021,Jupiler Pro League,St. Truiden,Cercle Brugge,1 - 2,0 - 0,2,3,Evet
2021-12-11,2021,Jupiler Pro League,AS Eupen,Beerschot VA,1 - 0,1 - 0,1,1,Yok
2021-12-11,2021,Jupiler Pro League,Seraing United,Anderlecht,0 - 5,0 - 3,2,5,Yok
2021-12-12,2021,Jupiler Pro League,Antwerp,Standard Liege,2 - 3,0 - 0,2,5,Evet
2021-12-12,2021,Jupiler Pro League,Union St. Gilloise,KV Mechelen,2 - 0,1 - 0,1,2,Yok
2021-12-12,2021,Jupiler Pro League,Gent,Genk,1 - 0,1 - 0,1,1,Yok
2021-12-12,2021,Jupiler Pro League,Club Brugge KV,Zulte Waregem,3 - 0,1 - 0,1,3,Yok
2021-12-14,2021,Jupiler Pro League,Cercle Brugge,Seraing United,2 - 0,2 - 0,1,2,Yok
2021-12-14,2021,Jupiler Pro League,Anderlecht,St. Truiden,2 - 0,0 - 0,1,2,Yok
2021-12-14,2021,Jupiler Pro League,Oostende,Kortrijk,0 - 2,0 - 1,2,2,Yok
2021-12-15,2021,Jupiler Pro League,KV Mechelen,Gent,4 - 3,1 - 1,1,7,Evet
2021-12-15,2021,Jupiler Pro League,Zulte Waregem,Union St. Gilloise,0 - 2,0 - 2,2,2,Yok
2021-12-15,2021,Jupiler Pro League,OH Leuven,Club Brugge KV,1 - 4,0 - 1,2,5,Evet
2021-12-16,2021,Jupiler Pro League,Antwerp,AS Eupen,4 - 2,2 - 1,1,6,Evet
2021-12-16,2021,Jupiler Pro League,Genk,Charleroi,4 - 2,2 - 2,1,6,Evet
2021-12-17,2021,Jupiler Pro League,Seraing United,Kortrijk,0 - 2,0 - 0,2,2,Yok
2021-12-18,2021,Jupiler Pro League,Beerschot VA,Oostende,0 - 2,0 - 2,2,2,Yok
2021-12-18,2021,Jupiler Pro League,Zulte Waregem,KV Mechelen,3 - 2,0 - 1,1,5,Evet
2021-12-18,2021,Jupiler Pro League,Union St. Gilloise,Cercle Brugge,3 - 2,0 - 2,1,5,Evet
2021-12-18,2021,Jupiler Pro League,Gent,St. Truiden,2 - 1,1 - 0,1,3,Evet
2021-12-19,2021,Jupiler Pro League,Club Brugge KV,Anderlecht,2 - 2,1 - 0,X,4,Evet
2021-12-19,2021,Jupiler Pro League,AS Eupen,Charleroi,0 - 4,0 - 3,2,4,Yok
2021-12-19,2021,Jupiler Pro League,Genk,Antwerp,1 - 1,1 - 0,X,2,Evet
2021-12-19,2021,Jupiler Pro League,OH Leuven,Standard Liege,2 - 1,2 - 0,1,3,Evet
2021-12-26,2021,Jupiler Pro League,Cercle Brugge,Club Brugge KV,2 - 0,0 - 0,1,2,Yok
2021-12-26,2021,Jupiler Pro League,Standard Liege,Zulte Waregem,0 - 1,0 - 0,2,1,Yok
2021-12-26,2021,Jupiler Pro League,Union St. Gilloise,Gent,0 - 0,0 - 0,X,0,Yok
2021-12-26,2021,Jupiler Pro League,Oostende,Genk,0 - 4,0 - 3,2,4,Yok
2021-12-27,2021,Jupiler Pro League,KV Mechelen,Seraing United,2 - 0,0 - 0,1,2,Yok
2021-12-27,2021,Jupiler Pro League,Charleroi,OH Leuven,0 - 3,0 - 1,2,3,Yok
2021-12-27,2021,Jupiler Pro League,Beerschot VA,Anderlecht,0 - 7,0 - 3,2,7,Yok
2021-12-27,2021,Jupiler Pro League,St. Truiden,AS Eupen,2 - 0,1 - 0,1,2,Yok
2022-01-14,2021,Jupiler Pro League,Gent,Kortrijk,2 - 2,1 - 1,X,4,Evet
2022-01-15,2021,Jupiler Pro League,OH Leuven,KV Mechelen,5 - 0,0 - 0,1,5,Yok
2022-01-15,2021,Jupiler Pro League,Club Brugge KV,St. Truiden,2 - 0,1 - 0,1,2,Yok
2022-01-16,2021,Jupiler Pro League,Antwerp,Charleroi,3 - 0,2 - 0,1,3,Yok
2022-01-16,2021,Jupiler Pro League,AS Eupen,Cercle Brugge,0 - 2,0 - 0,2,2,Yok
2022-01-16,2021,Jupiler Pro League,Anderlecht,Standard Liege,1 - 1,1 - 0,X,2,Evet
2022-01-16,2021,Jupiler Pro League,Genk,Beerschot VA,4 - 1,2 - 0,1,5,Evet
2022-01-18,2021,Jupiler Pro League,Seraing United,Union St. Gilloise,0 - 4,0 - 2,2,4,Yok
2022-01-21,2021,Jupiler Pro League,Oostende,Antwerp,1 - 2,0 - 0,2,3,Evet
2022-01-22,2021,Jupiler Pro League,Kortrijk,AS Eupen,1 - 1,0 - 1,X,2,Evet
2022-01-22,2021,Jupiler Pro League,Beerschot VA,OH Leuven,3 - 1,2 - 1,1,4,Evet
2022-01-22,2021,Jupiler Pro League,St. Truiden,Seraing United,3 - 1,1 - 1,1,4,Evet
2022-01-22,2021,Jupiler Pro League,Charleroi,Gent,0 - 0,0 - 0,X,0,Yok
2022-01-23,2021,Jupiler Pro League,Standard Liege,Club Brugge KV,2 - 2,1 - 1,X,4,Evet
2022-01-23,2021,Jupiler Pro League,Union St. Gilloise,Genk,2 - 1,1 - 0,1,3,Evet
2022-01-23,2021,Jupiler Pro League,KV Mechelen,Anderlecht,0 - 1,0 - 1,2,1,Yok
2022-01-23,2021,Jupiler Pro League,Cercle Brugge,Zulte Waregem,3 - 1,2 - 0,1,4,Evet
2022-01-25,2021,Jupiler Pro League,Antwerp,St. Truiden,1 - 1,1 - 0,X,2,Evet
2022-01-25,2021,Jupiler Pro League,Gent,Oostende,1 - 1,0 - 1,X,2,Evet
2022-01-25,2021,Jupiler Pro League,Charleroi,Kortrijk,1 - 1,1 - 1,X,2,Evet
2022-01-26,2021,Jupiler Pro League,Zulte Waregem,OH Leuven,1 - 1,1 - 1,X,2,Evet
2022-01-26,2021,Jupiler Pro League,AS Eupen,Standard Liege,0 - 2,0 - 1,2,2,Yok
2022-01-26,2021,Jupiler Pro League,Anderlecht,Cercle Brugge,0 - 2,0 - 0,2,2,Yok
2022-01-26,2021,Jupiler Pro League,Seraing United,Beerschot VA,2 - 1,1 - 0,1,3,Evet
2022-01-27,2021,Jupiler Pro League,Club Brugge KV,Union St. Gilloise,0 - 0,0 - 0,X,0,Yok
2022-01-28,2021,Jupiler Pro League,St. Truiden,Charleroi,0 - 1,0 - 1,2,1,Yok
2022-01-29,2021,Jupiler Pro League,Beerschot VA,Zulte Waregem,3 - 3,1 - 3,X,6,Evet
2022-01-29,2021,Jupiler Pro League,Seraing United,AS Eupen,0 - 0,0 - 0,X,0,Yok
2022-01-29,2021,Jupiler Pro League,Cercle Brugge,Oostende,0 - 1,0 - 0,2,1,Yok
2022-01-30,2021,Jupiler Pro League,Union St. Gilloise,Anderlecht,1 - 0,1 - 0,1,1,Yok
2022-01-30,2021,Jupiler Pro League,Gent,Antwerp,0 - 1,0 - 1,2,1,Yok
2022-01-30,2021,Jupiler Pro League,Standard Liege,KV Mechelen,1 - 2,1 - 0,2,3,Evet
2022-01-30,2021,Jupiler Pro League,Kortrijk,Club Brugge KV,0 - 1,0 - 0,2,1,Yok
2022-02-02,2021,Jupiler Pro League,Kortrijk,Antwerp,0 - 2,0 - 1,2,2,Yok
2022-02-04,2021,Jupiler Pro League,Charleroi,Seraing United,2 - 0,1 - 0,1,2,Yok
2022-02-05,2021,Jupiler Pro League,Kortrijk,St. Truiden,1 - 3,0 - 2,2,4,Evet
2022-02-05,2021,Jupiler Pro League,Oostende,OH Leuven,1 - 3,0 - 1,2,4,Evet
2022-02-05,2021,Jupiler Pro League,Standard Liege,Cercle Brugge,1 - 1,0 - 1,X,2,Evet
2022-02-05,2021,Jupiler Pro League,Antwerp,Union St. Gilloise,0 - 2,0 - 0,2,2,Yok
2022-02-06,2021,Jupiler Pro League,Club Brugge KV,Gent,1 - 2,0 - 1,2,3,Evet
2022-02-06,2021,Jupiler Pro League,KV Mechelen,Beerschot VA,3 - 2,3 - 0,1,5,Evet
2022-02-06,2021,Jupiler Pro League,Anderlecht,AS Eupen,4 - 1,3 - 1,1,5,Evet
2022-02-06,2021,Jupiler Pro League,Genk,Zulte Waregem,2 - 0,1 - 0,1,2,Yok
2022-02-09,2021,Jupiler Pro League,Zulte Waregem,Oostende,0 - 0,0 - 0,X,0,Yok
2022-02-09,2021,Jupiler Pro League,OH Leuven,Genk,2 - 1,1 - 1,1,3,Evet
2022-02-11,2021,Jupiler Pro League,Seraing United,Antwerp,0 - 1,0 - 0,2,1,Yok
2022-02-12,2021,Jupiler Pro League,AS Eupen,Gent,0 - 1,0 - 1,2,1,Yok
2022-02-12,2021,Jupiler Pro League,OH Leuven,Cercle Brugge,3 - 2,1 - 2,1,5,Evet
2022-02-12,2021,Jupiler Pro League,KV Mechelen,Oostende,3 - 0,1 - 0,1,3,Yok
2022-02-12,2021,Jupiler Pro League,Zulte Waregem,Anderlecht,1 - 2,0 - 2,2,3,Evet
2022-02-13,2021,Jupiler Pro League,Genk,Standard Liege,2 - 0,1 - 0,1,2,Yok
2022-02-13,2021,Jupiler Pro League,Union St. Gilloise,St. Truiden,0 - 1,0 - 0,2,1,Yok
2022-02-13,2021,Jupiler Pro League,Club Brugge KV,Charleroi,2 - 0,1 - 0,1,2,Yok
2022-02-13,2021,Jupiler Pro League,Beerschot VA,Kortrijk,2 - 1,2 - 1,1,3,Evet
2022-02-16,2021,Jupiler Pro League,Genk,KV Mechelen,4 - 1,1 - 0,1,5,Evet
2022-02-19,2021,Jupiler Pro League,Cercle Brugge,Beerschot VA,2 - 0,2 - 0,1,2,Yok
2022-02-19,2021,Jupiler Pro League,Oostende,Standard Liege,1 - 0,1 - 0,1,1,Yok
2022-02-19,2021,Jupiler Pro League,Kortrijk,Zulte Waregem,5 - 0,2 - 0,1,5,Yok
2022-02-19,2021,Jupiler Pro League,Charleroi,Union St. Gilloise,0 - 3,0 - 2,2,3,Yok
2022-02-20,2021,Jupiler Pro League,Antwerp,KV Mechelen,1 - 2,0 - 2,2,3,Evet
2022-02-20,2021,Jupiler Pro League,AS Eupen,Club Brugge KV,1 - 3,0 - 1,2,4,Evet
2022-02-20,2021,Jupiler Pro League,Anderlecht,Genk,2 - 0,2 - 0,1,2,Yok
2022-02-20,2021,Jupiler Pro League,St. Truiden,OH Leuven,2 - 0,1 - 0,1,2,Yok
2022-02-23,2021,Jupiler Pro League,Gent,Seraing United,4 - 0,3 - 0,1,4,Yok
2022-02-25,2021,Jupiler Pro League,Beerschot VA,Charleroi,2 - 3,1 - 1,2,5,Evet
2022-02-26,2021,Jupiler Pro League,Union St. Gilloise,AS Eupen,0 - 0,0 - 0,X,0,Yok
2022-02-26,2021,Jupiler Pro League,KV Mechelen,Cercle Brugge,2 - 2,2 - 2,X,4,Evet
2022-02-26,2021,Jupiler Pro League,Oostende,St. Truiden,0 - 0,0 - 0,X,0,Yok
2022-02-26,2021,Jupiler Pro League,OH Leuven,Anderlecht,0 - 0,0 - 0,X,0,Yok
2022-02-27,2021,Jupiler Pro League,Club Brugge KV,Antwerp,4 - 1,2 - 1,1,5,Evet
2022-02-27,2021,Jupiler Pro League,Genk,Kortrijk,2 - 0,2 - 0,1,2,Yok
2022-02-27,2021,Jupiler Pro League,Standard Liege,Gent,0 - 1,0 - 0,2,1,Yok
2022-02-27,2021,Jupiler Pro League,Zulte Waregem,Seraing United,1 - 0,1 - 0,1,1,Yok
2022-03-02,2021,Jupiler Pro League,Standard Liege,Beerschot VA,1 - 0,1 - 0,1,1,Yok
2022-03-04,2021,Jupiler Pro League,St. Truiden,KV Mechelen,1 - 1,0 - 1,X,2,Evet
2022-03-05,2021,Jupiler Pro League,Cercle Brugge,Genk,2 - 2,1 - 0,X,4,Evet
2022-03-05,2021,Jupiler Pro League,Kortrijk,Union St. Gilloise,2 - 3,1 - 1,2,5,Evet
2022-03-05,2021,Jupiler Pro League,Seraing United,Club Brugge KV,0 - 5,0 - 3,2,5,Yok
2022-03-06,2021,Jupiler Pro League,Antwerp,Beerschot VA,2 - 1,0 - 1,1,3,Evet
2022-03-06,2021,Jupiler Pro League,Anderlecht,Oostende,3 - 0,0 - 0,1,3,Yok
2022-03-06,2021,Jupiler Pro League,Charleroi,Standard Liege,0 - 0,0 - 0,X,0,Yok
2022-03-06,2021,Jupiler Pro League,Gent,Zulte Waregem,2 - 1,1 - 0,1,3,Evet
2022-03-06,2021,Jupiler Pro League,AS Eupen,OH Leuven,3 - 1,1 - 1,1,4,Evet
2022-03-11,2021,Jupiler Pro League,OH Leuven,Union St. Gilloise,1 - 4,1 - 1,2,5,Evet
2022-03-12,2021,Jupiler Pro League,KV Mechelen,Charleroi,2 - 2,2 - 0,X,4,Evet
2022-03-12,2021,Jupiler Pro League,Zulte Waregem,AS Eupen,3 - 0,1 - 0,1,3,Yok
2022-03-12,2021,Jupiler Pro League,Cercle Brugge,Kortrijk,2 - 0,0 - 0,1,2,Yok
2022-03-12,2021,Jupiler Pro League,Oostende,Club Brugge KV,1 - 3,1 - 2,2,4,Evet
2022-03-13,2021,Jupiler Pro League,Anderlecht,Antwerp,2 - 1,1 - 1,1,3,Evet
2022-03-13,2021,Jupiler Pro League,Genk,St. Truiden,0 - 1,0 - 1,2,1,Yok
2022-03-13,2021,Jupiler Pro League,Beerschot VA,Gent,0 - 2,0 - 1,2,2,Yok
2022-03-13,2021,Jupiler Pro League,Standard Liege,Seraing United,0 - 1,0 - 0,2,1,Yok
2022-03-18,2021,Jupiler Pro League,Union St. Gilloise,Oostende,1 - 1,0 - 1,X,2,Evet
2022-03-19,2021,Jupiler Pro League,AS Eupen,KV Mechelen,1 - 1,1 - 1,X,2,Evet
2022-03-19,2021,Jupiler Pro League,Charleroi,Cercle Brugge,5 - 0,4 - 0,1,5,Yok
2022-03-19,2021,Jupiler Pro League,Seraing United,OH Leuven,1 - 1,0 - 0,X,2,Evet
2022-03-19,2021,Jupiler Pro League,Antwerp,Zulte Waregem,1 - 0,0 - 0,1,1,Yok
2022-03-20,2021,Jupiler Pro League,Club Brugge KV,Genk,3 - 1,1 - 1,1,4,Evet
2022-03-20,2021,Jupiler Pro League,Kortrijk,Standard Liege,0 - 1,0 - 0,2,1,Yok
2022-03-20,2021,Jupiler Pro League,Gent,Anderlecht,1 - 0,0 - 0,1,1,Yok
2022-03-20,2021,Jupiler Pro League,St. Truiden,Beerschot VA,3 - 2,2 - 1,1,5,Evet
2022-04-01,2021,Jupiler Pro League,Beerschot VA,Club Brugge KV,1 - 3,0 - 1,2,4,Evet
2022-04-02,2021,Jupiler Pro League,Zulte Waregem,St. Truiden,0 - 2,0 - 0,2,2,Yok
2022-04-02,2021,Jupiler Pro League,KV Mechelen,Kortrijk,3 - 2,1 - 1,1,5,Evet
2022-04-02,2021,Jupiler Pro League,Oostende,Seraing United,2 - 2,1 - 1,X,4,Evet
2022-04-02,2021,Jupiler Pro League,OH Leuven,Antwerp,0 - 1,0 - 1,2,1,Yok
2022-04-03,2021,Jupiler Pro League,Standard Liege,Union St. Gilloise,1 - 3,1 - 1,2,4,Evet
2022-04-03,2021,Jupiler Pro League,Cercle Brugge,Gent,2 - 2,1 - 2,X,4,Evet
2022-04-03,2021,Jupiler Pro League,Anderlecht,Charleroi,4 - 0,1 - 0,1,4,Yok
2022-04-03,2021,Jupiler Pro League,Genk,AS Eupen,5 - 0,2 - 0,1,5,Yok
2022-04-09,2021,Jupiler Pro League,AS Eupen,Oostende,0 - 2,0 - 1,2,2,Yok
2022-04-09,2021,Jupiler Pro League,Antwerp,Cercle Brugge,1 - 1,0 - 0,X,2,Evet
2022-04-10,2021,Jupiler Pro League,Club Brugge KV,KV Mechelen,2 - 0,1 - 0,1,2,Yok
2022-04-10,2021,Jupiler Pro League,Gent,OH Leuven,5 - 0,1 - 0,1,5,Yok
2022-04-10,2021,Jupiler Pro League,Kortrijk,Anderlecht,2 - 3,1 - 1,2,5,Evet
2022-04-10,2021,Jupiler Pro League,St. Truiden,Standard Liege,3 - 0,2 - 0,1,3,Yok
2022-04-10,2021,Jupiler Pro League,Charleroi,Zulte Waregem,3 - 0,3 - 0,1,3,Yok
2022-04-10,2021,Jupiler Pro League,Union St. Gilloise,Beerschot VA,5 - 0,0 - 0,1,5,Yok
2022-04-10,2021,Jupiler Pro League,Seraing United,Genk,0 - 2,0 - 1,2,2,Yok
2022-04-23,2021,Jupiler Pro League,RWDM,Seraing United,0 - 1,0 - 1,2,1,Yok
2022-04-23,2021,Jupiler Pro League,KV Mechelen,Charleroi,1 - 0,0 - 0,1,1,Yok
2022-04-24,2021,Jupiler Pro League,Club Brugge KV,Antwerp,1 - 0,1 - 0,1,1,Yok
2022-04-24,2021,Jupiler Pro League,Gent,Genk,0 - 1,0 - 0,2,1,Yok
2022-04-24,2021,Jupiler Pro League,Union St. Gilloise,Anderlecht,3 - 1,2 - 1,1,4,Evet
2022-04-29,2021,Jupiler Pro League,Genk,KV Mechelen,4 - 2,1 - 0,1,6,Evet
2022-04-30,2021,Jupiler Pro League,Charleroi,Gent,1 - 3,1 - 0,2,4,Evet
2022-04-30,2021,Jupiler Pro League,Seraing United,RWDM,0 - 0,0 - 0,X,0,Yok
2022-05-01,2021,Jupiler Pro League,Antwerp,Union St. Gilloise,0 - 0,0 - 0,X,0,Yok
2022-05-01,2021,Jupiler Pro League,Anderlecht,Club Brugge KV,0 - 0,0 - 0,X,0,Yok
2022-05-06,2021,Jupiler Pro League,Charleroi,Genk,2 - 2,1 - 0,X,4,Evet
2022-05-07,2021,Jupiler Pro League,Gent,KV Mechelen,1 - 0,0 - 0,1,1,Yok
2022-05-08,2021,Jupiler Pro League,Union St. Gilloise,Club Brugge KV,0 - 2,0 - 0,2,2,Yok
2022-05-08,2021,Jupiler Pro League,Antwerp,Anderlecht,0 - 4,0 - 1,2,4,Yok
2022-05-10,2021,Jupiler Pro League,KV Mechelen,Gent,1 - 2,0 - 1,2,3,Evet
2022-05-10,2021,Jupiler Pro League,Genk,Charleroi,3 - 2,0 - 1,1,5,Evet
2022-05-11,2021,Jupiler Pro League,Club Brugge KV,Union St. Gilloise,1 - 0,0 - 0,1,1,Yok
2022-05-12,2021,Jupiler Pro League,Anderlecht,Antwerp,2 - 1,2 - 0,1,3,Evet
2022-05-14,2021,Jupiler Pro League,Charleroi,KV Mechelen,3 - 2,1 - 1,1,5,Evet
2022-05-15,2021,Jupiler Pro League,Antwerp,Club Brugge KV,1 - 3,1 - 0,2,4,Evet
2022-05-15,2021,Jupiler Pro League,Genk,Gent,0 - 2,0 - 1,2,2,Yok
2022-05-15,2021,Jupiler Pro League,Anderlecht,Union St. Gilloise,0 - 2,0 - 1,2,2,Yok
2022-05-21,2021,Jupiler Pro League,KV Mechelen,Genk,0 - 0,0 - 0,X,0,Yok
2022-05-21,2021,Jupiler Pro League,Gent,Charleroi,1 - 2,1 - 1,2,3,Evet
2022-05-22,2021,Jupiler Pro League,Union St. Gilloise,Antwerp,0 - 1,0 - 0,2,1,Yok
2022-05-22,2021,Jupiler Pro League,Club Brugge KV,Anderlecht,1 - 1,1 - 0,X,2,Evet
