Tarih,Sezon,Lig,Ev Sahibi,Deplasman,MS Skor,IY Skor,MS Sonucu,Toplam Gol,KG Var
2026-08-22,2026,Serie A,Udinese,Como,1 - 1,1 - 0,X,2,Evet
2026-08-22,2026,Serie A,Inter,Monza,4 - 1,1 - 1,1,5,Evet
2026-08-22,2026,Serie A,Genoa,Napoli,0 - 2,0 - 0,2,2,Yok
2026-08-22,2026,Serie A,Parma,Cagliari,0 - 1,0 - 0,2,1,Yok
2026-08-23,2026,Serie A,Frosinone,Juventus,0 - 1,0 - 1,2,1,Yok
2026-08-23,2026,Serie A,Venezia,Lecce,0 - 2,0 - 0,2,2,Yok
2026-08-23,2026,Serie A,Atalanta,Sassuolo,2 - 1,1 - 0,1,3,Evet
2026-08-23,2026,Serie A,Torino,AC Milan,1 - 2,0 - 0,2,3,Evet
2026-08-24,2026,Serie A,Bologna,Lazio,0 - 1,0 - 0,2,1,Yok
2026-08-24,2026,Serie A,AS Roma,Fiorentina,4 - 0,1 - 0,1,4,Yok
2026-08-28,2026,Serie A,AC Milan,Venezia,2 - 0,0 - 0,1,2,Yok
2026-08-29,2026,Serie A,Sassuolo,Torino,2 - 1,1 - 1,1,3,Evet
2026-08-29,2026,Serie A,Fiorentina,Frosinone,0 - 3,0 - 2,2,3,Yok
2026-08-29,2026,Serie A,Monza,Udinese,2 - 3,1 - 3,2,5,Evet
2026-08-29,2026,Serie A,Juventus,Parma,2 - 0,0 - 0,1,2,Yok
2026-08-30,2026,Serie A,Napoli,Como,1 - 2,1 - 2,2,3,Evet
2026-08-30,2026,Serie A,Lazio,Genoa,1 - 0,1 - 0,1,1,Yok
2026-08-30,2026,Serie A,Cagliari,Inter,0 - 1,0 - 1,2,1,Yok
2026-08-31,2026,Serie A,Lecce,AS Roma,0 - 4,0 - 3,2,4,Yok
2026-08-31,2026,Serie A,Atalanta,Bologna,1 - 0,0 - 0,1,1,Yok
2026-09-04,2026,Serie A,Genoa,Como,1 - 4,1 - 3,2,5,Evet
2026-09-05,2026,Serie A,Fiorentina,Torino,1 - 2,0 - 0,2,3,Evet
2026-09-05,2026,Serie A,Inter,Napoli,3 - 2,0 - 0,1,5,Evet
2026-09-05,2026,Serie A,AS Roma,Atalanta,2 - 1,0 - 0,1,3,Evet
2026-09-06,2026,Serie A,Frosinone,Venezia,3 - 2,2 - 0,1,5,Evet
2026-09-06,2026,Serie A,Parma,Monza,1 - 1,0 - 1,X,2,Evet
2026-09-06,2026,Serie A,Bologna,Sassuolo,2 - 2,0 - 1,X,4,Evet
2026-09-06,2026,Serie A,Juventus,AC Milan,1 - 1,0 - 0,X,2,Evet
2026-09-07,2026,Serie A,Cagliari,Lecce,1 - 0,1 - 0,1,1,Yok
2026-09-07,2026,Serie A,Udinese,Lazio,1 - 2,0 - 0,2,3,Evet
2026-09-11,2026,Serie A,Venezia,Fiorentina,2 - 4,1 - 2,2,6,Evet
2026-09-12,2026,Serie A,Genoa,Frosinone,1 - 1,0 - 1,X,2,Evet
2026-09-12,2026,Serie A,Lazio,AC Milan,2 - 2,2 - 0,X,4,Evet
2026-09-12,2026,Serie A,Atalanta,Cagliari,1 - 2,1 - 1,2,3,Evet
2026-09-13,2026,Serie A,Lecce,Monza,3 - 2,3 - 1,1,5,Evet
2026-09-13,2026,Serie A,Napoli,Bologna,1 - 0,0 - 0,1,1,Yok
2026-09-13,2026,Serie A,Sassuolo,Juventus,3 - 2,0 - 0,1,5,Evet
2026-09-14,2026,Serie A,Torino,AS Roma,0 - 2,0 - 1,2,2,Yok
2026-09-14,2026,Serie A,Como,Parma,2 - 1,1 - 0,1,3,Evet
2026-09-14,2026,Serie A,Inter,Udinese,5 - 3,2 - 2,1,8,Evet
2026-09-18,2026,Serie A,Monza,Sassuolo,2 - 1,0 - 0,1,3,Evet
2026-09-19,2026,Serie A,Udinese,Cagliari,0 - 1,0 - 0,2,1,Yok
2026-09-19,2026,Serie A,Bologna,Torino,1 - 1,1 - 0,X,2,Evet
2026-09-19,2026,Serie A,AS Roma,Inter,2 - 2,2 - 0,X,4,Evet
2026-09-19,2026,Serie A,Venezia,Lazio,0 - 2,0 - 0,2,2,Yok
2026-09-20,2026,Serie A,Fiorentina,Napoli,1 - 1,0 - 1,X,2,Evet
2026-09-20,2026,Serie A,Frosinone,Como,2 - 0,2 - 0,1,2,Yok
2026-09-20,2026,Serie A,Parma,Genoa,2 - 1,1 - 0,1,3,Evet
2026-09-20,2026,Serie A,Juventus,Atalanta,2 - 0,1 - 0,1,2,Yok
2026-09-20,2026,Serie A,AC Milan,Lecce,3 - 0,1 - 0,1,3,Yok
2025-08-23,2025,Serie A,Sassuolo,Napoli,0 - 2,0 - 1,2,2,Yok
2025-08-23,2025,Serie A,Genoa,Lecce,0 - 0,0 - 0,X,0,Yok
2025-08-23,2025,Serie A,AC Milan,Cremonese,1 - 2,1 - 1,2,3,Evet
2025-08-23,2025,Serie A,AS Roma,Bologna,1 - 0,0 - 0,1,1,Yok
2025-08-24,2025,Serie A,Cagliari,Fiorentina,1 - 1,0 - 0,X,2,Evet
2025-08-24,2025,Serie A,Como,Lazio,2 - 0,0 - 0,1,2,Yok
2025-08-24,2025,Serie A,Juventus,Parma,2 - 0,0 - 0,1,2,Yok
2025-08-24,2025,Serie A,Atalanta,Pisa,1 - 1,0 - 1,X,2,Evet
2025-08-25,2025,Serie A,Udinese,Hellas Verona,1 - 1,0 - 0,X,2,Evet
2025-08-25,2025,Serie A,Inter,Torino,5 - 0,2 - 0,1,5,Yok
2025-08-29,2025,Serie A,Cremonese,Sassuolo,3 - 2,2 - 0,1,5,Evet
2025-08-29,2025,Serie A,Lecce,AC Milan,0 - 2,0 - 0,2,2,Yok
2025-08-30,2025,Serie A,Bologna,Como,1 - 0,0 - 0,1,1,Yok
2025-08-30,2025,Serie A,Parma,Atalanta,1 - 1,0 - 0,X,2,Evet
2025-08-30,2025,Serie A,Napoli,Cagliari,1 - 0,0 - 0,1,1,Yok
2025-08-30,2025,Serie A,Pisa,AS Roma,0 - 1,0 - 0,2,1,Yok
2025-08-31,2025,Serie A,Genoa,Juventus,0 - 1,0 - 0,2,1,Yok
2025-08-31,2025,Serie A,Torino,Fiorentina,0 - 0,0 - 0,X,0,Yok
2025-08-31,2025,Serie A,Lazio,Hellas Verona,4 - 0,3 - 0,1,4,Yok
2025-08-31,2025,Serie A,Inter,Udinese,1 - 2,1 - 2,2,3,Evet
2025-09-13,2025,Serie A,Cagliari,Parma,2 - 0,1 - 0,1,2,Yok
2025-09-13,2025,Serie A,Juventus,Inter,4 - 3,2 - 1,1,7,Evet
2025-09-13,2025,Serie A,Fiorentina,Napoli,1 - 3,0 - 2,2,4,Evet
2025-09-14,2025,Serie A,AS Roma,Torino,0 - 1,0 - 0,2,1,Yok
2025-09-14,2025,Serie A,Atalanta,Lecce,4 - 1,1 - 0,1,5,Evet
2025-09-14,2025,Serie A,Pisa,Udinese,0 - 1,0 - 1,2,1,Yok
2025-09-14,2025,Serie A,Sassuolo,Lazio,1 - 0,0 - 0,1,1,Yok
2025-09-14,2025,Serie A,AC Milan,Bologna,1 - 0,0 - 0,1,1,Yok
2025-09-15,2025,Serie A,Hellas Verona,Cremonese,0 - 0,0 - 0,X,0,Yok
2025-09-15,2025,Serie A,Como,Genoa,1 - 1,1 - 0,X,2,Evet
2025-09-19,2025,Serie A,Lecce,Cagliari,1 - 2,1 - 1,2,3,Evet
2025-09-20,2025,Serie A,Bologna,Genoa,2 - 1,0 - 0,1,3,Evet
2025-09-20,2025,Serie A,Hellas Verona,Juventus,1 - 1,1 - 1,X,2,Evet
2025-09-20,2025,Serie A,Udinese,AC Milan,0 - 3,0 - 1,2,3,Yok
2025-09-21,2025,Serie A,Lazio,AS Roma,0 - 1,0 - 1,2,1,Yok
2025-09-21,2025,Serie A,Torino,Atalanta,0 - 3,0 - 3,2,3,Yok
2025-09-21,2025,Serie A,Cremonese,Parma,0 - 0,0 - 0,X,0,Yok
2025-09-21,2025,Serie A,Fiorentina,Como,1 - 2,1 - 0,2,3,Evet
2025-09-21,2025,Serie A,Inter,Sassuolo,2 - 1,1 - 0,1,3,Evet
2025-09-22,2025,Serie A,Napoli,Pisa,3 - 2,1 - 0,1,5,Evet
2025-09-27,2025,Serie A,Como,Cremonese,1 - 1,1 - 0,X,2,Evet
2025-09-27,2025,Serie A,Juventus,Atalanta,1 - 1,0 - 1,X,2,Evet
2025-09-27,2025,Serie A,Cagliari,Inter,0 - 2,0 - 1,2,2,Yok
2025-09-28,2025,Serie A,Sassuolo,Udinese,3 - 1,2 - 0,1,4,Evet
2025-09-28,2025,Serie A,AS Roma,Hellas Verona,2 - 0,1 - 0,1,2,Yok
2025-09-28,2025,Serie A,Pisa,Fiorentina,0 - 0,0 - 0,X,0,Yok
2025-09-28,2025,Serie A,Lecce,Bologna,2 - 2,1 - 1,X,4,Evet
2025-09-28,2025,Serie A,AC Milan,Napoli,2 - 1,2 - 0,1,3,Evet
2025-09-29,2025,Serie A,Parma,Torino,2 - 1,1 - 0,1,3,Evet
2025-09-29,2025,Serie A,Genoa,Lazio,0 - 3,0 - 2,2,3,Yok
2025-10-03,2025,Serie A,Hellas Verona,Sassuolo,0 - 1,0 - 0,2,1,Yok
2025-10-04,2025,Serie A,Lazio,Torino,3 - 3,2 - 1,X,6,Evet
2025-10-04,2025,Serie A,Parma,Lecce,0 - 1,0 - 1,2,1,Yok
2025-10-04,2025,Serie A,Inter,Cremonese,4 - 1,2 - 0,1,5,Evet
2025-10-04,2025,Serie A,Atalanta,Como,1 - 1,1 - 1,X,2,Evet
2025-10-05,2025,Serie A,Udinese,Cagliari,1 - 1,0 - 1,X,2,Evet
2025-10-05,2025,Serie A,Bologna,Pisa,4 - 0,3 - 0,1,4,Yok
2025-10-05,2025,Serie A,Fiorentina,AS Roma,1 - 2,1 - 2,2,3,Evet
2025-10-05,2025,Serie A,Napoli,Genoa,2 - 1,0 - 1,1,3,Evet
2025-10-05,2025,Serie A,Juventus,AC Milan,0 - 0,0 - 0,X,0,Yok
2025-10-18,2025,Serie A,Pisa,Hellas Verona,0 - 0,0 - 0,X,0,Yok
2025-10-18,2025,Serie A,Lecce,Sassuolo,0 - 0,0 - 0,X,0,Yok
2025-10-18,2025,Serie A,Torino,Napoli,1 - 0,1 - 0,1,1,Yok
2025-10-18,2025,Serie A,AS Roma,Inter,0 - 1,0 - 1,2,1,Yok
2025-10-19,2025,Serie A,Como,Juventus,2 - 0,1 - 0,1,2,Yok
2025-10-19,2025,Serie A,Cagliari,Bologna,0 - 2,0 - 1,2,2,Yok
2025-10-19,2025,Serie A,Genoa,Parma,0 - 0,0 - 0,X,0,Yok
2025-10-19,2025,Serie A,Atalanta,Lazio,0 - 0,0 - 0,X,0,Yok
2025-10-19,2025,Serie A,AC Milan,Fiorentina,2 - 1,0 - 0,1,3,Evet
2025-10-20,2025,Serie A,Cremonese,Udinese,1 - 1,1 - 0,X,2,Evet
2025-10-24,2025,Serie A,AC Milan,Pisa,2 - 2,1 - 0,X,4,Evet
2025-10-25,2025,Serie A,Udinese,Lecce,3 - 2,2 - 0,1,5,Evet
2025-10-25,2025,Serie A,Parma,Como,0 - 0,0 - 0,X,0,Yok
2025-10-25,2025,Serie A,Napoli,Inter,3 - 1,1 - 0,1,4,Evet
2025-10-25,2025,Serie A,Cremonese,Atalanta,1 - 1,0 - 0,X,2,Evet
2025-10-26,2025,Serie A,Torino,Genoa,2 - 1,0 - 1,1,3,Evet
2025-10-26,2025,Serie A,Sassuolo,AS Roma,0 - 1,0 - 1,2,1,Yok
2025-10-26,2025,Serie A,Hellas Verona,Cagliari,2 - 2,1 - 0,X,4,Evet
2025-10-26,2025,Serie A,Fiorentina,Bologna,2 - 2,0 - 1,X,4,Evet
2025-10-26,2025,Serie A,Lazio,Juventus,1 - 0,1 - 0,1,1,Yok
2025-10-28,2025,Serie A,Lecce,Napoli,0 - 1,0 - 0,2,1,Yok
2025-10-28,2025,Serie A,Atalanta,AC Milan,1 - 1,1 - 1,X,2,Evet
2025-10-29,2025,Serie A,Juventus,Udinese,3 - 1,1 - 1,1,4,Evet
2025-10-29,2025,Serie A,AS Roma,Parma,2 - 1,0 - 0,1,3,Evet
2025-10-29,2025,Serie A,Como,Hellas Verona,3 - 1,1 - 1,1,4,Evet
2025-10-29,2025,Serie A,Genoa,Cremonese,0 - 2,0 - 1,2,2,Yok
2025-10-29,2025,Serie A,Bologna,Torino,0 - 0,0 - 0,X,0,Yok
2025-10-29,2025,Serie A,Inter,Fiorentina,3 - 0,0 - 0,1,3,Yok
2025-10-30,2025,Serie A,Cagliari,Sassuolo,1 - 2,0 - 0,2,3,Evet
2025-10-30,2025,Serie A,Pisa,Lazio,0 - 0,0 - 0,X,0,Yok
2025-11-01,2025,Serie A,Udinese,Atalanta,1 - 0,1 - 0,1,1,Yok
2025-11-01,2025,Serie A,Napoli,Como,0 - 0,0 - 0,X,0,Yok
2025-11-01,2025,Serie A,Cremonese,Juventus,1 - 2,0 - 1,2,3,Evet
2025-11-02,2025,Serie A,Hellas Verona,Inter,1 - 2,1 - 1,2,3,Evet
2025-11-02,2025,Serie A,Fiorentina,Lecce,0 - 1,0 - 1,2,1,Yok
2025-11-02,2025,Serie A,Torino,Pisa,2 - 2,2 - 2,X,4,Evet
2025-11-02,2025,Serie A,Parma,Bologna,1 - 3,1 - 1,2,4,Evet
2025-11-02,2025,Serie A,AC Milan,AS Roma,1 - 0,1 - 0,1,1,Yok
2025-11-03,2025,Serie A,Sassuolo,Genoa,1 - 2,0 - 1,2,3,Evet
2025-11-03,2025,Serie A,Lazio,Cagliari,2 - 0,0 - 0,1,2,Yok
2025-11-07,2025,Serie A,Pisa,Cremonese,1 - 0,0 - 0,1,1,Yok
2025-11-08,2025,Serie A,Lecce,Hellas Verona,0 - 0,0 - 0,X,0,Yok
2025-11-08,2025,Serie A,Como,Cagliari,0 - 0,0 - 0,X,0,Yok
2025-11-08,2025,Serie A,Juventus,Torino,0 - 0,0 - 0,X,0,Yok
2025-11-08,2025,Serie A,Parma,AC Milan,2 - 2,1 - 2,X,4,Evet
2025-11-09,2025,Serie A,Atalanta,Sassuolo,0 - 3,0 - 1,2,3,Yok
2025-11-09,2025,Serie A,Genoa,Fiorentina,2 - 2,1 - 1,X,4,Evet
2025-11-09,2025,Serie A,Bologna,Napoli,2 - 0,0 - 0,1,2,Yok
2025-11-09,2025,Serie A,AS Roma,Udinese,2 - 0,1 - 0,1,2,Yok
2025-11-09,2025,Serie A,Inter,Lazio,2 - 0,1 - 0,1,2,Yok
2025-11-22,2025,Serie A,Cagliari,Genoa,3 - 3,2 - 2,X,6,Evet
2025-11-22,2025,Serie A,Udinese,Bologna,0 - 3,0 - 0,2,3,Yok
2025-11-22,2025,Serie A,Fiorentina,Juventus,1 - 1,0 - 1,X,2,Evet
2025-11-22,2025,Serie A,Napoli,Atalanta,3 - 1,3 - 0,1,4,Evet
2025-11-23,2025,Serie A,Hellas Verona,Parma,1 - 2,0 - 1,2,3,Evet
2025-11-23,2025,Serie A,Cremonese,AS Roma,1 - 3,0 - 1,2,4,Evet
2025-11-23,2025,Serie A,Lazio,Lecce,2 - 0,1 - 0,1,2,Yok
2025-11-23,2025,Serie A,Inter,AC Milan,0 - 1,0 - 0,2,1,Yok
2025-11-24,2025,Serie A,Torino,Como,1 - 5,1 - 1,2,6,Evet
2025-11-24,2025,Serie A,Sassuolo,Pisa,2 - 2,1 - 1,X,4,Evet
2025-11-28,2025,Serie A,Como,Sassuolo,2 - 0,1 - 0,1,2,Yok
2025-11-29,2025,Serie A,Genoa,Hellas Verona,2 - 1,1 - 1,1,3,Evet
2025-11-29,2025,Serie A,Parma,Udinese,0 - 2,0 - 1,2,2,Yok
2025-11-29,2025,Serie A,Juventus,Cagliari,2 - 1,2 - 1,1,3,Evet
2025-11-29,2025,Serie A,AC Milan,Lazio,1 - 0,0 - 0,1,1,Yok
2025-11-30,2025,Serie A,Lecce,Torino,2 - 1,2 - 0,1,3,Evet
2025-11-30,2025,Serie A,Pisa,Inter,0 - 2,0 - 0,2,2,Yok
2025-11-30,2025,Serie A,Atalanta,Fiorentina,2 - 0,1 - 0,1,2,Yok
2025-11-30,2025,Serie A,AS Roma,Napoli,0 - 1,0 - 1,2,1,Yok
2025-12-01,2025,Serie A,Bologna,Cremonese,1 - 3,1 - 2,2,4,Evet
2025-12-06,2025,Serie A,Sassuolo,Fiorentina,3 - 1,2 - 1,1,4,Evet
2025-12-06,2025,Serie A,Inter,Como,4 - 0,1 - 0,1,4,Yok
2025-12-06,2025,Serie A,Hellas Verona,Atalanta,3 - 1,2 - 0,1,4,Evet
2025-12-07,2025,Serie A,Cremonese,Lecce,2 - 0,0 - 0,1,2,Yok
2025-12-07,2025,Serie A,Cagliari,AS Roma,1 - 0,0 - 0,1,1,Yok
2025-12-07,2025,Serie A,Lazio,Bologna,1 - 1,1 - 1,X,2,Evet
2025-12-07,2025,Serie A,Napoli,Juventus,2 - 1,1 - 0,1,3,Evet
2025-12-08,2025,Serie A,Pisa,Parma,0 - 1,0 - 1,2,1,Yok
2025-12-08,2025,Serie A,Udinese,Genoa,1 - 2,0 - 1,2,3,Evet
2025-12-08,2025,Serie A,Torino,AC Milan,2 - 3,2 - 1,2,5,Evet
2025-12-12,2025,Serie A,Lecce,Pisa,1 - 0,0 - 0,1,1,Yok
2025-12-13,2025,Serie A,Torino,Cremonese,1 - 0,1 - 0,1,1,Yok
2025-12-13,2025,Serie A,Parma,Lazio,0 - 1,0 - 0,2,1,Yok
2025-12-13,2025,Serie A,Atalanta,Cagliari,2 - 1,1 - 0,1,3,Evet
2025-12-14,2025,Serie A,AC Milan,Sassuolo,2 - 2,1 - 1,X,4,Evet
2025-12-14,2025,Serie A,Udinese,Napoli,1 - 0,0 - 0,1,1,Yok
2025-12-14,2025,Serie A,Fiorentina,Hellas Verona,1 - 2,0 - 1,2,3,Evet
2025-12-14,2025,Serie A,Genoa,Inter,1 - 2,0 - 2,2,3,Evet
2025-12-14,2025,Serie A,Bologna,Juventus,0 - 1,0 - 0,2,1,Yok
2025-12-15,2025,Serie A,AS Roma,Como,1 - 0,0 - 0,1,1,Yok
2025-12-20,2025,Serie A,Lazio,Cremonese,0 - 0,0 - 0,X,0,Yok
2025-12-20,2025,Serie A,Juventus,AS Roma,2 - 1,1 - 0,1,3,Evet
2025-12-21,2025,Serie A,Cagliari,Pisa,2 - 2,0 - 1,X,4,Evet
2025-12-21,2025,Serie A,Sassuolo,Torino,0 - 1,0 - 0,2,1,Yok
2025-12-21,2025,Serie A,Fiorentina,Udinese,5 - 1,3 - 0,1,6,Evet
2025-12-21,2025,Serie A,Genoa,Atalanta,0 - 1,0 - 0,2,1,Yok
2025-12-27,2025,Serie A,Parma,Fiorentina,1 - 0,0 - 0,1,1,Yok
2025-12-27,2025,Serie A,Torino,Cagliari,1 - 2,1 - 1,2,3,Evet
2025-12-27,2025,Serie A,Lecce,Como,0 - 3,0 - 1,2,3,Yok
2025-12-27,2025,Serie A,Udinese,Lazio,1 - 1,0 - 0,X,2,Evet
2025-12-27,2025,Serie A,Pisa,Juventus,0 - 2,0 - 0,2,2,Yok
2025-12-28,2025,Serie A,AC Milan,Hellas Verona,3 - 0,1 - 0,1,3,Yok
2025-12-28,2025,Serie A,Cremonese,Napoli,0 - 2,0 - 2,2,2,Yok
2025-12-28,2025,Serie A,Bologna,Sassuolo,1 - 1,0 - 0,X,2,Evet
2025-12-28,2025,Serie A,Atalanta,Inter,0 - 1,0 - 0,2,1,Yok
2025-12-29,2025,Serie A,AS Roma,Genoa,3 - 1,3 - 0,1,4,Evet
2026-01-02,2025,Serie A,Cagliari,AC Milan,0 - 1,0 - 0,2,1,Yok
2026-01-03,2025,Serie A,Como,Udinese,1 - 0,1 - 0,1,1,Yok
2026-01-03,2025,Serie A,Sassuolo,Parma,1 - 1,1 - 1,X,2,Evet
2026-01-03,2025,Serie A,Genoa,Pisa,1 - 1,1 - 1,X,2,Evet
2026-01-03,2025,Serie A,Juventus,Lecce,1 - 1,0 - 1,X,2,Evet
2026-01-03,2025,Serie A,Atalanta,AS Roma,1 - 0,1 - 0,1,1,Yok
2026-01-04,2025,Serie A,Lazio,Napoli,0 - 2,0 - 2,2,2,Yok
2026-01-04,2025,Serie A,Fiorentina,Cremonese,1 - 0,0 - 0,1,1,Yok
2026-01-04,2025,Serie A,Hellas Verona,Torino,0 - 3,0 - 1,2,3,Yok
2026-01-04,2025,Serie A,Inter,Bologna,3 - 1,1 - 0,1,4,Evet
2026-01-06,2025,Serie A,Pisa,Como,0 - 3,0 - 0,2,3,Yok
2026-01-06,2025,Serie A,Lecce,AS Roma,0 - 2,0 - 1,2,2,Yok
2026-01-06,2025,Serie A,Sassuolo,Juventus,0 - 3,0 - 1,2,3,Yok
2026-01-07,2025,Serie A,Napoli,Hellas Verona,2 - 2,0 - 2,X,4,Evet
2026-01-07,2025,Serie A,Bologna,Atalanta,0 - 2,0 - 1,2,2,Yok
2026-01-07,2025,Serie A,Lazio,Fiorentina,2 - 2,0 - 0,X,4,Evet
2026-01-07,2025,Serie A,Torino,Udinese,1 - 2,0 - 0,2,3,Evet
2026-01-07,2025,Serie A,Parma,Inter,0 - 2,0 - 1,2,2,Yok
2026-01-08,2025,Serie A,Cremonese,Cagliari,2 - 2,2 - 0,X,4,Evet
2026-01-08,2025,Serie A,AC Milan,Genoa,1 - 1,0 - 1,X,2,Evet
2026-01-10,2025,Serie A,Udinese,Pisa,2 - 2,2 - 1,X,4,Evet
2026-01-10,2025,Serie A,Como,Bologna,1 - 1,0 - 0,X,2,Evet
2026-01-10,2025,Serie A,AS Roma,Sassuolo,2 - 0,0 - 0,1,2,Yok
2026-01-10,2025,Serie A,Atalanta,Torino,2 - 0,1 - 0,1,2,Yok
2026-01-11,2025,Serie A,Lecce,Parma,1 - 2,1 - 0,2,3,Evet
2026-01-11,2025,Serie A,Fiorentina,AC Milan,1 - 1,0 - 0,X,2,Evet
2026-01-11,2025,Serie A,Hellas Verona,Lazio,0 - 1,0 - 0,2,1,Yok
2026-01-11,2025,Serie A,Inter,Napoli,2 - 2,1 - 1,X,4,Evet
2026-01-12,2025,Serie A,Genoa,Cagliari,3 - 0,1 - 0,1,3,Yok
2026-01-12,2025,Serie A,Juventus,Cremonese,5 - 0,3 - 0,1,5,Yok
2026-01-14,2025,Serie A,Napoli,Parma,0 - 0,0 - 0,X,0,Yok
2026-01-14,2025,Serie A,Inter,Lecce,1 - 0,0 - 0,1,1,Yok
2026-01-15,2025,Serie A,Hellas Verona,Bologna,2 - 3,1 - 3,2,5,Evet
2026-01-15,2025,Serie A,Como,AC Milan,1 - 3,1 - 1,2,4,Evet
2026-01-16,2025,Serie A,Pisa,Atalanta,1 - 1,0 - 0,X,2,Evet
2026-01-17,2025,Serie A,Udinese,Inter,0 - 1,0 - 1,2,1,Yok
2026-01-17,2025,Serie A,Napoli,Sassuolo,1 - 0,1 - 0,1,1,Yok
2026-01-17,2025,Serie A,Cagliari,Juventus,1 - 0,0 - 0,1,1,Yok
2026-01-18,2025,Serie A,Parma,Genoa,0 - 0,0 - 0,X,0,Yok
2026-01-18,2025,Serie A,Bologna,Fiorentina,1 - 2,0 - 2,2,3,Evet
2026-01-18,2025,Serie A,Torino,AS Roma,0 - 2,0 - 1,2,2,Yok
2026-01-18,2025,Serie A,AC Milan,Lecce,1 - 0,0 - 0,1,1,Yok
2026-01-19,2025,Serie A,Cremonese,Hellas Verona,0 - 0,0 - 0,X,0,Yok
2026-01-19,2025,Serie A,Lazio,Como,0 - 3,0 - 2,2,3,Yok
2026-01-23,2025,Serie A,Inter,Pisa,6 - 2,3 - 2,1,8,Evet
2026-01-24,2025,Serie A,Como,Torino,6 - 0,2 - 0,1,6,Yok
2026-01-24,2025,Serie A,Fiorentina,Cagliari,1 - 2,0 - 1,2,3,Evet
2026-01-24,2025,Serie A,Lecce,Lazio,0 - 0,0 - 0,X,0,Yok
2026-01-25,2025,Serie A,Sassuolo,Cremonese,1 - 0,1 - 0,1,1,Yok
2026-01-25,2025,Serie A,Genoa,Bologna,3 - 2,0 - 1,1,5,Evet
2026-01-25,2025,Serie A,Atalanta,Parma,4 - 0,2 - 0,1,4,Yok
2026-01-25,2025,Serie A,Juventus,Napoli,3 - 0,1 - 0,1,3,Yok
2026-01-25,2025,Serie A,AS Roma,AC Milan,1 - 1,0 - 0,X,2,Evet
2026-01-26,2025,Serie A,Hellas Verona,Udinese,1 - 3,1 - 1,2,4,Evet
2026-01-30,2025,Serie A,Lazio,Genoa,3 - 2,0 - 0,1,5,Evet
2026-01-31,2025,Serie A,Pisa,Sassuolo,1 - 3,0 - 2,2,4,Evet
2026-01-31,2025,Serie A,Napoli,Fiorentina,2 - 1,1 - 0,1,3,Evet
2026-01-31,2025,Serie A,Cagliari,Hellas Verona,4 - 0,2 - 0,1,4,Yok
2026-02-01,2025,Serie A,Torino,Lecce,1 - 0,1 - 0,1,1,Yok
2026-02-01,2025,Serie A,Como,Atalanta,0 - 0,0 - 0,X,0,Yok
2026-02-01,2025,Serie A,Cremonese,Inter,0 - 2,0 - 2,2,2,Yok
2026-02-01,2025,Serie A,Parma,Juventus,1 - 4,0 - 2,2,5,Evet
2026-02-02,2025,Serie A,Udinese,AS Roma,1 - 0,0 - 0,1,1,Yok
2026-02-03,2025,Serie A,Bologna,AC Milan,0 - 3,0 - 2,2,3,Yok
2026-02-06,2025,Serie A,Hellas Verona,Pisa,0 - 0,0 - 0,X,0,Yok
2026-02-07,2025,Serie A,Genoa,Napoli,2 - 3,1 - 2,2,5,Evet
2026-02-07,2025,Serie A,Fiorentina,Torino,2 - 2,0 - 1,X,4,Evet
2026-02-08,2025,Serie A,Bologna,Parma,0 - 1,0 - 0,2,1,Yok
2026-02-08,2025,Serie A,Lecce,Udinese,2 - 1,1 - 1,1,3,Evet
2026-02-08,2025,Serie A,Sassuolo,Inter,0 - 5,0 - 2,2,5,Yok
2026-02-08,2025,Serie A,Juventus,Lazio,2 - 2,0 - 1,X,4,Evet
2026-02-09,2025,Serie A,Atalanta,Cremonese,2 - 1,2 - 0,1,3,Evet
2026-02-09,2025,Serie A,AS Roma,Cagliari,2 - 0,1 - 0,1,2,Yok
2026-02-13,2025,Serie A,Pisa,AC Milan,1 - 2,0 - 1,2,3,Evet
2026-02-14,2025,Serie A,Como,Fiorentina,1 - 2,0 - 1,2,3,Evet
2026-02-14,2025,Serie A,Lazio,Atalanta,0 - 2,0 - 1,2,2,Yok
2026-02-14,2025,Serie A,Inter,Juventus,3 - 2,1 - 1,1,5,Evet
2026-02-15,2025,Serie A,Udinese,Sassuolo,1 - 2,1 - 0,2,3,Evet
2026-02-15,2025,Serie A,Cremonese,Genoa,0 - 0,0 - 0,X,0,Yok
2026-02-15,2025,Serie A,Parma,Hellas Verona,2 - 1,1 - 1,1,3,Evet
2026-02-15,2025,Serie A,Torino,Bologna,1 - 2,0 - 0,2,3,Evet
2026-02-15,2025,Serie A,Napoli,AS Roma,2 - 2,1 - 1,X,4,Evet
2026-02-16,2025,Serie A,Cagliari,Lecce,0 - 2,0 - 0,2,2,Yok
2026-02-18,2025,Serie A,AC Milan,Como,1 - 1,0 - 1,X,2,Evet
2026-02-20,2025,Serie A,Sassuolo,Hellas Verona,3 - 0,2 - 0,1,3,Yok
2026-02-21,2025,Serie A,Juventus,Como,0 - 2,0 - 1,2,2,Yok
2026-02-21,2025,Serie A,Lecce,Inter,0 - 2,0 - 0,2,2,Yok
2026-02-21,2025,Serie A,Cagliari,Lazio,0 - 0,0 - 0,X,0,Yok
2026-02-22,2025,Serie A,Genoa,Torino,3 - 0,2 - 0,1,3,Yok
2026-02-22,2025,Serie A,Atalanta,Napoli,2 - 1,0 - 1,1,3,Evet
2026-02-22,2025,Serie A,AC Milan,Parma,0 - 1,0 - 0,2,1,Yok
2026-02-22,2025,Serie A,AS Roma,Cremonese,3 - 0,0 - 0,1,3,Yok
2026-02-23,2025,Serie A,Fiorentina,Pisa,1 - 0,1 - 0,1,1,Yok
2026-02-23,2025,Serie A,Bologna,Udinese,1 - 0,0 - 0,1,1,Yok
2026-02-27,2025,Serie A,Parma,Cagliari,1 - 1,0 - 0,X,2,Evet
2026-02-28,2025,Serie A,Como,Lecce,3 - 1,3 - 1,1,4,Evet
2026-02-28,2025,Serie A,Hellas Verona,Napoli,1 - 2,0 - 1,2,3,Evet
2026-02-28,2025,Serie A,Inter,Genoa,2 - 0,1 - 0,1,2,Yok
2026-03-01,2025,Serie A,Cremonese,AC Milan,0 - 2,0 - 0,2,2,Yok
2026-03-01,2025,Serie A,Sassuolo,Atalanta,2 - 1,1 - 0,1,3,Evet
2026-03-01,2025,Serie A,Torino,Lazio,2 - 0,1 - 0,1,2,Yok
2026-03-01,2025,Serie A,AS Roma,Juventus,3 - 3,1 - 0,X,6,Evet
2026-03-02,2025,Serie A,Pisa,Bologna,0 - 1,0 - 0,2,1,Yok
2026-03-02,2025,Serie A,Udinese,Fiorentina,3 - 0,1 - 0,1,3,Yok
2026-03-06,2025,Serie A,Napoli,Torino,2 - 1,1 - 0,1,3,Evet
2026-03-07,2025,Serie A,Cagliari,Como,1 - 2,0 - 1,2,3,Evet
2026-03-07,2025,Serie A,Atalanta,Udinese,2 - 2,0 - 1,X,4,Evet
2026-03-07,2025,Serie A,Juventus,Pisa,4 - 0,0 - 0,1,4,Yok
2026-03-08,2025,Serie A,Lecce,Cremonese,2 - 1,2 - 0,1,3,Evet
2026-03-08,2025,Serie A,Bologna,Hellas Verona,1 - 2,0 - 0,2,3,Evet
2026-03-08,2025,Serie A,Fiorentina,Parma,0 - 0,0 - 0,X,0,Yok
2026-03-08,2025,Serie A,Genoa,AS Roma,2 - 1,0 - 0,1,3,Evet
2026-03-08,2025,Serie A,AC Milan,Inter,1 - 0,1 - 0,1,1,Yok
2026-03-09,2025,Serie A,Lazio,Sassuolo,2 - 1,1 - 1,1,3,Evet
2026-03-13,2025,Serie A,Torino,Parma,4 - 1,1 - 1,1,5,Evet
2026-03-14,2025,Serie A,Inter,Atalanta,1 - 1,1 - 0,X,2,Evet
2026-03-14,2025,Serie A,Napoli,Lecce,2 - 1,0 - 1,1,3,Evet
2026-03-14,2025,Serie A,Udinese,Juventus,0 - 1,0 - 1,2,1,Yok
2026-03-15,2025,Serie A,Hellas Verona,Genoa,0 - 2,0 - 0,2,2,Yok
2026-03-15,2025,Serie A,Sassuolo,Bologna,0 - 1,0 - 1,2,1,Yok
2026-03-15,2025,Serie A,Pisa,Cagliari,3 - 1,1 - 0,1,4,Evet
2026-03-15,2025,Serie A,Como,AS Roma,2 - 1,0 - 1,1,3,Evet
2026-03-15,2025,Serie A,Lazio,AC Milan,1 - 0,1 - 0,1,1,Yok
2026-03-16,2025,Serie A,Cremonese,Fiorentina,1 - 4,0 - 2,2,5,Evet
2026-03-20,2025,Serie A,Cagliari,Napoli,0 - 1,0 - 1,2,1,Yok
2026-03-20,2025,Serie A,Genoa,Udinese,0 - 2,0 - 0,2,2,Yok
2026-03-21,2025,Serie A,Parma,Cremonese,0 - 2,0 - 0,2,2,Yok
2026-03-21,2025,Serie A,AC Milan,Torino,3 - 2,1 - 1,1,5,Evet
2026-03-21,2025,Serie A,Juventus,Sassuolo,1 - 1,1 - 0,X,2,Evet
2026-03-22,2025,Serie A,Como,Pisa,5 - 0,2 - 0,1,5,Yok
2026-03-22,2025,Serie A,Atalanta,Hellas Verona,1 - 0,1 - 0,1,1,Yok
2026-03-22,2025,Serie A,Bologna,Lazio,0 - 2,0 - 0,2,2,Yok
2026-03-22,2025,Serie A,AS Roma,Lecce,1 - 0,0 - 0,1,1,Yok
2026-03-22,2025,Serie A,Fiorentina,Inter,1 - 1,0 - 1,X,2,Evet
2026-04-04,2025,Serie A,Sassuolo,Cagliari,2 - 1,0 - 1,1,3,Evet
2026-04-04,2025,Serie A,Hellas Verona,Fiorentina,0 - 1,0 - 0,2,1,Yok
2026-04-04,2025,Serie A,Lazio,Parma,1 - 1,0 - 1,X,2,Evet
2026-04-05,2025,Serie A,Cremonese,Bologna,1 - 2,0 - 2,2,3,Evet
2026-04-05,2025,Serie A,Pisa,Torino,0 - 1,0 - 0,2,1,Yok
2026-04-05,2025,Serie A,Inter,AS Roma,5 - 2,2 - 1,1,7,Evet
2026-04-06,2025,Serie A,Udinese,Como,0 - 0,0 - 0,X,0,Yok
2026-04-06,2025,Serie A,Lecce,Atalanta,0 - 3,0 - 1,2,3,Yok
2026-04-06,2025,Serie A,Juventus,Genoa,2 - 0,2 - 0,1,2,Yok
2026-04-06,2025,Serie A,Napoli,AC Milan,1 - 0,0 - 0,1,1,Yok
2026-04-10,2025,Serie A,AS Roma,Pisa,3 - 0,2 - 0,1,3,Yok
2026-04-11,2025,Serie A,Cagliari,Cremonese,1 - 0,0 - 0,1,1,Yok
2026-04-11,2025,Serie A,Torino,Hellas Verona,2 - 1,1 - 1,1,3,Evet
2026-04-11,2025,Serie A,AC Milan,Udinese,0 - 3,0 - 2,2,3,Yok
2026-04-11,2025,Serie A,Atalanta,Juventus,0 - 1,0 - 0,2,1,Yok
2026-04-12,2025,Serie A,Genoa,Sassuolo,2 - 1,1 - 0,1,3,Evet
2026-04-12,2025,Serie A,Parma,Napoli,1 - 1,1 - 0,X,2,Evet
2026-04-12,2025,Serie A,Bologna,Lecce,2 - 0,1 - 0,1,2,Yok
2026-04-12,2025,Serie A,Como,Inter,3 - 4,2 - 1,2,7,Evet
2026-04-13,2025,Serie A,Fiorentina,Lazio,1 - 0,1 - 0,1,1,Yok
2026-04-17,2025,Serie A,Sassuolo,Como,2 - 1,2 - 1,1,3,Evet
2026-04-17,2025,Serie A,Inter,Cagliari,3 - 0,0 - 0,1,3,Yok
2026-04-18,2025,Serie A,Udinese,Parma,0 - 1,0 - 0,2,1,Yok
2026-04-18,2025,Serie A,Napoli,Lazio,0 - 2,0 - 1,2,2,Yok
2026-04-18,2025,Serie A,AS Roma,Atalanta,1 - 1,1 - 1,X,2,Evet
2026-04-19,2025,Serie A,Cremonese,Torino,0 - 0,0 - 0,X,0,Yok
2026-04-19,2025,Serie A,Hellas Verona,AC Milan,0 - 1,0 - 1,2,1,Yok
2026-04-19,2025,Serie A,Pisa,Genoa,1 - 2,1 - 1,2,3,Evet
2026-04-19,2025,Serie A,Juventus,Bologna,2 - 0,1 - 0,1,2,Yok
2026-04-20,2025,Serie A,Lecce,Fiorentina,1 - 1,0 - 1,X,2,Evet
2026-04-24,2025,Serie A,Napoli,Cremonese,4 - 0,3 - 0,1,4,Yok
2026-04-25,2025,Serie A,Parma,Pisa,1 - 0,0 - 0,1,1,Yok
2026-04-25,2025,Serie A,Bologna,AS Roma,0 - 2,0 - 2,2,2,Yok
2026-04-25,2025,Serie A,Hellas Verona,Lecce,0 - 0,0 - 0,X,0,Yok
2026-04-26,2025,Serie A,Fiorentina,Sassuolo,0 - 0,0 - 0,X,0,Yok
2026-04-26,2025,Serie A,Genoa,Como,0 - 2,0 - 1,2,2,Yok
2026-04-26,2025,Serie A,Torino,Inter,2 - 2,0 - 1,X,4,Evet
2026-04-26,2025,Serie A,AC Milan,Juventus,0 - 0,0 - 0,X,0,Yok
2026-04-27,2025,Serie A,Cagliari,Atalanta,3 - 2,2 - 2,1,5,Evet
2026-04-27,2025,Serie A,Lazio,Udinese,3 - 3,0 - 1,X,6,Evet
2026-05-01,2025,Serie A,Pisa,Lecce,1 - 2,0 - 0,2,3,Evet
2026-05-02,2025,Serie A,Udinese,Torino,2 - 0,1 - 0,1,2,Yok
2026-05-02,2025,Serie A,Como,Napoli,0 - 0,0 - 0,X,0,Yok
2026-05-02,2025,Serie A,Atalanta,Genoa,0 - 0,0 - 0,X,0,Yok
2026-05-03,2025,Serie A,Bologna,Cagliari,0 - 0,0 - 0,X,0,Yok
2026-05-03,2025,Serie A,Sassuolo,AC Milan,2 - 0,1 - 0,1,2,Yok
2026-05-03,2025,Serie A,Juventus,Hellas Verona,1 - 1,0 - 1,X,2,Evet
2026-05-03,2025,Serie A,Inter,Parma,2 - 0,1 - 0,1,2,Yok
2026-05-04,2025,Serie A,Cremonese,Lazio,1 - 2,1 - 0,2,3,Evet
2026-05-04,2025,Serie A,AS Roma,Fiorentina,4 - 0,3 - 0,1,4,Yok
2026-05-08,2025,Serie A,Torino,Sassuolo,2 - 1,0 - 0,1,3,Evet
2026-05-09,2025,Serie A,Cagliari,Udinese,0 - 2,0 - 0,2,2,Yok
2026-05-09,2025,Serie A,Lazio,Inter,0 - 3,0 - 2,2,3,Yok
2026-05-09,2025,Serie A,Lecce,Juventus,0 - 1,0 - 1,2,1,Yok
2026-05-10,2025,Serie A,Hellas Verona,Como,0 - 1,0 - 0,2,1,Yok
2026-05-10,2025,Serie A,Fiorentina,Genoa,0 - 0,0 - 0,X,0,Yok
2026-05-10,2025,Serie A,Cremonese,Pisa,3 - 0,1 - 0,1,3,Yok
2026-05-10,2025,Serie A,Parma,AS Roma,2 - 3,0 - 1,2,5,Evet
2026-05-10,2025,Serie A,AC Milan,Atalanta,2 - 3,0 - 2,2,5,Evet
2026-05-11,2025,Serie A,Napoli,Bologna,2 - 3,1 - 2,2,5,Evet
2026-05-17,2025,Serie A,Genoa,AC Milan,1 - 2,0 - 0,2,3,Evet
2026-05-17,2025,Serie A,Juventus,Fiorentina,0 - 2,0 - 1,2,2,Yok
2026-05-17,2025,Serie A,AS Roma,Lazio,2 - 0,1 - 0,1,2,Yok
2026-05-17,2025,Serie A,Pisa,Napoli,0 - 3,0 - 2,2,3,Yok
2026-05-17,2025,Serie A,Como,Parma,1 - 0,0 - 0,1,1,Yok
2026-05-17,2025,Serie A,Inter,Hellas Verona,1 - 1,0 - 0,X,2,Evet
2026-05-17,2025,Serie A,Atalanta,Bologna,0 - 1,0 - 0,2,1,Yok
2026-05-17,2025,Serie A,Sassuolo,Lecce,2 - 3,1 - 2,2,5,Evet
2026-05-17,2025,Serie A,Cagliari,Torino,2 - 1,2 - 1,1,3,Evet
2026-05-17,2025,Serie A,Udinese,Cremonese,0 - 1,0 - 1,2,1,Yok
2026-05-22,2025,Serie A,Fiorentina,Atalanta,1 - 1,1 - 0,X,2,Evet
2026-05-23,2025,Serie A,Bologna,Inter,3 - 3,2 - 1,X,6,Evet
2026-05-23,2025,Serie A,Lazio,Pisa,2 - 1,2 - 1,1,3,Evet
2026-05-24,2025,Serie A,Parma,Sassuolo,1 - 0,0 - 0,1,1,Yok
2026-05-24,2025,Serie A,Napoli,Udinese,1 - 0,1 - 0,1,1,Yok
2026-05-24,2025,Serie A,AC Milan,Cagliari,1 - 2,1 - 1,2,3,Evet
2026-05-24,2025,Serie A,Torino,Juventus,2 - 2,0 - 1,X,4,Evet
2026-05-24,2025,Serie A,Hellas Verona,AS Roma,0 - 2,0 - 0,2,2,Yok
2026-05-24,2025,Serie A,Cremonese,Como,1 - 4,0 - 1,2,5,Evet
2026-05-24,2025,Serie A,Lecce,Genoa,1 - 0,1 - 0,1,1,Yok
2024-08-17,2024,Serie A,Genoa,Inter,2 - 2,1 - 1,X,4,Evet
2024-08-17,2024,Serie A,Parma,Fiorentina,1 - 1,1 - 0,X,2,Evet
2024-08-17,2024,Serie A,AC Milan,Torino,2 - 2,0 - 1,X,4,Evet
2024-08-17,2024,Serie A,Empoli,Monza,0 - 0,0 - 0,X,0,Yok
2024-08-18,2024,Serie A,Bologna,Udinese,1 - 1,0 - 0,X,2,Evet
2024-08-18,2024,Serie A,Hellas Verona,Napoli,3 - 0,0 - 0,1,3,Yok
2024-08-18,2024,Serie A,Lazio,Venezia,3 - 1,2 - 1,1,4,Evet
2024-08-18,2024,Serie A,Cagliari,AS Roma,0 - 0,0 - 0,X,0,Yok
2024-08-19,2024,Serie A,Lecce,Atalanta,0 - 4,0 - 2,2,4,Yok
2024-08-19,2024,Serie A,Juventus,Como,3 - 0,2 - 0,1,3,Yok
2024-08-24,2024,Serie A,Udinese,Lazio,2 - 1,1 - 0,1,3,Evet
2024-08-24,2024,Serie A,Parma,AC Milan,2 - 1,1 - 0,1,3,Evet
2024-08-24,2024,Serie A,Inter,Lecce,2 - 0,1 - 0,1,2,Yok
2024-08-24,2024,Serie A,Monza,Genoa,0 - 1,0 - 1,2,1,Yok
2024-08-25,2024,Serie A,Fiorentina,Venezia,0 - 0,0 - 0,X,0,Yok
2024-08-25,2024,Serie A,Torino,Atalanta,2 - 1,1 - 1,1,3,Evet
2024-08-25,2024,Serie A,Napoli,Bologna,3 - 0,1 - 0,1,3,Yok
2024-08-25,2024,Serie A,AS Roma,Empoli,1 - 2,0 - 1,2,3,Evet
2024-08-26,2024,Serie A,Cagliari,Como,1 - 1,1 - 0,X,2,Evet
2024-08-26,2024,Serie A,Hellas Verona,Juventus,0 - 3,0 - 2,2,3,Yok
2024-08-30,2024,Serie A,Venezia,Torino,0 - 1,0 - 0,2,1,Yok
2024-08-30,2024,Serie A,Inter,Atalanta,4 - 0,2 - 0,1,4,Yok
2024-08-31,2024,Serie A,Bologna,Empoli,1 - 1,1 - 1,X,2,Evet
2024-08-31,2024,Serie A,Lecce,Cagliari,1 - 0,1 - 0,1,1,Yok
2024-08-31,2024,Serie A,Lazio,AC Milan,2 - 2,0 - 1,X,4,Evet
2024-08-31,2024,Serie A,Napoli,Parma,2 - 1,0 - 1,1,3,Evet
2024-09-01,2024,Serie A,Genoa,Hellas Verona,0 - 2,0 - 0,2,2,Yok
2024-09-01,2024,Serie A,Fiorentina,Monza,2 - 2,1 - 2,X,4,Evet
2024-09-01,2024,Serie A,Udinese,Como,1 - 0,1 - 0,1,1,Yok
2024-09-01,2024,Serie A,Juventus,AS Roma,0 - 0,0 - 0,X,0,Yok
2024-09-14,2024,Serie A,Como,Bologna,2 - 2,1 - 0,X,4,Evet
2024-09-14,2024,Serie A,Empoli,Juventus,0 - 0,0 - 0,X,0,Yok
2024-09-14,2024,Serie A,AC Milan,Venezia,4 - 0,4 - 0,1,4,Yok
2024-09-15,2024,Serie A,Genoa,AS Roma,1 - 1,0 - 1,X,2,Evet
2024-09-15,2024,Serie A,Atalanta,Fiorentina,3 - 2,3 - 2,1,5,Evet
2024-09-15,2024,Serie A,Torino,Lecce,0 - 0,0 - 0,X,0,Yok
2024-09-15,2024,Serie A,Cagliari,Napoli,0 - 4,0 - 1,2,4,Yok
2024-09-15,2024,Serie A,Monza,Inter,1 - 1,0 - 0,X,2,Evet
2024-09-16,2024,Serie A,Parma,Udinese,2 - 3,2 - 0,2,5,Evet
2024-09-16,2024,Serie A,Lazio,Hellas Verona,2 - 1,2 - 1,1,3,Evet
2024-09-20,2024,Serie A,Cagliari,Empoli,0 - 2,0 - 1,2,2,Yok
2024-09-20,2024,Serie A,Hellas Verona,Torino,2 - 3,1 - 2,2,5,Evet
2024-09-21,2024,Serie A,Venezia,Genoa,2 - 0,0 - 0,1,2,Yok
2024-09-21,2024,Serie A,Juventus,Napoli,0 - 0,0 - 0,X,0,Yok
2024-09-21,2024,Serie A,Lecce,Parma,2 - 2,1 - 0,X,4,Evet
2024-09-22,2024,Serie A,Fiorentina,Lazio,2 - 1,0 - 1,1,3,Evet
2024-09-22,2024,Serie A,Monza,Bologna,1 - 2,1 - 1,2,3,Evet
2024-09-22,2024,Serie A,AS Roma,Udinese,3 - 0,1 - 0,1,3,Yok
2024-09-22,2024,Serie A,Inter,AC Milan,1 - 2,1 - 1,2,3,Evet
2024-09-24,2024,Serie A,Atalanta,Como,2 - 3,1 - 0,2,5,Evet
2024-09-27,2024,Serie A,AC Milan,Lecce,3 - 0,3 - 0,1,3,Yok
2024-09-28,2024,Serie A,Udinese,Inter,2 - 3,1 - 2,2,5,Evet
2024-09-28,2024,Serie A,Genoa,Juventus,0 - 3,0 - 0,2,3,Yok
2024-09-28,2024,Serie A,Bologna,Atalanta,1 - 1,0 - 0,X,2,Evet
2024-09-29,2024,Serie A,Torino,Lazio,2 - 3,0 - 1,2,5,Evet
2024-09-29,2024,Serie A,AS Roma,Venezia,2 - 1,0 - 1,1,3,Evet
2024-09-29,2024,Serie A,Como,Hellas Verona,3 - 2,1 - 0,1,5,Evet
2024-09-29,2024,Serie A,Empoli,Fiorentina,0 - 0,0 - 0,X,0,Yok
2024-09-29,2024,Serie A,Napoli,Monza,2 - 0,2 - 0,1,2,Yok
2024-09-30,2024,Serie A,Parma,Cagliari,2 - 3,0 - 1,2,5,Evet
2024-10-04,2024,Serie A,Napoli,Como,3 - 1,1 - 1,1,4,Evet
2024-10-04,2024,Serie A,Hellas Verona,Venezia,2 - 1,1 - 1,1,3,Evet
2024-10-05,2024,Serie A,Udinese,Lecce,1 - 0,0 - 0,1,1,Yok
2024-10-05,2024,Serie A,Atalanta,Genoa,5 - 1,1 - 0,1,6,Evet
2024-10-05,2024,Serie A,Inter,Torino,3 - 2,2 - 1,1,5,Evet
2024-10-06,2024,Serie A,Juventus,Cagliari,1 - 1,1 - 0,X,2,Evet
2024-10-06,2024,Serie A,Lazio,Empoli,2 - 1,1 - 1,1,3,Evet
2024-10-06,2024,Serie A,Bologna,Parma,0 - 0,0 - 0,X,0,Yok
2024-10-06,2024,Serie A,Monza,AS Roma,1 - 1,0 - 0,X,2,Evet
2024-10-06,2024,Serie A,Fiorentina,AC Milan,2 - 1,1 - 0,1,3,Evet
2024-10-19,2024,Serie A,Genoa,Bologna,2 - 2,0 - 1,X,4,Evet
2024-10-19,2024,Serie A,Como,Parma,1 - 1,1 - 1,X,2,Evet
2024-10-19,2024,Serie A,AC Milan,Udinese,1 - 0,1 - 0,1,1,Yok
2024-10-19,2024,Serie A,Juventus,Lazio,1 - 0,0 - 0,1,1,Yok
2024-10-20,2024,Serie A,Empoli,Napoli,0 - 1,0 - 0,2,1,Yok
2024-10-20,2024,Serie A,Venezia,Atalanta,0 - 2,0 - 1,2,2,Yok
2024-10-20,2024,Serie A,Lecce,Fiorentina,0 - 6,0 - 3,2,6,Yok
2024-10-20,2024,Serie A,Cagliari,Torino,3 - 2,1 - 1,1,5,Evet
2024-10-20,2024,Serie A,AS Roma,Inter,0 - 1,0 - 0,2,1,Yok
2024-10-21,2024,Serie A,Hellas Verona,Monza,0 - 3,0 - 1,2,3,Yok
2024-10-25,2024,Serie A,Udinese,Cagliari,2 - 0,1 - 0,1,2,Yok
2024-10-25,2024,Serie A,Torino,Como,1 - 0,0 - 0,1,1,Yok
2024-10-26,2024,Serie A,Napoli,Lecce,1 - 0,0 - 0,1,1,Yok
2024-10-26,2024,Serie A,Atalanta,Hellas Verona,6 - 1,5 - 1,1,7,Evet
2024-10-27,2024,Serie A,Parma,Empoli,1 - 1,0 - 1,X,2,Evet
2024-10-27,2024,Serie A,Lazio,Genoa,3 - 0,1 - 0,1,3,Yok
2024-10-27,2024,Serie A,Monza,Venezia,2 - 2,2 - 2,X,4,Evet
2024-10-27,2024,Serie A,Inter,Juventus,4 - 4,3 - 2,X,8,Evet
2024-10-27,2024,Serie A,Fiorentina,AS Roma,5 - 1,3 - 1,1,6,Evet
2024-10-29,2024,Serie A,Cagliari,Bologna,0 - 2,0 - 1,2,2,Yok
2024-10-29,2024,Serie A,Lecce,Hellas Verona,1 - 0,0 - 0,1,1,Yok
2024-10-29,2024,Serie A,AC Milan,Napoli,0 - 2,0 - 2,2,2,Yok
2024-10-30,2024,Serie A,Empoli,Inter,0 - 3,0 - 0,2,3,Yok
2024-10-30,2024,Serie A,Venezia,Udinese,3 - 2,1 - 2,1,5,Evet
2024-10-30,2024,Serie A,Juventus,Parma,2 - 2,1 - 2,X,4,Evet
2024-10-30,2024,Serie A,Atalanta,Monza,2 - 0,0 - 0,1,2,Yok
2024-10-31,2024,Serie A,Genoa,Fiorentina,0 - 1,0 - 0,2,1,Yok
2024-10-31,2024,Serie A,AS Roma,Torino,1 - 0,1 - 0,1,1,Yok
2024-10-31,2024,Serie A,Como,Lazio,1 - 5,0 - 2,2,6,Evet
2024-11-02,2024,Serie A,Bologna,Lecce,1 - 0,0 - 0,1,1,Yok
2024-11-02,2024,Serie A,Udinese,Juventus,0 - 2,0 - 2,2,2,Yok
2024-11-02,2024,Serie A,Monza,AC Milan,0 - 1,0 - 1,2,1,Yok
2024-11-03,2024,Serie A,Napoli,Atalanta,0 - 3,0 - 2,2,3,Yok
2024-11-03,2024,Serie A,Torino,Fiorentina,0 - 1,0 - 1,2,1,Yok
2024-11-03,2024,Serie A,Hellas Verona,AS Roma,3 - 2,2 - 1,1,5,Evet
2024-11-03,2024,Serie A,Inter,Venezia,1 - 0,0 - 0,1,1,Yok
2024-11-04,2024,Serie A,Empoli,Como,1 - 0,0 - 0,1,1,Yok
2024-11-04,2024,Serie A,Parma,Genoa,0 - 1,0 - 0,2,1,Yok
2024-11-04,2024,Serie A,Lazio,Cagliari,2 - 1,1 - 1,1,3,Evet
2024-11-07,2024,Serie A,Genoa,Como,1 - 1,0 - 1,X,2,Evet
2024-11-08,2024,Serie A,Lecce,Empoli,1 - 1,0 - 1,X,2,Evet
2024-11-09,2024,Serie A,Venezia,Parma,1 - 2,1 - 1,2,3,Evet
2024-11-09,2024,Serie A,Cagliari,AC Milan,3 - 3,1 - 2,X,6,Evet
2024-11-09,2024,Serie A,Juventus,Torino,2 - 0,1 - 0,1,2,Yok
2024-11-10,2024,Serie A,Atalanta,Udinese,2 - 1,0 - 1,1,3,Evet
2024-11-10,2024,Serie A,AS Roma,Bologna,2 - 3,0 - 1,2,5,Evet
2024-11-10,2024,Serie A,Fiorentina,Hellas Verona,3 - 1,1 - 1,1,4,Evet
2024-11-10,2024,Serie A,Monza,Lazio,0 - 1,0 - 1,2,1,Yok
2024-11-10,2024,Serie A,Inter,Napoli,1 - 1,1 - 1,X,2,Evet
2024-11-23,2024,Serie A,Hellas Verona,Inter,0 - 5,0 - 5,2,5,Yok
2024-11-23,2024,Serie A,AC Milan,Juventus,0 - 0,0 - 0,X,0,Yok
2024-11-23,2024,Serie A,Parma,Atalanta,1 - 3,0 - 2,2,4,Evet
2024-11-24,2024,Serie A,Genoa,Cagliari,2 - 2,1 - 1,X,4,Evet
2024-11-24,2024,Serie A,Torino,Monza,1 - 1,0 - 0,X,2,Evet
2024-11-24,2024,Serie A,Como,Fiorentina,0 - 2,0 - 1,2,2,Yok
2024-11-24,2024,Serie A,Napoli,AS Roma,1 - 0,0 - 0,1,1,Yok
2024-11-24,2024,Serie A,Lazio,Bologna,3 - 0,0 - 0,1,3,Yok
2024-11-25,2024,Serie A,Empoli,Udinese,1 - 1,1 - 0,X,2,Evet
2024-11-25,2024,Serie A,Venezia,Lecce,0 - 1,0 - 0,2,1,Yok
2024-11-29,2024,Serie A,Cagliari,Hellas Verona,1 - 0,0 - 0,1,1,Yok
2024-11-30,2024,Serie A,Como,Monza,1 - 1,1 - 0,X,2,Evet
2024-11-30,2024,Serie A,AC Milan,Empoli,3 - 0,2 - 0,1,3,Yok
2024-11-30,2024,Serie A,Bologna,Venezia,3 - 0,1 - 0,1,3,Yok
2024-12-01,2024,Serie A,Udinese,Genoa,0 - 2,0 - 1,2,2,Yok
2024-12-01,2024,Serie A,Torino,Napoli,0 - 1,0 - 1,2,1,Yok
2024-12-01,2024,Serie A,Parma,Lazio,3 - 1,1 - 0,1,4,Evet
2024-12-01,2024,Serie A,Lecce,Juventus,1 - 1,0 - 0,X,2,Evet
2024-12-02,2024,Serie A,AS Roma,Atalanta,0 - 2,0 - 0,2,2,Yok
2024-12-06,2024,Serie A,Inter,Parma,3 - 1,1 - 0,1,4,Evet
2024-12-06,2024,Serie A,Atalanta,AC Milan,2 - 1,1 - 1,1,3,Evet
2024-12-07,2024,Serie A,Genoa,Torino,0 - 0,0 - 0,X,0,Yok
2024-12-07,2024,Serie A,Juventus,Bologna,2 - 2,0 - 1,X,4,Evet
2024-12-07,2024,Serie A,AS Roma,Lecce,4 - 1,1 - 1,1,5,Evet
2024-12-08,2024,Serie A,Fiorentina,Cagliari,1 - 0,1 - 0,1,1,Yok
2024-12-08,2024,Serie A,Hellas Verona,Empoli,1 - 4,1 - 4,2,5,Evet
2024-12-08,2024,Serie A,Venezia,Como,2 - 2,1 - 0,X,4,Evet
2024-12-08,2024,Serie A,Napoli,Lazio,0 - 1,0 - 0,2,1,Yok
2024-12-09,2024,Serie A,Monza,Udinese,1 - 2,0 - 1,2,3,Evet
2024-12-13,2024,Serie A,Empoli,Torino,0 - 1,0 - 0,2,1,Yok
2024-12-14,2024,Serie A,Cagliari,Atalanta,0 - 1,0 - 0,2,1,Yok
2024-12-14,2024,Serie A,Udinese,Napoli,1 - 3,1 - 0,2,4,Evet
2024-12-14,2024,Serie A,Juventus,Venezia,2 - 2,1 - 0,X,4,Evet
2024-12-15,2024,Serie A,Lecce,Monza,2 - 1,2 - 1,1,3,Evet
2024-12-15,2024,Serie A,Bologna,Fiorentina,1 - 0,0 - 0,1,1,Yok
2024-12-15,2024,Serie A,Parma,Hellas Verona,2 - 3,1 - 1,2,5,Evet
2024-12-15,2024,Serie A,Como,AS Roma,2 - 0,0 - 0,1,2,Yok
2024-12-15,2024,Serie A,AC Milan,Genoa,0 - 0,0 - 0,X,0,Yok
2024-12-16,2024,Serie A,Lazio,Inter,0 - 6,0 - 2,2,6,Yok
2024-12-20,2024,Serie A,Hellas Verona,AC Milan,0 - 1,0 - 0,2,1,Yok
2024-12-21,2024,Serie A,Torino,Bologna,0 - 2,0 - 0,2,2,Yok
2024-12-21,2024,Serie A,Genoa,Napoli,1 - 2,0 - 2,2,3,Evet
2024-12-21,2024,Serie A,Lecce,Lazio,1 - 2,0 - 1,2,3,Evet
2024-12-22,2024,Serie A,AS Roma,Parma,5 - 0,2 - 0,1,5,Yok
2024-12-22,2024,Serie A,Venezia,Cagliari,2 - 1,1 - 0,1,3,Evet
2024-12-22,2024,Serie A,Atalanta,Empoli,3 - 2,2 - 1,1,5,Evet
2024-12-22,2024,Serie A,Monza,Juventus,1 - 2,1 - 2,2,3,Evet
2024-12-23,2024,Serie A,Fiorentina,Udinese,1 - 2,1 - 0,2,3,Evet
2024-12-23,2024,Serie A,Inter,Como,2 - 0,0 - 0,1,2,Yok
2024-12-28,2024,Serie A,Empoli,Genoa,1 - 2,0 - 0,2,3,Evet
2024-12-28,2024,Serie A,Parma,Monza,2 - 1,0 - 0,1,3,Evet
2024-12-28,2024,Serie A,Cagliari,Inter,0 - 3,0 - 0,2,3,Yok
2024-12-28,2024,Serie A,Lazio,Atalanta,1 - 1,1 - 0,X,2,Evet
2024-12-29,2024,Serie A,Udinese,Torino,2 - 2,1 - 0,X,4,Evet
2024-12-29,2024,Serie A,Napoli,Venezia,1 - 0,0 - 0,1,1,Yok
2024-12-29,2024,Serie A,Juventus,Fiorentina,2 - 2,1 - 1,X,4,Evet
2024-12-29,2024,Serie A,AC Milan,AS Roma,1 - 1,1 - 1,X,2,Evet
2024-12-30,2024,Serie A,Como,Lecce,2 - 0,0 - 0,1,2,Yok
2024-12-30,2024,Serie A,Bologna,Hellas Verona,2 - 3,1 - 2,2,5,Evet
2025-01-04,2024,Serie A,Venezia,Empoli,1 - 1,1 - 1,X,2,Evet
2025-01-04,2024,Serie A,Fiorentina,Napoli,0 - 3,0 - 1,2,3,Yok
2025-01-04,2024,Serie A,Hellas Verona,Udinese,0 - 0,0 - 0,X,0,Yok
2025-01-05,2024,Serie A,Monza,Cagliari,1 - 2,1 - 1,2,3,Evet
2025-01-05,2024,Serie A,Lecce,Genoa,0 - 0,0 - 0,X,0,Yok
2025-01-05,2024,Serie A,Torino,Parma,0 - 0,0 - 0,X,0,Yok
2025-01-05,2024,Serie A,AS Roma,Lazio,2 - 0,2 - 0,1,2,Yok
2025-01-10,2024,Serie A,Lazio,Como,1 - 1,1 - 0,X,2,Evet
2025-01-11,2024,Serie A,Udinese,Atalanta,0 - 0,0 - 0,X,0,Yok
2025-01-11,2024,Serie A,Empoli,Lecce,1 - 3,0 - 2,2,4,Evet
2025-01-11,2024,Serie A,Torino,Juventus,1 - 1,1 - 1,X,2,Evet
2025-01-11,2024,Serie A,AC Milan,Cagliari,1 - 1,0 - 0,X,2,Evet
2025-01-12,2024,Serie A,Genoa,Parma,1 - 0,0 - 0,1,1,Yok
2025-01-12,2024,Serie A,Venezia,Inter,0 - 1,0 - 1,2,1,Yok
2025-01-12,2024,Serie A,Bologna,AS Roma,2 - 2,0 - 0,X,4,Evet
2025-01-12,2024,Serie A,Napoli,Hellas Verona,2 - 0,1 - 0,1,2,Yok
2025-01-13,2024,Serie A,Monza,Fiorentina,2 - 1,1 - 0,1,3,Evet
2025-01-14,2024,Serie A,Como,AC Milan,1 - 2,0 - 0,2,3,Evet
2025-01-14,2024,Serie A,Atalanta,Juventus,1 - 1,0 - 0,X,2,Evet
2025-01-15,2024,Serie A,Inter,Bologna,2 - 2,2 - 1,X,4,Evet
2025-01-17,2024,Serie A,AS Roma,Genoa,3 - 1,1 - 1,1,4,Evet
2025-01-18,2024,Serie A,Bologna,Monza,3 - 1,2 - 1,1,4,Evet
2025-01-18,2024,Serie A,Juventus,AC Milan,2 - 0,0 - 0,1,2,Yok
2025-01-18,2024,Serie A,Atalanta,Napoli,2 - 3,1 - 2,2,5,Evet
2025-01-19,2024,Serie A,Fiorentina,Torino,1 - 1,1 - 0,X,2,Evet
2025-01-19,2024,Serie A,Cagliari,Lecce,4 - 1,0 - 1,1,5,Evet
2025-01-19,2024,Serie A,Parma,Venezia,1 - 1,0 - 1,X,2,Evet
2025-01-19,2024,Serie A,Hellas Verona,Lazio,0 - 3,0 - 2,2,3,Yok
2025-01-19,2024,Serie A,Inter,Empoli,3 - 1,0 - 0,1,4,Evet
2025-01-20,2024,Serie A,Como,Udinese,4 - 1,2 - 0,1,5,Evet
2025-01-24,2024,Serie A,Torino,Cagliari,2 - 0,1 - 0,1,2,Yok
2025-01-25,2024,Serie A,Como,Atalanta,1 - 2,1 - 0,2,3,Evet
2025-01-25,2024,Serie A,Napoli,Juventus,2 - 1,0 - 1,1,3,Evet
2025-01-25,2024,Serie A,Empoli,Bologna,1 - 1,1 - 1,X,2,Evet
2025-01-26,2024,Serie A,AC Milan,Parma,3 - 2,1 - 1,1,5,Evet
2025-01-26,2024,Serie A,Udinese,AS Roma,1 - 2,1 - 0,2,3,Evet
2025-01-26,2024,Serie A,Lecce,Inter,0 - 4,0 - 2,2,4,Yok
2025-01-26,2024,Serie A,Lazio,Fiorentina,1 - 2,0 - 2,2,3,Evet
2025-01-27,2024,Serie A,Venezia,Hellas Verona,1 - 1,1 - 0,X,2,Evet
2025-01-27,2024,Serie A,Genoa,Monza,2 - 0,0 - 0,1,2,Yok
2025-01-31,2024,Serie A,Parma,Lecce,1 - 3,1 - 1,2,4,Evet
2025-02-01,2024,Serie A,Udinese,Venezia,3 - 2,0 - 0,1,5,Evet
2025-02-01,2024,Serie A,Monza,Hellas Verona,0 - 1,0 - 1,2,1,Yok
2025-02-01,2024,Serie A,Atalanta,Torino,1 - 1,1 - 1,X,2,Evet
2025-02-01,2024,Serie A,Bologna,Como,2 - 0,1 - 0,1,2,Yok
2025-02-02,2024,Serie A,Juventus,Empoli,4 - 1,0 - 1,1,5,Evet
2025-02-02,2024,Serie A,Fiorentina,Genoa,2 - 1,2 - 0,1,3,Evet
2025-02-02,2024,Serie A,AC Milan,Inter,1 - 1,1 - 0,X,2,Evet
2025-02-02,2024,Serie A,AS Roma,Napoli,1 - 1,0 - 1,X,2,Evet
2025-02-03,2024,Serie A,Cagliari,Lazio,1 - 2,0 - 1,2,3,Evet
2025-02-06,2024,Serie A,Fiorentina,Inter,3 - 0,0 - 0,1,3,Yok
2025-02-07,2024,Serie A,Como,Juventus,1 - 2,1 - 1,2,3,Evet
2025-02-08,2024,Serie A,Hellas Verona,Atalanta,0 - 5,0 - 4,2,5,Yok
2025-02-08,2024,Serie A,Empoli,AC Milan,0 - 2,0 - 0,2,2,Yok
2025-02-08,2024,Serie A,Torino,Genoa,1 - 1,1 - 0,X,2,Evet
2025-02-09,2024,Serie A,Venezia,AS Roma,0 - 1,0 - 0,2,1,Yok
2025-02-09,2024,Serie A,Lazio,Monza,5 - 1,1 - 0,1,6,Evet
2025-02-09,2024,Serie A,Cagliari,Parma,2 - 1,0 - 0,1,3,Evet
2025-02-09,2024,Serie A,Lecce,Bologna,0 - 0,0 - 0,X,0,Yok
2025-02-09,2024,Serie A,Napoli,Udinese,1 - 1,1 - 1,X,2,Evet
2025-02-10,2024,Serie A,Inter,Fiorentina,2 - 1,1 - 1,1,3,Evet
2025-02-14,2024,Serie A,Bologna,Torino,3 - 2,1 - 1,1,5,Evet
2025-02-15,2024,Serie A,Atalanta,Cagliari,0 - 0,0 - 0,X,0,Yok
2025-02-15,2024,Serie A,Lazio,Napoli,2 - 2,1 - 1,X,4,Evet
2025-02-15,2024,Serie A,AC Milan,Hellas Verona,1 - 0,0 - 0,1,1,Yok
2025-02-16,2024,Serie A,Fiorentina,Como,0 - 2,0 - 1,2,2,Yok
2025-02-16,2024,Serie A,Udinese,Empoli,3 - 0,1 - 0,1,3,Yok
2025-02-16,2024,Serie A,Monza,Lecce,0 - 0,0 - 0,X,0,Yok
2025-02-16,2024,Serie A,Parma,AS Roma,0 - 1,0 - 1,2,1,Yok
2025-02-16,2024,Serie A,Juventus,Inter,1 - 0,0 - 0,1,1,Yok
2025-02-17,2024,Serie A,Genoa,Venezia,2 - 0,0 - 0,1,2,Yok
2025-02-21,2024,Serie A,Lecce,Udinese,0 - 1,0 - 1,2,1,Yok
2025-02-22,2024,Serie A,Venezia,Lazio,0 - 0,0 - 0,X,0,Yok
2025-02-22,2024,Serie A,Parma,Bologna,2 - 0,1 - 0,1,2,Yok
2025-02-22,2024,Serie A,Torino,AC Milan,2 - 1,1 - 0,1,3,Evet
2025-02-22,2024,Serie A,Inter,Genoa,1 - 0,0 - 0,1,1,Yok
2025-02-23,2024,Serie A,Como,Napoli,2 - 1,1 - 1,1,3,Evet
2025-02-23,2024,Serie A,Hellas Verona,Fiorentina,1 - 0,0 - 0,1,1,Yok
2025-02-23,2024,Serie A,Empoli,Atalanta,0 - 5,0 - 3,2,5,Yok
2025-02-23,2024,Serie A,Cagliari,Juventus,0 - 1,0 - 1,2,1,Yok
2025-02-24,2024,Serie A,AS Roma,Monza,4 - 0,2 - 0,1,4,Yok
2025-02-27,2024,Serie A,Bologna,AC Milan,2 - 1,0 - 1,1,3,Evet
2025-02-28,2024,Serie A,Fiorentina,Lecce,1 - 0,1 - 0,1,1,Yok
2025-03-01,2024,Serie A,Atalanta,Venezia,0 - 0,0 - 0,X,0,Yok
2025-03-01,2024,Serie A,Napoli,Inter,1 - 1,0 - 1,X,2,Evet
2025-03-01,2024,Serie A,Udinese,Parma,1 - 0,1 - 0,1,1,Yok
2025-03-02,2024,Serie A,Monza,Torino,0 - 2,0 - 1,2,2,Yok
2025-03-02,2024,Serie A,Genoa,Empoli,1 - 1,0 - 1,X,2,Evet
2025-03-02,2024,Serie A,Bologna,Cagliari,2 - 1,0 - 1,1,3,Evet
2025-03-02,2024,Serie A,AS Roma,Como,2 - 1,0 - 1,1,3,Evet
2025-03-02,2024,Serie A,AC Milan,Lazio,1 - 2,0 - 1,2,3,Evet
2025-03-03,2024,Serie A,Juventus,Hellas Verona,2 - 0,0 - 0,1,2,Yok
2025-03-07,2024,Serie A,Cagliari,Genoa,1 - 1,1 - 0,X,2,Evet
2025-03-08,2024,Serie A,Parma,Torino,2 - 2,0 - 1,X,4,Evet
2025-03-08,2024,Serie A,Como,Venezia,1 - 1,0 - 0,X,2,Evet
2025-03-08,2024,Serie A,Lecce,AC Milan,2 - 3,1 - 0,2,5,Evet
2025-03-08,2024,Serie A,Inter,Monza,3 - 2,1 - 2,1,5,Evet
2025-03-09,2024,Serie A,Hellas Verona,Bologna,1 - 2,0 - 1,2,3,Evet
2025-03-09,2024,Serie A,Napoli,Fiorentina,2 - 1,1 - 0,1,3,Evet
2025-03-09,2024,Serie A,Empoli,AS Roma,0 - 1,0 - 1,2,1,Yok
2025-03-09,2024,Serie A,Juventus,Atalanta,0 - 4,0 - 1,2,4,Yok
2025-03-10,2024,Serie A,Lazio,Udinese,1 - 1,1 - 1,X,2,Evet
2025-03-14,2024,Serie A,Genoa,Lecce,2 - 1,2 - 0,1,3,Evet
2025-03-15,2024,Serie A,Udinese,Hellas Verona,0 - 1,0 - 0,2,1,Yok
2025-03-15,2024,Serie A,Monza,Parma,1 - 1,0 - 0,X,2,Evet
2025-03-15,2024,Serie A,AC Milan,Como,2 - 1,0 - 1,1,3,Evet
2025-03-15,2024,Serie A,Torino,Empoli,1 - 0,0 - 0,1,1,Yok
2025-03-16,2024,Serie A,Venezia,Napoli,0 - 0,0 - 0,X,0,Yok
2025-03-16,2024,Serie A,Bologna,Lazio,5 - 0,1 - 0,1,5,Yok
2025-03-16,2024,Serie A,AS Roma,Cagliari,1 - 0,0 - 0,1,1,Yok
2025-03-16,2024,Serie A,Fiorentina,Juventus,3 - 0,2 - 0,1,3,Yok
2025-03-16,2024,Serie A,Atalanta,Inter,0 - 2,0 - 0,2,2,Yok
2025-03-29,2024,Serie A,Venezia,Bologna,0 - 1,0 - 0,2,1,Yok
2025-03-29,2024,Serie A,Como,Empoli,1 - 1,0 - 0,X,2,Evet
2025-03-29,2024,Serie A,Juventus,Genoa,1 - 0,1 - 0,1,1,Yok
2025-03-29,2024,Serie A,Lecce,AS Roma,0 - 1,0 - 0,2,1,Yok
2025-03-30,2024,Serie A,Cagliari,Monza,3 - 0,0 - 0,1,3,Yok
2025-03-30,2024,Serie A,Fiorentina,Atalanta,1 - 0,1 - 0,1,1,Yok
2025-03-30,2024,Serie A,Inter,Udinese,2 - 1,2 - 0,1,3,Evet
2025-03-30,2024,Serie A,Napoli,AC Milan,2 - 1,2 - 0,1,3,Evet
2025-03-31,2024,Serie A,Hellas Verona,Parma,0 - 0,0 - 0,X,0,Yok
2025-03-31,2024,Serie A,Lazio,Torino,1 - 1,0 - 0,X,2,Evet
2025-04-04,2024,Serie A,Genoa,Udinese,1 - 0,0 - 0,1,1,Yok
2025-04-05,2024,Serie A,Monza,Como,1 - 3,1 - 2,2,4,Evet
2025-04-05,2024,Serie A,Parma,Inter,2 - 2,0 - 2,X,4,Evet
2025-04-05,2024,Serie A,AC Milan,Fiorentina,2 - 2,1 - 2,X,4,Evet
2025-04-06,2024,Serie A,Lecce,Venezia,1 - 1,0 - 0,X,2,Evet
2025-04-06,2024,Serie A,Torino,Hellas Verona,1 - 1,0 - 0,X,2,Evet
2025-04-06,2024,Serie A,Empoli,Cagliari,0 - 0,0 - 0,X,0,Yok
2025-04-06,2024,Serie A,Atalanta,Lazio,0 - 1,0 - 0,2,1,Yok
2025-04-06,2024,Serie A,AS Roma,Juventus,1 - 1,0 - 1,X,2,Evet
2025-04-07,2024,Serie A,Bologna,Napoli,1 - 1,0 - 1,X,2,Evet
2025-04-11,2024,Serie A,Udinese,AC Milan,0 - 4,0 - 2,2,4,Yok
2025-04-12,2024,Serie A,Venezia,Monza,1 - 0,0 - 0,1,1,Yok
2025-04-12,2024,Serie A,Inter,Cagliari,3 - 1,2 - 0,1,4,Evet
2025-04-12,2024,Serie A,Juventus,Lecce,2 - 1,2 - 0,1,3,Evet
2025-04-13,2024,Serie A,Atalanta,Bologna,2 - 0,2 - 0,1,2,Yok
2025-04-13,2024,Serie A,Fiorentina,Parma,0 - 0,0 - 0,X,0,Yok
2025-04-13,2024,Serie A,Hellas Verona,Genoa,0 - 0,0 - 0,X,0,Yok
2025-04-13,2024,Serie A,Como,Torino,1 - 0,1 - 0,1,1,Yok
2025-04-13,2024,Serie A,Lazio,AS Roma,1 - 1,0 - 0,X,2,Evet
2025-04-14,2024,Serie A,Napoli,Empoli,3 - 0,1 - 0,1,3,Yok
2025-04-19,2024,Serie A,Lecce,Como,0 - 3,0 - 1,2,3,Yok
2025-04-19,2024,Serie A,Monza,Napoli,0 - 1,0 - 0,2,1,Yok
2025-04-19,2024,Serie A,AS Roma,Hellas Verona,1 - 0,1 - 0,1,1,Yok
2025-04-20,2024,Serie A,Empoli,Venezia,2 - 2,0 - 0,X,4,Evet
2025-04-20,2024,Serie A,Bologna,Inter,1 - 0,0 - 0,1,1,Yok
2025-04-20,2024,Serie A,AC Milan,Atalanta,0 - 1,0 - 0,2,1,Yok
2025-04-23,2024,Serie A,Cagliari,Fiorentina,1 - 2,1 - 1,2,3,Evet
2025-04-23,2024,Serie A,Genoa,Lazio,0 - 2,0 - 1,2,2,Yok
2025-04-23,2024,Serie A,Torino,Udinese,2 - 0,1 - 0,1,2,Yok
2025-04-23,2024,Serie A,Parma,Juventus,1 - 0,1 - 0,1,1,Yok
2025-04-27,2024,Serie A,Venezia,AC Milan,0 - 2,0 - 1,2,2,Yok
2025-04-27,2024,Serie A,Como,Genoa,1 - 0,0 - 0,1,1,Yok
2025-04-27,2024,Serie A,Fiorentina,Empoli,2 - 1,2 - 0,1,3,Evet
2025-04-27,2024,Serie A,Inter,AS Roma,0 - 1,0 - 1,2,1,Yok
2025-04-27,2024,Serie A,Juventus,Monza,2 - 0,2 - 0,1,2,Yok
2025-04-27,2024,Serie A,Napoli,Torino,2 - 0,2 - 0,1,2,Yok
2025-04-27,2024,Serie A,Atalanta,Lecce,1 - 1,0 - 1,X,2,Evet
2025-04-28,2024,Serie A,Udinese,Bologna,0 - 0,0 - 0,X,0,Yok
2025-04-28,2024,Serie A,Lazio,Parma,2 - 2,0 - 1,X,4,Evet
2025-04-28,2024,Serie A,Hellas Verona,Cagliari,0 - 2,0 - 1,2,2,Yok
2025-05-02,2024,Serie A,Torino,Venezia,1 - 1,0 - 1,X,2,Evet
2025-05-03,2024,Serie A,Cagliari,Udinese,1 - 2,1 - 1,2,3,Evet
2025-05-03,2024,Serie A,Parma,Como,0 - 1,0 - 0,2,1,Yok
2025-05-03,2024,Serie A,Lecce,Napoli,0 - 1,0 - 1,2,1,Yok
2025-05-03,2024,Serie A,Inter,Hellas Verona,1 - 0,1 - 0,1,1,Yok
2025-05-04,2024,Serie A,Empoli,Lazio,0 - 1,0 - 1,2,1,Yok
2025-05-04,2024,Serie A,Monza,Atalanta,0 - 4,0 - 2,2,4,Yok
2025-05-04,2024,Serie A,AS Roma,Fiorentina,1 - 0,1 - 0,1,1,Yok
2025-05-04,2024,Serie A,Bologna,Juventus,1 - 1,0 - 1,X,2,Evet
2025-05-05,2024,Serie A,Genoa,AC Milan,1 - 2,0 - 0,2,3,Evet
2025-05-09,2024,Serie A,AC Milan,Bologna,3 - 1,0 - 0,1,4,Evet
2025-05-10,2024,Serie A,Como,Cagliari,3 - 1,2 - 1,1,4,Evet
2025-05-10,2024,Serie A,Lazio,Juventus,1 - 1,0 - 0,X,2,Evet
2025-05-10,2024,Serie A,Empoli,Parma,2 - 1,1 - 0,1,3,Evet
2025-05-11,2024,Serie A,Udinese,Monza,1 - 2,0 - 0,2,3,Evet
2025-05-11,2024,Serie A,Hellas Verona,Lecce,1 - 1,1 - 1,X,2,Evet
2025-05-11,2024,Serie A,Torino,Inter,0 - 2,0 - 1,2,2,Yok
2025-05-11,2024,Serie A,Napoli,Genoa,2 - 2,1 - 1,X,4,Evet
2025-05-12,2024,Serie A,Venezia,Fiorentina,2 - 1,0 - 0,1,3,Evet
2025-05-12,2024,Serie A,Atalanta,AS Roma,2 - 1,1 - 1,1,3,Evet
2025-05-17,2024,Serie A,Genoa,Atalanta,2 - 3,1 - 0,2,5,Evet
2025-05-18,2024,Serie A,Cagliari,Venezia,3 - 0,2 - 0,1,3,Yok
2025-05-18,2024,Serie A,Juventus,Udinese,2 - 0,0 - 0,1,2,Yok
2025-05-18,2024,Serie A,AS Roma,AC Milan,3 - 1,1 - 1,1,4,Evet
2025-05-18,2024,Serie A,Fiorentina,Bologna,3 - 2,1 - 0,1,5,Evet
2025-05-18,2024,Serie A,Hellas Verona,Como,1 - 1,0 - 1,X,2,Evet
2025-05-18,2024,Serie A,Inter,Lazio,2 - 2,1 - 0,X,4,Evet
2025-05-18,2024,Serie A,Parma,Napoli,0 - 0,0 - 0,X,0,Yok
2025-05-18,2024,Serie A,Lecce,Torino,1 - 0,0 - 0,1,1,Yok
2025-05-18,2024,Serie A,Monza,Empoli,1 - 3,1 - 0,2,4,Evet
2025-05-23,2024,Serie A,Napoli,Cagliari,2 - 0,1 - 0,1,2,Yok
2025-05-23,2024,Serie A,Como,Inter,0 - 2,0 - 1,2,2,Yok
2025-05-24,2024,Serie A,Bologna,Genoa,1 - 3,0 - 3,2,4,Evet
2025-05-24,2024,Serie A,AC Milan,Monza,2 - 0,0 - 0,1,2,Yok
2025-05-25,2024,Serie A,Lazio,Lecce,0 - 1,0 - 1,2,1,Yok
2025-05-25,2024,Serie A,Udinese,Fiorentina,2 - 3,1 - 0,2,5,Evet
2025-05-25,2024,Serie A,Atalanta,Parma,2 - 3,2 - 0,2,5,Evet
2025-05-25,2024,Serie A,Torino,AS Roma,0 - 2,0 - 1,2,2,Yok
2025-05-25,2024,Serie A,Empoli,Hellas Verona,1 - 2,1 - 1,2,3,Evet
2025-05-25,2024,Serie A,Venezia,Juventus,2 - 3,1 - 2,2,5,Evet
2023-08-19,2023,Serie A,Empoli,Hellas Verona,0 - 1,0 - 0,2,1,Yok
2023-08-19,2023,Serie A,Frosinone,Napoli,1 - 3,1 - 2,2,4,Evet
2023-08-19,2023,Serie A,Genoa,Fiorentina,1 - 4,0 - 3,2,5,Evet
2023-08-19,2023,Serie A,Inter,Monza,2 - 0,1 - 0,1,2,Yok
2023-08-20,2023,Serie A,Sassuolo,Atalanta,0 - 2,0 - 0,2,2,Yok
2023-08-20,2023,Serie A,AS Roma,Salernitana,2 - 2,1 - 1,X,4,Evet
2023-08-20,2023,Serie A,Udinese,Juventus,0 - 3,0 - 3,2,3,Yok
2023-08-20,2023,Serie A,Lecce,Lazio,2 - 1,0 - 1,1,3,Evet
2023-08-21,2023,Serie A,Torino,Cagliari,0 - 0,0 - 0,X,0,Yok
2023-08-21,2023,Serie A,Bologna,AC Milan,0 - 2,0 - 2,2,2,Yok
2023-08-26,2023,Serie A,Frosinone,Atalanta,2 - 1,2 - 0,1,3,Evet
2023-08-26,2023,Serie A,Monza,Empoli,2 - 0,1 - 0,1,2,Yok
2023-08-26,2023,Serie A,AC Milan,Torino,4 - 1,3 - 1,1,5,Evet
2023-08-26,2023,Serie A,Hellas Verona,AS Roma,2 - 1,2 - 0,1,3,Evet
2023-08-27,2023,Serie A,Juventus,Bologna,1 - 1,0 - 1,X,2,Evet
2023-08-27,2023,Serie A,Fiorentina,Lecce,2 - 2,2 - 0,X,4,Evet
2023-08-27,2023,Serie A,Lazio,Genoa,0 - 1,0 - 1,2,1,Yok
2023-08-27,2023,Serie A,Napoli,Sassuolo,2 - 0,1 - 0,1,2,Yok
2023-08-28,2023,Serie A,Salernitana,Udinese,1 - 1,0 - 0,X,2,Evet
2023-08-28,2023,Serie A,Cagliari,Inter,0 - 2,0 - 2,2,2,Yok
2023-09-01,2023,Serie A,Sassuolo,Hellas Verona,3 - 1,1 - 0,1,4,Evet
2023-09-01,2023,Serie A,AS Roma,AC Milan,1 - 2,0 - 1,2,3,Evet
2023-09-02,2023,Serie A,Udinese,Frosinone,0 - 0,0 - 0,X,0,Yok
2023-09-02,2023,Serie A,Bologna,Cagliari,2 - 1,0 - 1,1,3,Evet
2023-09-02,2023,Serie A,Napoli,Lazio,1 - 2,1 - 1,2,3,Evet
2023-09-02,2023,Serie A,Atalanta,Monza,3 - 0,2 - 0,1,3,Yok
2023-09-03,2023,Serie A,Torino,Genoa,1 - 0,0 - 0,1,1,Yok
2023-09-03,2023,Serie A,Inter,Fiorentina,4 - 0,1 - 0,1,4,Yok
2023-09-03,2023,Serie A,Empoli,Juventus,0 - 2,0 - 1,2,2,Yok
2023-09-03,2023,Serie A,Lecce,Salernitana,2 - 0,1 - 0,1,2,Yok
2023-09-16,2023,Serie A,Juventus,Lazio,3 - 1,2 - 0,1,4,Evet
2023-09-16,2023,Serie A,Inter,AC Milan,5 - 1,2 - 0,1,6,Evet
2023-09-16,2023,Serie A,Genoa,Napoli,2 - 2,1 - 0,X,4,Evet
2023-09-17,2023,Serie A,Cagliari,Udinese,0 - 0,0 - 0,X,0,Yok
2023-09-17,2023,Serie A,Frosinone,Sassuolo,4 - 2,1 - 2,1,6,Evet
2023-09-17,2023,Serie A,Monza,Lecce,1 - 1,1 - 1,X,2,Evet
2023-09-17,2023,Serie A,Fiorentina,Atalanta,3 - 2,2 - 1,1,5,Evet
2023-09-17,2023,Serie A,AS Roma,Empoli,7 - 0,3 - 0,1,7,Yok
2023-09-18,2023,Serie A,Salernitana,Torino,0 - 3,0 - 2,2,3,Yok
2023-09-18,2023,Serie A,Hellas Verona,Bologna,0 - 0,0 - 0,X,0,Yok
2023-09-22,2023,Serie A,Salernitana,Frosinone,1 - 1,0 - 1,X,2,Evet
2023-09-22,2023,Serie A,Lecce,Genoa,1 - 0,0 - 0,1,1,Yok
2023-09-23,2023,Serie A,AC Milan,Hellas Verona,1 - 0,1 - 0,1,1,Yok
2023-09-23,2023,Serie A,Sassuolo,Juventus,4 - 2,2 - 1,1,6,Evet
2023-09-23,2023,Serie A,Lazio,Monza,1 - 1,1 - 1,X,2,Evet
2023-09-24,2023,Serie A,Empoli,Inter,0 - 1,0 - 0,2,1,Yok
2023-09-24,2023,Serie A,Udinese,Fiorentina,0 - 2,0 - 1,2,2,Yok
2023-09-24,2023,Serie A,Atalanta,Cagliari,2 - 0,1 - 0,1,2,Yok
2023-09-24,2023,Serie A,Bologna,Napoli,0 - 0,0 - 0,X,0,Yok
2023-09-24,2023,Serie A,Torino,AS Roma,1 - 1,0 - 0,X,2,Evet
2023-09-26,2023,Serie A,Juventus,Lecce,1 - 0,0 - 0,1,1,Yok
2023-09-27,2023,Serie A,Cagliari,AC Milan,1 - 3,1 - 2,2,4,Evet
2023-09-27,2023,Serie A,Hellas Verona,Atalanta,0 - 1,0 - 1,2,1,Yok
2023-09-27,2023,Serie A,Empoli,Salernitana,1 - 0,1 - 0,1,1,Yok
2023-09-27,2023,Serie A,Lazio,Torino,2 - 0,0 - 0,1,2,Yok
2023-09-27,2023,Serie A,Napoli,Udinese,4 - 1,2 - 0,1,5,Evet
2023-09-27,2023,Serie A,Inter,Sassuolo,1 - 2,1 - 0,2,3,Evet
2023-09-28,2023,Serie A,Frosinone,Fiorentina,1 - 1,0 - 1,X,2,Evet
2023-09-28,2023,Serie A,Monza,Bologna,0 - 0,0 - 0,X,0,Yok
2023-09-28,2023,Serie A,Genoa,AS Roma,4 - 1,2 - 1,1,5,Evet
2023-09-30,2023,Serie A,Lecce,Napoli,0 - 4,0 - 1,2,4,Yok
2023-09-30,2023,Serie A,AC Milan,Lazio,2 - 0,0 - 0,1,2,Yok
2023-09-30,2023,Serie A,Salernitana,Inter,0 - 4,0 - 0,2,4,Yok
2023-10-01,2023,Serie A,Bologna,Empoli,3 - 0,1 - 0,1,3,Yok
2023-10-01,2023,Serie A,Udinese,Genoa,2 - 2,1 - 2,X,4,Evet
2023-10-01,2023,Serie A,Atalanta,Juventus,0 - 0,0 - 0,X,0,Yok
2023-10-01,2023,Serie A,AS Roma,Frosinone,2 - 0,1 - 0,1,2,Yok
2023-10-02,2023,Serie A,Sassuolo,Monza,0 - 1,0 - 0,2,1,Yok
2023-10-02,2023,Serie A,Torino,Hellas Verona,0 - 0,0 - 0,X,0,Yok
2023-10-02,2023,Serie A,Fiorentina,Cagliari,3 - 0,2 - 0,1,3,Yok
2023-10-06,2023,Serie A,Empoli,Udinese,0 - 0,0 - 0,X,0,Yok
2023-10-06,2023,Serie A,Lecce,Sassuolo,1 - 1,0 - 1,X,2,Evet
2023-10-07,2023,Serie A,Inter,Bologna,2 - 2,2 - 1,X,4,Evet
2023-10-07,2023,Serie A,Juventus,Torino,2 - 0,0 - 0,1,2,Yok
2023-10-07,2023,Serie A,Genoa,AC Milan,0 - 1,0 - 0,2,1,Yok
2023-10-08,2023,Serie A,Monza,Salernitana,3 - 0,2 - 0,1,3,Yok
2023-10-08,2023,Serie A,Lazio,Atalanta,3 - 2,2 - 1,1,5,Evet
2023-10-08,2023,Serie A,Frosinone,Hellas Verona,2 - 1,1 - 0,1,3,Evet
2023-10-08,2023,Serie A,Cagliari,AS Roma,1 - 4,0 - 2,2,5,Evet
2023-10-08,2023,Serie A,Napoli,Fiorentina,1 - 3,1 - 1,2,4,Evet
2023-10-21,2023,Serie A,Hellas Verona,Napoli,1 - 3,0 - 2,2,4,Evet
2023-10-21,2023,Serie A,Torino,Inter,0 - 3,0 - 0,2,3,Yok
2023-10-21,2023,Serie A,Sassuolo,Lazio,0 - 2,0 - 2,2,2,Yok
2023-10-22,2023,Serie A,AS Roma,Monza,1 - 0,0 - 0,1,1,Yok
2023-10-22,2023,Serie A,Bologna,Frosinone,2 - 1,2 - 0,1,3,Evet
2023-10-22,2023,Serie A,Salernitana,Cagliari,2 - 2,0 - 0,X,4,Evet
2023-10-22,2023,Serie A,Atalanta,Genoa,2 - 0,0 - 0,1,2,Yok
2023-10-22,2023,Serie A,AC Milan,Juventus,0 - 1,0 - 0,2,1,Yok
2023-10-23,2023,Serie A,Udinese,Lecce,1 - 1,0 - 0,X,2,Evet
2023-10-23,2023,Serie A,Fiorentina,Empoli,0 - 2,0 - 1,2,2,Yok
2023-10-27,2023,Serie A,Genoa,Salernitana,1 - 0,1 - 0,1,1,Yok
2023-10-28,2023,Serie A,Sassuolo,Bologna,1 - 1,1 - 1,X,2,Evet
2023-10-28,2023,Serie A,Lecce,Torino,0 - 1,0 - 1,2,1,Yok
2023-10-28,2023,Serie A,Juventus,Hellas Verona,1 - 0,0 - 0,1,1,Yok
2023-10-29,2023,Serie A,Cagliari,Frosinone,4 - 3,0 - 2,1,7,Evet
2023-10-29,2023,Serie A,Monza,Udinese,1 - 1,1 - 0,X,2,Evet
2023-10-29,2023,Serie A,Inter,AS Roma,1 - 0,0 - 0,1,1,Yok
2023-10-29,2023,Serie A,Napoli,AC Milan,2 - 2,0 - 2,X,4,Evet
2023-10-30,2023,Serie A,Empoli,Atalanta,0 - 3,0 - 2,2,3,Yok
2023-10-30,2023,Serie A,Lazio,Fiorentina,1 - 0,0 - 0,1,1,Yok
2023-11-03,2023,Serie A,Bologna,Lazio,1 - 0,0 - 0,1,1,Yok
2023-11-04,2023,Serie A,Salernitana,Napoli,0 - 2,0 - 1,2,2,Yok
2023-11-04,2023,Serie A,Atalanta,Inter,1 - 2,0 - 1,2,3,Evet
2023-11-04,2023,Serie A,AC Milan,Udinese,0 - 1,0 - 0,2,1,Yok
2023-11-05,2023,Serie A,Hellas Verona,Monza,1 - 3,0 - 1,2,4,Evet
2023-11-05,2023,Serie A,Cagliari,Genoa,2 - 1,0 - 0,1,3,Evet
2023-11-05,2023,Serie A,AS Roma,Lecce,2 - 1,0 - 0,1,3,Evet
2023-11-05,2023,Serie A,Fiorentina,Juventus,0 - 1,0 - 1,2,1,Yok
2023-11-06,2023,Serie A,Frosinone,Empoli,2 - 1,0 - 0,1,3,Evet
2023-11-06,2023,Serie A,Torino,Sassuolo,2 - 1,1 - 1,1,3,Evet
2023-11-10,2023,Serie A,Sassuolo,Salernitana,2 - 2,1 - 2,X,4,Evet
2023-11-10,2023,Serie A,Genoa,Hellas Verona,1 - 0,1 - 0,1,1,Yok
2023-11-11,2023,Serie A,Lecce,AC Milan,2 - 2,0 - 2,X,4,Evet
2023-11-11,2023,Serie A,Juventus,Cagliari,2 - 1,0 - 0,1,3,Evet
2023-11-11,2023,Serie A,Monza,Torino,1 - 1,0 - 0,X,2,Evet
2023-11-12,2023,Serie A,Napoli,Empoli,0 - 1,0 - 0,2,1,Yok
2023-11-12,2023,Serie A,Udinese,Atalanta,1 - 1,1 - 0,X,2,Evet
2023-11-12,2023,Serie A,Fiorentina,Bologna,2 - 1,1 - 1,1,3,Evet
2023-11-12,2023,Serie A,Lazio,AS Roma,0 - 0,0 - 0,X,0,Yok
2023-11-12,2023,Serie A,Inter,Frosinone,2 - 0,1 - 0,1,2,Yok
2023-11-25,2023,Serie A,Salernitana,Lazio,2 - 1,0 - 1,1,3,Evet
2023-11-25,2023,Serie A,Atalanta,Napoli,1 - 2,0 - 1,2,3,Evet
2023-11-25,2023,Serie A,AC Milan,Fiorentina,1 - 0,1 - 0,1,1,Yok
2023-11-26,2023,Serie A,Cagliari,Monza,1 - 1,1 - 0,X,2,Evet
2023-11-26,2023,Serie A,Empoli,Sassuolo,3 - 4,2 - 2,2,7,Evet
2023-11-26,2023,Serie A,Frosinone,Genoa,2 - 1,1 - 1,1,3,Evet
2023-11-26,2023,Serie A,AS Roma,Udinese,3 - 1,1 - 0,1,4,Evet
2023-11-26,2023,Serie A,Juventus,Inter,1 - 1,1 - 1,X,2,Evet
2023-11-27,2023,Serie A,Hellas Verona,Lecce,2 - 2,1 - 1,X,4,Evet
2023-11-27,2023,Serie A,Bologna,Torino,2 - 0,0 - 0,1,2,Yok
2023-12-01,2023,Serie A,Monza,Juventus,1 - 2,0 - 1,2,3,Evet
2023-12-02,2023,Serie A,Genoa,Empoli,1 - 1,1 - 0,X,2,Evet
2023-12-02,2023,Serie A,Lazio,Cagliari,1 - 0,1 - 0,1,1,Yok
2023-12-02,2023,Serie A,AC Milan,Frosinone,3 - 1,1 - 0,1,4,Evet
2023-12-03,2023,Serie A,Lecce,Bologna,1 - 1,0 - 0,X,2,Evet
2023-12-03,2023,Serie A,Udinese,Hellas Verona,3 - 3,2 - 1,X,6,Evet
2023-12-03,2023,Serie A,Fiorentina,Salernitana,3 - 0,2 - 0,1,3,Yok
2023-12-03,2023,Serie A,Sassuolo,AS Roma,1 - 2,1 - 0,2,3,Evet
2023-12-03,2023,Serie A,Napoli,Inter,0 - 3,0 - 1,2,3,Yok
2023-12-04,2023,Serie A,Torino,Atalanta,3 - 0,1 - 0,1,3,Yok
2023-12-08,2023,Serie A,Juventus,Napoli,1 - 0,0 - 0,1,1,Yok
2023-12-09,2023,Serie A,Hellas Verona,Lazio,1 - 1,0 - 1,X,2,Evet
2023-12-09,2023,Serie A,Atalanta,AC Milan,3 - 2,1 - 1,1,5,Evet
2023-12-09,2023,Serie A,Inter,Udinese,4 - 0,3 - 0,1,4,Yok
2023-12-10,2023,Serie A,Frosinone,Torino,0 - 0,0 - 0,X,0,Yok
2023-12-10,2023,Serie A,Monza,Genoa,1 - 0,0 - 0,1,1,Yok
2023-12-10,2023,Serie A,Salernitana,Bologna,1 - 2,0 - 2,2,3,Evet
2023-12-10,2023,Serie A,AS Roma,Fiorentina,1 - 1,1 - 0,X,2,Evet
2023-12-11,2023,Serie A,Empoli,Lecce,1 - 1,0 - 0,X,2,Evet
2023-12-11,2023,Serie A,Cagliari,Sassuolo,2 - 1,0 - 1,1,3,Evet
2023-12-15,2023,Serie A,Genoa,Juventus,1 - 1,0 - 1,X,2,Evet
2023-12-16,2023,Serie A,Lecce,Frosinone,2 - 1,1 - 1,1,3,Evet
2023-12-16,2023,Serie A,Napoli,Cagliari,2 - 1,0 - 0,1,3,Evet
2023-12-16,2023,Serie A,Torino,Empoli,1 - 0,1 - 0,1,1,Yok
2023-12-17,2023,Serie A,AC Milan,Monza,3 - 0,2 - 0,1,3,Yok
2023-12-17,2023,Serie A,Udinese,Sassuolo,2 - 2,1 - 0,X,4,Evet
2023-12-17,2023,Serie A,Fiorentina,Hellas Verona,1 - 0,0 - 0,1,1,Yok
2023-12-17,2023,Serie A,Bologna,AS Roma,2 - 0,1 - 0,1,2,Yok
2023-12-17,2023,Serie A,Lazio,Inter,0 - 2,0 - 1,2,2,Yok
2023-12-18,2023,Serie A,Atalanta,Salernitana,4 - 1,0 - 1,1,5,Evet
2023-12-22,2023,Serie A,Sassuolo,Genoa,1 - 2,1 - 0,2,3,Evet
2023-12-22,2023,Serie A,Empoli,Lazio,0 - 2,0 - 1,2,2,Yok
2023-12-22,2023,Serie A,Salernitana,AC Milan,2 - 2,1 - 1,X,4,Evet
2023-12-22,2023,Serie A,Monza,Fiorentina,0 - 1,0 - 1,2,1,Yok
2023-12-23,2023,Serie A,Frosinone,Juventus,1 - 2,0 - 1,2,3,Evet
2023-12-23,2023,Serie A,Bologna,Atalanta,1 - 0,0 - 0,1,1,Yok
2023-12-23,2023,Serie A,Torino,Udinese,1 - 1,0 - 0,X,2,Evet
2023-12-23,2023,Serie A,Hellas Verona,Cagliari,2 - 0,0 - 0,1,2,Yok
2023-12-23,2023,Serie A,Inter,Lecce,2 - 0,1 - 0,1,2,Yok
2023-12-23,2023,Serie A,AS Roma,Napoli,2 - 0,0 - 0,1,2,Yok
2023-12-29,2023,Serie A,Napoli,Monza,0 - 0,0 - 0,X,0,Yok
2023-12-29,2023,Serie A,Fiorentina,Torino,1 - 0,0 - 0,1,1,Yok
2023-12-29,2023,Serie A,Lazio,Frosinone,3 - 1,0 - 0,1,4,Evet
2023-12-29,2023,Serie A,Genoa,Inter,1 - 1,1 - 1,X,2,Evet
2023-12-30,2023,Serie A,Atalanta,Lecce,1 - 0,0 - 0,1,1,Yok
2023-12-30,2023,Serie A,Cagliari,Empoli,0 - 0,0 - 0,X,0,Yok
2023-12-30,2023,Serie A,Udinese,Bologna,3 - 0,1 - 0,1,3,Yok
2023-12-30,2023,Serie A,AC Milan,Sassuolo,1 - 0,0 - 0,1,1,Yok
2023-12-30,2023,Serie A,Hellas Verona,Salernitana,0 - 1,0 - 0,2,1,Yok
2023-12-30,2023,Serie A,Juventus,AS Roma,1 - 0,0 - 0,1,1,Yok
2024-01-05,2023,Serie A,Bologna,Genoa,1 - 1,0 - 1,X,2,Evet
2024-01-06,2023,Serie A,Inter,Hellas Verona,2 - 1,1 - 0,1,3,Evet
2024-01-06,2023,Serie A,Frosinone,Monza,2 - 3,0 - 2,2,5,Evet
2024-01-06,2023,Serie A,Lecce,Cagliari,1 - 1,1 - 0,X,2,Evet
2024-01-06,2023,Serie A,Sassuolo,Fiorentina,1 - 0,1 - 0,1,1,Yok
2024-01-07,2023,Serie A,Empoli,AC Milan,0 - 3,0 - 2,2,3,Yok
2024-01-07,2023,Serie A,Udinese,Lazio,1 - 2,0 - 1,2,3,Evet
2024-01-07,2023,Serie A,Torino,Napoli,3 - 0,1 - 0,1,3,Yok
2024-01-07,2023,Serie A,Salernitana,Juventus,1 - 2,1 - 0,2,3,Evet
2024-01-07,2023,Serie A,AS Roma,Atalanta,1 - 1,1 - 1,X,2,Evet
2024-01-13,2023,Serie A,Napoli,Salernitana,2 - 1,1 - 1,1,3,Evet
2024-01-13,2023,Serie A,Genoa,Torino,0 - 0,0 - 0,X,0,Yok
2024-01-13,2023,Serie A,Hellas Verona,Empoli,2 - 1,1 - 0,1,3,Evet
2024-01-13,2023,Serie A,Monza,Inter,1 - 5,0 - 2,2,6,Evet
2024-01-14,2023,Serie A,Lazio,Lecce,1 - 0,0 - 0,1,1,Yok
2024-01-14,2023,Serie A,Cagliari,Bologna,2 - 1,1 - 1,1,3,Evet
2024-01-14,2023,Serie A,Fiorentina,Udinese,2 - 2,0 - 1,X,4,Evet
2024-01-14,2023,Serie A,AC Milan,AS Roma,3 - 1,1 - 0,1,4,Evet
2024-01-15,2023,Serie A,Atalanta,Frosinone,5 - 0,3 - 0,1,5,Yok
2024-01-16,2023,Serie A,Juventus,Sassuolo,3 - 0,2 - 0,1,3,Yok
2024-01-20,2023,Serie A,AS Roma,Hellas Verona,2 - 1,2 - 0,1,3,Evet
2024-01-20,2023,Serie A,Udinese,AC Milan,2 - 3,1 - 1,2,5,Evet
2024-01-21,2023,Serie A,Frosinone,Cagliari,3 - 1,0 - 1,1,4,Evet
2024-01-21,2023,Serie A,Empoli,Monza,3 - 0,2 - 0,1,3,Yok
2024-01-21,2023,Serie A,Salernitana,Genoa,1 - 2,1 - 1,2,3,Evet
2024-01-21,2023,Serie A,Lecce,Juventus,0 - 3,0 - 0,2,3,Yok
2024-01-26,2023,Serie A,Cagliari,Torino,1 - 2,0 - 2,2,3,Evet
2024-01-27,2023,Serie A,Atalanta,Udinese,2 - 0,2 - 0,1,2,Yok
2024-01-27,2023,Serie A,Juventus,Empoli,1 - 1,0 - 0,X,2,Evet
2024-01-27,2023,Serie A,AC Milan,Bologna,2 - 2,1 - 1,X,4,Evet
2024-01-28,2023,Serie A,Genoa,Lecce,2 - 1,0 - 1,1,3,Evet
2024-01-28,2023,Serie A,Hellas Verona,Frosinone,1 - 1,1 - 0,X,2,Evet
2024-01-28,2023,Serie A,Monza,Sassuolo,1 - 0,1 - 0,1,1,Yok
2024-01-28,2023,Serie A,Lazio,Napoli,0 - 0,0 - 0,X,0,Yok
2024-01-28,2023,Serie A,Fiorentina,Inter,0 - 1,0 - 1,2,1,Yok
2024-01-29,2023,Serie A,Salernitana,AS Roma,1 - 2,0 - 0,2,3,Evet
2024-02-02,2023,Serie A,Lecce,Fiorentina,3 - 2,1 - 0,1,5,Evet
2024-02-03,2023,Serie A,Udinese,Monza,0 - 0,0 - 0,X,0,Yok
2024-02-03,2023,Serie A,Empoli,Genoa,0 - 0,0 - 0,X,0,Yok
2024-02-03,2023,Serie A,Frosinone,AC Milan,2 - 3,1 - 1,2,5,Evet
2024-02-03,2023,Serie A,Bologna,Sassuolo,4 - 2,1 - 2,1,6,Evet
2024-02-04,2023,Serie A,Torino,Salernitana,0 - 0,0 - 0,X,0,Yok
2024-02-04,2023,Serie A,Napoli,Hellas Verona,2 - 1,0 - 0,1,3,Evet
2024-02-04,2023,Serie A,Atalanta,Lazio,3 - 1,2 - 0,1,4,Evet
2024-02-04,2023,Serie A,Inter,Juventus,1 - 0,1 - 0,1,1,Yok
2024-02-05,2023,Serie A,AS Roma,Cagliari,4 - 0,2 - 0,1,4,Yok
2024-02-09,2023,Serie A,Salernitana,Empoli,1 - 3,0 - 1,2,4,Evet
2024-02-10,2023,Serie A,Cagliari,Lazio,1 - 3,0 - 1,2,4,Evet
2024-02-10,2023,Serie A,AS Roma,Inter,2 - 4,2 - 1,2,6,Evet
2024-02-10,2023,Serie A,Sassuolo,Torino,1 - 1,1 - 1,X,2,Evet
2024-02-11,2023,Serie A,Fiorentina,Frosinone,5 - 1,3 - 0,1,6,Evet
2024-02-11,2023,Serie A,Bologna,Lecce,4 - 0,2 - 0,1,4,Yok
2024-02-11,2023,Serie A,Monza,Hellas Verona,0 - 0,0 - 0,X,0,Yok
2024-02-11,2023,Serie A,Genoa,Atalanta,1 - 4,0 - 1,2,5,Evet
2024-02-11,2023,Serie A,AC Milan,Napoli,1 - 0,1 - 0,1,1,Yok
2024-02-12,2023,Serie A,Juventus,Udinese,0 - 1,0 - 1,2,1,Yok
2024-02-14,2023,Serie A,Bologna,Fiorentina,2 - 0,1 - 0,1,2,Yok
2024-02-16,2023,Serie A,Torino,Lecce,2 - 0,0 - 0,1,2,Yok
2024-02-16,2023,Serie A,Inter,Salernitana,4 - 0,3 - 0,1,4,Yok
2024-02-17,2023,Serie A,Napoli,Genoa,1 - 1,0 - 0,X,2,Evet
2024-02-17,2023,Serie A,Hellas Verona,Juventus,2 - 2,1 - 1,X,4,Evet
2024-02-17,2023,Serie A,Atalanta,Sassuolo,3 - 0,1 - 0,1,3,Yok
2024-02-18,2023,Serie A,Lazio,Bologna,1 - 2,1 - 1,2,3,Evet
2024-02-18,2023,Serie A,Udinese,Cagliari,1 - 1,1 - 1,X,2,Evet
2024-02-18,2023,Serie A,Empoli,Fiorentina,1 - 1,0 - 1,X,2,Evet
2024-02-18,2023,Serie A,Frosinone,AS Roma,0 - 3,0 - 1,2,3,Yok
2024-02-18,2023,Serie A,Monza,AC Milan,4 - 2,2 - 0,1,6,Evet
2024-02-22,2023,Serie A,Torino,Lazio,0 - 2,0 - 0,2,2,Yok
2024-02-23,2023,Serie A,Bologna,Hellas Verona,2 - 0,1 - 0,1,2,Yok
2024-02-24,2023,Serie A,Sassuolo,Empoli,2 - 3,0 - 1,2,5,Evet
2024-02-24,2023,Serie A,Salernitana,Monza,0 - 2,0 - 0,2,2,Yok
2024-02-24,2023,Serie A,Genoa,Udinese,2 - 0,2 - 0,1,2,Yok
2024-02-25,2023,Serie A,Juventus,Frosinone,3 - 2,2 - 2,1,5,Evet
2024-02-25,2023,Serie A,Cagliari,Napoli,1 - 1,0 - 0,X,2,Evet
2024-02-25,2023,Serie A,Lecce,Inter,0 - 4,0 - 1,2,4,Yok
2024-02-25,2023,Serie A,AC Milan,Atalanta,1 - 1,1 - 1,X,2,Evet
2024-02-26,2023,Serie A,AS Roma,Torino,3 - 2,1 - 1,1,5,Evet
2024-02-26,2023,Serie A,Fiorentina,Lazio,2 - 1,0 - 1,1,3,Evet
2024-02-28,2023,Serie A,Sassuolo,Napoli,1 - 6,1 - 3,2,7,Evet
2024-02-28,2023,Serie A,Inter,Atalanta,4 - 0,2 - 0,1,4,Yok
2024-03-01,2023,Serie A,Lazio,AC Milan,0 - 1,0 - 0,2,1,Yok
2024-03-02,2023,Serie A,Udinese,Salernitana,1 - 1,1 - 1,X,2,Evet
2024-03-02,2023,Serie A,Monza,AS Roma,1 - 4,0 - 2,2,5,Evet
2024-03-02,2023,Serie A,Torino,Fiorentina,0 - 0,0 - 0,X,0,Yok
2024-03-03,2023,Serie A,Hellas Verona,Sassuolo,1 - 0,0 - 0,1,1,Yok
2024-03-03,2023,Serie A,Empoli,Cagliari,0 - 1,0 - 0,2,1,Yok
2024-03-03,2023,Serie A,Frosinone,Lecce,1 - 1,1 - 0,X,2,Evet
2024-03-03,2023,Serie A,Atalanta,Bologna,1 - 2,1 - 0,2,3,Evet
2024-03-03,2023,Serie A,Napoli,Juventus,2 - 1,1 - 0,1,3,Evet
2024-03-04,2023,Serie A,Inter,Genoa,2 - 1,2 - 0,1,3,Evet
2024-03-08,2023,Serie A,Napoli,Torino,1 - 1,0 - 0,X,2,Evet
2024-03-09,2023,Serie A,Sassuolo,Frosinone,1 - 0,0 - 0,1,1,Yok
2024-03-09,2023,Serie A,Cagliari,Salernitana,4 - 2,2 - 0,1,6,Evet
2024-03-09,2023,Serie A,Bologna,Inter,0 - 1,0 - 1,2,1,Yok
2024-03-09,2023,Serie A,Genoa,Monza,2 - 3,0 - 2,2,5,Evet
2024-03-10,2023,Serie A,Lecce,Hellas Verona,0 - 1,0 - 1,2,1,Yok
2024-03-10,2023,Serie A,AC Milan,Empoli,1 - 0,1 - 0,1,1,Yok
2024-03-10,2023,Serie A,Juventus,Atalanta,2 - 2,0 - 1,X,4,Evet
2024-03-10,2023,Serie A,Fiorentina,AS Roma,2 - 2,1 - 0,X,4,Evet
2024-03-11,2023,Serie A,Lazio,Udinese,1 - 2,0 - 0,2,3,Evet
2024-03-15,2023,Serie A,Empoli,Bologna,0 - 1,0 - 0,2,1,Yok
2024-03-16,2023,Serie A,Udinese,Torino,0 - 2,0 - 1,2,2,Yok
2024-03-16,2023,Serie A,Monza,Cagliari,1 - 0,1 - 0,1,1,Yok
2024-03-16,2023,Serie A,Salernitana,Lecce,0 - 1,0 - 1,2,1,Yok
2024-03-16,2023,Serie A,Frosinone,Lazio,2 - 3,1 - 1,2,5,Evet
2024-03-17,2023,Serie A,Juventus,Genoa,0 - 0,0 - 0,X,0,Yok
2024-03-17,2023,Serie A,Hellas Verona,AC Milan,1 - 3,0 - 1,2,4,Evet
2024-03-17,2023,Serie A,AS Roma,Sassuolo,1 - 0,0 - 0,1,1,Yok
2024-03-17,2023,Serie A,Inter,Napoli,1 - 1,1 - 0,X,2,Evet
2024-03-30,2023,Serie A,Napoli,Atalanta,0 - 3,0 - 2,2,3,Yok
2024-03-30,2023,Serie A,Genoa,Frosinone,1 - 1,1 - 1,X,2,Evet
2024-03-30,2023,Serie A,Torino,Monza,1 - 0,0 - 0,1,1,Yok
2024-03-30,2023,Serie A,Lazio,Juventus,1 - 0,0 - 0,1,1,Yok
2024-03-30,2023,Serie A,Fiorentina,AC Milan,1 - 2,0 - 0,2,3,Evet
2024-04-01,2023,Serie A,Bologna,Salernitana,3 - 0,2 - 0,1,3,Yok
2024-04-01,2023,Serie A,Sassuolo,Udinese,1 - 1,1 - 1,X,2,Evet
2024-04-01,2023,Serie A,Cagliari,Hellas Verona,1 - 1,0 - 1,X,2,Evet
2024-04-01,2023,Serie A,Lecce,AS Roma,0 - 0,0 - 0,X,0,Yok
2024-04-01,2023,Serie A,Inter,Empoli,2 - 0,1 - 0,1,2,Yok
2024-04-05,2023,Serie A,Salernitana,Sassuolo,2 - 2,0 - 2,X,4,Evet
2024-04-06,2023,Serie A,AC Milan,Lecce,3 - 0,2 - 0,1,3,Yok
2024-04-06,2023,Serie A,AS Roma,Lazio,1 - 0,1 - 0,1,1,Yok
2024-04-06,2023,Serie A,Empoli,Torino,3 - 2,1 - 0,1,5,Evet
2024-04-07,2023,Serie A,Frosinone,Bologna,0 - 0,0 - 0,X,0,Yok
2024-04-07,2023,Serie A,Monza,Napoli,2 - 4,1 - 0,2,6,Evet
2024-04-07,2023,Serie A,Cagliari,Atalanta,2 - 1,1 - 1,1,3,Evet
2024-04-07,2023,Serie A,Hellas Verona,Genoa,1 - 2,1 - 1,2,3,Evet
2024-04-07,2023,Serie A,Juventus,Fiorentina,1 - 0,1 - 0,1,1,Yok
2024-04-08,2023,Serie A,Udinese,Inter,1 - 2,1 - 0,2,3,Evet
2024-04-12,2023,Serie A,Lazio,Salernitana,4 - 1,3 - 1,1,5,Evet
2024-04-13,2023,Serie A,Lecce,Empoli,1 - 0,0 - 0,1,1,Yok
2024-04-13,2023,Serie A,Torino,Juventus,0 - 0,0 - 0,X,0,Yok
2024-04-13,2023,Serie A,Bologna,Monza,0 - 0,0 - 0,X,0,Yok
2024-04-14,2023,Serie A,Napoli,Frosinone,2 - 2,1 - 0,X,4,Evet
2024-04-14,2023,Serie A,Sassuolo,AC Milan,3 - 3,2 - 1,X,6,Evet
2024-04-14,2023,Serie A,Inter,Cagliari,2 - 2,1 - 0,X,4,Evet
2024-04-15,2023,Serie A,Fiorentina,Genoa,1 - 1,0 - 1,X,2,Evet
2024-04-15,2023,Serie A,Atalanta,Hellas Verona,2 - 2,2 - 0,X,4,Evet
2024-04-19,2023,Serie A,Genoa,Lazio,0 - 1,0 - 0,2,1,Yok
2024-04-19,2023,Serie A,Cagliari,Juventus,2 - 2,2 - 0,X,4,Evet
2024-04-20,2023,Serie A,Empoli,Napoli,1 - 0,1 - 0,1,1,Yok
2024-04-20,2023,Serie A,Hellas Verona,Udinese,1 - 0,0 - 0,1,1,Yok
2024-04-21,2023,Serie A,Sassuolo,Lecce,0 - 3,0 - 2,2,3,Yok
2024-04-21,2023,Serie A,Torino,Frosinone,0 - 0,0 - 0,X,0,Yok
2024-04-21,2023,Serie A,Salernitana,Fiorentina,0 - 2,0 - 0,2,2,Yok
2024-04-21,2023,Serie A,Monza,Atalanta,1 - 2,0 - 1,2,3,Evet
2024-04-22,2023,Serie A,AS Roma,Bologna,1 - 3,0 - 2,2,4,Evet
2024-04-22,2023,Serie A,AC Milan,Inter,1 - 2,0 - 1,2,3,Evet
2024-04-25,2023,Serie A,Udinese,AS Roma,1 - 2,1 - 0,2,3,Evet
2024-04-26,2023,Serie A,Frosinone,Salernitana,3 - 0,2 - 0,1,3,Yok
2024-04-27,2023,Serie A,Lecce,Monza,1 - 1,0 - 0,X,2,Evet
2024-04-27,2023,Serie A,Juventus,AC Milan,0 - 0,0 - 0,X,0,Yok
2024-04-27,2023,Serie A,Lazio,Hellas Verona,1 - 0,0 - 0,1,1,Yok
2024-04-28,2023,Serie A,Inter,Torino,2 - 0,0 - 0,1,2,Yok
2024-04-28,2023,Serie A,Bologna,Udinese,1 - 1,0 - 1,X,2,Evet
2024-04-28,2023,Serie A,Napoli,AS Roma,2 - 2,0 - 0,X,4,Evet
2024-04-28,2023,Serie A,Atalanta,Empoli,2 - 0,1 - 0,1,2,Yok
2024-04-28,2023,Serie A,Fiorentina,Sassuolo,5 - 1,1 - 0,1,6,Evet
2024-04-29,2023,Serie A,Genoa,Cagliari,3 - 0,2 - 0,1,3,Yok
2024-05-03,2023,Serie A,Torino,Bologna,0 - 0,0 - 0,X,0,Yok
2024-05-04,2023,Serie A,Monza,Lazio,2 - 2,0 - 1,X,4,Evet
2024-05-04,2023,Serie A,Sassuolo,Inter,1 - 0,1 - 0,1,1,Yok
2024-05-05,2023,Serie A,Cagliari,Lecce,1 - 1,1 - 0,X,2,Evet
2024-05-05,2023,Serie A,Hellas Verona,Fiorentina,2 - 1,1 - 1,1,3,Evet
2024-05-05,2023,Serie A,Empoli,Frosinone,0 - 0,0 - 0,X,0,Yok
2024-05-05,2023,Serie A,AC Milan,Genoa,3 - 3,1 - 1,X,6,Evet
2024-05-05,2023,Serie A,AS Roma,Juventus,1 - 1,1 - 1,X,2,Evet
2024-05-06,2023,Serie A,Salernitana,Atalanta,1 - 2,1 - 0,2,3,Evet
2024-05-06,2023,Serie A,Udinese,Napoli,1 - 1,0 - 0,X,2,Evet
2024-05-10,2023,Serie A,Frosinone,Inter,0 - 5,0 - 1,2,5,Yok
2024-05-11,2023,Serie A,Napoli,Bologna,0 - 2,0 - 2,2,2,Yok
2024-05-11,2023,Serie A,AC Milan,Cagliari,5 - 1,1 - 0,1,6,Evet
2024-05-12,2023,Serie A,Lazio,Empoli,2 - 0,1 - 0,1,2,Yok
2024-05-12,2023,Serie A,Genoa,Sassuolo,2 - 1,0 - 1,1,3,Evet
2024-05-12,2023,Serie A,Hellas Verona,Torino,1 - 2,0 - 0,2,3,Evet
2024-05-12,2023,Serie A,Juventus,Salernitana,1 - 1,0 - 1,X,2,Evet
2024-05-12,2023,Serie A,Atalanta,AS Roma,2 - 1,2 - 0,1,3,Evet
2024-05-13,2023,Serie A,Lecce,Udinese,0 - 2,0 - 1,2,2,Yok
2024-05-13,2023,Serie A,Fiorentina,Monza,2 - 1,1 - 1,1,3,Evet
2024-05-17,2023,Serie A,Fiorentina,Napoli,2 - 2,2 - 1,X,4,Evet
2024-05-18,2023,Serie A,Lecce,Atalanta,0 - 2,0 - 0,2,2,Yok
2024-05-18,2023,Serie A,Torino,AC Milan,3 - 1,2 - 0,1,4,Evet
2024-05-19,2023,Serie A,Sassuolo,Cagliari,0 - 2,0 - 0,2,2,Yok
2024-05-19,2023,Serie A,Udinese,Empoli,1 - 1,0 - 0,X,2,Evet
2024-05-19,2023,Serie A,Monza,Frosinone,0 - 1,0 - 1,2,1,Yok
2024-05-19,2023,Serie A,Inter,Lazio,1 - 1,0 - 1,X,2,Evet
2024-05-19,2023,Serie A,AS Roma,Genoa,1 - 0,0 - 0,1,1,Yok
2024-05-20,2023,Serie A,Salernitana,Hellas Verona,1 - 2,0 - 2,2,3,Evet
2024-05-20,2023,Serie A,Bologna,Juventus,3 - 3,2 - 0,X,6,Evet
2024-05-23,2023,Serie A,Cagliari,Fiorentina,2 - 3,0 - 1,2,5,Evet
2024-05-24,2023,Serie A,Genoa,Bologna,2 - 0,1 - 0,1,2,Yok
2024-05-25,2023,Serie A,Juventus,Monza,2 - 0,2 - 0,1,2,Yok
2024-05-25,2023,Serie A,AC Milan,Salernitana,3 - 3,2 - 0,X,6,Evet
2024-05-26,2023,Serie A,Napoli,Lecce,0 - 0,0 - 0,X,0,Yok
2024-05-26,2023,Serie A,Atalanta,Torino,3 - 0,2 - 0,1,3,Yok
2024-05-26,2023,Serie A,Lazio,Sassuolo,1 - 1,0 - 0,X,2,Evet
2024-05-26,2023,Serie A,Hellas Verona,Inter,2 - 2,2 - 2,X,4,Evet
2024-05-26,2023,Serie A,Empoli,AS Roma,2 - 1,1 - 1,1,3,Evet
2024-05-26,2023,Serie A,Frosinone,Udinese,0 - 1,0 - 0,2,1,Yok
2024-06-02,2023,Serie A,Atalanta,Fiorentina,2 - 3,2 - 3,2,5,Evet
2022-08-13,2022,Serie A,AC Milan,Udinese,4 - 2,2 - 2,1,6,Evet
2022-08-13,2022,Serie A,Sampdoria,Atalanta,0 - 2,0 - 1,2,2,Yok
2022-08-13,2022,Serie A,Lecce,Inter,1 - 2,0 - 1,2,3,Evet
2022-08-13,2022,Serie A,Monza,Torino,1 - 2,0 - 1,2,3,Evet
2022-08-14,2022,Serie A,Lazio,Bologna,2 - 1,0 - 1,1,3,Evet
2022-08-14,2022,Serie A,Fiorentina,Cremonese,3 - 2,2 - 1,1,5,Evet
2022-08-14,2022,Serie A,Salernitana,AS Roma,0 - 1,0 - 1,2,1,Yok
2022-08-14,2022,Serie A,Spezia,Empoli,1 - 0,1 - 0,1,1,Yok
2022-08-15,2022,Serie A,Hellas Verona,Napoli,2 - 5,1 - 2,2,7,Evet
2022-08-15,2022,Serie A,Juventus,Sassuolo,3 - 0,2 - 0,1,3,Yok
2022-08-20,2022,Serie A,Udinese,Salernitana,0 - 0,0 - 0,X,0,Yok
2022-08-20,2022,Serie A,Torino,Lazio,0 - 0,0 - 0,X,0,Yok
2022-08-20,2022,Serie A,Sassuolo,Lecce,1 - 0,1 - 0,1,1,Yok
2022-08-20,2022,Serie A,Inter,Spezia,3 - 0,1 - 0,1,3,Yok
2022-08-21,2022,Serie A,Napoli,Monza,4 - 0,2 - 0,1,4,Yok
2022-08-21,2022,Serie A,Empoli,Fiorentina,0 - 0,0 - 0,X,0,Yok
2022-08-21,2022,Serie A,Atalanta,AC Milan,1 - 1,1 - 0,X,2,Evet
2022-08-21,2022,Serie A,Bologna,Hellas Verona,1 - 1,1 - 1,X,2,Evet
2022-08-22,2022,Serie A,AS Roma,Cremonese,1 - 0,0 - 0,1,1,Yok
2022-08-22,2022,Serie A,Sampdoria,Juventus,0 - 0,0 - 0,X,0,Yok
2022-08-26,2022,Serie A,Monza,Udinese,1 - 2,1 - 1,2,3,Evet
2022-08-26,2022,Serie A,Lazio,Inter,3 - 1,1 - 0,1,4,Evet
2022-08-27,2022,Serie A,Juventus,AS Roma,1 - 1,1 - 0,X,2,Evet
2022-08-27,2022,Serie A,Cremonese,Torino,1 - 2,0 - 1,2,3,Evet
2022-08-27,2022,Serie A,AC Milan,Bologna,2 - 0,1 - 0,1,2,Yok
2022-08-27,2022,Serie A,Spezia,Sassuolo,2 - 2,2 - 1,X,4,Evet
2022-08-28,2022,Serie A,Hellas Verona,Atalanta,0 - 1,0 - 0,2,1,Yok
2022-08-28,2022,Serie A,Salernitana,Sampdoria,4 - 0,2 - 0,1,4,Yok
2022-08-28,2022,Serie A,Fiorentina,Napoli,0 - 0,0 - 0,X,0,Yok
2022-08-28,2022,Serie A,Lecce,Empoli,1 - 1,1 - 1,X,2,Evet
2022-08-30,2022,Serie A,Sassuolo,AC Milan,0 - 0,0 - 0,X,0,Yok
2022-08-30,2022,Serie A,AS Roma,Monza,3 - 0,2 - 0,1,3,Yok
2022-08-30,2022,Serie A,Inter,Cremonese,3 - 1,2 - 0,1,4,Evet
2022-08-31,2022,Serie A,Udinese,Fiorentina,1 - 0,1 - 0,1,1,Yok
2022-08-31,2022,Serie A,Sampdoria,Lazio,1 - 1,0 - 1,X,2,Evet
2022-08-31,2022,Serie A,Empoli,Hellas Verona,1 - 1,1 - 0,X,2,Evet
2022-08-31,2022,Serie A,Napoli,Lecce,1 - 1,1 - 1,X,2,Evet
2022-08-31,2022,Serie A,Juventus,Spezia,2 - 0,1 - 0,1,2,Yok
2022-09-01,2022,Serie A,Atalanta,Torino,3 - 1,1 - 0,1,4,Evet
2022-09-01,2022,Serie A,Bologna,Salernitana,1 - 1,0 - 0,X,2,Evet
2022-09-03,2022,Serie A,Fiorentina,Juventus,1 - 1,1 - 1,X,2,Evet
2022-09-03,2022,Serie A,AC Milan,Inter,3 - 2,1 - 1,1,5,Evet
2022-09-03,2022,Serie A,Lazio,Napoli,1 - 2,1 - 1,2,3,Evet
2022-09-04,2022,Serie A,Cremonese,Sassuolo,0 - 0,0 - 0,X,0,Yok
2022-09-04,2022,Serie A,Spezia,Bologna,2 - 2,1 - 1,X,4,Evet
2022-09-04,2022,Serie A,Hellas Verona,Sampdoria,2 - 1,2 - 1,1,3,Evet
2022-09-04,2022,Serie A,Udinese,AS Roma,4 - 0,1 - 0,1,4,Yok
2022-09-05,2022,Serie A,Salernitana,Empoli,2 - 2,1 - 1,X,4,Evet
2022-09-05,2022,Serie A,Monza,Atalanta,0 - 2,0 - 0,2,2,Yok
2022-09-05,2022,Serie A,Torino,Lecce,1 - 0,1 - 0,1,1,Yok
2022-09-10,2022,Serie A,Napoli,Spezia,1 - 0,0 - 0,1,1,Yok
2022-09-10,2022,Serie A,Inter,Torino,1 - 0,0 - 0,1,1,Yok
2022-09-10,2022,Serie A,Sampdoria,AC Milan,1 - 2,0 - 1,2,3,Evet
2022-09-11,2022,Serie A,Atalanta,Cremonese,1 - 1,0 - 0,X,2,Evet
2022-09-11,2022,Serie A,Sassuolo,Udinese,1 - 3,1 - 0,2,4,Evet
2022-09-11,2022,Serie A,Bologna,Fiorentina,2 - 1,0 - 0,1,3,Evet
2022-09-11,2022,Serie A,Lecce,Monza,1 - 1,0 - 1,X,2,Evet
2022-09-11,2022,Serie A,Lazio,Hellas Verona,2 - 0,0 - 0,1,2,Yok
2022-09-11,2022,Serie A,Juventus,Salernitana,2 - 2,0 - 2,X,4,Evet
2022-09-12,2022,Serie A,Empoli,AS Roma,1 - 2,1 - 1,2,3,Evet
2022-09-16,2022,Serie A,Salernitana,Lecce,1 - 2,0 - 1,2,3,Evet
2022-09-17,2022,Serie A,Bologna,Empoli,0 - 1,0 - 0,2,1,Yok
2022-09-17,2022,Serie A,Spezia,Sampdoria,2 - 1,1 - 1,1,3,Evet
2022-09-17,2022,Serie A,Torino,Sassuolo,0 - 1,0 - 0,2,1,Yok
2022-09-18,2022,Serie A,Udinese,Inter,3 - 1,1 - 1,1,4,Evet
2022-09-18,2022,Serie A,Fiorentina,Hellas Verona,2 - 0,1 - 0,1,2,Yok
2022-09-18,2022,Serie A,Cremonese,Lazio,0 - 4,0 - 3,2,4,Yok
2022-09-18,2022,Serie A,Monza,Juventus,1 - 0,0 - 0,1,1,Yok
2022-09-18,2022,Serie A,AS Roma,Atalanta,0 - 1,0 - 1,2,1,Yok
2022-09-18,2022,Serie A,AC Milan,Napoli,1 - 2,0 - 0,2,3,Evet
2022-10-01,2022,Serie A,Napoli,Torino,3 - 1,3 - 1,1,4,Evet
2022-10-01,2022,Serie A,Inter,AS Roma,1 - 2,1 - 1,2,3,Evet
2022-10-01,2022,Serie A,Empoli,AC Milan,1 - 3,0 - 0,2,4,Evet
2022-10-02,2022,Serie A,Lazio,Spezia,4 - 0,2 - 0,1,4,Yok
2022-10-02,2022,Serie A,Sassuolo,Salernitana,5 - 0,2 - 0,1,5,Yok
2022-10-02,2022,Serie A,Sampdoria,Monza,0 - 3,0 - 1,2,3,Yok
2022-10-02,2022,Serie A,Lecce,Cremonese,1 - 1,1 - 1,X,2,Evet
2022-10-02,2022,Serie A,Atalanta,Fiorentina,1 - 0,0 - 0,1,1,Yok
2022-10-02,2022,Serie A,Juventus,Bologna,3 - 0,1 - 0,1,3,Yok
2022-10-03,2022,Serie A,Hellas Verona,Udinese,1 - 2,1 - 0,2,3,Evet
2022-10-08,2022,Serie A,Sassuolo,Inter,1 - 2,0 - 1,2,3,Evet
2022-10-08,2022,Serie A,AC Milan,Juventus,2 - 0,1 - 0,1,2,Yok
2022-10-08,2022,Serie A,Bologna,Sampdoria,1 - 1,1 - 0,X,2,Evet
2022-10-09,2022,Serie A,Torino,Empoli,1 - 1,0 - 0,X,2,Evet
2022-10-09,2022,Serie A,Udinese,Atalanta,2 - 2,0 - 1,X,4,Evet
2022-10-09,2022,Serie A,Salernitana,Hellas Verona,2 - 1,1 - 0,1,3,Evet
2022-10-09,2022,Serie A,Monza,Spezia,2 - 0,1 - 0,1,2,Yok
2022-10-09,2022,Serie A,Cremonese,Napoli,1 - 4,0 - 1,2,5,Evet
2022-10-09,2022,Serie A,AS Roma,Lecce,2 - 1,1 - 1,1,3,Evet
2022-10-10,2022,Serie A,Fiorentina,Lazio,0 - 4,0 - 2,2,4,Yok
2022-10-15,2022,Serie A,Empoli,Monza,1 - 0,1 - 0,1,1,Yok
2022-10-15,2022,Serie A,Torino,Juventus,0 - 1,0 - 0,2,1,Yok
2022-10-15,2022,Serie A,Atalanta,Sassuolo,2 - 1,1 - 1,1,3,Evet
2022-10-16,2022,Serie A,Inter,Salernitana,2 - 0,1 - 0,1,2,Yok
2022-10-16,2022,Serie A,Lazio,Udinese,0 - 0,0 - 0,X,0,Yok
2022-10-16,2022,Serie A,Spezia,Cremonese,2 - 2,2 - 1,X,4,Evet
2022-10-16,2022,Serie A,Napoli,Bologna,3 - 2,1 - 1,1,5,Evet
2022-10-16,2022,Serie A,Hellas Verona,AC Milan,1 - 2,1 - 1,2,3,Evet
2022-10-17,2022,Serie A,Sampdoria,AS Roma,0 - 1,0 - 1,2,1,Yok
2022-10-17,2022,Serie A,Lecce,Fiorentina,1 - 1,1 - 0,X,2,Evet
2022-10-21,2022,Serie A,Juventus,Empoli,4 - 0,1 - 0,1,4,Yok
2022-10-22,2022,Serie A,Salernitana,Spezia,1 - 0,0 - 0,1,1,Yok
2022-10-22,2022,Serie A,AC Milan,Monza,4 - 1,2 - 0,1,5,Evet
2022-10-22,2022,Serie A,Fiorentina,Inter,3 - 4,1 - 2,2,7,Evet
2022-10-23,2022,Serie A,Udinese,Torino,1 - 2,1 - 1,2,3,Evet
2022-10-23,2022,Serie A,Bologna,Lecce,2 - 0,2 - 0,1,2,Yok
2022-10-23,2022,Serie A,Atalanta,Lazio,0 - 2,0 - 1,2,2,Yok
2022-10-23,2022,Serie A,AS Roma,Napoli,0 - 1,0 - 0,2,1,Yok
2022-10-24,2022,Serie A,Cremonese,Sampdoria,0 - 1,0 - 0,2,1,Yok
2022-10-24,2022,Serie A,Sassuolo,Hellas Verona,2 - 1,1 - 1,1,3,Evet
2022-10-29,2022,Serie A,Napoli,Sassuolo,4 - 0,3 - 0,1,4,Yok
2022-10-29,2022,Serie A,Lecce,Juventus,0 - 1,0 - 0,2,1,Yok
2022-10-29,2022,Serie A,Inter,Sampdoria,3 - 0,2 - 0,1,3,Yok
2022-10-30,2022,Serie A,Empoli,Atalanta,0 - 2,0 - 1,2,2,Yok
2022-10-30,2022,Serie A,Spezia,Fiorentina,1 - 2,1 - 1,2,3,Evet
2022-10-30,2022,Serie A,Cremonese,Udinese,0 - 0,0 - 0,X,0,Yok
2022-10-30,2022,Serie A,Lazio,Salernitana,1 - 3,1 - 0,2,4,Evet
2022-10-30,2022,Serie A,Torino,AC Milan,2 - 1,2 - 0,1,3,Evet
2022-10-31,2022,Serie A,Hellas Verona,AS Roma,1 - 3,1 - 1,2,4,Evet
2022-10-31,2022,Serie A,Monza,Bologna,1 - 2,0 - 0,2,3,Evet
2022-11-04,2022,Serie A,Udinese,Lecce,1 - 1,0 - 1,X,2,Evet
2022-11-05,2022,Serie A,Empoli,Sassuolo,1 - 0,0 - 0,1,1,Yok
2022-11-05,2022,Serie A,Salernitana,Cremonese,2 - 2,2 - 1,X,4,Evet
2022-11-05,2022,Serie A,Atalanta,Napoli,1 - 2,1 - 2,2,3,Evet
2022-11-05,2022,Serie A,AC Milan,Spezia,2 - 1,1 - 0,1,3,Evet
2022-11-06,2022,Serie A,Bologna,Torino,2 - 1,0 - 1,1,3,Evet
2022-11-06,2022,Serie A,Sampdoria,Fiorentina,0 - 2,0 - 1,2,2,Yok
2022-11-06,2022,Serie A,Monza,Hellas Verona,2 - 0,0 - 0,1,2,Yok
2022-11-06,2022,Serie A,AS Roma,Lazio,0 - 1,0 - 1,2,1,Yok
2022-11-06,2022,Serie A,Juventus,Inter,2 - 0,0 - 0,1,2,Yok
2022-11-08,2022,Serie A,Napoli,Empoli,2 - 0,0 - 0,1,2,Yok
2022-11-08,2022,Serie A,Spezia,Udinese,1 - 1,1 - 1,X,2,Evet
2022-11-08,2022,Serie A,Cremonese,AC Milan,0 - 0,0 - 0,X,0,Yok
2022-11-09,2022,Serie A,Sassuolo,AS Roma,1 - 1,0 - 0,X,2,Evet
2022-11-09,2022,Serie A,Lecce,Atalanta,2 - 1,2 - 1,1,3,Evet
2022-11-09,2022,Serie A,Fiorentina,Salernitana,2 - 1,1 - 0,1,3,Evet
2022-11-09,2022,Serie A,Torino,Sampdoria,2 - 0,1 - 0,1,2,Yok
2022-11-09,2022,Serie A,Inter,Bologna,6 - 1,3 - 1,1,7,Evet
2022-11-10,2022,Serie A,Hellas Verona,Juventus,0 - 1,0 - 0,2,1,Yok
2022-11-10,2022,Serie A,Lazio,Monza,1 - 0,0 - 0,1,1,Yok
2022-11-11,2022,Serie A,Empoli,Cremonese,2 - 0,0 - 0,1,2,Yok
2022-11-12,2022,Serie A,Napoli,Udinese,3 - 2,2 - 0,1,5,Evet
2022-11-12,2022,Serie A,Sampdoria,Lecce,0 - 2,0 - 1,2,2,Yok
2022-11-12,2022,Serie A,Bologna,Sassuolo,3 - 0,1 - 0,1,3,Yok
2022-11-13,2022,Serie A,Atalanta,Inter,2 - 3,1 - 1,2,5,Evet
2022-11-13,2022,Serie A,AS Roma,Torino,1 - 1,0 - 0,X,2,Evet
2022-11-13,2022,Serie A,Hellas Verona,Spezia,1 - 2,1 - 0,2,3,Evet
2022-11-13,2022,Serie A,Monza,Salernitana,3 - 0,2 - 0,1,3,Yok
2022-11-13,2022,Serie A,AC Milan,Fiorentina,2 - 1,1 - 1,1,3,Evet
2022-11-13,2022,Serie A,Juventus,Lazio,3 - 0,1 - 0,1,3,Yok
2023-01-04,2022,Serie A,Sassuolo,Sampdoria,1 - 2,0 - 2,2,3,Evet
2023-01-04,2022,Serie A,Salernitana,AC Milan,1 - 2,0 - 2,2,3,Evet
2023-01-04,2022,Serie A,Torino,Hellas Verona,1 - 1,0 - 1,X,2,Evet
2023-01-04,2022,Serie A,Spezia,Atalanta,2 - 2,2 - 0,X,4,Evet
2023-01-04,2022,Serie A,AS Roma,Bologna,1 - 0,1 - 0,1,1,Yok
2023-01-04,2022,Serie A,Lecce,Lazio,2 - 1,0 - 1,1,3,Evet
2023-01-04,2022,Serie A,Fiorentina,Monza,1 - 1,1 - 0,X,2,Evet
2023-01-04,2022,Serie A,Cremonese,Juventus,0 - 1,0 - 0,2,1,Yok
2023-01-04,2022,Serie A,Udinese,Empoli,1 - 1,0 - 1,X,2,Evet
2023-01-04,2022,Serie A,Inter,Napoli,1 - 0,0 - 0,1,1,Yok
2023-01-07,2022,Serie A,Fiorentina,Sassuolo,2 - 1,0 - 0,1,3,Evet
2023-01-07,2022,Serie A,Juventus,Udinese,1 - 0,0 - 0,1,1,Yok
2023-01-07,2022,Serie A,Monza,Inter,2 - 2,1 - 2,X,4,Evet
2023-01-08,2022,Serie A,Salernitana,Torino,1 - 1,0 - 1,X,2,Evet
2023-01-08,2022,Serie A,Lazio,Empoli,2 - 2,1 - 0,X,4,Evet
2023-01-08,2022,Serie A,Spezia,Lecce,0 - 0,0 - 0,X,0,Yok
2023-01-08,2022,Serie A,Sampdoria,Napoli,0 - 2,0 - 1,2,2,Yok
2023-01-08,2022,Serie A,AC Milan,AS Roma,2 - 2,1 - 0,X,4,Evet
2023-01-09,2022,Serie A,Hellas Verona,Cremonese,2 - 0,2 - 0,1,2,Yok
2023-01-09,2022,Serie A,Bologna,Atalanta,1 - 2,1 - 0,2,3,Evet
2023-01-13,2022,Serie A,Napoli,Juventus,5 - 1,2 - 1,1,6,Evet
2023-01-14,2022,Serie A,Cremonese,Monza,2 - 3,0 - 2,2,5,Evet
2023-01-14,2022,Serie A,Lecce,AC Milan,2 - 2,2 - 0,X,4,Evet
2023-01-14,2022,Serie A,Inter,Hellas Verona,1 - 0,1 - 0,1,1,Yok
2023-01-15,2022,Serie A,Sassuolo,Lazio,0 - 2,0 - 1,2,2,Yok
2023-01-15,2022,Serie A,Udinese,Bologna,1 - 2,1 - 0,2,3,Evet
2023-01-15,2022,Serie A,Torino,Spezia,0 - 1,0 - 1,2,1,Yok
2023-01-15,2022,Serie A,Atalanta,Salernitana,8 - 2,5 - 1,1,10,Evet
2023-01-15,2022,Serie A,AS Roma,Fiorentina,2 - 0,1 - 0,1,2,Yok
2023-01-16,2022,Serie A,Empoli,Sampdoria,1 - 0,0 - 0,1,1,Yok
2023-01-21,2022,Serie A,Hellas Verona,Lecce,2 - 0,1 - 0,1,2,Yok
2023-01-21,2022,Serie A,Salernitana,Napoli,0 - 2,0 - 1,2,2,Yok
2023-01-21,2022,Serie A,Fiorentina,Torino,0 - 1,0 - 1,2,1,Yok
2023-01-22,2022,Serie A,Sampdoria,Udinese,0 - 1,0 - 0,2,1,Yok
2023-01-22,2022,Serie A,Monza,Sassuolo,1 - 1,0 - 1,X,2,Evet
2023-01-22,2022,Serie A,Spezia,AS Roma,0 - 2,0 - 1,2,2,Yok
2023-01-22,2022,Serie A,Juventus,Atalanta,3 - 3,2 - 1,X,6,Evet
2023-01-23,2022,Serie A,Bologna,Cremonese,1 - 1,0 - 0,X,2,Evet
2023-01-23,2022,Serie A,Inter,Empoli,0 - 1,0 - 0,2,1,Yok
2023-01-24,2022,Serie A,Lazio,AC Milan,4 - 0,2 - 0,1,4,Yok
2023-01-27,2022,Serie A,Bologna,Spezia,2 - 0,1 - 0,1,2,Yok
2023-01-27,2022,Serie A,Lecce,Salernitana,1 - 2,1 - 2,2,3,Evet
2023-01-28,2022,Serie A,Empoli,Torino,2 - 2,1 - 0,X,4,Evet
2023-01-28,2022,Serie A,Cremonese,Inter,1 - 2,1 - 1,2,3,Evet
2023-01-28,2022,Serie A,Atalanta,Sampdoria,2 - 0,1 - 0,1,2,Yok
2023-01-29,2022,Serie A,AC Milan,Sassuolo,2 - 5,1 - 3,2,7,Evet
2023-01-29,2022,Serie A,Juventus,Monza,0 - 2,0 - 2,2,2,Yok
2023-01-29,2022,Serie A,Lazio,Fiorentina,1 - 1,1 - 0,X,2,Evet
2023-01-29,2022,Serie A,Napoli,AS Roma,2 - 1,1 - 0,1,3,Evet
2023-01-30,2022,Serie A,Udinese,Hellas Verona,1 - 1,1 - 1,X,2,Evet
2023-02-04,2022,Serie A,Cremonese,Lecce,0 - 2,0 - 0,2,2,Yok
2023-02-04,2022,Serie A,AS Roma,Empoli,2 - 0,2 - 0,1,2,Yok
2023-02-04,2022,Serie A,Sassuolo,Atalanta,1 - 0,0 - 0,1,1,Yok
2023-02-05,2022,Serie A,Spezia,Napoli,0 - 3,0 - 0,2,3,Yok
2023-02-05,2022,Serie A,Torino,Udinese,1 - 0,0 - 0,1,1,Yok
2023-02-05,2022,Serie A,Fiorentina,Bologna,1 - 2,1 - 1,2,3,Evet
2023-02-05,2022,Serie A,Inter,AC Milan,1 - 0,1 - 0,1,1,Yok
2023-02-06,2022,Serie A,Hellas Verona,Lazio,1 - 1,0 - 1,X,2,Evet
2023-02-06,2022,Serie A,Monza,Sampdoria,2 - 2,1 - 1,X,4,Evet
2023-02-07,2022,Serie A,Salernitana,Juventus,0 - 3,0 - 2,2,3,Yok
2023-02-10,2022,Serie A,AC Milan,Torino,1 - 0,0 - 0,1,1,Yok
2023-02-11,2022,Serie A,Empoli,Spezia,2 - 2,0 - 2,X,4,Evet
2023-02-11,2022,Serie A,Lecce,AS Roma,1 - 1,1 - 1,X,2,Evet
2023-02-11,2022,Serie A,Lazio,Atalanta,0 - 2,0 - 1,2,2,Yok
2023-02-12,2022,Serie A,Udinese,Sassuolo,2 - 2,2 - 2,X,4,Evet
2023-02-12,2022,Serie A,Bologna,Monza,0 - 1,0 - 1,2,1,Yok
2023-02-12,2022,Serie A,Juventus,Fiorentina,1 - 0,1 - 0,1,1,Yok
2023-02-12,2022,Serie A,Napoli,Cremonese,3 - 0,1 - 0,1,3,Yok
2023-02-13,2022,Serie A,Hellas Verona,Salernitana,1 - 0,1 - 0,1,1,Yok
2023-02-13,2022,Serie A,Sampdoria,Inter,0 - 0,0 - 0,X,0,Yok
2023-02-17,2022,Serie A,Sassuolo,Napoli,0 - 2,0 - 2,2,2,Yok
2023-02-18,2022,Serie A,Sampdoria,Bologna,1 - 2,0 - 1,2,3,Evet
2023-02-18,2022,Serie A,Monza,AC Milan,0 - 1,0 - 1,2,1,Yok
2023-02-18,2022,Serie A,Inter,Udinese,3 - 1,1 - 1,1,4,Evet
2023-02-19,2022,Serie A,Atalanta,Lecce,1 - 2,0 - 1,2,3,Evet
2023-02-19,2022,Serie A,Fiorentina,Empoli,1 - 1,0 - 1,X,2,Evet
2023-02-19,2022,Serie A,Salernitana,Lazio,0 - 2,0 - 0,2,2,Yok
2023-02-19,2022,Serie A,Spezia,Juventus,0 - 2,0 - 1,2,2,Yok
2023-02-19,2022,Serie A,AS Roma,Hellas Verona,1 - 0,1 - 0,1,1,Yok
2023-02-20,2022,Serie A,Torino,Cremonese,2 - 2,1 - 0,X,4,Evet
2023-02-25,2022,Serie A,Empoli,Napoli,0 - 2,0 - 2,2,2,Yok
2023-02-25,2022,Serie A,Lecce,Sassuolo,0 - 1,0 - 0,2,1,Yok
2023-02-26,2022,Serie A,Bologna,Inter,1 - 0,0 - 0,1,1,Yok
2023-02-26,2022,Serie A,Salernitana,Monza,3 - 0,0 - 0,1,3,Yok
2023-02-26,2022,Serie A,Udinese,Spezia,2 - 2,1 - 1,X,4,Evet
2023-02-26,2022,Serie A,AC Milan,Atalanta,2 - 0,1 - 0,1,2,Yok
2023-02-27,2022,Serie A,Hellas Verona,Fiorentina,0 - 3,0 - 2,2,3,Yok
2023-02-27,2022,Serie A,Lazio,Sampdoria,1 - 0,0 - 0,1,1,Yok
2023-02-28,2022,Serie A,Cremonese,AS Roma,2 - 1,1 - 0,1,3,Evet
2023-02-28,2022,Serie A,Juventus,Torino,4 - 2,2 - 2,1,6,Evet
2023-03-03,2022,Serie A,Napoli,Lazio,0 - 1,0 - 0,2,1,Yok
2023-03-04,2022,Serie A,Monza,Empoli,2 - 1,1 - 0,1,3,Evet
2023-03-04,2022,Serie A,Atalanta,Udinese,0 - 0,0 - 0,X,0,Yok
2023-03-04,2022,Serie A,Fiorentina,AC Milan,2 - 1,0 - 0,1,3,Evet
2023-03-05,2022,Serie A,Spezia,Hellas Verona,0 - 0,0 - 0,X,0,Yok
2023-03-05,2022,Serie A,Sampdoria,Salernitana,0 - 0,0 - 0,X,0,Yok
2023-03-05,2022,Serie A,Inter,Lecce,2 - 0,1 - 0,1,2,Yok
2023-03-05,2022,Serie A,AS Roma,Juventus,1 - 0,0 - 0,1,1,Yok
2023-03-06,2022,Serie A,Sassuolo,Cremonese,3 - 2,2 - 0,1,5,Evet
2023-03-06,2022,Serie A,Torino,Bologna,1 - 0,1 - 0,1,1,Yok
2023-03-10,2022,Serie A,Spezia,Inter,2 - 1,0 - 0,1,3,Evet
2023-03-11,2022,Serie A,Empoli,Udinese,0 - 1,0 - 0,2,1,Yok
2023-03-11,2022,Serie A,Napoli,Atalanta,2 - 0,0 - 0,1,2,Yok
2023-03-11,2022,Serie A,Bologna,Lazio,0 - 0,0 - 0,X,0,Yok
2023-03-12,2022,Serie A,Lecce,Torino,0 - 2,0 - 2,2,2,Yok
2023-03-12,2022,Serie A,Hellas Verona,Monza,1 - 1,0 - 0,X,2,Evet
2023-03-12,2022,Serie A,Cremonese,Fiorentina,0 - 2,0 - 1,2,2,Yok
2023-03-12,2022,Serie A,AS Roma,Sassuolo,3 - 4,1 - 3,2,7,Evet
2023-03-12,2022,Serie A,Juventus,Sampdoria,4 - 2,2 - 2,1,6,Evet
2023-03-13,2022,Serie A,AC Milan,Salernitana,1 - 1,1 - 0,X,2,Evet
2023-03-17,2022,Serie A,Sassuolo,Spezia,1 - 0,0 - 0,1,1,Yok
2023-03-17,2022,Serie A,Atalanta,Empoli,2 - 1,0 - 1,1,3,Evet
2023-03-18,2022,Serie A,Monza,Cremonese,1 - 1,0 - 0,X,2,Evet
2023-03-18,2022,Serie A,Salernitana,Bologna,2 - 2,1 - 1,X,4,Evet
2023-03-18,2022,Serie A,Udinese,AC Milan,3 - 1,2 - 1,1,4,Evet
2023-03-19,2022,Serie A,Sampdoria,Hellas Verona,3 - 1,2 - 0,1,4,Evet
2023-03-19,2022,Serie A,Fiorentina,Lecce,1 - 0,1 - 0,1,1,Yok
2023-03-19,2022,Serie A,Torino,Napoli,0 - 4,0 - 2,2,4,Yok
2023-03-19,2022,Serie A,Lazio,AS Roma,1 - 0,0 - 0,1,1,Yok
2023-03-19,2022,Serie A,Inter,Juventus,0 - 1,0 - 1,2,1,Yok
2023-04-01,2022,Serie A,Cremonese,Atalanta,1 - 3,0 - 1,2,4,Evet
2023-04-01,2022,Serie A,Inter,Fiorentina,0 - 1,0 - 0,2,1,Yok
2023-04-01,2022,Serie A,Juventus,Hellas Verona,1 - 0,0 - 0,1,1,Yok
2023-04-02,2022,Serie A,Bologna,Udinese,3 - 0,2 - 0,1,3,Yok
2023-04-02,2022,Serie A,Spezia,Salernitana,1 - 1,0 - 1,X,2,Evet
2023-04-02,2022,Serie A,Monza,Lazio,0 - 2,0 - 1,2,2,Yok
2023-04-02,2022,Serie A,AS Roma,Sampdoria,3 - 0,0 - 0,1,3,Yok
2023-04-02,2022,Serie A,Napoli,AC Milan,0 - 4,0 - 2,2,4,Yok
2023-04-03,2022,Serie A,Empoli,Lecce,1 - 0,0 - 0,1,1,Yok
2023-04-03,2022,Serie A,Sassuolo,Torino,1 - 1,1 - 0,X,2,Evet
2023-04-07,2022,Serie A,Salernitana,Inter,1 - 1,0 - 1,X,2,Evet
2023-04-07,2022,Serie A,Lecce,Napoli,1 - 2,0 - 1,2,3,Evet
2023-04-07,2022,Serie A,AC Milan,Empoli,0 - 0,0 - 0,X,0,Yok
2023-04-08,2022,Serie A,Udinese,Monza,2 - 2,1 - 0,X,4,Evet
2023-04-08,2022,Serie A,Fiorentina,Spezia,1 - 1,1 - 1,X,2,Evet
2023-04-08,2022,Serie A,Sampdoria,Cremonese,2 - 3,1 - 1,2,5,Evet
2023-04-08,2022,Serie A,Atalanta,Bologna,0 - 2,0 - 0,2,2,Yok
2023-04-08,2022,Serie A,Torino,AS Roma,0 - 1,0 - 1,2,1,Yok
2023-04-08,2022,Serie A,Hellas Verona,Sassuolo,2 - 1,0 - 1,1,3,Evet
2023-04-08,2022,Serie A,Lazio,Juventus,2 - 1,1 - 1,1,3,Evet
2023-04-14,2022,Serie A,Cremonese,Empoli,1 - 0,1 - 0,1,1,Yok
2023-04-14,2022,Serie A,Spezia,Lazio,0 - 3,0 - 1,2,3,Yok
2023-04-15,2022,Serie A,Bologna,AC Milan,1 - 1,1 - 1,X,2,Evet
2023-04-15,2022,Serie A,Napoli,Hellas Verona,0 - 0,0 - 0,X,0,Yok
2023-04-15,2022,Serie A,Inter,Monza,0 - 1,0 - 0,2,1,Yok
2023-04-16,2022,Serie A,Lecce,Sampdoria,1 - 1,1 - 0,X,2,Evet
2023-04-16,2022,Serie A,Torino,Salernitana,1 - 1,0 - 1,X,2,Evet
2023-04-16,2022,Serie A,Sassuolo,Juventus,1 - 0,0 - 0,1,1,Yok
2023-04-16,2022,Serie A,AS Roma,Udinese,3 - 0,1 - 0,1,3,Yok
2023-04-17,2022,Serie A,Fiorentina,Atalanta,1 - 1,0 - 1,X,2,Evet
2023-04-21,2022,Serie A,Hellas Verona,Bologna,2 - 1,1 - 0,1,3,Evet
2023-04-22,2022,Serie A,Salernitana,Sassuolo,3 - 0,2 - 0,1,3,Yok
2023-04-22,2022,Serie A,Lazio,Torino,0 - 1,0 - 1,2,1,Yok
2023-04-22,2022,Serie A,Sampdoria,Spezia,1 - 1,1 - 0,X,2,Evet
2023-04-23,2022,Serie A,Empoli,Inter,0 - 3,0 - 0,2,3,Yok
2023-04-23,2022,Serie A,Udinese,Cremonese,3 - 0,3 - 0,1,3,Yok
2023-04-23,2022,Serie A,Monza,Fiorentina,3 - 2,2 - 2,1,5,Evet
2023-04-23,2022,Serie A,AC Milan,Lecce,2 - 0,1 - 0,1,2,Yok
2023-04-23,2022,Serie A,Juventus,Napoli,0 - 1,0 - 0,2,1,Yok
2023-04-24,2022,Serie A,Atalanta,AS Roma,3 - 1,1 - 0,1,4,Evet
2023-04-28,2022,Serie A,Lecce,Udinese,1 - 0,0 - 0,1,1,Yok
2023-04-28,2022,Serie A,Spezia,Monza,0 - 2,0 - 1,2,2,Yok
2023-04-29,2022,Serie A,AS Roma,AC Milan,1 - 1,0 - 0,X,2,Evet
2023-04-29,2022,Serie A,Torino,Atalanta,1 - 2,0 - 1,2,3,Evet
2023-04-30,2022,Serie A,Inter,Lazio,3 - 1,0 - 1,1,4,Evet
2023-04-30,2022,Serie A,Sassuolo,Empoli,2 - 1,0 - 1,1,3,Evet
2023-04-30,2022,Serie A,Napoli,Salernitana,1 - 1,0 - 0,X,2,Evet
2023-04-30,2022,Serie A,Cremonese,Hellas Verona,1 - 1,1 - 0,X,2,Evet
2023-04-30,2022,Serie A,Fiorentina,Sampdoria,5 - 0,1 - 0,1,5,Yok
2023-04-30,2022,Serie A,Bologna,Juventus,1 - 1,1 - 0,X,2,Evet
2023-05-03,2022,Serie A,Juventus,Lecce,2 - 1,2 - 1,1,3,Evet
2023-05-03,2022,Serie A,Sampdoria,Torino,0 - 2,0 - 1,2,2,Yok
2023-05-03,2022,Serie A,Atalanta,Spezia,3 - 2,1 - 1,1,5,Evet
2023-05-03,2022,Serie A,Salernitana,Fiorentina,3 - 3,1 - 1,X,6,Evet
2023-05-03,2022,Serie A,Lazio,Sassuolo,2 - 0,1 - 0,1,2,Yok
2023-05-03,2022,Serie A,AC Milan,Cremonese,1 - 1,0 - 0,X,2,Evet
2023-05-03,2022,Serie A,Hellas Verona,Inter,0 - 6,0 - 3,2,6,Yok
2023-05-03,2022,Serie A,Monza,AS Roma,1 - 1,1 - 1,X,2,Evet
2023-05-04,2022,Serie A,Udinese,Napoli,1 - 1,1 - 0,X,2,Evet
2023-05-04,2022,Serie A,Empoli,Bologna,3 - 1,2 - 0,1,4,Evet
2023-05-06,2022,Serie A,AC Milan,Lazio,2 - 0,2 - 0,1,2,Yok
2023-05-06,2022,Serie A,AS Roma,Inter,0 - 2,0 - 1,2,2,Yok
2023-05-06,2022,Serie A,Cremonese,Spezia,2 - 0,1 - 0,1,2,Yok
2023-05-07,2022,Serie A,Atalanta,Juventus,0 - 2,0 - 0,2,2,Yok
2023-05-07,2022,Serie A,Torino,Monza,1 - 1,0 - 0,X,2,Evet
2023-05-07,2022,Serie A,Napoli,Fiorentina,1 - 0,0 - 0,1,1,Yok
2023-05-07,2022,Serie A,Lecce,Hellas Verona,0 - 1,0 - 0,2,1,Yok
2023-05-08,2022,Serie A,Udinese,Sampdoria,2 - 0,2 - 0,1,2,Yok
2023-05-08,2022,Serie A,Empoli,Salernitana,2 - 1,1 - 0,1,3,Evet
2023-05-08,2022,Serie A,Sassuolo,Bologna,1 - 1,1 - 1,X,2,Evet
2023-05-12,2022,Serie A,Lazio,Lecce,2 - 2,1 - 1,X,4,Evet
2023-05-13,2022,Serie A,Salernitana,Atalanta,1 - 0,0 - 0,1,1,Yok
2023-05-13,2022,Serie A,Spezia,AC Milan,2 - 0,0 - 0,1,2,Yok
2023-05-13,2022,Serie A,Inter,Sassuolo,4 - 2,1 - 0,1,6,Evet
2023-05-14,2022,Serie A,Hellas Verona,Torino,0 - 1,0 - 1,2,1,Yok
2023-05-14,2022,Serie A,Fiorentina,Udinese,2 - 0,1 - 0,1,2,Yok
2023-05-14,2022,Serie A,Monza,Napoli,2 - 0,1 - 0,1,2,Yok
2023-05-14,2022,Serie A,Bologna,AS Roma,0 - 0,0 - 0,X,0,Yok
2023-05-14,2022,Serie A,Juventus,Cremonese,2 - 0,0 - 0,1,2,Yok
2023-05-15,2022,Serie A,Sampdoria,Empoli,1 - 1,1 - 0,X,2,Evet
2023-05-19,2022,Serie A,Sassuolo,Monza,1 - 2,1 - 0,2,3,Evet
2023-05-20,2022,Serie A,Cremonese,Bologna,1 - 5,0 - 3,2,6,Evet
2023-05-20,2022,Serie A,Atalanta,Hellas Verona,3 - 1,1 - 1,1,4,Evet
2023-05-20,2022,Serie A,AC Milan,Sampdoria,5 - 1,3 - 1,1,6,Evet
2023-05-21,2022,Serie A,Lecce,Spezia,0 - 0,0 - 0,X,0,Yok
2023-05-21,2022,Serie A,Torino,Fiorentina,1 - 1,0 - 0,X,2,Evet
2023-05-21,2022,Serie A,Napoli,Inter,3 - 1,0 - 0,1,4,Evet
2023-05-21,2022,Serie A,Udinese,Lazio,0 - 1,0 - 0,2,1,Yok
2023-05-22,2022,Serie A,AS Roma,Salernitana,2 - 2,0 - 1,X,4,Evet
2023-05-22,2022,Serie A,Empoli,Juventus,4 - 1,2 - 0,1,5,Evet
2023-05-26,2022,Serie A,Sampdoria,Sassuolo,2 - 2,1 - 2,X,4,Evet
2023-05-27,2022,Serie A,Salernitana,Udinese,3 - 2,1 - 2,1,5,Evet
2023-05-27,2022,Serie A,Spezia,Torino,0 - 4,0 - 1,2,4,Yok
2023-05-27,2022,Serie A,Fiorentina,AS Roma,2 - 1,0 - 1,1,3,Evet
2023-05-27,2022,Serie A,Inter,Atalanta,3 - 2,2 - 1,1,5,Evet
2023-05-28,2022,Serie A,Hellas Verona,Empoli,1 - 1,0 - 0,X,2,Evet
2023-05-28,2022,Serie A,Bologna,Napoli,2 - 2,0 - 1,X,4,Evet
2023-05-28,2022,Serie A,Monza,Lecce,0 - 1,0 - 0,2,1,Yok
2023-05-28,2022,Serie A,Lazio,Cremonese,3 - 2,2 - 0,1,5,Evet
2023-05-28,2022,Serie A,Juventus,AC Milan,0 - 1,0 - 1,2,1,Yok
2023-06-02,2022,Serie A,Sassuolo,Fiorentina,1 - 3,0 - 0,2,4,Evet
2023-06-03,2022,Serie A,Torino,Inter,0 - 1,0 - 1,2,1,Yok
2023-06-03,2022,Serie A,Empoli,Lazio,0 - 2,0 - 0,2,2,Yok
2023-06-03,2022,Serie A,Cremonese,Salernitana,2 - 0,1 - 0,1,2,Yok
2023-06-04,2022,Serie A,Napoli,Sampdoria,2 - 0,0 - 0,1,2,Yok
2023-06-04,2022,Serie A,AC Milan,Hellas Verona,3 - 1,1 - 0,1,4,Evet
2023-06-04,2022,Serie A,Udinese,Juventus,0 - 1,0 - 0,2,1,Yok
2023-06-04,2022,Serie A,AS Roma,Spezia,2 - 1,1 - 1,1,3,Evet
2023-06-04,2022,Serie A,Atalanta,Monza,5 - 2,2 - 0,1,7,Evet
2023-06-04,2022,Serie A,Lecce,Bologna,2 - 3,1 - 0,2,5,Evet
2023-06-11,2022,Serie A,Spezia,Hellas Verona,1 - 3,1 - 3,2,4,Evet
2021-08-21,2021,Serie A,Hellas Verona,Sassuolo,2 - 3,0 - 1,2,5,Evet
2021-08-21,2021,Serie A,Inter,Genoa,4 - 0,2 - 0,1,4,Yok
2021-08-21,2021,Serie A,Torino,Atalanta,1 - 2,0 - 1,2,3,Evet
2021-08-21,2021,Serie A,Empoli,Lazio,1 - 3,1 - 3,2,4,Evet
2021-08-22,2021,Serie A,Udinese,Juventus,2 - 2,0 - 2,X,4,Evet
2021-08-22,2021,Serie A,Bologna,Salernitana,3 - 2,0 - 0,1,5,Evet
2021-08-22,2021,Serie A,Napoli,Venezia,2 - 0,0 - 0,1,2,Yok
2021-08-22,2021,Serie A,AS Roma,Fiorentina,3 - 1,1 - 0,1,4,Evet
2021-08-23,2021,Serie A,Cagliari,Spezia,2 - 2,0 - 1,X,4,Evet
2021-08-23,2021,Serie A,Sampdoria,AC Milan,0 - 1,0 - 1,2,1,Yok
2021-08-27,2021,Serie A,Udinese,Venezia,3 - 0,1 - 0,1,3,Yok
2021-08-27,2021,Serie A,Hellas Verona,Inter,1 - 3,1 - 0,2,4,Evet
2021-08-28,2021,Serie A,Lazio,Spezia,6 - 1,3 - 1,1,7,Evet
2021-08-28,2021,Serie A,Atalanta,Bologna,0 - 0,0 - 0,X,0,Yok
2021-08-28,2021,Serie A,Juventus,Empoli,0 - 1,0 - 1,2,1,Yok
2021-08-28,2021,Serie A,Fiorentina,Torino,2 - 1,1 - 0,1,3,Evet
2021-08-29,2021,Serie A,Sassuolo,Sampdoria,0 - 0,0 - 0,X,0,Yok
2021-08-29,2021,Serie A,Genoa,Napoli,1 - 2,0 - 1,2,3,Evet
2021-08-29,2021,Serie A,AC Milan,Cagliari,4 - 1,4 - 1,1,5,Evet
2021-08-29,2021,Serie A,Salernitana,AS Roma,0 - 4,0 - 0,2,4,Yok
2021-09-11,2021,Serie A,Empoli,Venezia,1 - 2,0 - 1,2,3,Evet
2021-09-11,2021,Serie A,Napoli,Juventus,2 - 1,0 - 1,1,3,Evet
2021-09-11,2021,Serie A,Atalanta,Fiorentina,1 - 2,0 - 1,2,3,Evet
2021-09-12,2021,Serie A,Sampdoria,Inter,2 - 2,1 - 2,X,4,Evet
2021-09-12,2021,Serie A,Cagliari,Genoa,2 - 3,1 - 0,2,5,Evet
2021-09-12,2021,Serie A,Torino,Salernitana,4 - 0,1 - 0,1,4,Yok
2021-09-12,2021,Serie A,Spezia,Udinese,0 - 1,0 - 0,2,1,Yok
2021-09-12,2021,Serie A,AC Milan,Lazio,2 - 0,1 - 0,1,2,Yok
2021-09-12,2021,Serie A,AS Roma,Sassuolo,2 - 1,1 - 0,1,3,Evet
2021-09-13,2021,Serie A,Bologna,Hellas Verona,1 - 0,0 - 0,1,1,Yok
2021-09-17,2021,Serie A,Sassuolo,Torino,0 - 1,0 - 0,2,1,Yok
2021-09-18,2021,Serie A,Genoa,Fiorentina,1 - 2,0 - 0,2,3,Evet
2021-09-18,2021,Serie A,Inter,Bologna,6 - 1,3 - 0,1,7,Evet
2021-09-18,2021,Serie A,Salernitana,Atalanta,0 - 1,0 - 0,2,1,Yok
2021-09-19,2021,Serie A,Empoli,Sampdoria,0 - 3,0 - 1,2,3,Yok
2021-09-19,2021,Serie A,Venezia,Spezia,1 - 2,0 - 1,2,3,Evet
2021-09-19,2021,Serie A,Lazio,Cagliari,2 - 2,1 - 0,X,4,Evet
2021-09-19,2021,Serie A,Hellas Verona,AS Roma,3 - 2,0 - 1,1,5,Evet
2021-09-19,2021,Serie A,Juventus,AC Milan,1 - 1,1 - 0,X,2,Evet
2021-09-20,2021,Serie A,Udinese,Napoli,0 - 4,0 - 2,2,4,Yok
2021-09-21,2021,Serie A,Bologna,Genoa,2 - 2,0 - 0,X,4,Evet
2021-09-21,2021,Serie A,Atalanta,Sassuolo,2 - 1,2 - 1,1,3,Evet
2021-09-21,2021,Serie A,Fiorentina,Inter,1 - 3,1 - 0,2,4,Evet
2021-09-22,2021,Serie A,Salernitana,Hellas Verona,2 - 2,1 - 2,X,4,Evet
2021-09-22,2021,Serie A,Spezia,Juventus,2 - 3,1 - 1,2,5,Evet
2021-09-22,2021,Serie A,AC Milan,Venezia,2 - 0,0 - 0,1,2,Yok
2021-09-22,2021,Serie A,Cagliari,Empoli,0 - 2,0 - 1,2,2,Yok
2021-09-23,2021,Serie A,Sampdoria,Napoli,0 - 4,0 - 2,2,4,Yok
2021-09-23,2021,Serie A,Torino,Lazio,1 - 1,0 - 0,X,2,Evet
2021-09-23,2021,Serie A,AS Roma,Udinese,1 - 0,1 - 0,1,1,Yok
2021-09-25,2021,Serie A,Spezia,AC Milan,1 - 2,0 - 0,2,3,Evet
2021-09-25,2021,Serie A,Inter,Atalanta,2 - 2,1 - 2,X,4,Evet
2021-09-25,2021,Serie A,Genoa,Hellas Verona,3 - 3,0 - 1,X,6,Evet
2021-09-26,2021,Serie A,Juventus,Sampdoria,3 - 2,2 - 1,1,5,Evet
2021-09-26,2021,Serie A,Sassuolo,Salernitana,1 - 0,0 - 0,1,1,Yok
2021-09-26,2021,Serie A,Udinese,Fiorentina,0 - 1,0 - 1,2,1,Yok
2021-09-26,2021,Serie A,Empoli,Bologna,4 - 2,2 - 1,1,6,Evet
2021-09-26,2021,Serie A,Lazio,AS Roma,3 - 2,2 - 1,1,5,Evet
2021-09-26,2021,Serie A,Napoli,Cagliari,2 - 0,1 - 0,1,2,Yok
2021-09-27,2021,Serie A,Venezia,Torino,1 - 1,0 - 0,X,2,Evet
2021-10-01,2021,Serie A,Cagliari,Venezia,1 - 1,1 - 0,X,2,Evet
2021-10-02,2021,Serie A,Salernitana,Genoa,1 - 0,0 - 0,1,1,Yok
2021-10-02,2021,Serie A,Torino,Juventus,0 - 1,0 - 0,2,1,Yok
2021-10-02,2021,Serie A,Sassuolo,Inter,1 - 2,1 - 0,2,3,Evet
2021-10-03,2021,Serie A,Bologna,Lazio,3 - 0,2 - 0,1,3,Yok
2021-10-03,2021,Serie A,Sampdoria,Udinese,3 - 3,1 - 2,X,6,Evet
2021-10-03,2021,Serie A,Hellas Verona,Spezia,4 - 0,3 - 0,1,4,Yok
2021-10-03,2021,Serie A,AS Roma,Empoli,2 - 0,1 - 0,1,2,Yok
2021-10-03,2021,Serie A,Fiorentina,Napoli,1 - 2,1 - 1,2,3,Evet
2021-10-03,2021,Serie A,Atalanta,AC Milan,2 - 3,0 - 2,2,5,Evet
2021-10-16,2021,Serie A,Spezia,Salernitana,2 - 1,0 - 1,1,3,Evet
2021-10-16,2021,Serie A,Lazio,Inter,3 - 1,0 - 1,1,4,Evet
2021-10-16,2021,Serie A,AC Milan,Hellas Verona,3 - 2,0 - 2,1,5,Evet
2021-10-17,2021,Serie A,Cagliari,Sampdoria,3 - 1,1 - 0,1,4,Evet
2021-10-17,2021,Serie A,Udinese,Bologna,1 - 1,0 - 0,X,2,Evet
2021-10-17,2021,Serie A,Genoa,Sassuolo,2 - 2,1 - 2,X,4,Evet
2021-10-17,2021,Serie A,Empoli,Atalanta,1 - 4,1 - 2,2,5,Evet
2021-10-17,2021,Serie A,Napoli,Torino,1 - 0,0 - 0,1,1,Yok
2021-10-17,2021,Serie A,Juventus,AS Roma,1 - 0,1 - 0,1,1,Yok
2021-10-18,2021,Serie A,Venezia,Fiorentina,1 - 0,1 - 0,1,1,Yok
2021-10-22,2021,Serie A,Torino,Genoa,3 - 2,2 - 0,1,5,Evet
2021-10-22,2021,Serie A,Sampdoria,Spezia,2 - 1,2 - 0,1,3,Evet
2021-10-23,2021,Serie A,Salernitana,Empoli,2 - 4,0 - 4,2,6,Evet
2021-10-23,2021,Serie A,Sassuolo,Venezia,3 - 1,1 - 1,1,4,Evet
2021-10-23,2021,Serie A,Bologna,AC Milan,2 - 4,0 - 2,2,6,Evet
2021-10-24,2021,Serie A,Atalanta,Udinese,1 - 1,0 - 0,X,2,Evet
2021-10-24,2021,Serie A,Fiorentina,Cagliari,3 - 0,2 - 0,1,3,Yok
2021-10-24,2021,Serie A,Hellas Verona,Lazio,4 - 1,2 - 0,1,5,Evet
2021-10-24,2021,Serie A,AS Roma,Napoli,0 - 0,0 - 0,X,0,Yok
2021-10-24,2021,Serie A,Inter,Juventus,1 - 1,1 - 0,X,2,Evet
2021-10-26,2021,Serie A,Spezia,Genoa,1 - 1,0 - 0,X,2,Evet
2021-10-26,2021,Serie A,Venezia,Salernitana,1 - 2,1 - 0,2,3,Evet
2021-10-26,2021,Serie A,AC Milan,Torino,1 - 0,1 - 0,1,1,Yok
2021-10-27,2021,Serie A,Udinese,Hellas Verona,1 - 1,1 - 0,X,2,Evet
2021-10-27,2021,Serie A,Juventus,Sassuolo,1 - 2,0 - 1,2,3,Evet
2021-10-27,2021,Serie A,Sampdoria,Atalanta,1 - 3,1 - 2,2,4,Evet
2021-10-27,2021,Serie A,Lazio,Fiorentina,1 - 0,0 - 0,1,1,Yok
2021-10-27,2021,Serie A,Cagliari,AS Roma,1 - 2,0 - 0,2,3,Evet
2021-10-27,2021,Serie A,Empoli,Inter,0 - 2,0 - 1,2,2,Yok
2021-10-28,2021,Serie A,Napoli,Bologna,3 - 0,2 - 0,1,3,Yok
2021-10-30,2021,Serie A,Atalanta,Lazio,2 - 2,1 - 1,X,4,Evet
2021-10-30,2021,Serie A,Hellas Verona,Juventus,2 - 1,2 - 0,1,3,Evet
2021-10-30,2021,Serie A,Torino,Sampdoria,3 - 0,1 - 0,1,3,Yok
2021-10-31,2021,Serie A,Inter,Udinese,2 - 0,0 - 0,1,2,Yok
2021-10-31,2021,Serie A,Sassuolo,Empoli,1 - 2,1 - 0,2,3,Evet
2021-10-31,2021,Serie A,Genoa,Venezia,0 - 0,0 - 0,X,0,Yok
2021-10-31,2021,Serie A,Fiorentina,Spezia,3 - 0,1 - 0,1,3,Yok
2021-10-31,2021,Serie A,Salernitana,Napoli,0 - 1,0 - 0,2,1,Yok
2021-10-31,2021,Serie A,AS Roma,AC Milan,1 - 2,0 - 1,2,3,Evet
2021-11-01,2021,Serie A,Bologna,Cagliari,2 - 0,0 - 0,1,2,Yok
2021-11-05,2021,Serie A,Empoli,Genoa,2 - 2,0 - 1,X,4,Evet
2021-11-06,2021,Serie A,Spezia,Torino,1 - 0,0 - 0,1,1,Yok
2021-11-06,2021,Serie A,Juventus,Fiorentina,1 - 0,0 - 0,1,1,Yok
2021-11-06,2021,Serie A,Cagliari,Atalanta,1 - 2,1 - 2,2,3,Evet
2021-11-07,2021,Serie A,Venezia,AS Roma,3 - 2,1 - 2,1,5,Evet
2021-11-07,2021,Serie A,Udinese,Sassuolo,3 - 2,2 - 2,1,5,Evet
2021-11-07,2021,Serie A,Sampdoria,Bologna,1 - 2,0 - 0,2,3,Evet
2021-11-07,2021,Serie A,Lazio,Salernitana,3 - 0,2 - 0,1,3,Yok
2021-11-07,2021,Serie A,Napoli,Hellas Verona,1 - 1,1 - 1,X,2,Evet
2021-11-07,2021,Serie A,AC Milan,Inter,1 - 1,1 - 1,X,2,Evet
2021-11-20,2021,Serie A,Atalanta,Spezia,5 - 2,3 - 1,1,7,Evet
2021-11-20,2021,Serie A,Lazio,Juventus,0 - 2,0 - 1,2,2,Yok
2021-11-20,2021,Serie A,Fiorentina,AC Milan,4 - 3,2 - 0,1,7,Evet
2021-11-21,2021,Serie A,Sassuolo,Cagliari,2 - 2,1 - 1,X,4,Evet
2021-11-21,2021,Serie A,Bologna,Venezia,0 - 1,0 - 0,2,1,Yok
2021-11-21,2021,Serie A,Salernitana,Sampdoria,0 - 2,0 - 2,2,2,Yok
2021-11-21,2021,Serie A,Inter,Napoli,3 - 2,2 - 1,1,5,Evet
2021-11-21,2021,Serie A,Genoa,AS Roma,0 - 2,0 - 0,2,2,Yok
2021-11-22,2021,Serie A,Hellas Verona,Empoli,2 - 1,0 - 0,1,3,Evet
2021-11-22,2021,Serie A,Torino,Udinese,2 - 1,1 - 0,1,3,Evet
2021-11-26,2021,Serie A,Cagliari,Salernitana,1 - 1,0 - 0,X,2,Evet
2021-11-27,2021,Serie A,Sampdoria,Hellas Verona,3 - 1,0 - 1,1,4,Evet
2021-11-27,2021,Serie A,Empoli,Fiorentina,2 - 1,0 - 0,1,3,Evet
2021-11-27,2021,Serie A,Juventus,Atalanta,0 - 1,0 - 1,2,1,Yok
2021-11-27,2021,Serie A,Venezia,Inter,0 - 2,0 - 1,2,2,Yok
2021-11-28,2021,Serie A,Udinese,Genoa,0 - 0,0 - 0,X,0,Yok
2021-11-28,2021,Serie A,AC Milan,Sassuolo,1 - 3,1 - 2,2,4,Evet
2021-11-28,2021,Serie A,Spezia,Bologna,0 - 1,0 - 0,2,1,Yok
2021-11-28,2021,Serie A,AS Roma,Torino,1 - 0,1 - 0,1,1,Yok
2021-11-28,2021,Serie A,Napoli,Lazio,4 - 0,3 - 0,1,4,Yok
2021-11-30,2021,Serie A,Atalanta,Venezia,4 - 0,2 - 0,1,4,Yok
2021-11-30,2021,Serie A,Fiorentina,Sampdoria,3 - 1,3 - 1,1,4,Evet
2021-11-30,2021,Serie A,Hellas Verona,Cagliari,0 - 0,0 - 0,X,0,Yok
2021-11-30,2021,Serie A,Salernitana,Juventus,0 - 2,0 - 1,2,2,Yok
2021-12-01,2021,Serie A,Bologna,AS Roma,1 - 0,1 - 0,1,1,Yok
2021-12-01,2021,Serie A,Inter,Spezia,2 - 0,1 - 0,1,2,Yok
2021-12-01,2021,Serie A,Sassuolo,Napoli,2 - 2,0 - 0,X,4,Evet
2021-12-01,2021,Serie A,Genoa,AC Milan,0 - 3,0 - 2,2,3,Yok
2021-12-02,2021,Serie A,Torino,Empoli,2 - 2,2 - 1,X,4,Evet
2021-12-02,2021,Serie A,Lazio,Udinese,4 - 4,1 - 3,X,8,Evet
2021-12-04,2021,Serie A,AC Milan,Salernitana,2 - 0,2 - 0,1,2,Yok
2021-12-04,2021,Serie A,AS Roma,Inter,0 - 3,0 - 3,2,3,Yok
2021-12-04,2021,Serie A,Napoli,Atalanta,2 - 3,1 - 1,2,5,Evet
2021-12-05,2021,Serie A,Bologna,Fiorentina,2 - 3,1 - 1,2,5,Evet
2021-12-05,2021,Serie A,Spezia,Sassuolo,2 - 2,1 - 0,X,4,Evet
2021-12-05,2021,Serie A,Venezia,Hellas Verona,3 - 4,3 - 0,2,7,Evet
2021-12-05,2021,Serie A,Sampdoria,Lazio,1 - 3,0 - 3,2,4,Evet
2021-12-05,2021,Serie A,Juventus,Genoa,2 - 0,1 - 0,1,2,Yok
2021-12-06,2021,Serie A,Empoli,Udinese,3 - 1,0 - 1,1,4,Evet
2021-12-06,2021,Serie A,Cagliari,Torino,1 - 1,0 - 1,X,2,Evet
2021-12-10,2021,Serie A,Genoa,Sampdoria,1 - 3,0 - 1,2,4,Evet
2021-12-11,2021,Serie A,Fiorentina,Salernitana,4 - 0,1 - 0,1,4,Yok
2021-12-11,2021,Serie A,Venezia,Juventus,1 - 1,0 - 1,X,2,Evet
2021-12-11,2021,Serie A,Udinese,AC Milan,1 - 1,1 - 0,X,2,Evet
2021-12-12,2021,Serie A,Torino,Bologna,2 - 1,1 - 0,1,3,Evet
2021-12-12,2021,Serie A,Hellas Verona,Atalanta,1 - 2,1 - 1,2,3,Evet
2021-12-12,2021,Serie A,Sassuolo,Lazio,2 - 1,0 - 1,1,3,Evet
2021-12-12,2021,Serie A,Napoli,Empoli,0 - 1,0 - 0,2,1,Yok
2021-12-12,2021,Serie A,Inter,Cagliari,4 - 0,1 - 0,1,4,Yok
2021-12-13,2021,Serie A,AS Roma,Spezia,2 - 0,1 - 0,1,2,Yok
2021-12-17,2021,Serie A,Lazio,Genoa,3 - 1,1 - 0,1,4,Evet
2021-12-17,2021,Serie A,Salernitana,Inter,0 - 5,0 - 2,2,5,Yok
2021-12-18,2021,Serie A,Atalanta,AS Roma,1 - 4,1 - 2,2,5,Evet
2021-12-18,2021,Serie A,Bologna,Juventus,0 - 2,0 - 1,2,2,Yok
2021-12-18,2021,Serie A,Cagliari,Udinese,0 - 4,0 - 2,2,4,Yok
2021-12-19,2021,Serie A,Fiorentina,Sassuolo,2 - 2,0 - 2,X,4,Evet
2021-12-19,2021,Serie A,Spezia,Empoli,1 - 1,0 - 0,X,2,Evet
2021-12-19,2021,Serie A,Sampdoria,Venezia,1 - 1,1 - 0,X,2,Evet
2021-12-19,2021,Serie A,Torino,Hellas Verona,1 - 0,1 - 0,1,1,Yok
2021-12-19,2021,Serie A,AC Milan,Napoli,0 - 1,0 - 1,2,1,Yok
2021-12-21,2021,Serie A,Genoa,Atalanta,0 - 0,0 - 0,X,0,Yok
2021-12-21,2021,Serie A,Juventus,Cagliari,2 - 0,1 - 0,1,2,Yok
2021-12-22,2021,Serie A,Sassuolo,Bologna,0 - 3,0 - 2,2,3,Yok
2021-12-22,2021,Serie A,Venezia,Lazio,1 - 3,1 - 1,2,4,Evet
2021-12-22,2021,Serie A,AS Roma,Sampdoria,1 - 1,0 - 0,X,2,Evet
2021-12-22,2021,Serie A,Hellas Verona,Fiorentina,1 - 1,1 - 0,X,2,Evet
2021-12-22,2021,Serie A,Inter,Torino,1 - 0,1 - 0,1,1,Yok
2021-12-22,2021,Serie A,Napoli,Spezia,0 - 1,0 - 1,2,1,Yok
2021-12-22,2021,Serie A,Empoli,AC Milan,2 - 4,1 - 2,2,6,Evet
2022-01-06,2021,Serie A,Sampdoria,Cagliari,1 - 2,1 - 0,2,3,Evet
2022-01-06,2021,Serie A,Lazio,Empoli,3 - 3,1 - 2,X,6,Evet
2022-01-06,2021,Serie A,Spezia,Hellas Verona,1 - 2,0 - 0,2,3,Evet
2022-01-06,2021,Serie A,Sassuolo,Genoa,1 - 1,0 - 1,X,2,Evet
2022-01-06,2021,Serie A,AC Milan,AS Roma,3 - 1,2 - 1,1,4,Evet
2022-01-06,2021,Serie A,Juventus,Napoli,1 - 1,0 - 1,X,2,Evet
2022-01-09,2021,Serie A,Venezia,AC Milan,0 - 3,0 - 1,2,3,Yok
2022-01-09,2021,Serie A,Empoli,Sassuolo,1 - 5,1 - 2,2,6,Evet
2022-01-09,2021,Serie A,Napoli,Sampdoria,1 - 0,1 - 0,1,1,Yok
2022-01-09,2021,Serie A,Udinese,Atalanta,2 - 6,0 - 3,2,8,Evet
2022-01-09,2021,Serie A,Genoa,Spezia,0 - 1,0 - 1,2,1,Yok
2022-01-09,2021,Serie A,AS Roma,Juventus,3 - 4,1 - 1,2,7,Evet
2022-01-09,2021,Serie A,Hellas Verona,Salernitana,1 - 2,0 - 1,2,3,Evet
2022-01-09,2021,Serie A,Inter,Lazio,2 - 1,1 - 1,1,3,Evet
2022-01-10,2021,Serie A,Torino,Fiorentina,4 - 0,3 - 0,1,4,Yok
2022-01-11,2021,Serie A,Cagliari,Bologna,2 - 1,0 - 0,1,3,Evet
2022-01-15,2021,Serie A,Sampdoria,Torino,1 - 2,1 - 1,2,3,Evet
2022-01-15,2021,Serie A,Salernitana,Lazio,0 - 3,0 - 2,2,3,Yok
2022-01-15,2021,Serie A,Juventus,Udinese,2 - 0,1 - 0,1,2,Yok
2022-01-16,2021,Serie A,Sassuolo,Hellas Verona,2 - 4,0 - 2,2,6,Evet
2022-01-16,2021,Serie A,Venezia,Empoli,1 - 1,0 - 1,X,2,Evet
2022-01-16,2021,Serie A,AS Roma,Cagliari,1 - 0,1 - 0,1,1,Yok
2022-01-16,2021,Serie A,Atalanta,Inter,0 - 0,0 - 0,X,0,Yok
2022-01-17,2021,Serie A,AC Milan,Spezia,1 - 2,1 - 0,2,3,Evet
2022-01-17,2021,Serie A,Bologna,Napoli,0 - 2,0 - 1,2,2,Yok
2022-01-17,2021,Serie A,Fiorentina,Genoa,6 - 0,3 - 0,1,6,Yok
2022-01-21,2021,Serie A,Hellas Verona,Bologna,2 - 1,1 - 1,1,3,Evet
2022-01-22,2021,Serie A,Genoa,Udinese,0 - 0,0 - 0,X,0,Yok
2022-01-22,2021,Serie A,Inter,Venezia,2 - 1,1 - 1,1,3,Evet
2022-01-22,2021,Serie A,Lazio,Atalanta,0 - 0,0 - 0,X,0,Yok
2022-01-23,2021,Serie A,Cagliari,Fiorentina,1 - 1,0 - 0,X,2,Evet
2022-01-23,2021,Serie A,Napoli,Salernitana,4 - 1,2 - 1,1,5,Evet
2022-01-23,2021,Serie A,Torino,Sassuolo,1 - 1,1 - 0,X,2,Evet
2022-01-23,2021,Serie A,Spezia,Sampdoria,1 - 0,0 - 0,1,1,Yok
2022-01-23,2021,Serie A,Empoli,AS Roma,2 - 4,0 - 4,2,6,Evet
2022-01-23,2021,Serie A,AC Milan,Juventus,0 - 0,0 - 0,X,0,Yok
2022-02-05,2021,Serie A,AS Roma,Genoa,0 - 0,0 - 0,X,0,Yok
2022-02-05,2021,Serie A,Inter,AC Milan,1 - 2,1 - 0,2,3,Evet
2022-02-05,2021,Serie A,Fiorentina,Lazio,0 - 3,0 - 0,2,3,Yok
2022-02-06,2021,Serie A,Atalanta,Cagliari,1 - 2,0 - 0,2,3,Evet
2022-02-06,2021,Serie A,Sampdoria,Sassuolo,4 - 0,2 - 0,1,4,Yok
2022-02-06,2021,Serie A,Bologna,Empoli,0 - 0,0 - 0,X,0,Yok
2022-02-06,2021,Serie A,Venezia,Napoli,0 - 2,0 - 0,2,2,Yok
2022-02-06,2021,Serie A,Udinese,Torino,2 - 0,0 - 0,1,2,Yok
2022-02-06,2021,Serie A,Juventus,Hellas Verona,2 - 0,1 - 0,1,2,Yok
2022-02-07,2021,Serie A,Salernitana,Spezia,2 - 2,2 - 2,X,4,Evet
2022-02-12,2021,Serie A,Lazio,Bologna,3 - 0,1 - 0,1,3,Yok
2022-02-12,2021,Serie A,Napoli,Inter,1 - 1,1 - 0,X,2,Evet
2022-02-12,2021,Serie A,Torino,Venezia,1 - 2,1 - 1,2,3,Evet
2022-02-13,2021,Serie A,AC Milan,Sampdoria,1 - 0,1 - 0,1,1,Yok
2022-02-13,2021,Serie A,Genoa,Salernitana,1 - 1,1 - 1,X,2,Evet
2022-02-13,2021,Serie A,Hellas Verona,Udinese,4 - 0,2 - 0,1,4,Yok
2022-02-13,2021,Serie A,Empoli,Cagliari,1 - 1,1 - 0,X,2,Evet
2022-02-13,2021,Serie A,Sassuolo,AS Roma,2 - 2,0 - 1,X,4,Evet
2022-02-13,2021,Serie A,Atalanta,Juventus,1 - 1,0 - 0,X,2,Evet
2022-02-14,2021,Serie A,Spezia,Fiorentina,1 - 2,0 - 1,2,3,Evet
2022-02-18,2021,Serie A,Juventus,Torino,1 - 1,1 - 0,X,2,Evet
2022-02-19,2021,Serie A,Sampdoria,Empoli,2 - 0,2 - 0,1,2,Yok
2022-02-19,2021,Serie A,AS Roma,Hellas Verona,2 - 2,0 - 2,X,4,Evet
2022-02-19,2021,Serie A,Salernitana,AC Milan,2 - 2,1 - 1,X,4,Evet
2022-02-20,2021,Serie A,Fiorentina,Atalanta,1 - 0,0 - 0,1,1,Yok
2022-02-20,2021,Serie A,Venezia,Genoa,1 - 1,1 - 1,X,2,Evet
2022-02-20,2021,Serie A,Inter,Sassuolo,0 - 2,0 - 2,2,2,Yok
2022-02-20,2021,Serie A,Udinese,Lazio,1 - 1,1 - 1,X,2,Evet
2022-02-21,2021,Serie A,Cagliari,Napoli,1 - 1,0 - 0,X,2,Evet
2022-02-21,2021,Serie A,Bologna,Spezia,2 - 1,1 - 1,1,3,Evet
2022-02-25,2021,Serie A,AC Milan,Udinese,1 - 1,1 - 0,X,2,Evet
2022-02-25,2021,Serie A,Genoa,Inter,0 - 0,0 - 0,X,0,Yok
2022-02-26,2021,Serie A,Salernitana,Bologna,1 - 1,0 - 1,X,2,Evet
2022-02-26,2021,Serie A,Empoli,Juventus,2 - 3,1 - 2,2,5,Evet
2022-02-26,2021,Serie A,Sassuolo,Fiorentina,2 - 1,1 - 0,1,3,Evet
2022-02-27,2021,Serie A,Torino,Cagliari,1 - 2,0 - 1,2,3,Evet
2022-02-27,2021,Serie A,Hellas Verona,Venezia,3 - 1,0 - 0,1,4,Evet
2022-02-27,2021,Serie A,Spezia,AS Roma,0 - 1,0 - 0,2,1,Yok
2022-02-27,2021,Serie A,Lazio,Napoli,1 - 2,0 - 0,2,3,Evet
2022-02-28,2021,Serie A,Atalanta,Sampdoria,4 - 0,2 - 0,1,4,Yok
2022-03-04,2021,Serie A,Inter,Salernitana,5 - 0,2 - 0,1,5,Yok
2022-03-05,2021,Serie A,Udinese,Sampdoria,2 - 1,2 - 1,1,3,Evet
2022-03-05,2021,Serie A,AS Roma,Atalanta,1 - 0,1 - 0,1,1,Yok
2022-03-05,2021,Serie A,Cagliari,Lazio,0 - 3,0 - 2,2,3,Yok
2022-03-06,2021,Serie A,Genoa,Empoli,0 - 0,0 - 0,X,0,Yok
2022-03-06,2021,Serie A,Bologna,Torino,0 - 0,0 - 0,X,0,Yok
2022-03-06,2021,Serie A,Fiorentina,Hellas Verona,1 - 1,1 - 1,X,2,Evet
2022-03-06,2021,Serie A,Venezia,Sassuolo,1 - 4,1 - 3,2,5,Evet
2022-03-06,2021,Serie A,Juventus,Spezia,1 - 0,1 - 0,1,1,Yok
2022-03-06,2021,Serie A,Napoli,AC Milan,0 - 1,0 - 0,2,1,Yok
2022-03-12,2021,Serie A,Salernitana,Sassuolo,2 - 2,1 - 2,X,4,Evet
2022-03-12,2021,Serie A,Spezia,Cagliari,2 - 0,0 - 0,1,2,Yok
2022-03-12,2021,Serie A,Sampdoria,Juventus,1 - 3,0 - 2,2,4,Evet
2022-03-12,2021,Serie A,AC Milan,Empoli,1 - 0,1 - 0,1,1,Yok
2022-03-13,2021,Serie A,Fiorentina,Bologna,1 - 0,0 - 0,1,1,Yok
2022-03-13,2021,Serie A,Hellas Verona,Napoli,1 - 2,0 - 1,2,3,Evet
2022-03-13,2021,Serie A,Udinese,AS Roma,1 - 1,1 - 0,X,2,Evet
2022-03-13,2021,Serie A,Atalanta,Genoa,0 - 0,0 - 0,X,0,Yok
2022-03-13,2021,Serie A,Torino,Inter,1 - 1,1 - 0,X,2,Evet
2022-03-14,2021,Serie A,Lazio,Venezia,1 - 0,0 - 0,1,1,Yok
2022-03-18,2021,Serie A,Sassuolo,Spezia,4 - 1,1 - 1,1,5,Evet
2022-03-18,2021,Serie A,Genoa,Torino,1 - 0,1 - 0,1,1,Yok
2022-03-19,2021,Serie A,Napoli,Udinese,2 - 1,0 - 1,1,3,Evet
2022-03-19,2021,Serie A,Inter,Fiorentina,1 - 1,0 - 0,X,2,Evet
2022-03-19,2021,Serie A,Cagliari,AC Milan,0 - 1,0 - 0,2,1,Yok
2022-03-20,2021,Serie A,Venezia,Sampdoria,0 - 2,0 - 2,2,2,Yok
2022-03-20,2021,Serie A,Juventus,Salernitana,2 - 0,2 - 0,1,2,Yok
2022-03-20,2021,Serie A,Empoli,Hellas Verona,1 - 1,1 - 0,X,2,Evet
2022-03-20,2021,Serie A,AS Roma,Lazio,3 - 0,3 - 0,1,3,Yok
2022-03-20,2021,Serie A,Bologna,Atalanta,0 - 1,0 - 0,2,1,Yok
2022-04-02,2021,Serie A,Spezia,Venezia,1 - 0,0 - 0,1,1,Yok
2022-04-02,2021,Serie A,Lazio,Sassuolo,2 - 1,1 - 0,1,3,Evet
2022-04-02,2021,Serie A,Salernitana,Torino,0 - 1,0 - 1,2,1,Yok
2022-04-03,2021,Serie A,Fiorentina,Empoli,1 - 0,0 - 0,1,1,Yok
2022-04-03,2021,Serie A,Udinese,Cagliari,5 - 1,2 - 1,1,6,Evet
2022-04-03,2021,Serie A,Atalanta,Napoli,1 - 3,0 - 2,2,4,Evet
2022-04-03,2021,Serie A,Sampdoria,AS Roma,0 - 1,0 - 1,2,1,Yok
2022-04-03,2021,Serie A,Juventus,Inter,0 - 1,0 - 1,2,1,Yok
2022-04-04,2021,Serie A,Hellas Verona,Genoa,1 - 0,1 - 0,1,1,Yok
2022-04-04,2021,Serie A,AC Milan,Bologna,0 - 0,0 - 0,X,0,Yok
2022-04-09,2021,Serie A,Empoli,Spezia,0 - 0,0 - 0,X,0,Yok
2022-04-09,2021,Serie A,Inter,Hellas Verona,2 - 0,2 - 0,1,2,Yok
2022-04-09,2021,Serie A,Cagliari,Juventus,1 - 2,1 - 1,2,3,Evet
2022-04-10,2021,Serie A,Genoa,Lazio,1 - 4,0 - 2,2,5,Evet
2022-04-10,2021,Serie A,Sassuolo,Atalanta,2 - 1,1 - 0,1,3,Evet
2022-04-10,2021,Serie A,Napoli,Fiorentina,2 - 3,0 - 1,2,5,Evet
2022-04-10,2021,Serie A,Venezia,Udinese,1 - 2,0 - 1,2,3,Evet
2022-04-10,2021,Serie A,AS Roma,Salernitana,2 - 1,0 - 1,1,3,Evet
2022-04-10,2021,Serie A,Torino,AC Milan,0 - 0,0 - 0,X,0,Yok
2022-04-11,2021,Serie A,Bologna,Sampdoria,2 - 0,0 - 0,1,2,Yok
2022-04-15,2021,Serie A,Spezia,Inter,1 - 3,0 - 1,2,4,Evet
2022-04-15,2021,Serie A,AC Milan,Genoa,2 - 0,1 - 0,1,2,Yok
2022-04-16,2021,Serie A,Cagliari,Sassuolo,1 - 0,1 - 0,1,1,Yok
2022-04-16,2021,Serie A,Udinese,Empoli,4 - 1,1 - 0,1,5,Evet
2022-04-16,2021,Serie A,Sampdoria,Salernitana,1 - 2,1 - 2,2,3,Evet
2022-04-16,2021,Serie A,Fiorentina,Venezia,1 - 0,1 - 0,1,1,Yok
2022-04-16,2021,Serie A,Juventus,Bologna,1 - 1,0 - 0,X,2,Evet
2022-04-16,2021,Serie A,Lazio,Torino,1 - 1,0 - 0,X,2,Evet
2022-04-18,2021,Serie A,Napoli,AS Roma,1 - 1,1 - 0,X,2,Evet
2022-04-18,2021,Serie A,Atalanta,Hellas Verona,1 - 2,0 - 1,2,3,Evet
2022-04-20,2021,Serie A,Udinese,Salernitana,0 - 1,0 - 0,2,1,Yok
2022-04-23,2021,Serie A,Torino,Spezia,2 - 1,1 - 0,1,3,Evet
2022-04-23,2021,Serie A,Venezia,Atalanta,1 - 3,0 - 1,2,4,Evet
2022-04-23,2021,Serie A,Inter,AS Roma,3 - 1,2 - 0,1,4,Evet
2022-04-23,2021,Serie A,Hellas Verona,Sampdoria,1 - 1,0 - 1,X,2,Evet
2022-04-24,2021,Serie A,Salernitana,Fiorentina,2 - 1,1 - 0,1,3,Evet
2022-04-24,2021,Serie A,Bologna,Udinese,2 - 2,1 - 1,X,4,Evet
2022-04-24,2021,Serie A,Empoli,Napoli,3 - 2,0 - 1,1,5,Evet
2022-04-24,2021,Serie A,Genoa,Cagliari,1 - 0,0 - 0,1,1,Yok
2022-04-24,2021,Serie A,Lazio,AC Milan,1 - 2,1 - 0,2,3,Evet
2022-04-25,2021,Serie A,Sassuolo,Juventus,1 - 2,1 - 1,2,3,Evet
2022-04-27,2021,Serie A,Fiorentina,Udinese,0 - 4,0 - 2,2,4,Yok
2022-04-27,2021,Serie A,Atalanta,Torino,4 - 4,2 - 2,X,8,Evet
2022-04-27,2021,Serie A,Bologna,Inter,2 - 1,1 - 1,1,3,Evet
2022-04-30,2021,Serie A,Cagliari,Hellas Verona,1 - 2,0 - 2,2,3,Evet
2022-04-30,2021,Serie A,Napoli,Sassuolo,6 - 1,4 - 0,1,7,Evet
2022-04-30,2021,Serie A,Sampdoria,Genoa,1 - 0,1 - 0,1,1,Yok
2022-04-30,2021,Serie A,Spezia,Lazio,3 - 4,2 - 1,2,7,Evet
2022-05-01,2021,Serie A,Juventus,Venezia,2 - 1,1 - 0,1,3,Evet
2022-05-01,2021,Serie A,AC Milan,Fiorentina,1 - 0,0 - 0,1,1,Yok
2022-05-01,2021,Serie A,Empoli,Torino,1 - 3,0 - 0,2,4,Evet
2022-05-01,2021,Serie A,Udinese,Inter,1 - 2,0 - 2,2,3,Evet
2022-05-01,2021,Serie A,AS Roma,Bologna,0 - 0,0 - 0,X,0,Yok
2022-05-02,2021,Serie A,Atalanta,Salernitana,1 - 1,0 - 1,X,2,Evet
2022-05-05,2021,Serie A,Salernitana,Venezia,2 - 1,1 - 0,1,3,Evet
2022-05-06,2021,Serie A,Inter,Empoli,4 - 2,2 - 2,1,6,Evet
2022-05-06,2021,Serie A,Genoa,Juventus,2 - 1,0 - 0,1,3,Evet
2022-05-07,2021,Serie A,Torino,Napoli,0 - 1,0 - 0,2,1,Yok
2022-05-07,2021,Serie A,Sassuolo,Udinese,1 - 1,1 - 0,X,2,Evet
2022-05-07,2021,Serie A,Lazio,Sampdoria,2 - 0,1 - 0,1,2,Yok
2022-05-08,2021,Serie A,Spezia,Atalanta,1 - 3,1 - 1,2,4,Evet
2022-05-08,2021,Serie A,Venezia,Bologna,4 - 3,2 - 1,1,7,Evet
2022-05-08,2021,Serie A,Salernitana,Cagliari,1 - 1,0 - 0,X,2,Evet
2022-05-08,2021,Serie A,Hellas Verona,AC Milan,1 - 3,1 - 1,2,4,Evet
2022-05-09,2021,Serie A,Fiorentina,AS Roma,2 - 0,2 - 0,1,2,Yok
2022-05-14,2021,Serie A,Empoli,Salernitana,1 - 1,1 - 0,X,2,Evet
2022-05-14,2021,Serie A,Udinese,Spezia,2 - 3,1 - 2,2,5,Evet
2022-05-14,2021,Serie A,Hellas Verona,Torino,0 - 1,0 - 1,2,1,Yok
2022-05-14,2021,Serie A,AS Roma,Venezia,1 - 1,0 - 1,X,2,Evet
2022-05-15,2021,Serie A,Bologna,Sassuolo,1 - 3,0 - 1,2,4,Evet
2022-05-15,2021,Serie A,Napoli,Genoa,3 - 0,1 - 0,1,3,Yok
2022-05-15,2021,Serie A,AC Milan,Atalanta,2 - 0,0 - 0,1,2,Yok
2022-05-15,2021,Serie A,Cagliari,Inter,1 - 3,0 - 1,2,4,Evet
2022-05-16,2021,Serie A,Sampdoria,Fiorentina,4 - 1,2 - 0,1,5,Evet
2022-05-16,2021,Serie A,Juventus,Lazio,2 - 2,2 - 0,X,4,Evet
2022-05-20,2021,Serie A,Torino,AS Roma,0 - 3,0 - 2,2,3,Yok
2022-05-21,2021,Serie A,Genoa,Bologna,0 - 1,0 - 0,2,1,Yok
2022-05-21,2021,Serie A,Lazio,Hellas Verona,3 - 3,2 - 2,X,6,Evet
2022-05-21,2021,Serie A,Atalanta,Empoli,0 - 1,0 - 0,2,1,Yok
2022-05-21,2021,Serie A,Fiorentina,Juventus,2 - 0,1 - 0,1,2,Yok
2022-05-22,2021,Serie A,Spezia,Napoli,0 - 3,0 - 3,2,3,Yok
2022-05-22,2021,Serie A,Sassuolo,AC Milan,0 - 3,0 - 3,2,3,Yok
2022-05-22,2021,Serie A,Inter,Sampdoria,3 - 0,0 - 0,1,3,Yok
2022-05-22,2021,Serie A,Salernitana,Udinese,0 - 4,0 - 3,2,4,Yok
2022-05-22,2021,Serie A,Venezia,Cagliari,0 - 0,0 - 0,X,0,Yok
