Tarih,Sezon,Lig,Ev Sahibi,Deplasman,MS Skor,IY Skor,MS Sonucu,Toplam Gol,KG Var
2026-08-14,2026,Süper Lig,Galatasaray,Çorum FK,2 - 2,0 - 0,X,4,Evet
2026-08-15,2026,Süper Lig,Konyaspor,Rizespor,0 - 1,0 - 0,2,1,Yok
2026-08-15,2026,Süper Lig,Kasımpaşa,Trabzonspor,1 - 1,0 - 1,X,2,Evet
2026-08-15,2026,Süper Lig,Gençlerbirliği S.K.,Fenerbahçe,2 - 1,1 - 1,1,3,Evet
2026-08-15,2026,Süper Lig,Gaziantep FK,Alanyaspor,1 - 1,0 - 1,X,2,Evet
2026-08-16,2026,Süper Lig,Başakşehir,Kocaelispor,2 - 0,1 - 0,1,2,Yok
2026-08-16,2026,Süper Lig,Beşiktaş,Eyüpspor,1 - 0,1 - 0,1,1,Yok
2026-08-16,2026,Süper Lig,Amed,Erzurumspor FK,3 - 0,0 - 0,1,3,Yok
2026-08-17,2026,Süper Lig,Samsunspor,Göztepe,3 - 3,2 - 1,X,6,Evet
2026-08-21,2026,Süper Lig,Erzurumspor FK,Galatasaray,0 - 4,0 - 3,2,4,Yok
2026-08-22,2026,Süper Lig,Rizespor,Samsunspor,0 - 2,0 - 1,2,2,Yok
2026-08-22,2026,Süper Lig,Çorum FK,Kasımpaşa,0 - 1,0 - 1,2,1,Yok
2026-08-22,2026,Süper Lig,Fenerbahçe,Konyaspor,4 - 2,3 - 1,1,6,Evet
2026-08-23,2026,Süper Lig,Trabzonspor,Başakşehir,2 - 1,1 - 1,1,3,Evet
2026-08-23,2026,Süper Lig,Eyüpspor,Gaziantep FK,0 - 1,0 - 0,2,1,Yok
2026-08-23,2026,Süper Lig,Göztepe,Gençlerbirliği S.K.,0 - 1,0 - 0,2,1,Yok
2026-08-23,2026,Süper Lig,Alanyaspor,Beşiktaş,1 - 0,0 - 0,1,1,Yok
2026-08-24,2026,Süper Lig,Kocaelispor,Amed,2 - 0,1 - 0,1,2,Yok
2026-08-28,2026,Süper Lig,Gençlerbirliği S.K.,Erzurumspor FK,1 - 1,0 - 0,X,2,Evet
2026-08-29,2026,Süper Lig,Konyaspor,Kocaelispor,1 - 2,1 - 0,2,3,Evet
2026-08-29,2026,Süper Lig,Galatasaray,Göztepe,3 - 2,1 - 1,1,5,Evet
2026-08-29,2026,Süper Lig,Gaziantep FK,Rizespor,1 - 2,0 - 2,2,3,Evet
2026-08-30,2026,Süper Lig,Eyüpspor,Alanyaspor,2 - 1,1 - 1,1,3,Evet
2026-08-30,2026,Süper Lig,Başakşehir,Kasımpaşa,1 - 1,1 - 0,X,2,Evet
2026-08-30,2026,Süper Lig,Samsunspor,Fenerbahçe,0 - 2,0 - 1,2,2,Yok
2026-08-31,2026,Süper Lig,Beşiktaş,Çorum FK,6 - 2,2 - 0,1,8,Evet
2026-08-31,2026,Süper Lig,Amed,Trabzonspor,2 - 1,1 - 1,1,3,Evet
2026-09-04,2026,Süper Lig,Başakşehir,Galatasaray,2 - 3,0 - 1,2,5,Evet
2026-09-05,2026,Süper Lig,Erzurumspor FK,Konyaspor,1 - 0,1 - 0,1,1,Yok
2026-09-05,2026,Süper Lig,Fenerbahçe,Beşiktaş,1 - 2,1 - 1,2,3,Evet
2026-09-06,2026,Süper Lig,Kasımpaşa,Amed,2 - 2,1 - 0,X,4,Evet
2026-09-06,2026,Süper Lig,Çorum FK,Eyüpspor,3 - 0,2 - 0,1,3,Yok
2026-09-06,2026,Süper Lig,Trabzonspor,Gençlerbirliği S.K.,5 - 0,3 - 0,1,5,Yok
2026-09-06,2026,Süper Lig,Kocaelispor,Samsunspor,1 - 0,1 - 0,1,1,Yok
2026-09-07,2026,Süper Lig,Göztepe,Gaziantep FK,2 - 4,0 - 4,2,6,Evet
2026-09-07,2026,Süper Lig,Rizespor,Alanyaspor,0 - 1,0 - 0,2,1,Yok
2026-09-11,2026,Süper Lig,Beşiktaş,Erzurumspor FK,3 - 0,2 - 0,1,3,Yok
2026-09-12,2026,Süper Lig,Eyüpspor,Rizespor,0 - 2,0 - 1,2,2,Yok
2026-09-12,2026,Süper Lig,Samsunspor,Çorum FK,1 - 5,1 - 3,2,6,Evet
2026-09-12,2026,Süper Lig,Konyaspor,Trabzonspor,1 - 0,1 - 0,1,1,Yok
2026-09-12,2026,Süper Lig,Alanyaspor,Göztepe,2 - 2,0 - 1,X,4,Evet
2026-09-13,2026,Süper Lig,Gençlerbirliği S.K.,Kasımpaşa,1 - 2,1 - 0,2,3,Evet
2026-09-13,2026,Süper Lig,Galatasaray,Kocaelispor,1 - 0,0 - 0,1,1,Yok
2026-09-13,2026,Süper Lig,Amed,Başakşehir,5 - 0,1 - 0,1,5,Yok
2026-09-14,2026,Süper Lig,Gaziantep FK,Fenerbahçe,0 - 0,0 - 0,X,0,Yok
2026-09-18,2026,Süper Lig,Kasımpaşa,Konyaspor,0 - 0,0 - 0,X,0,Yok
2026-09-19,2026,Süper Lig,Çorum FK,Alanyaspor,1 - 2,0 - 0,2,3,Evet
2026-09-19,2026,Süper Lig,Kocaelispor,Gaziantep FK,2 - 0,0 - 0,1,2,Yok
2026-09-19,2026,Süper Lig,Başakşehir,Gençlerbirliği S.K.,4 - 0,2 - 0,1,4,Yok
2026-09-19,2026,Süper Lig,Trabzonspor,Galatasaray,4 - 0,3 - 0,1,4,Yok
2026-09-20,2026,Süper Lig,Fenerbahçe,Eyüpspor,8 - 0,5 - 0,1,8,Yok
2026-09-20,2026,Süper Lig,Erzurumspor FK,Samsunspor,1 - 0,1 - 0,1,1,Yok
2026-09-20,2026,Süper Lig,Göztepe,Rizespor,2 - 2,1 - 0,X,4,Evet
2026-09-20,2026,Süper Lig,Amed,Beşiktaş,3 - 2,2 - 0,1,5,Evet
2025-08-08,2025,Süper Lig,Gaziantep FK,Galatasaray,0 - 3,0 - 3,2,3,Yok
2025-08-09,2025,Süper Lig,Samsunspor,Gençlerbirliği S.K.,2 - 1,1 - 0,1,3,Evet
2025-08-09,2025,Süper Lig,Antalyaspor,Kasımpaşa,2 - 1,2 - 1,1,3,Evet
2025-08-10,2025,Süper Lig,Rizespor,Göztepe,0 - 3,0 - 0,2,3,Yok
2025-08-10,2025,Süper Lig,Eyüpspor,Konyaspor,1 - 4,0 - 3,2,5,Evet
2025-08-11,2025,Süper Lig,Trabzonspor,Kocaelispor,1 - 0,0 - 0,1,1,Yok
2025-08-15,2025,Süper Lig,Galatasaray,Fatih Karagümrük,3 - 0,1 - 0,1,3,Yok
2025-08-16,2025,Süper Lig,Kocaelispor,Samsunspor,0 - 1,0 - 0,2,1,Yok
2025-08-16,2025,Süper Lig,Göztepe,Fenerbahçe,0 - 0,0 - 0,X,0,Yok
2025-08-16,2025,Süper Lig,Alanyaspor,Rizespor,0 - 0,0 - 0,X,0,Yok
2025-08-17,2025,Süper Lig,Konyaspor,Gaziantep FK,3 - 0,1 - 0,1,3,Yok
2025-08-17,2025,Süper Lig,Gençlerbirliği S.K.,Antalyaspor,0 - 1,0 - 0,2,1,Yok
2025-08-17,2025,Süper Lig,Beşiktaş,Eyüpspor,2 - 1,1 - 1,1,3,Evet
2025-08-17,2025,Süper Lig,Başakşehir,Kayserispor,1 - 1,1 - 0,X,2,Evet
2025-08-18,2025,Süper Lig,Kasımpaşa,Trabzonspor,0 - 1,0 - 0,2,1,Yok
2025-08-22,2025,Süper Lig,Fatih Karagümrük,Göztepe,0 - 2,0 - 1,2,2,Yok
2025-08-23,2025,Süper Lig,Fenerbahçe,Kocaelispor,3 - 1,1 - 1,1,4,Evet
2025-08-23,2025,Süper Lig,Gaziantep FK,Gençlerbirliği S.K.,2 - 1,1 - 1,1,3,Evet
2025-08-24,2025,Süper Lig,Trabzonspor,Antalyaspor,1 - 0,1 - 0,1,1,Yok
2025-08-24,2025,Süper Lig,Kayserispor,Galatasaray,0 - 4,0 - 1,2,4,Yok
2025-08-25,2025,Süper Lig,Eyüpspor,Alanyaspor,2 - 1,1 - 0,1,3,Evet
2025-08-29,2025,Süper Lig,Göztepe,Konyaspor,1 - 1,0 - 0,X,2,Evet
2025-08-30,2025,Süper Lig,Kasımpaşa,Gaziantep FK,2 - 3,0 - 2,2,5,Evet
2025-08-30,2025,Süper Lig,Kocaelispor,Kayserispor,1 - 1,0 - 0,X,2,Evet
2025-08-30,2025,Süper Lig,Galatasaray,Rizespor,3 - 1,1 - 0,1,4,Evet
2025-08-30,2025,Süper Lig,Antalyaspor,Fatih Karagümrük,1 - 2,1 - 1,2,3,Evet
2025-08-31,2025,Süper Lig,Başakşehir,Eyüpspor,0 - 0,0 - 0,X,0,Yok
2025-08-31,2025,Süper Lig,Gençlerbirliği S.K.,Fenerbahçe,1 - 3,0 - 3,2,4,Evet
2025-08-31,2025,Süper Lig,Alanyaspor,Beşiktaş,2 - 0,1 - 0,1,2,Yok
2025-08-31,2025,Süper Lig,Trabzonspor,Samsunspor,1 - 1,1 - 0,X,2,Evet
2025-09-13,2025,Süper Lig,Eyüpspor,Galatasaray,0 - 2,0 - 0,2,2,Yok
2025-09-13,2025,Süper Lig,Fatih Karagümrük,Kasımpaşa,0 - 1,0 - 1,2,1,Yok
2025-09-13,2025,Süper Lig,Samsunspor,Antalyaspor,1 - 2,0 - 1,2,3,Evet
2025-09-13,2025,Süper Lig,Beşiktaş,Başakşehir,2 - 1,0 - 0,1,3,Evet
2025-09-13,2025,Süper Lig,Konyaspor,Alanyaspor,1 - 2,0 - 1,2,3,Evet
2025-09-14,2025,Süper Lig,Kayserispor,Göztepe,1 - 1,0 - 0,X,2,Evet
2025-09-14,2025,Süper Lig,Fenerbahçe,Trabzonspor,1 - 0,1 - 0,1,1,Yok
2025-09-14,2025,Süper Lig,Gaziantep FK,Kocaelispor,2 - 0,0 - 0,1,2,Yok
2025-09-15,2025,Süper Lig,Rizespor,Gençlerbirliği S.K.,1 - 0,0 - 0,1,1,Yok
2025-09-17,2025,Süper Lig,Fenerbahçe,Alanyaspor,2 - 2,0 - 1,X,4,Evet
2025-09-17,2025,Süper Lig,Fatih Karagümrük,Başakşehir,0 - 2,0 - 0,2,2,Yok
2025-09-17,2025,Süper Lig,Samsunspor,Kasımpaşa,0 - 0,0 - 0,X,0,Yok
2025-09-19,2025,Süper Lig,Göztepe,Beşiktaş,3 - 0,2 - 0,1,3,Yok
2025-09-20,2025,Süper Lig,Gençlerbirliği S.K.,Eyüpspor,1 - 0,1 - 0,1,1,Yok
2025-09-20,2025,Süper Lig,Trabzonspor,Gaziantep FK,1 - 1,0 - 1,X,2,Evet
2025-09-20,2025,Süper Lig,Antalyaspor,Kayserispor,1 - 1,0 - 0,X,2,Evet
2025-09-21,2025,Süper Lig,Başakşehir,Alanyaspor,1 - 1,1 - 0,X,2,Evet
2025-09-21,2025,Süper Lig,Kocaelispor,Rizespor,1 - 1,1 - 1,X,2,Evet
2025-09-21,2025,Süper Lig,Kasımpaşa,Fenerbahçe,1 - 1,0 - 1,X,2,Evet
2025-09-21,2025,Süper Lig,Samsunspor,Fatih Karagümrük,3 - 2,0 - 1,1,5,Evet
2025-09-22,2025,Süper Lig,Galatasaray,Konyaspor,3 - 1,2 - 0,1,4,Evet
2025-09-24,2025,Süper Lig,Kayserispor,Beşiktaş,0 - 4,0 - 3,2,4,Yok
2025-09-26,2025,Süper Lig,Alanyaspor,Galatasaray,0 - 1,0 - 1,2,1,Yok
2025-09-27,2025,Süper Lig,Gaziantep FK,Samsunspor,2 - 2,1 - 2,X,4,Evet
2025-09-27,2025,Süper Lig,Eyüpspor,Göztepe,0 - 0,0 - 0,X,0,Yok
2025-09-27,2025,Süper Lig,Fatih Karagümrük,Trabzonspor,3 - 4,1 - 3,2,7,Evet
2025-09-28,2025,Süper Lig,Konyaspor,Başakşehir,2 - 1,2 - 0,1,3,Evet
2025-09-28,2025,Süper Lig,Rizespor,Kasımpaşa,1 - 2,0 - 1,2,3,Evet
2025-09-28,2025,Süper Lig,Fenerbahçe,Antalyaspor,2 - 0,0 - 0,1,2,Yok
2025-09-28,2025,Süper Lig,Kayserispor,Gençlerbirliği S.K.,1 - 1,0 - 1,X,2,Evet
2025-09-29,2025,Süper Lig,Beşiktaş,Kocaelispor,3 - 1,2 - 0,1,4,Evet
2025-10-03,2025,Süper Lig,Trabzonspor,Kayserispor,4 - 0,1 - 0,1,4,Yok
2025-10-03,2025,Süper Lig,Antalyaspor,Rizespor,2 - 5,1 - 2,2,7,Evet
2025-10-04,2025,Süper Lig,Gençlerbirliği S.K.,Alanyaspor,2 - 2,0 - 1,X,4,Evet
2025-10-04,2025,Süper Lig,Kocaelispor,Eyüpspor,1 - 0,0 - 0,1,1,Yok
2025-10-04,2025,Süper Lig,Galatasaray,Beşiktaş,1 - 1,0 - 1,X,2,Evet
2025-10-05,2025,Süper Lig,Kasımpaşa,Konyaspor,1 - 1,0 - 1,X,2,Evet
2025-10-05,2025,Süper Lig,Fatih Karagümrük,Gaziantep FK,0 - 2,0 - 0,2,2,Yok
2025-10-05,2025,Süper Lig,Göztepe,Başakşehir,1 - 0,1 - 0,1,1,Yok
2025-10-05,2025,Süper Lig,Samsunspor,Fenerbahçe,0 - 0,0 - 0,X,0,Yok
2025-10-18,2025,Süper Lig,Konyaspor,Kocaelispor,2 - 3,0 - 1,2,5,Evet
2025-10-18,2025,Süper Lig,Beşiktaş,Gençlerbirliği S.K.,1 - 2,0 - 0,2,3,Evet
2025-10-18,2025,Süper Lig,Rizespor,Trabzonspor,1 - 2,1 - 2,2,3,Evet
2025-10-18,2025,Süper Lig,Başakşehir,Galatasaray,1 - 2,0 - 1,2,3,Evet
2025-10-19,2025,Süper Lig,Kayserispor,Samsunspor,1 - 3,0 - 1,2,4,Evet
2025-10-19,2025,Süper Lig,Alanyaspor,Göztepe,1 - 0,0 - 0,1,1,Yok
2025-10-19,2025,Süper Lig,Gaziantep FK,Antalyaspor,3 - 2,3 - 0,1,5,Evet
2025-10-19,2025,Süper Lig,Fenerbahçe,Fatih Karagümrük,2 - 1,2 - 0,1,3,Evet
2025-10-20,2025,Süper Lig,Eyüpspor,Kasımpaşa,2 - 0,1 - 0,1,2,Yok
2025-10-22,2025,Süper Lig,Konyaspor,Beşiktaş,0 - 2,0 - 1,2,2,Yok
2025-10-22,2025,Süper Lig,Rizespor,Başakşehir,0 - 0,0 - 0,X,0,Yok
2025-10-24,2025,Süper Lig,Fatih Karagümrük,Kayserispor,2 - 2,1 - 0,X,4,Evet
2025-10-25,2025,Süper Lig,Kocaelispor,Alanyaspor,2 - 0,0 - 0,1,2,Yok
2025-10-25,2025,Süper Lig,Trabzonspor,Eyüpspor,2 - 0,1 - 0,1,2,Yok
2025-10-26,2025,Süper Lig,Antalyaspor,Başakşehir,0 - 4,0 - 2,2,4,Yok
2025-10-26,2025,Süper Lig,Galatasaray,Göztepe,3 - 1,1 - 1,1,4,Evet
2025-10-26,2025,Süper Lig,Gençlerbirliği S.K.,Konyaspor,1 - 2,1 - 1,2,3,Evet
2025-10-26,2025,Süper Lig,Kasımpaşa,Beşiktaş,1 - 1,1 - 1,X,2,Evet
2025-10-27,2025,Süper Lig,Gaziantep FK,Fenerbahçe,0 - 4,0 - 2,2,4,Yok
2025-10-27,2025,Süper Lig,Samsunspor,Rizespor,1 - 1,1 - 1,X,2,Evet
2025-10-31,2025,Süper Lig,Başakşehir,Kocaelispor,1 - 0,0 - 0,1,1,Yok
2025-11-01,2025,Süper Lig,Göztepe,Gençlerbirliği S.K.,1 - 0,1 - 0,1,1,Yok
2025-11-01,2025,Süper Lig,Galatasaray,Trabzonspor,0 - 0,0 - 0,X,0,Yok
2025-11-02,2025,Süper Lig,Konyaspor,Samsunspor,1 - 3,0 - 2,2,4,Evet
2025-11-02,2025,Süper Lig,Kayserispor,Kasımpaşa,3 - 2,2 - 1,1,5,Evet
2025-11-02,2025,Süper Lig,Beşiktaş,Fenerbahçe,2 - 3,2 - 2,2,5,Evet
2025-11-03,2025,Süper Lig,Alanyaspor,Gaziantep FK,0 - 0,0 - 0,X,0,Yok
2025-11-03,2025,Süper Lig,Rizespor,Fatih Karagümrük,1 - 0,0 - 0,1,1,Yok
2025-11-03,2025,Süper Lig,Eyüpspor,Antalyaspor,0 - 1,0 - 0,2,1,Yok
2025-11-07,2025,Süper Lig,Gençlerbirliği S.K.,Başakşehir,2 - 1,1 - 0,1,3,Evet
2025-11-08,2025,Süper Lig,Gaziantep FK,Rizespor,2 - 2,1 - 1,X,4,Evet
2025-11-08,2025,Süper Lig,Trabzonspor,Alanyaspor,1 - 1,1 - 0,X,2,Evet
2025-11-08,2025,Süper Lig,Kasımpaşa,Göztepe,0 - 2,0 - 0,2,2,Yok
2025-11-08,2025,Süper Lig,Antalyaspor,Beşiktaş,1 - 3,0 - 2,2,4,Evet
2025-11-09,2025,Süper Lig,Fatih Karagümrük,Konyaspor,2 - 0,2 - 0,1,2,Yok
2025-11-09,2025,Süper Lig,Kocaelispor,Galatasaray,1 - 0,1 - 0,1,1,Yok
2025-11-09,2025,Süper Lig,Fenerbahçe,Kayserispor,4 - 2,2 - 0,1,6,Evet
2025-11-09,2025,Süper Lig,Samsunspor,Eyüpspor,1 - 0,0 - 0,1,1,Yok
2025-11-22,2025,Süper Lig,Kayserispor,Gaziantep FK,0 - 3,0 - 2,2,3,Yok
2025-11-22,2025,Süper Lig,Eyüpspor,Fatih Karagümrük,1 - 1,0 - 0,X,2,Evet
2025-11-22,2025,Süper Lig,Galatasaray,Gençlerbirliği S.K.,3 - 2,0 - 1,1,5,Evet
2025-11-23,2025,Süper Lig,Göztepe,Kocaelispor,0 - 0,0 - 0,X,0,Yok
2025-11-23,2025,Süper Lig,Beşiktaş,Samsunspor,1 - 1,0 - 0,X,2,Evet
2025-11-23,2025,Süper Lig,Alanyaspor,Kasımpaşa,1 - 2,1 - 0,2,3,Evet
2025-11-23,2025,Süper Lig,Rizespor,Fenerbahçe,2 - 5,2 - 0,2,7,Evet
2025-11-24,2025,Süper Lig,Başakşehir,Trabzonspor,3 - 4,2 - 1,2,7,Evet
2025-11-24,2025,Süper Lig,Konyaspor,Antalyaspor,0 - 0,0 - 0,X,0,Yok
2025-11-28,2025,Süper Lig,Kocaelispor,Gençlerbirliği S.K.,1 - 0,1 - 0,1,1,Yok
2025-11-29,2025,Süper Lig,Rizespor,Kayserispor,0 - 1,0 - 0,2,1,Yok
2025-11-29,2025,Süper Lig,Gaziantep FK,Eyüpspor,1 - 2,0 - 1,2,3,Evet
2025-11-29,2025,Süper Lig,Trabzonspor,Konyaspor,3 - 1,1 - 1,1,4,Evet
2025-11-29,2025,Süper Lig,Kasımpaşa,Başakşehir,1 - 3,0 - 2,2,4,Evet
2025-11-30,2025,Süper Lig,Antalyaspor,Göztepe,1 - 2,1 - 0,2,3,Evet
2025-11-30,2025,Süper Lig,Fatih Karagümrük,Beşiktaş,0 - 2,0 - 1,2,2,Yok
2025-12-01,2025,Süper Lig,Fenerbahçe,Galatasaray,1 - 1,0 - 1,X,2,Evet
2025-12-01,2025,Süper Lig,Samsunspor,Alanyaspor,1 - 1,1 - 0,X,2,Evet
2025-12-05,2025,Süper Lig,Galatasaray,Samsunspor,3 - 2,2 - 0,1,5,Evet
2025-12-06,2025,Süper Lig,Eyüpspor,Kayserispor,1 - 1,0 - 0,X,2,Evet
2025-12-06,2025,Süper Lig,Konyaspor,Rizespor,1 - 1,0 - 1,X,2,Evet
2025-12-06,2025,Süper Lig,Başakşehir,Fenerbahçe,1 - 1,0 - 0,X,2,Evet
2025-12-07,2025,Süper Lig,Gençlerbirliği S.K.,Fatih Karagümrük,3 - 0,1 - 0,1,3,Yok
2025-12-07,2025,Süper Lig,Kocaelispor,Kasımpaşa,0 - 0,0 - 0,X,0,Yok
2025-12-07,2025,Süper Lig,Göztepe,Trabzonspor,1 - 2,0 - 0,2,3,Evet
2025-12-08,2025,Süper Lig,Beşiktaş,Gaziantep FK,2 - 2,1 - 1,X,4,Evet
2025-12-08,2025,Süper Lig,Alanyaspor,Antalyaspor,0 - 0,0 - 0,X,0,Yok
2025-12-12,2025,Süper Lig,Kasımpaşa,Gençlerbirliği S.K.,0 - 0,0 - 0,X,0,Yok
2025-12-13,2025,Süper Lig,Rizespor,Eyüpspor,3 - 0,1 - 0,1,3,Yok
2025-12-13,2025,Süper Lig,Kayserispor,Alanyaspor,0 - 0,0 - 0,X,0,Yok
2025-12-13,2025,Süper Lig,Antalyaspor,Galatasaray,1 - 4,0 - 2,2,5,Evet
2025-12-14,2025,Süper Lig,Gaziantep FK,Göztepe,0 - 1,0 - 0,2,1,Yok
2025-12-14,2025,Süper Lig,Fatih Karagümrük,Kocaelispor,1 - 1,0 - 0,X,2,Evet
2025-12-14,2025,Süper Lig,Trabzonspor,Beşiktaş,3 - 3,1 - 3,X,6,Evet
2025-12-14,2025,Süper Lig,Samsunspor,Başakşehir,0 - 2,0 - 0,2,2,Yok
2025-12-15,2025,Süper Lig,Fenerbahçe,Konyaspor,4 - 0,3 - 0,1,4,Yok
2025-12-19,2025,Süper Lig,Kocaelispor,Antalyaspor,2 - 1,2 - 1,1,3,Evet
2025-12-20,2025,Süper Lig,Konyaspor,Kayserispor,1 - 1,0 - 0,X,2,Evet
2025-12-20,2025,Süper Lig,Eyüpspor,Fenerbahçe,0 - 3,0 - 2,2,3,Yok
2025-12-20,2025,Süper Lig,Beşiktaş,Rizespor,1 - 0,0 - 0,1,1,Yok
2025-12-21,2025,Süper Lig,Alanyaspor,Fatih Karagümrük,2 - 0,1 - 0,1,2,Yok
2025-12-21,2025,Süper Lig,Galatasaray,Kasımpaşa,3 - 0,1 - 0,1,3,Yok
2025-12-21,2025,Süper Lig,Göztepe,Samsunspor,2 - 0,1 - 0,1,2,Yok
2025-12-22,2025,Süper Lig,Başakşehir,Gaziantep FK,5 - 1,2 - 1,1,6,Evet
2025-12-22,2025,Süper Lig,Gençlerbirliği S.K.,Trabzonspor,4 - 3,2 - 1,1,7,Evet
2026-01-17,2025,Süper Lig,Başakşehir,Fatih Karagümrük,2 - 1,1 - 0,1,3,Evet
2026-01-17,2025,Süper Lig,Galatasaray,Gaziantep FK,1 - 1,0 - 0,X,2,Evet
2026-01-18,2025,Süper Lig,Kasımpaşa,Antalyaspor,0 - 0,0 - 0,X,0,Yok
2026-01-18,2025,Süper Lig,Gençlerbirliği S.K.,Samsunspor,1 - 1,0 - 1,X,2,Evet
2026-01-18,2025,Süper Lig,Kocaelispor,Trabzonspor,1 - 2,1 - 1,2,3,Evet
2026-01-18,2025,Süper Lig,Alanyaspor,Fenerbahçe,2 - 3,2 - 1,2,5,Evet
2026-01-19,2025,Süper Lig,Konyaspor,Eyüpspor,1 - 1,0 - 0,X,2,Evet
2026-01-19,2025,Süper Lig,Beşiktaş,Kayserispor,1 - 0,0 - 0,1,1,Yok
2026-01-19,2025,Süper Lig,Göztepe,Rizespor,3 - 1,1 - 0,1,4,Evet
2026-01-23,2025,Süper Lig,Trabzonspor,Kasımpaşa,2 - 1,0 - 0,1,3,Evet
2026-01-24,2025,Süper Lig,Kayserispor,Başakşehir,0 - 3,0 - 1,2,3,Yok
2026-01-24,2025,Süper Lig,Samsunspor,Kocaelispor,0 - 0,0 - 0,X,0,Yok
2026-01-24,2025,Süper Lig,Fatih Karagümrük,Galatasaray,1 - 3,1 - 1,2,4,Evet
2026-01-25,2025,Süper Lig,Gaziantep FK,Konyaspor,1 - 1,1 - 0,X,2,Evet
2026-01-25,2025,Süper Lig,Antalyaspor,Gençlerbirliği S.K.,2 - 1,1 - 1,1,3,Evet
2026-01-25,2025,Süper Lig,Rizespor,Alanyaspor,1 - 1,0 - 0,X,2,Evet
2026-01-25,2025,Süper Lig,Fenerbahçe,Göztepe,1 - 1,1 - 1,X,2,Evet
2026-01-26,2025,Süper Lig,Eyüpspor,Beşiktaş,2 - 2,0 - 1,X,4,Evet
2026-01-30,2025,Süper Lig,Kasımpaşa,Samsunspor,0 - 1,0 - 0,2,1,Yok
2026-01-30,2025,Süper Lig,Antalyaspor,Trabzonspor,1 - 1,1 - 0,X,2,Evet
2026-01-31,2025,Süper Lig,Alanyaspor,Eyüpspor,1 - 3,1 - 0,2,4,Evet
2026-01-31,2025,Süper Lig,Başakşehir,Rizespor,2 - 2,1 - 1,X,4,Evet
2026-01-31,2025,Süper Lig,Beşiktaş,Konyaspor,2 - 1,1 - 1,1,3,Evet
2026-01-31,2025,Süper Lig,Göztepe,Fatih Karagümrük,2 - 1,2 - 1,1,3,Evet
2026-02-01,2025,Süper Lig,Gençlerbirliği S.K.,Gaziantep FK,2 - 1,1 - 0,1,3,Evet
2026-02-01,2025,Süper Lig,Galatasaray,Kayserispor,4 - 0,2 - 0,1,4,Yok
2026-02-02,2025,Süper Lig,Kocaelispor,Fenerbahçe,0 - 2,0 - 1,2,2,Yok
2026-02-07,2025,Süper Lig,Fatih Karagümrük,Antalyaspor,1 - 0,1 - 0,1,1,Yok
2026-02-07,2025,Süper Lig,Samsunspor,Trabzonspor,0 - 3,0 - 1,2,3,Yok
2026-02-08,2025,Süper Lig,Eyüpspor,Başakşehir,1 - 2,0 - 1,2,3,Evet
2026-02-08,2025,Süper Lig,Konyaspor,Göztepe,0 - 0,0 - 0,X,0,Yok
2026-02-08,2025,Süper Lig,Rizespor,Galatasaray,0 - 3,0 - 1,2,3,Yok
2026-02-08,2025,Süper Lig,Beşiktaş,Alanyaspor,2 - 2,1 - 2,X,4,Evet
2026-02-09,2025,Süper Lig,Kayserispor,Kocaelispor,1 - 2,0 - 0,2,3,Evet
2026-02-09,2025,Süper Lig,Fenerbahçe,Gençlerbirliği S.K.,3 - 1,3 - 0,1,4,Evet
2026-02-09,2025,Süper Lig,Gaziantep FK,Kasımpaşa,2 - 1,2 - 1,1,3,Evet
2026-02-13,2025,Süper Lig,Galatasaray,Eyüpspor,5 - 1,2 - 0,1,6,Evet
2026-02-13,2025,Süper Lig,Antalyaspor,Samsunspor,3 - 1,2 - 0,1,4,Evet
2026-02-14,2025,Süper Lig,Gençlerbirliği S.K.,Rizespor,2 - 2,2 - 0,X,4,Evet
2026-02-14,2025,Süper Lig,Alanyaspor,Konyaspor,2 - 1,1 - 0,1,3,Evet
2026-02-14,2025,Süper Lig,Trabzonspor,Fenerbahçe,2 - 3,2 - 2,2,5,Evet
2026-02-15,2025,Süper Lig,Kocaelispor,Gaziantep FK,3 - 0,1 - 0,1,3,Yok
2026-02-15,2025,Süper Lig,Göztepe,Kayserispor,0 - 0,0 - 0,X,0,Yok
2026-02-15,2025,Süper Lig,Başakşehir,Beşiktaş,2 - 3,1 - 1,2,5,Evet
2026-02-16,2025,Süper Lig,Kasımpaşa,Fatih Karagümrük,3 - 2,1 - 0,1,5,Evet
2026-02-20,2025,Süper Lig,Rizespor,Kocaelispor,2 - 0,1 - 0,1,2,Yok
2026-02-21,2025,Süper Lig,Eyüpspor,Gençlerbirliği S.K.,1 - 0,0 - 0,1,1,Yok
2026-02-21,2025,Süper Lig,Alanyaspor,Başakşehir,1 - 2,0 - 2,2,3,Evet
2026-02-21,2025,Süper Lig,Konyaspor,Galatasaray,2 - 0,0 - 0,1,2,Yok
2026-02-22,2025,Süper Lig,Kayserispor,Antalyaspor,1 - 0,0 - 0,1,1,Yok
2026-02-22,2025,Süper Lig,Gaziantep FK,Trabzonspor,1 - 2,1 - 2,2,3,Evet
2026-02-22,2025,Süper Lig,Beşiktaş,Göztepe,4 - 0,2 - 0,1,4,Yok
2026-02-22,2025,Süper Lig,Fatih Karagümrük,Samsunspor,0 - 0,0 - 0,X,0,Yok
2026-02-23,2025,Süper Lig,Fenerbahçe,Kasımpaşa,1 - 1,0 - 0,X,2,Evet
2026-02-27,2025,Süper Lig,Başakşehir,Konyaspor,2 - 0,0 - 0,1,2,Yok
2026-02-27,2025,Süper Lig,Trabzonspor,Fatih Karagümrük,3 - 1,1 - 1,1,4,Evet
2026-02-28,2025,Süper Lig,Kasımpaşa,Rizespor,0 - 3,0 - 1,2,3,Yok
2026-02-28,2025,Süper Lig,Kocaelispor,Beşiktaş,0 - 1,0 - 0,2,1,Yok
2026-02-28,2025,Süper Lig,Galatasaray,Alanyaspor,3 - 1,1 - 0,1,4,Evet
2026-02-28,2025,Süper Lig,Göztepe,Eyüpspor,0 - 0,0 - 0,X,0,Yok
2026-03-01,2025,Süper Lig,Gençlerbirliği S.K.,Kayserispor,0 - 0,0 - 0,X,0,Yok
2026-03-01,2025,Süper Lig,Antalyaspor,Fenerbahçe,2 - 2,1 - 0,X,4,Evet
2026-03-01,2025,Süper Lig,Samsunspor,Gaziantep FK,0 - 0,0 - 0,X,0,Yok
2026-03-07,2025,Süper Lig,Başakşehir,Göztepe,2 - 1,1 - 1,1,3,Evet
2026-03-07,2025,Süper Lig,Beşiktaş,Galatasaray,0 - 1,0 - 1,2,1,Yok
2026-03-08,2025,Süper Lig,Rizespor,Antalyaspor,1 - 0,1 - 0,1,1,Yok
2026-03-08,2025,Süper Lig,Gaziantep FK,Fatih Karagümrük,1 - 1,0 - 0,X,2,Evet
2026-03-08,2025,Süper Lig,Konyaspor,Kasımpaşa,1 - 1,1 - 1,X,2,Evet
2026-03-08,2025,Süper Lig,Fenerbahçe,Samsunspor,3 - 2,1 - 2,1,5,Evet
2026-03-09,2025,Süper Lig,Eyüpspor,Kocaelispor,0 - 1,0 - 1,2,1,Yok
2026-03-09,2025,Süper Lig,Alanyaspor,Gençlerbirliği S.K.,0 - 0,0 - 0,X,0,Yok
2026-03-09,2025,Süper Lig,Kayserispor,Trabzonspor,1 - 3,0 - 2,2,4,Evet
2026-03-13,2025,Süper Lig,Antalyaspor,Gaziantep FK,1 - 4,0 - 0,2,5,Evet
2026-03-13,2025,Süper Lig,Fatih Karagümrük,Fenerbahçe,2 - 0,2 - 0,1,2,Yok
2026-03-14,2025,Süper Lig,Kocaelispor,Konyaspor,1 - 2,0 - 0,2,3,Evet
2026-03-14,2025,Süper Lig,Galatasaray,Başakşehir,3 - 0,0 - 0,1,3,Yok
2026-03-14,2025,Süper Lig,Göztepe,Alanyaspor,2 - 2,1 - 1,X,4,Evet
2026-03-14,2025,Süper Lig,Trabzonspor,Rizespor,1 - 0,0 - 0,1,1,Yok
2026-03-15,2025,Süper Lig,Kasımpaşa,Eyüpspor,1 - 0,1 - 0,1,1,Yok
2026-03-15,2025,Süper Lig,Gençlerbirliği S.K.,Beşiktaş,0 - 2,0 - 0,2,2,Yok
2026-03-15,2025,Süper Lig,Samsunspor,Kayserispor,2 - 1,1 - 0,1,3,Evet
2026-03-17,2025,Süper Lig,Fenerbahçe,Gaziantep FK,4 - 1,1 - 0,1,5,Evet
2026-03-18,2025,Süper Lig,Alanyaspor,Kocaelispor,5 - 0,2 - 0,1,5,Yok
2026-03-18,2025,Süper Lig,Başakşehir,Antalyaspor,0 - 0,0 - 0,X,0,Yok
2026-03-18,2025,Süper Lig,Eyüpspor,Trabzonspor,0 - 1,0 - 0,2,1,Yok
2026-03-19,2025,Süper Lig,Kayserispor,Fatih Karagümrük,1 - 0,0 - 0,1,1,Yok
2026-03-19,2025,Süper Lig,Beşiktaş,Kasımpaşa,2 - 1,2 - 0,1,3,Evet
2026-03-19,2025,Süper Lig,Konyaspor,Gençlerbirliği S.K.,1 - 0,0 - 0,1,1,Yok
2026-04-04,2025,Süper Lig,Gençlerbirliği S.K.,Göztepe,0 - 2,0 - 1,2,2,Yok
2026-04-04,2025,Süper Lig,Kasımpaşa,Kayserispor,2 - 0,1 - 0,1,2,Yok
2026-04-04,2025,Süper Lig,Gaziantep FK,Alanyaspor,1 - 1,0 - 1,X,2,Evet
2026-04-04,2025,Süper Lig,Trabzonspor,Galatasaray,2 - 1,1 - 0,1,3,Evet
2026-04-05,2025,Süper Lig,Fatih Karagümrük,Rizespor,2 - 1,1 - 0,1,3,Evet
2026-04-05,2025,Süper Lig,Samsunspor,Konyaspor,2 - 2,1 - 1,X,4,Evet
2026-04-05,2025,Süper Lig,Antalyaspor,Eyüpspor,3 - 0,0 - 0,1,3,Yok
2026-04-05,2025,Süper Lig,Fenerbahçe,Beşiktaş,1 - 0,0 - 0,1,1,Yok
2026-04-06,2025,Süper Lig,Kocaelispor,Başakşehir,0 - 0,0 - 0,X,0,Yok
2026-04-08,2025,Süper Lig,Göztepe,Galatasaray,1 - 3,0 - 2,2,4,Evet
2026-04-09,2025,Süper Lig,Rizespor,Samsunspor,4 - 1,3 - 0,1,5,Evet
2026-04-10,2025,Süper Lig,Beşiktaş,Antalyaspor,4 - 2,3 - 1,1,6,Evet
2026-04-11,2025,Süper Lig,Başakşehir,Gençlerbirliği S.K.,3 - 0,3 - 0,1,3,Yok
2026-04-11,2025,Süper Lig,Alanyaspor,Trabzonspor,1 - 1,0 - 0,X,2,Evet
2026-04-11,2025,Süper Lig,Kayserispor,Fenerbahçe,0 - 4,0 - 1,2,4,Yok
2026-04-12,2025,Süper Lig,Konyaspor,Fatih Karagümrük,3 - 0,2 - 0,1,3,Yok
2026-04-12,2025,Süper Lig,Göztepe,Kasımpaşa,3 - 3,1 - 1,X,6,Evet
2026-04-12,2025,Süper Lig,Galatasaray,Kocaelispor,1 - 1,1 - 0,X,2,Evet
2026-04-13,2025,Süper Lig,Rizespor,Gaziantep FK,2 - 1,0 - 1,1,3,Evet
2026-04-13,2025,Süper Lig,Eyüpspor,Samsunspor,1 - 2,1 - 0,2,3,Evet
2026-04-17,2025,Süper Lig,Fenerbahçe,Rizespor,2 - 2,0 - 0,X,4,Evet
2026-04-17,2025,Süper Lig,Antalyaspor,Konyaspor,0 - 2,0 - 0,2,2,Yok
2026-04-18,2025,Süper Lig,Fatih Karagümrük,Eyüpspor,1 - 2,1 - 2,2,3,Evet
2026-04-18,2025,Süper Lig,Kocaelispor,Göztepe,1 - 1,0 - 1,X,2,Evet
2026-04-18,2025,Süper Lig,Gençlerbirliği S.K.,Galatasaray,1 - 2,0 - 2,2,3,Evet
2026-04-19,2025,Süper Lig,Kasımpaşa,Alanyaspor,1 - 0,0 - 0,1,1,Yok
2026-04-19,2025,Süper Lig,Samsunspor,Beşiktaş,2 - 1,0 - 0,1,3,Evet
2026-04-19,2025,Süper Lig,Trabzonspor,Başakşehir,1 - 1,0 - 0,X,2,Evet
2026-04-20,2025,Süper Lig,Gaziantep FK,Kayserispor,3 - 0,2 - 0,1,3,Yok
2026-04-24,2025,Süper Lig,Başakşehir,Kasımpaşa,4 - 0,2 - 0,1,4,Yok
2026-04-25,2025,Süper Lig,Eyüpspor,Gaziantep FK,3 - 0,0 - 0,1,3,Yok
2026-04-25,2025,Süper Lig,Kayserispor,Rizespor,2 - 0,0 - 0,1,2,Yok
2026-04-25,2025,Süper Lig,Göztepe,Antalyaspor,2 - 0,2 - 0,1,2,Yok
2026-04-26,2025,Süper Lig,Gençlerbirliği S.K.,Kocaelispor,1 - 0,1 - 0,1,1,Yok
2026-04-26,2025,Süper Lig,Galatasaray,Fenerbahçe,3 - 0,1 - 0,1,3,Yok
2026-04-27,2025,Süper Lig,Alanyaspor,Samsunspor,2 - 3,0 - 2,2,5,Evet
2026-04-27,2025,Süper Lig,Beşiktaş,Fatih Karagümrük,0 - 0,0 - 0,X,0,Yok
2026-04-27,2025,Süper Lig,Konyaspor,Trabzonspor,2 - 1,2 - 0,1,3,Evet
2026-05-01,2025,Süper Lig,Rizespor,Konyaspor,3 - 2,1 - 1,1,5,Evet
2026-05-01,2025,Süper Lig,Gaziantep FK,Beşiktaş,0 - 2,0 - 2,2,2,Yok
2026-05-02,2025,Süper Lig,Fenerbahçe,Başakşehir,3 - 1,1 - 1,1,4,Evet
2026-05-02,2025,Süper Lig,Trabzonspor,Göztepe,1 - 1,0 - 1,X,2,Evet
2026-05-02,2025,Süper Lig,Samsunspor,Galatasaray,4 - 1,1 - 1,1,5,Evet
2026-05-03,2025,Süper Lig,Kayserispor,Eyüpspor,1 - 1,0 - 1,X,2,Evet
2026-05-03,2025,Süper Lig,Kasımpaşa,Kocaelispor,1 - 1,1 - 1,X,2,Evet
2026-05-03,2025,Süper Lig,Antalyaspor,Alanyaspor,0 - 0,0 - 0,X,0,Yok
2026-05-03,2025,Süper Lig,Fatih Karagümrük,Gençlerbirliği S.K.,1 - 0,1 - 0,1,1,Yok
2026-05-09,2025,Süper Lig,Beşiktaş,Trabzonspor,1 - 2,1 - 1,2,3,Evet
2026-05-09,2025,Süper Lig,Başakşehir,Samsunspor,3 - 0,2 - 0,1,3,Yok
2026-05-09,2025,Süper Lig,Konyaspor,Fenerbahçe,0 - 3,0 - 1,2,3,Yok
2026-05-09,2025,Süper Lig,Galatasaray,Antalyaspor,4 - 2,0 - 1,1,6,Evet
2026-05-09,2025,Süper Lig,Göztepe,Gaziantep FK,2 - 1,1 - 0,1,3,Evet
2026-05-09,2025,Süper Lig,Alanyaspor,Kayserispor,3 - 1,2 - 1,1,4,Evet
2026-05-09,2025,Süper Lig,Gençlerbirliği S.K.,Kasımpaşa,3 - 2,2 - 2,1,5,Evet
2026-05-09,2025,Süper Lig,Eyüpspor,Rizespor,4 - 0,3 - 0,1,4,Yok
2026-05-09,2025,Süper Lig,Kocaelispor,Fatih Karagümrük,0 - 1,0 - 0,2,1,Yok
2026-05-15,2025,Süper Lig,Rizespor,Beşiktaş,2 - 2,2 - 0,X,4,Evet
2026-05-16,2025,Süper Lig,Fatih Karagümrük,Alanyaspor,2 - 1,0 - 1,1,3,Evet
2026-05-16,2025,Süper Lig,Gaziantep FK,Başakşehir,1 - 2,0 - 2,2,3,Evet
2026-05-16,2025,Süper Lig,Samsunspor,Göztepe,3 - 0,1 - 0,1,3,Yok
2026-05-17,2025,Süper Lig,Kayserispor,Konyaspor,2 - 1,0 - 0,1,3,Evet
2026-05-17,2025,Süper Lig,Fenerbahçe,Eyüpspor,3 - 3,0 - 2,X,6,Evet
2026-05-17,2025,Süper Lig,Trabzonspor,Gençlerbirliği S.K.,0 - 3,0 - 1,2,3,Yok
2026-05-17,2025,Süper Lig,Kasımpaşa,Galatasaray,1 - 0,1 - 0,1,1,Yok
2026-05-17,2025,Süper Lig,Antalyaspor,Kocaelispor,1 - 0,0 - 0,1,1,Yok
2024-08-09,2024,Süper Lig,Galatasaray,Hatayspor,2 - 1,0 - 0,1,3,Evet
2024-08-10,2024,Süper Lig,Kasımpaşa,Konyaspor,2 - 3,0 - 1,2,5,Evet
2024-08-10,2024,Süper Lig,Fenerbahçe,Adana Demirspor,1 - 0,1 - 0,1,1,Yok
2024-08-10,2024,Süper Lig,Antalyaspor,Göztepe,0 - 0,0 - 0,X,0,Yok
2024-08-11,2024,Süper Lig,Sivasspor,Trabzonspor,0 - 0,0 - 0,X,0,Yok
2024-08-11,2024,Süper Lig,Alanyaspor,Eyüpspor,1 - 1,0 - 0,X,2,Evet
2024-08-11,2024,Süper Lig,Samsunspor,Beşiktaş,0 - 2,0 - 2,2,2,Yok
2024-08-12,2024,Süper Lig,Rizespor,Başakşehir,1 - 1,1 - 1,X,2,Evet
2024-08-12,2024,Süper Lig,Bodrum FK,Gaziantep FK,0 - 1,0 - 0,2,1,Yok
2024-08-16,2024,Süper Lig,Konyaspor,Galatasaray,1 - 2,1 - 1,2,3,Evet
2024-08-17,2024,Süper Lig,Kayserispor,Sivasspor,1 - 2,1 - 1,2,3,Evet
2024-08-17,2024,Süper Lig,Göztepe,Fenerbahçe,2 - 2,0 - 2,X,4,Evet
2024-08-17,2024,Süper Lig,Adana Demirspor,Rizespor,1 - 2,0 - 1,2,3,Evet
2024-08-18,2024,Süper Lig,Başakşehir,Alanyaspor,4 - 2,1 - 2,1,6,Evet
2024-08-18,2024,Süper Lig,Beşiktaş,Antalyaspor,4 - 2,2 - 1,1,6,Evet
2024-08-18,2024,Süper Lig,Gaziantep FK,Samsunspor,0 - 1,0 - 1,2,1,Yok
2024-08-19,2024,Süper Lig,Hatayspor,Kasımpaşa,1 - 1,1 - 0,X,2,Evet
2024-08-19,2024,Süper Lig,Eyüpspor,Bodrum FK,4 - 1,0 - 1,1,5,Evet
2024-08-23,2024,Süper Lig,Alanyaspor,Göztepe,1 - 1,0 - 1,X,2,Evet
2024-08-24,2024,Süper Lig,Sivasspor,Eyüpspor,0 - 1,0 - 1,2,1,Yok
2024-08-24,2024,Süper Lig,Bodrum FK,Konyaspor,3 - 1,2 - 1,1,4,Evet
2024-08-25,2024,Süper Lig,Kasımpaşa,Adana Demirspor,2 - 2,1 - 0,X,4,Evet
2024-08-25,2024,Süper Lig,Antalyaspor,Hatayspor,3 - 2,0 - 2,1,5,Evet
2024-08-25,2024,Süper Lig,Rizespor,Fenerbahçe,0 - 5,0 - 1,2,5,Yok
2024-08-30,2024,Süper Lig,Fenerbahçe,Alanyaspor,3 - 0,1 - 0,1,3,Yok
2024-08-31,2024,Süper Lig,Konyaspor,Kayserispor,0 - 0,0 - 0,X,0,Yok
2024-08-31,2024,Süper Lig,Rizespor,Kasımpaşa,0 - 1,0 - 1,2,1,Yok
2024-08-31,2024,Süper Lig,Göztepe,Bodrum FK,2 - 0,2 - 0,1,2,Yok
2024-08-31,2024,Süper Lig,Adana Demirspor,Galatasaray,1 - 5,0 - 4,2,6,Evet
2024-09-01,2024,Süper Lig,Başakşehir,Antalyaspor,5 - 2,1 - 2,1,7,Evet
2024-09-01,2024,Süper Lig,Eyüpspor,Trabzonspor,0 - 0,0 - 0,X,0,Yok
2024-09-01,2024,Süper Lig,Beşiktaş,Sivasspor,2 - 0,1 - 0,1,2,Yok
2024-09-01,2024,Süper Lig,Hatayspor,Samsunspor,0 - 3,0 - 1,2,3,Yok
2024-09-14,2024,Süper Lig,Sivasspor,Gaziantep FK,3 - 2,1 - 1,1,5,Evet
2024-09-14,2024,Süper Lig,Samsunspor,Konyaspor,0 - 1,0 - 1,2,1,Yok
2024-09-14,2024,Süper Lig,Galatasaray,Rizespor,5 - 0,2 - 0,1,5,Yok
2024-09-14,2024,Süper Lig,Bodrum FK,Başakşehir,0 - 1,0 - 0,2,1,Yok
2024-09-15,2024,Süper Lig,Kayserispor,Eyüpspor,2 - 2,0 - 2,X,4,Evet
2024-09-15,2024,Süper Lig,Kasımpaşa,Fenerbahçe,0 - 2,0 - 2,2,2,Yok
2024-09-15,2024,Süper Lig,Alanyaspor,Hatayspor,0 - 0,0 - 0,X,0,Yok
2024-09-15,2024,Süper Lig,Trabzonspor,Beşiktaş,1 - 1,1 - 1,X,2,Evet
2024-09-16,2024,Süper Lig,Antalyaspor,Adana Demirspor,2 - 1,0 - 0,1,3,Evet
2024-09-17,2024,Süper Lig,Galatasaray,Gaziantep FK,3 - 1,2 - 0,1,4,Evet
2024-09-18,2024,Süper Lig,Samsunspor,Başakşehir,2 - 0,0 - 0,1,2,Yok
2024-09-19,2024,Süper Lig,Trabzonspor,Kayserispor,2 - 2,0 - 1,X,4,Evet
2024-09-20,2024,Süper Lig,Hatayspor,Bodrum FK,0 - 1,0 - 1,2,1,Yok
2024-09-21,2024,Süper Lig,Konyaspor,Sivasspor,0 - 0,0 - 0,X,0,Yok
2024-09-21,2024,Süper Lig,Fenerbahçe,Galatasaray,1 - 3,0 - 2,2,4,Evet
2024-09-22,2024,Süper Lig,Kasımpaşa,Antalyaspor,0 - 0,0 - 0,X,0,Yok
2024-09-22,2024,Süper Lig,Rizespor,Samsunspor,0 - 1,0 - 0,2,1,Yok
2024-09-22,2024,Süper Lig,Beşiktaş,Eyüpspor,2 - 1,1 - 0,1,3,Evet
2024-09-22,2024,Süper Lig,Adana Demirspor,Alanyaspor,0 - 2,0 - 2,2,2,Yok
2024-09-23,2024,Süper Lig,Göztepe,Kayserispor,3 - 0,2 - 0,1,3,Yok
2024-09-23,2024,Süper Lig,Gaziantep FK,Trabzonspor,0 - 0,0 - 0,X,0,Yok
2024-09-27,2024,Süper Lig,Sivasspor,Başakşehir,1 - 2,0 - 1,2,3,Evet
2024-09-28,2024,Süper Lig,Samsunspor,Göztepe,4 - 3,1 - 2,1,7,Evet
2024-09-28,2024,Süper Lig,Galatasaray,Kasımpaşa,3 - 3,3 - 1,X,6,Evet
2024-09-28,2024,Süper Lig,Alanyaspor,Rizespor,1 - 0,1 - 0,1,1,Yok
2024-09-29,2024,Süper Lig,Trabzonspor,Konyaspor,3 - 2,2 - 1,1,5,Evet
2024-09-29,2024,Süper Lig,Eyüpspor,Gaziantep FK,3 - 2,1 - 1,1,5,Evet
2024-09-29,2024,Süper Lig,Antalyaspor,Fenerbahçe,0 - 2,0 - 0,2,2,Yok
2024-09-29,2024,Süper Lig,Bodrum FK,Adana Demirspor,3 - 1,1 - 0,1,4,Evet
2024-09-30,2024,Süper Lig,Kayserispor,Beşiktaş,0 - 3,0 - 0,2,3,Yok
2024-10-04,2024,Süper Lig,Rizespor,Antalyaspor,2 - 1,2 - 0,1,3,Evet
2024-10-05,2024,Süper Lig,Kasımpaşa,Bodrum FK,0 - 0,0 - 0,X,0,Yok
2024-10-05,2024,Süper Lig,Göztepe,Sivasspor,3 - 2,2 - 0,1,5,Evet
2024-10-05,2024,Süper Lig,Başakşehir,Kayserispor,1 - 1,0 - 1,X,2,Evet
2024-10-05,2024,Süper Lig,Hatayspor,Trabzonspor,1 - 1,1 - 0,X,2,Evet
2024-10-06,2024,Süper Lig,Konyaspor,Eyüpspor,2 - 1,0 - 0,1,3,Evet
2024-10-06,2024,Süper Lig,Adana Demirspor,Samsunspor,1 - 3,1 - 0,2,4,Evet
2024-10-06,2024,Süper Lig,Galatasaray,Alanyaspor,1 - 0,1 - 0,1,1,Yok
2024-10-06,2024,Süper Lig,Gaziantep FK,Beşiktaş,1 - 1,0 - 1,X,2,Evet
2024-10-19,2024,Süper Lig,Kayserispor,Gaziantep FK,2 - 2,1 - 2,X,4,Evet
2024-10-19,2024,Süper Lig,Trabzonspor,Başakşehir,1 - 0,0 - 0,1,1,Yok
2024-10-19,2024,Süper Lig,Antalyaspor,Galatasaray,0 - 3,0 - 1,2,3,Yok
2024-10-19,2024,Süper Lig,Eyüpspor,Göztepe,1 - 0,1 - 0,1,1,Yok
2024-10-20,2024,Süper Lig,Sivasspor,Hatayspor,3 - 2,1 - 1,1,5,Evet
2024-10-20,2024,Süper Lig,Beşiktaş,Konyaspor,2 - 0,2 - 0,1,2,Yok
2024-10-20,2024,Süper Lig,Alanyaspor,Kasımpaşa,1 - 2,0 - 2,2,3,Evet
2024-10-20,2024,Süper Lig,Samsunspor,Fenerbahçe,2 - 2,0 - 1,X,4,Evet
2024-10-21,2024,Süper Lig,Bodrum FK,Rizespor,0 - 1,0 - 0,2,1,Yok
2024-10-25,2024,Süper Lig,Adana Demirspor,Sivasspor,2 - 4,2 - 1,2,6,Evet
2024-10-26,2024,Süper Lig,Hatayspor,Kayserispor,0 - 1,0 - 0,2,1,Yok
2024-10-26,2024,Süper Lig,Kasımpaşa,Samsunspor,1 - 4,1 - 0,2,5,Evet
2024-10-26,2024,Süper Lig,Göztepe,Trabzonspor,2 - 1,0 - 0,1,3,Evet
2024-10-27,2024,Süper Lig,Gaziantep FK,Konyaspor,3 - 1,1 - 1,1,4,Evet
2024-10-27,2024,Süper Lig,Alanyaspor,Antalyaspor,1 - 2,1 - 0,2,3,Evet
2024-10-27,2024,Süper Lig,Fenerbahçe,Bodrum FK,2 - 0,1 - 0,1,2,Yok
2024-10-28,2024,Süper Lig,Başakşehir,Eyüpspor,1 - 1,0 - 1,X,2,Evet
2024-10-28,2024,Süper Lig,Galatasaray,Beşiktaş,2 - 1,1 - 0,1,3,Evet
2024-11-01,2024,Süper Lig,Gaziantep FK,Göztepe,2 - 1,0 - 0,1,3,Evet
2024-11-02,2024,Süper Lig,Sivasspor,Rizespor,2 - 1,0 - 1,1,3,Evet
2024-11-02,2024,Süper Lig,Kayserispor,Adana Demirspor,0 - 0,0 - 0,X,0,Yok
2024-11-02,2024,Süper Lig,Beşiktaş,Kasımpaşa,1 - 3,1 - 0,2,4,Evet
2024-11-03,2024,Süper Lig,Konyaspor,Başakşehir,3 - 2,1 - 1,1,5,Evet
2024-11-03,2024,Süper Lig,Bodrum FK,Alanyaspor,0 - 0,0 - 0,X,0,Yok
2024-11-03,2024,Süper Lig,Eyüpspor,Hatayspor,2 - 0,1 - 0,1,2,Yok
2024-11-03,2024,Süper Lig,Trabzonspor,Fenerbahçe,2 - 3,0 - 1,2,5,Evet
2024-11-04,2024,Süper Lig,Samsunspor,Antalyaspor,2 - 0,1 - 0,1,2,Yok
2024-11-08,2024,Süper Lig,Kasımpaşa,Kayserispor,1 - 2,0 - 1,2,3,Evet
2024-11-09,2024,Süper Lig,Antalyaspor,Bodrum FK,3 - 2,3 - 1,1,5,Evet
2024-11-09,2024,Süper Lig,Hatayspor,Gaziantep FK,3 - 1,2 - 1,1,4,Evet
2024-11-09,2024,Süper Lig,Rizespor,Trabzonspor,3 - 1,1 - 1,1,4,Evet
2024-11-09,2024,Süper Lig,Adana Demirspor,Eyüpspor,0 - 1,0 - 1,2,1,Yok
2024-11-10,2024,Süper Lig,Göztepe,Konyaspor,2 - 0,0 - 0,1,2,Yok
2024-11-10,2024,Süper Lig,Galatasaray,Samsunspor,3 - 2,1 - 0,1,5,Evet
2024-11-10,2024,Süper Lig,Başakşehir,Beşiktaş,0 - 0,0 - 0,X,0,Yok
2024-11-10,2024,Süper Lig,Fenerbahçe,Sivasspor,4 - 0,1 - 0,1,4,Yok
2024-11-23,2024,Süper Lig,Eyüpspor,Rizespor,1 - 2,1 - 0,2,3,Evet
2024-11-23,2024,Süper Lig,Kayserispor,Fenerbahçe,2 - 6,1 - 3,2,8,Evet
2024-11-23,2024,Süper Lig,Gaziantep FK,Başakşehir,3 - 0,2 - 0,1,3,Yok
2024-11-23,2024,Süper Lig,Bodrum FK,Galatasaray,0 - 1,0 - 0,2,1,Yok
2024-11-24,2024,Süper Lig,Sivasspor,Kasımpaşa,0 - 0,0 - 0,X,0,Yok
2024-11-24,2024,Süper Lig,Konyaspor,Hatayspor,1 - 1,1 - 0,X,2,Evet
2024-11-24,2024,Süper Lig,Samsunspor,Alanyaspor,1 - 1,1 - 0,X,2,Evet
2024-11-24,2024,Süper Lig,Beşiktaş,Göztepe,2 - 4,2 - 2,2,6,Evet
2024-11-25,2024,Süper Lig,Trabzonspor,Adana Demirspor,5 - 0,1 - 0,1,5,Yok
2024-11-29,2024,Süper Lig,Antalyaspor,Sivasspor,2 - 1,1 - 1,1,3,Evet
2024-11-30,2024,Süper Lig,Samsunspor,Bodrum FK,4 - 0,1 - 0,1,4,Yok
2024-11-30,2024,Süper Lig,Adana Demirspor,Konyaspor,0 - 1,0 - 0,2,1,Yok
2024-11-30,2024,Süper Lig,Başakşehir,Göztepe,4 - 1,4 - 0,1,5,Evet
2024-11-30,2024,Süper Lig,Alanyaspor,Trabzonspor,2 - 1,1 - 1,1,3,Evet
2024-12-01,2024,Süper Lig,Rizespor,Kayserispor,3 - 0,1 - 0,1,3,Yok
2024-12-01,2024,Süper Lig,Galatasaray,Eyüpspor,2 - 2,1 - 1,X,4,Evet
2024-12-02,2024,Süper Lig,Fenerbahçe,Gaziantep FK,3 - 1,1 - 1,1,4,Evet
2024-12-02,2024,Süper Lig,Hatayspor,Beşiktaş,1 - 1,1 - 1,X,2,Evet
2024-12-06,2024,Süper Lig,Trabzonspor,Kasımpaşa,2 - 2,0 - 1,X,4,Evet
2024-12-07,2024,Süper Lig,Konyaspor,Antalyaspor,1 - 1,1 - 0,X,2,Evet
2024-12-07,2024,Süper Lig,Göztepe,Adana Demirspor,3 - 1,2 - 0,1,4,Evet
2024-12-07,2024,Süper Lig,Beşiktaş,Fenerbahçe,1 - 0,0 - 0,1,1,Yok
2024-12-08,2024,Süper Lig,Eyüpspor,Samsunspor,3 - 0,0 - 0,1,3,Yok
2024-12-08,2024,Süper Lig,Kayserispor,Alanyaspor,2 - 0,0 - 0,1,2,Yok
2024-12-08,2024,Süper Lig,Sivasspor,Galatasaray,2 - 3,1 - 2,2,5,Evet
2024-12-08,2024,Süper Lig,Başakşehir,Hatayspor,3 - 0,0 - 0,1,3,Yok
2024-12-09,2024,Süper Lig,Gaziantep FK,Rizespor,1 - 0,1 - 0,1,1,Yok
2024-12-13,2024,Süper Lig,Kasımpaşa,Eyüpspor,2 - 0,0 - 0,1,2,Yok
2024-12-13,2024,Süper Lig,Bodrum FK,Sivasspor,2 - 0,0 - 0,1,2,Yok
2024-12-14,2024,Süper Lig,Rizespor,Konyaspor,1 - 1,1 - 0,X,2,Evet
2024-12-14,2024,Süper Lig,Alanyaspor,Gaziantep FK,3 - 0,0 - 0,1,3,Yok
2024-12-15,2024,Süper Lig,Hatayspor,Göztepe,1 - 1,0 - 1,X,2,Evet
2024-12-15,2024,Süper Lig,Antalyaspor,Kayserispor,2 - 0,1 - 0,1,2,Yok
2024-12-15,2024,Süper Lig,Fenerbahçe,Başakşehir,3 - 1,1 - 0,1,4,Evet
2024-12-16,2024,Süper Lig,Adana Demirspor,Beşiktaş,2 - 1,2 - 0,1,3,Evet
2024-12-16,2024,Süper Lig,Galatasaray,Trabzonspor,4 - 3,2 - 1,1,7,Evet
2024-12-20,2024,Süper Lig,Eyüpspor,Fenerbahçe,1 - 1,1 - 1,X,2,Evet
2024-12-21,2024,Süper Lig,Sivasspor,Samsunspor,0 - 0,0 - 0,X,0,Yok
2024-12-21,2024,Süper Lig,Beşiktaş,Alanyaspor,1 - 1,1 - 1,X,2,Evet
2024-12-22,2024,Süper Lig,Gaziantep FK,Antalyaspor,2 - 0,1 - 0,1,2,Yok
2024-12-22,2024,Süper Lig,Göztepe,Rizespor,3 - 0,1 - 0,1,3,Yok
2024-12-22,2024,Süper Lig,Kayserispor,Galatasaray,1 - 5,1 - 2,2,6,Evet
2024-12-22,2024,Süper Lig,Trabzonspor,Bodrum FK,1 - 0,0 - 0,1,1,Yok
2024-12-23,2024,Süper Lig,Başakşehir,Kasımpaşa,2 - 2,2 - 1,X,4,Evet
2024-12-23,2024,Süper Lig,Hatayspor,Adana Demirspor,1 - 3,1 - 0,2,4,Evet
2025-01-03,2024,Süper Lig,Alanyaspor,Konyaspor,2 - 1,1 - 0,1,3,Evet
2025-01-03,2024,Süper Lig,Rizespor,Beşiktaş,1 - 1,1 - 1,X,2,Evet
2025-01-04,2024,Süper Lig,Adana Demirspor,Başakşehir,0 - 1,0 - 1,2,1,Yok
2025-01-04,2024,Süper Lig,Antalyaspor,Eyüpspor,1 - 4,0 - 3,2,5,Evet
2025-01-04,2024,Süper Lig,Galatasaray,Göztepe,2 - 1,1 - 1,1,3,Evet
2025-01-04,2024,Süper Lig,Samsunspor,Trabzonspor,2 - 1,1 - 0,1,3,Evet
2025-01-05,2024,Süper Lig,Kasımpaşa,Gaziantep FK,2 - 2,2 - 1,X,4,Evet
2025-01-05,2024,Süper Lig,Bodrum FK,Kayserispor,1 - 1,0 - 0,X,2,Evet
2025-01-05,2024,Süper Lig,Fenerbahçe,Hatayspor,2 - 1,2 - 1,1,3,Evet
2025-01-11,2024,Süper Lig,Kayserispor,Samsunspor,0 - 1,0 - 1,2,1,Yok
2025-01-11,2024,Süper Lig,Hatayspor,Rizespor,1 - 2,1 - 1,2,3,Evet
2025-01-11,2024,Süper Lig,Beşiktaş,Bodrum FK,2 - 1,2 - 0,1,3,Evet
2025-01-12,2024,Süper Lig,Sivasspor,Alanyaspor,1 - 1,1 - 0,X,2,Evet
2025-01-12,2024,Süper Lig,Trabzonspor,Antalyaspor,5 - 0,1 - 0,1,5,Yok
2025-01-12,2024,Süper Lig,Başakşehir,Galatasaray,1 - 2,0 - 1,2,3,Evet
2025-01-12,2024,Süper Lig,Gaziantep FK,Adana Demirspor,1 - 0,1 - 0,1,1,Yok
2025-01-13,2024,Süper Lig,Konyaspor,Fenerbahçe,2 - 3,2 - 2,2,5,Evet
2025-01-13,2024,Süper Lig,Göztepe,Kasımpaşa,5 - 0,1 - 0,1,5,Yok
2025-01-17,2024,Süper Lig,Hatayspor,Galatasaray,1 - 1,1 - 0,X,2,Evet
2025-01-18,2024,Süper Lig,Başakşehir,Rizespor,2 - 0,1 - 0,1,2,Yok
2025-01-18,2024,Süper Lig,Gaziantep FK,Bodrum FK,0 - 0,0 - 0,X,0,Yok
2025-01-18,2024,Süper Lig,Beşiktaş,Samsunspor,0 - 0,0 - 0,X,0,Yok
2025-01-19,2024,Süper Lig,Göztepe,Antalyaspor,1 - 0,1 - 0,1,1,Yok
2025-01-19,2024,Süper Lig,Konyaspor,Kasımpaşa,3 - 3,1 - 0,X,6,Evet
2025-01-19,2024,Süper Lig,Adana Demirspor,Fenerbahçe,0 - 4,0 - 0,2,4,Yok
2025-01-19,2024,Süper Lig,Eyüpspor,Alanyaspor,3 - 0,1 - 0,1,3,Yok
2025-01-20,2024,Süper Lig,Trabzonspor,Sivasspor,4 - 0,3 - 0,1,4,Yok
2025-01-24,2024,Süper Lig,Samsunspor,Gaziantep FK,2 - 1,1 - 0,1,3,Evet
2025-01-25,2024,Süper Lig,Sivasspor,Kayserispor,5 - 2,3 - 0,1,7,Evet
2025-01-25,2024,Süper Lig,Alanyaspor,Başakşehir,5 - 4,2 - 2,1,9,Evet
2025-01-25,2024,Süper Lig,Galatasaray,Konyaspor,1 - 0,1 - 0,1,1,Yok
2025-01-26,2024,Süper Lig,Rizespor,Adana Demirspor,3 - 2,1 - 0,1,5,Evet
2025-01-26,2024,Süper Lig,Antalyaspor,Beşiktaş,1 - 1,0 - 0,X,2,Evet
2025-01-26,2024,Süper Lig,Bodrum FK,Eyüpspor,0 - 1,0 - 1,2,1,Yok
2025-01-26,2024,Süper Lig,Fenerbahçe,Göztepe,3 - 2,0 - 1,1,5,Evet
2025-01-27,2024,Süper Lig,Kasımpaşa,Hatayspor,5 - 4,2 - 3,1,9,Evet
2025-01-31,2024,Süper Lig,Konyaspor,Bodrum FK,3 - 1,2 - 0,1,4,Evet
2025-01-31,2024,Süper Lig,Eyüpspor,Sivasspor,1 - 0,0 - 0,1,1,Yok
2025-02-01,2024,Süper Lig,Hatayspor,Antalyaspor,2 - 3,1 - 2,2,5,Evet
2025-02-01,2024,Süper Lig,Kayserispor,Trabzonspor,0 - 0,0 - 0,X,0,Yok
2025-02-01,2024,Süper Lig,Başakşehir,Samsunspor,4 - 0,1 - 0,1,4,Yok
2025-02-02,2024,Süper Lig,Adana Demirspor,Kasımpaşa,3 - 5,1 - 1,2,8,Evet
2025-02-02,2024,Süper Lig,Göztepe,Alanyaspor,0 - 1,0 - 1,2,1,Yok
2025-02-02,2024,Süper Lig,Fenerbahçe,Rizespor,3 - 2,1 - 2,1,5,Evet
2025-02-03,2024,Süper Lig,Gaziantep FK,Galatasaray,0 - 1,0 - 1,2,1,Yok
2025-02-07,2024,Süper Lig,Samsunspor,Hatayspor,2 - 0,2 - 0,1,2,Yok
2025-02-08,2024,Süper Lig,Kayserispor,Konyaspor,3 - 2,2 - 1,1,5,Evet
2025-02-08,2024,Süper Lig,Sivasspor,Beşiktaş,0 - 2,0 - 1,2,2,Yok
2025-02-09,2024,Süper Lig,Kasımpaşa,Rizespor,3 - 2,2 - 1,1,5,Evet
2025-02-09,2024,Süper Lig,Alanyaspor,Fenerbahçe,0 - 2,0 - 2,2,2,Yok
2025-02-09,2024,Süper Lig,Galatasaray,Adana Demirspor,1 - 0,1 - 0,1,1,Yok
2025-02-09,2024,Süper Lig,Antalyaspor,Başakşehir,0 - 0,0 - 0,X,0,Yok
2025-02-10,2024,Süper Lig,Trabzonspor,Eyüpspor,1 - 0,0 - 0,1,1,Yok
2025-02-10,2024,Süper Lig,Bodrum FK,Göztepe,0 - 0,0 - 0,X,0,Yok
2025-02-14,2024,Süper Lig,Adana Demirspor,Antalyaspor,1 - 1,1 - 1,X,2,Evet
2025-02-15,2024,Süper Lig,Gaziantep FK,Sivasspor,2 - 1,1 - 1,1,3,Evet
2025-02-15,2024,Süper Lig,Başakşehir,Bodrum FK,0 - 1,0 - 0,2,1,Yok
2025-02-15,2024,Süper Lig,Beşiktaş,Trabzonspor,2 - 1,0 - 1,1,3,Evet
2025-02-16,2024,Süper Lig,Hatayspor,Alanyaspor,1 - 0,0 - 0,1,1,Yok
2025-02-16,2024,Süper Lig,Konyaspor,Samsunspor,0 - 1,0 - 1,2,1,Yok
2025-02-16,2024,Süper Lig,Eyüpspor,Kayserispor,1 - 1,0 - 0,X,2,Evet
2025-02-16,2024,Süper Lig,Fenerbahçe,Kasımpaşa,3 - 1,1 - 0,1,4,Evet
2025-02-17,2024,Süper Lig,Rizespor,Galatasaray,1 - 2,0 - 0,2,3,Evet
2025-02-21,2024,Süper Lig,Bodrum FK,Hatayspor,1 - 0,1 - 0,1,1,Yok
2025-02-21,2024,Süper Lig,Eyüpspor,Beşiktaş,1 - 3,1 - 2,2,4,Evet
2025-02-22,2024,Süper Lig,Sivasspor,Konyaspor,1 - 1,1 - 1,X,2,Evet
2025-02-22,2024,Süper Lig,Antalyaspor,Kasımpaşa,2 - 1,2 - 0,1,3,Evet
2025-02-22,2024,Süper Lig,Samsunspor,Rizespor,2 - 3,2 - 0,2,5,Evet
2025-02-23,2024,Süper Lig,Kayserispor,Göztepe,1 - 0,1 - 0,1,1,Yok
2025-02-23,2024,Süper Lig,Alanyaspor,Adana Demirspor,3 - 2,0 - 2,1,5,Evet
2025-02-23,2024,Süper Lig,Trabzonspor,Gaziantep FK,3 - 2,2 - 0,1,5,Evet
2025-02-24,2024,Süper Lig,Galatasaray,Fenerbahçe,0 - 0,0 - 0,X,0,Yok
2025-03-01,2024,Süper Lig,Adana Demirspor,Bodrum FK,0 - 0,0 - 0,X,0,Yok
2025-03-01,2024,Süper Lig,Beşiktaş,Kayserispor,2 - 0,1 - 0,1,2,Yok
2025-03-02,2024,Süper Lig,Rizespor,Alanyaspor,3 - 1,0 - 0,1,4,Evet
2025-03-02,2024,Süper Lig,Kasımpaşa,Galatasaray,3 - 3,0 - 1,X,6,Evet
2025-03-02,2024,Süper Lig,Fenerbahçe,Antalyaspor,3 - 0,3 - 0,1,3,Yok
2025-03-03,2024,Süper Lig,Konyaspor,Trabzonspor,1 - 0,0 - 0,1,1,Yok
2025-03-03,2024,Süper Lig,Gaziantep FK,Eyüpspor,3 - 1,0 - 0,1,4,Evet
2025-03-03,2024,Süper Lig,Başakşehir,Sivasspor,1 - 0,1 - 0,1,1,Yok
2025-03-03,2024,Süper Lig,Göztepe,Samsunspor,2 - 2,1 - 0,X,4,Evet
2025-03-07,2024,Süper Lig,Bodrum FK,Kasımpaşa,1 - 0,0 - 0,1,1,Yok
2025-03-08,2024,Süper Lig,Kayserispor,Başakşehir,3 - 1,1 - 0,1,4,Evet
2025-03-08,2024,Süper Lig,Antalyaspor,Rizespor,2 - 1,0 - 0,1,3,Evet
2025-03-08,2024,Süper Lig,Trabzonspor,Hatayspor,1 - 2,1 - 1,2,3,Evet
2025-03-09,2024,Süper Lig,Sivasspor,Göztepe,3 - 1,0 - 1,1,4,Evet
2025-03-09,2024,Süper Lig,Eyüpspor,Konyaspor,2 - 1,1 - 0,1,3,Evet
2025-03-09,2024,Süper Lig,Samsunspor,Adana Demirspor,3 - 2,2 - 1,1,5,Evet
2025-03-09,2024,Süper Lig,Alanyaspor,Galatasaray,1 - 2,1 - 0,2,3,Evet
2025-03-10,2024,Süper Lig,Beşiktaş,Gaziantep FK,1 - 2,1 - 0,2,3,Evet
2025-03-14,2024,Süper Lig,Galatasaray,Antalyaspor,4 - 0,3 - 0,1,4,Yok
2025-03-15,2024,Süper Lig,Gaziantep FK,Kayserispor,1 - 0,0 - 0,1,1,Yok
2025-03-15,2024,Süper Lig,Kasımpaşa,Alanyaspor,2 - 1,2 - 1,1,3,Evet
2025-03-15,2024,Süper Lig,Başakşehir,Trabzonspor,0 - 3,0 - 1,2,3,Yok
2025-03-15,2024,Süper Lig,Konyaspor,Beşiktaş,1 - 0,1 - 0,1,1,Yok
2025-03-16,2024,Süper Lig,Rizespor,Bodrum FK,0 - 2,0 - 1,2,2,Yok
2025-03-16,2024,Süper Lig,Göztepe,Eyüpspor,1 - 1,0 - 0,X,2,Evet
2025-03-16,2024,Süper Lig,Hatayspor,Sivasspor,3 - 2,1 - 1,1,5,Evet
2025-03-16,2024,Süper Lig,Fenerbahçe,Samsunspor,0 - 0,0 - 0,X,0,Yok
2025-03-28,2024,Süper Lig,Kayserispor,Hatayspor,5 - 0,2 - 0,1,5,Yok
2025-03-28,2024,Süper Lig,Antalyaspor,Alanyaspor,2 - 1,1 - 1,1,3,Evet
2025-03-28,2024,Süper Lig,Konyaspor,Gaziantep FK,1 - 0,0 - 0,1,1,Yok
2025-03-28,2024,Süper Lig,Bodrum FK,Fenerbahçe,2 - 4,1 - 4,2,6,Evet
2025-03-29,2024,Süper Lig,Sivasspor,Adana Demirspor,5 - 1,2 - 1,1,6,Evet
2025-03-29,2024,Süper Lig,Trabzonspor,Göztepe,1 - 1,1 - 1,X,2,Evet
2025-03-29,2024,Süper Lig,Samsunspor,Kasımpaşa,0 - 2,0 - 0,2,2,Yok
2025-03-29,2024,Süper Lig,Beşiktaş,Galatasaray,2 - 1,1 - 1,1,3,Evet
2025-03-31,2024,Süper Lig,Eyüpspor,Başakşehir,1 - 3,1 - 1,2,4,Evet
2025-04-04,2024,Süper Lig,Adana Demirspor,Kayserispor,0 - 2,0 - 1,2,2,Yok
2025-04-05,2024,Süper Lig,Rizespor,Sivasspor,1 - 1,0 - 0,X,2,Evet
2025-04-05,2024,Süper Lig,Başakşehir,Konyaspor,1 - 0,0 - 0,1,1,Yok
2025-04-05,2024,Süper Lig,Antalyaspor,Samsunspor,2 - 1,1 - 0,1,3,Evet
2025-04-06,2024,Süper Lig,Alanyaspor,Bodrum FK,0 - 1,0 - 0,2,1,Yok
2025-04-06,2024,Süper Lig,Hatayspor,Eyüpspor,0 - 1,0 - 1,2,1,Yok
2025-04-06,2024,Süper Lig,Fenerbahçe,Trabzonspor,4 - 1,0 - 1,1,5,Evet
2025-04-07,2024,Süper Lig,Göztepe,Gaziantep FK,1 - 1,0 - 0,X,2,Evet
2025-04-07,2024,Süper Lig,Kasımpaşa,Beşiktaş,1 - 1,1 - 0,X,2,Evet
2025-04-11,2024,Süper Lig,Samsunspor,Galatasaray,0 - 2,0 - 1,2,2,Yok
2025-04-12,2024,Süper Lig,Konyaspor,Göztepe,1 - 0,1 - 0,1,1,Yok
2025-04-12,2024,Süper Lig,Beşiktaş,Başakşehir,0 - 2,0 - 0,2,2,Yok
2025-04-12,2024,Süper Lig,Bodrum FK,Antalyaspor,0 - 0,0 - 0,X,0,Yok
2025-04-13,2024,Süper Lig,Kayserispor,Kasımpaşa,1 - 0,0 - 0,1,1,Yok
2025-04-13,2024,Süper Lig,Gaziantep FK,Hatayspor,2 - 1,1 - 1,1,3,Evet
2025-04-13,2024,Süper Lig,Trabzonspor,Rizespor,2 - 0,2 - 0,1,2,Yok
2025-04-13,2024,Süper Lig,Sivasspor,Fenerbahçe,1 - 3,0 - 1,2,4,Evet
2025-04-14,2024,Süper Lig,Eyüpspor,Adana Demirspor,6 - 0,3 - 0,1,6,Yok
2025-04-18,2024,Süper Lig,Galatasaray,Bodrum FK,2 - 0,1 - 0,1,2,Yok
2025-04-18,2024,Süper Lig,Hatayspor,Konyaspor,2 - 3,2 - 1,2,5,Evet
2025-04-19,2024,Süper Lig,Kasımpaşa,Sivasspor,3 - 1,2 - 0,1,4,Evet
2025-04-19,2024,Süper Lig,Adana Demirspor,Trabzonspor,0 - 1,0 - 1,2,1,Yok
2025-04-19,2024,Süper Lig,Göztepe,Beşiktaş,1 - 1,0 - 1,X,2,Evet
2025-04-20,2024,Süper Lig,Başakşehir,Gaziantep FK,2 - 1,2 - 1,1,3,Evet
2025-04-20,2024,Süper Lig,Rizespor,Eyüpspor,1 - 0,0 - 0,1,1,Yok
2025-04-20,2024,Süper Lig,Fenerbahçe,Kayserispor,3 - 3,1 - 1,X,6,Evet
2025-04-21,2024,Süper Lig,Alanyaspor,Samsunspor,1 - 0,1 - 0,1,1,Yok
2025-04-25,2024,Süper Lig,Beşiktaş,Hatayspor,5 - 1,1 - 1,1,6,Evet
2025-04-26,2024,Süper Lig,Sivasspor,Antalyaspor,2 - 0,0 - 0,1,2,Yok
2025-04-26,2024,Süper Lig,Gaziantep FK,Fenerbahçe,1 - 3,1 - 0,2,4,Evet
2025-04-26,2024,Süper Lig,Bodrum FK,Samsunspor,1 - 2,1 - 2,2,3,Evet
2025-04-27,2024,Süper Lig,Konyaspor,Adana Demirspor,3 - 1,0 - 1,1,4,Evet
2025-04-27,2024,Süper Lig,Trabzonspor,Alanyaspor,4 - 3,4 - 2,1,7,Evet
2025-04-27,2024,Süper Lig,Kayserispor,Rizespor,1 - 0,1 - 0,1,1,Yok
2025-04-27,2024,Süper Lig,Eyüpspor,Galatasaray,1 - 5,0 - 1,2,6,Evet
2025-04-28,2024,Süper Lig,Göztepe,Başakşehir,4 - 1,2 - 0,1,5,Evet
2025-05-02,2024,Süper Lig,Antalyaspor,Konyaspor,1 - 0,0 - 0,1,1,Yok
2025-05-03,2024,Süper Lig,Alanyaspor,Kayserispor,1 - 1,1 - 0,X,2,Evet
2025-05-03,2024,Süper Lig,Rizespor,Gaziantep FK,2 - 0,0 - 0,1,2,Yok
2025-05-03,2024,Süper Lig,Galatasaray,Sivasspor,4 - 1,4 - 1,1,5,Evet
2025-05-03,2024,Süper Lig,Hatayspor,Başakşehir,2 - 4,1 - 2,2,6,Evet
2025-05-04,2024,Süper Lig,Samsunspor,Eyüpspor,3 - 0,1 - 0,1,3,Yok
2025-05-04,2024,Süper Lig,Fenerbahçe,Beşiktaş,0 - 1,0 - 1,2,1,Yok
2025-05-04,2024,Süper Lig,Adana Demirspor,Göztepe,1 - 2,1 - 2,2,3,Evet
2025-05-05,2024,Süper Lig,Kasımpaşa,Trabzonspor,1 - 1,1 - 0,X,2,Evet
2025-05-09,2024,Süper Lig,Başakşehir,Fenerbahçe,1 - 4,0 - 1,2,5,Evet
2025-05-09,2024,Süper Lig,Gaziantep FK,Alanyaspor,0 - 1,0 - 0,2,1,Yok
2025-05-10,2024,Süper Lig,Konyaspor,Rizespor,2 - 1,0 - 0,1,3,Evet
2025-05-10,2024,Süper Lig,Eyüpspor,Kasımpaşa,0 - 3,0 - 1,2,3,Yok
2025-05-10,2024,Süper Lig,Trabzonspor,Galatasaray,0 - 2,0 - 0,2,2,Yok
2025-05-11,2024,Süper Lig,Sivasspor,Bodrum FK,0 - 0,0 - 0,X,0,Yok
2025-05-11,2024,Süper Lig,Beşiktaş,Adana Demirspor,4 - 1,2 - 1,1,5,Evet
2025-05-11,2024,Süper Lig,Göztepe,Hatayspor,1 - 1,1 - 1,X,2,Evet
2025-05-12,2024,Süper Lig,Kayserispor,Antalyaspor,3 - 1,2 - 1,1,4,Evet
2025-05-17,2024,Süper Lig,Adana Demirspor,Hatayspor,0 - 5,0 - 3,2,5,Yok
2025-05-18,2024,Süper Lig,Fenerbahçe,Eyüpspor,2 - 1,1 - 0,1,3,Evet
2025-05-18,2024,Süper Lig,Galatasaray,Kayserispor,3 - 0,2 - 0,1,3,Yok
2025-05-18,2024,Süper Lig,Alanyaspor,Beşiktaş,1 - 1,1 - 0,X,2,Evet
2025-05-18,2024,Süper Lig,Kasımpaşa,Başakşehir,2 - 3,1 - 1,2,5,Evet
2025-05-18,2024,Süper Lig,Antalyaspor,Gaziantep FK,0 - 0,0 - 0,X,0,Yok
2025-05-18,2024,Süper Lig,Rizespor,Göztepe,6 - 3,2 - 2,1,9,Evet
2025-05-18,2024,Süper Lig,Bodrum FK,Trabzonspor,1 - 1,1 - 0,X,2,Evet
2025-05-18,2024,Süper Lig,Samsunspor,Sivasspor,1 - 0,1 - 0,1,1,Yok
2025-05-24,2024,Süper Lig,Eyüpspor,Antalyaspor,2 - 1,2 - 0,1,3,Evet
2025-05-24,2024,Süper Lig,Göztepe,Galatasaray,0 - 2,0 - 0,2,2,Yok
2025-05-24,2024,Süper Lig,Gaziantep FK,Kasımpaşa,2 - 2,2 - 0,X,4,Evet
2025-05-25,2024,Süper Lig,Beşiktaş,Rizespor,1 - 2,0 - 0,2,3,Evet
2025-05-25,2024,Süper Lig,Başakşehir,Adana Demirspor,2 - 3,2 - 1,2,5,Evet
2025-05-25,2024,Süper Lig,Konyaspor,Alanyaspor,1 - 2,0 - 2,2,3,Evet
2025-05-25,2024,Süper Lig,Trabzonspor,Samsunspor,2 - 2,0 - 1,X,4,Evet
2025-05-25,2024,Süper Lig,Kayserispor,Bodrum FK,1 - 1,0 - 1,X,2,Evet
2025-05-26,2024,Süper Lig,Hatayspor,Fenerbahçe,4 - 2,1 - 1,1,6,Evet
2025-05-30,2024,Süper Lig,Galatasaray,Başakşehir,2 - 0,1 - 0,1,2,Yok
2025-05-30,2024,Süper Lig,Kasımpaşa,Göztepe,1 - 2,0 - 1,2,3,Evet
2025-05-30,2024,Süper Lig,Antalyaspor,Trabzonspor,0 - 2,0 - 0,2,2,Yok
2025-05-31,2024,Süper Lig,Fenerbahçe,Konyaspor,2 - 1,0 - 1,1,3,Evet
2025-05-31,2024,Süper Lig,Rizespor,Hatayspor,5 - 2,1 - 0,1,7,Evet
2025-05-31,2024,Süper Lig,Alanyaspor,Sivasspor,2 - 0,1 - 0,1,2,Yok
2025-05-31,2024,Süper Lig,Adana Demirspor,Gaziantep FK,2 - 2,2 - 1,X,4,Evet
2025-06-01,2024,Süper Lig,Bodrum FK,Beşiktaş,0 - 4,0 - 3,2,4,Yok
2025-06-01,2024,Süper Lig,Samsunspor,Kayserispor,2 - 1,0 - 0,1,3,Evet
2023-08-11,2023,Süper Lig,Trabzonspor,Antalyaspor,1 - 0,1 - 0,1,1,Yok
2023-08-12,2023,Süper Lig,Konyaspor,İstanbulspor,1 - 1,0 - 1,X,2,Evet
2023-08-12,2023,Süper Lig,Kasımpaşa,Ankaragücü,3 - 2,1 - 0,1,5,Evet
2023-08-12,2023,Süper Lig,Kayserispor,Galatasaray,0 - 0,0 - 0,X,0,Yok
2023-08-12,2023,Süper Lig,Pendikspor,Hatayspor,1 - 5,0 - 2,2,6,Evet
2023-08-13,2023,Süper Lig,Sivasspor,Samsunspor,1 - 1,1 - 0,X,2,Evet
2023-08-13,2023,Süper Lig,Fenerbahçe,Gaziantep FK,2 - 1,2 - 1,1,3,Evet
2023-08-13,2023,Süper Lig,Adana Demirspor,Rizespor,2 - 1,1 - 0,1,3,Evet
2023-08-14,2023,Süper Lig,Alanyaspor,Başakşehir,2 - 0,1 - 0,1,2,Yok
2023-08-14,2023,Süper Lig,Fatih Karagümrük,Beşiktaş,0 - 1,0 - 0,2,1,Yok
2023-08-18,2023,Süper Lig,Antalyaspor,Konyaspor,1 - 1,0 - 0,X,2,Evet
2023-08-18,2023,Süper Lig,İstanbulspor,Kayserispor,1 - 1,0 - 0,X,2,Evet
2023-08-19,2023,Süper Lig,Rizespor,Alanyaspor,0 - 0,0 - 0,X,0,Yok
2023-08-19,2023,Süper Lig,Galatasaray,Trabzonspor,2 - 0,1 - 0,1,2,Yok
2023-08-19,2023,Süper Lig,Hatayspor,Kasımpaşa,0 - 0,0 - 0,X,0,Yok
2023-08-20,2023,Süper Lig,Başakşehir,Fatih Karagümrük,0 - 2,0 - 2,2,2,Yok
2023-08-20,2023,Süper Lig,Beşiktaş,Pendikspor,1 - 1,1 - 0,X,2,Evet
2023-08-20,2023,Süper Lig,Gaziantep FK,Sivasspor,1 - 3,0 - 2,2,4,Evet
2023-08-21,2023,Süper Lig,Ankaragücü,Adana Demirspor,1 - 1,1 - 1,X,2,Evet
2023-08-21,2023,Süper Lig,Samsunspor,Fenerbahçe,0 - 2,0 - 0,2,2,Yok
2023-08-25,2023,Süper Lig,Konyaspor,Gaziantep FK,2 - 0,0 - 0,1,2,Yok
2023-08-26,2023,Süper Lig,Trabzonspor,Rizespor,2 - 3,0 - 2,2,5,Evet
2023-08-26,2023,Süper Lig,Kasımpaşa,Pendikspor,1 - 1,0 - 1,X,2,Evet
2023-08-26,2023,Süper Lig,Sivasspor,Antalyaspor,1 - 1,1 - 1,X,2,Evet
2023-08-27,2023,Süper Lig,Kayserispor,Samsunspor,2 - 1,2 - 1,1,3,Evet
2023-08-27,2023,Süper Lig,Fatih Karagümrük,Ankaragücü,1 - 1,1 - 0,X,2,Evet
2023-08-27,2023,Süper Lig,Alanyaspor,Hatayspor,0 - 0,0 - 0,X,0,Yok
2023-09-01,2023,Süper Lig,Kasımpaşa,Trabzonspor,1 - 5,0 - 3,2,6,Evet
2023-09-01,2023,Süper Lig,Rizespor,Fatih Karagümrük,1 - 0,1 - 0,1,1,Yok
2023-09-02,2023,Süper Lig,Başakşehir,Konyaspor,0 - 1,0 - 0,2,1,Yok
2023-09-02,2023,Süper Lig,Pendikspor,Alanyaspor,1 - 1,0 - 0,X,2,Evet
2023-09-02,2023,Süper Lig,Antalyaspor,Kayserispor,1 - 1,1 - 1,X,2,Evet
2023-09-02,2023,Süper Lig,Gaziantep FK,Galatasaray,0 - 3,0 - 1,2,3,Yok
2023-09-03,2023,Süper Lig,Beşiktaş,Sivasspor,2 - 0,2 - 0,1,2,Yok
2023-09-03,2023,Süper Lig,Ankaragücü,Fenerbahçe,0 - 1,0 - 0,2,1,Yok
2023-09-03,2023,Süper Lig,Hatayspor,Adana Demirspor,3 - 3,0 - 1,X,6,Evet
2023-09-16,2023,Süper Lig,Konyaspor,Rizespor,1 - 2,1 - 0,2,3,Evet
2023-09-16,2023,Süper Lig,Kayserispor,Gaziantep FK,2 - 0,1 - 0,1,2,Yok
2023-09-16,2023,Süper Lig,Galatasaray,Samsunspor,4 - 2,3 - 0,1,6,Evet
2023-09-16,2023,Süper Lig,Adana Demirspor,Pendikspor,3 - 0,2 - 0,1,3,Yok
2023-09-17,2023,Süper Lig,Fenerbahçe,Antalyaspor,3 - 2,1 - 1,1,5,Evet
2023-09-17,2023,Süper Lig,İstanbulspor,Başakşehir,0 - 2,0 - 0,2,2,Yok
2023-09-17,2023,Süper Lig,Alanyaspor,Kasımpaşa,3 - 3,2 - 1,X,6,Evet
2023-09-17,2023,Süper Lig,Trabzonspor,Beşiktaş,3 - 0,2 - 0,1,3,Yok
2023-09-18,2023,Süper Lig,Sivasspor,Ankaragücü,1 - 3,1 - 1,2,4,Evet
2023-09-18,2023,Süper Lig,Fatih Karagümrük,Hatayspor,0 - 0,0 - 0,X,0,Yok
2023-09-22,2023,Süper Lig,Gaziantep FK,İstanbulspor,2 - 0,0 - 0,1,2,Yok
2023-09-23,2023,Süper Lig,Rizespor,Sivasspor,1 - 1,1 - 1,X,2,Evet
2023-09-23,2023,Süper Lig,Pendikspor,Fatih Karagümrük,1 - 1,1 - 0,X,2,Evet
2023-09-23,2023,Süper Lig,Başakşehir,Galatasaray,1 - 2,0 - 1,2,3,Evet
2023-09-23,2023,Süper Lig,Antalyaspor,Samsunspor,2 - 0,2 - 0,1,2,Yok
2023-09-24,2023,Süper Lig,Beşiktaş,Kayserispor,2 - 1,0 - 0,1,3,Evet
2023-09-24,2023,Süper Lig,Ankaragücü,Konyaspor,1 - 1,1 - 1,X,2,Evet
2023-09-24,2023,Süper Lig,Alanyaspor,Fenerbahçe,0 - 1,0 - 1,2,1,Yok
2023-09-24,2023,Süper Lig,Kasımpaşa,Adana Demirspor,2 - 1,1 - 0,1,3,Evet
2023-09-25,2023,Süper Lig,Hatayspor,Trabzonspor,3 - 2,0 - 1,1,5,Evet
2023-09-26,2023,Süper Lig,İstanbulspor,Galatasaray,0 - 1,0 - 1,2,1,Yok
2023-09-27,2023,Süper Lig,Adana Demirspor,Beşiktaş,4 - 2,2 - 0,1,6,Evet
2023-09-28,2023,Süper Lig,Fenerbahçe,Başakşehir,4 - 0,3 - 0,1,4,Yok
2023-09-29,2023,Süper Lig,Samsunspor,Gaziantep FK,1 - 2,0 - 2,2,3,Evet
2023-09-30,2023,Süper Lig,Sivasspor,Hatayspor,0 - 0,0 - 0,X,0,Yok
2023-09-30,2023,Süper Lig,Trabzonspor,Pendikspor,2 - 1,2 - 1,1,3,Evet
2023-09-30,2023,Süper Lig,İstanbulspor,Antalyaspor,1 - 2,1 - 0,2,3,Evet
2023-09-30,2023,Süper Lig,Galatasaray,Ankaragücü,2 - 1,0 - 0,1,3,Evet
2023-10-01,2023,Süper Lig,Fatih Karagümrük,Kasımpaşa,2 - 3,1 - 3,2,5,Evet
2023-10-01,2023,Süper Lig,Fenerbahçe,Rizespor,5 - 0,1 - 0,1,5,Yok
2023-10-01,2023,Süper Lig,Konyaspor,Beşiktaş,0 - 2,0 - 1,2,2,Yok
2023-10-01,2023,Süper Lig,Adana Demirspor,Alanyaspor,4 - 0,1 - 0,1,4,Yok
2023-10-02,2023,Süper Lig,Kayserispor,Başakşehir,0 - 0,0 - 0,X,0,Yok
2023-10-06,2023,Süper Lig,Alanyaspor,Fatih Karagümrük,2 - 1,1 - 0,1,3,Evet
2023-10-06,2023,Süper Lig,Adana Demirspor,Trabzonspor,1 - 0,1 - 0,1,1,Yok
2023-10-07,2023,Süper Lig,Pendikspor,Sivasspor,2 - 3,0 - 1,2,5,Evet
2023-10-07,2023,Süper Lig,Ankaragücü,Kayserispor,3 - 0,0 - 0,1,3,Yok
2023-10-07,2023,Süper Lig,Başakşehir,Gaziantep FK,2 - 0,2 - 0,1,2,Yok
2023-10-07,2023,Süper Lig,Antalyaspor,Galatasaray,0 - 2,0 - 0,2,2,Yok
2023-10-08,2023,Süper Lig,Rizespor,Samsunspor,1 - 0,0 - 0,1,1,Yok
2023-10-08,2023,Süper Lig,Beşiktaş,İstanbulspor,2 - 0,1 - 0,1,2,Yok
2023-10-08,2023,Süper Lig,Kasımpaşa,Fenerbahçe,0 - 2,0 - 2,2,2,Yok
2023-10-08,2023,Süper Lig,Hatayspor,Konyaspor,3 - 1,1 - 1,1,4,Evet
2023-10-21,2023,Süper Lig,Kayserispor,Rizespor,3 - 1,1 - 0,1,4,Evet
2023-10-21,2023,Süper Lig,Konyaspor,Pendikspor,1 - 2,0 - 0,2,3,Evet
2023-10-21,2023,Süper Lig,Gaziantep FK,Antalyaspor,1 - 0,0 - 0,1,1,Yok
2023-10-21,2023,Süper Lig,Galatasaray,Beşiktaş,2 - 1,1 - 0,1,3,Evet
2023-10-22,2023,Süper Lig,Sivasspor,Kasımpaşa,0 - 1,0 - 0,2,1,Yok
2023-10-22,2023,Süper Lig,İstanbulspor,Ankaragücü,2 - 1,1 - 1,1,3,Evet
2023-10-22,2023,Süper Lig,Fenerbahçe,Hatayspor,4 - 2,3 - 0,1,6,Evet
2023-10-22,2023,Süper Lig,Samsunspor,Başakşehir,0 - 0,0 - 0,X,0,Yok
2023-10-23,2023,Süper Lig,Trabzonspor,Alanyaspor,1 - 0,0 - 0,1,1,Yok
2023-10-23,2023,Süper Lig,Fatih Karagümrük,Adana Demirspor,2 - 0,0 - 0,1,2,Yok
2023-10-27,2023,Süper Lig,Kasımpaşa,İstanbulspor,3 - 1,1 - 0,1,4,Evet
2023-10-27,2023,Süper Lig,Hatayspor,Kayserispor,1 - 2,0 - 1,2,3,Evet
2023-10-28,2023,Süper Lig,Alanyaspor,Sivasspor,1 - 2,0 - 0,2,3,Evet
2023-10-28,2023,Süper Lig,Rizespor,Galatasaray,0 - 1,0 - 0,2,1,Yok
2023-10-28,2023,Süper Lig,Adana Demirspor,Konyaspor,3 - 0,0 - 0,1,3,Yok
2023-10-29,2023,Süper Lig,Fatih Karagümrük,Trabzonspor,0 - 0,0 - 0,X,0,Yok
2023-10-29,2023,Süper Lig,Antalyaspor,Başakşehir,1 - 0,1 - 0,1,1,Yok
2023-10-29,2023,Süper Lig,Ankaragücü,Samsunspor,2 - 0,0 - 0,1,2,Yok
2023-10-29,2023,Süper Lig,Pendikspor,Fenerbahçe,0 - 5,0 - 2,2,5,Yok
2023-10-30,2023,Süper Lig,Beşiktaş,Gaziantep FK,2 - 0,0 - 0,1,2,Yok
2023-11-03,2023,Süper Lig,Galatasaray,Kasımpaşa,2 - 1,1 - 0,1,3,Evet
2023-11-04,2023,Süper Lig,İstanbulspor,Pendikspor,2 - 4,1 - 2,2,6,Evet
2023-11-04,2023,Süper Lig,Samsunspor,Hatayspor,2 - 1,0 - 1,1,3,Evet
2023-11-04,2023,Süper Lig,Fenerbahçe,Trabzonspor,2 - 3,0 - 1,2,5,Evet
2023-11-05,2023,Süper Lig,Sivasspor,Adana Demirspor,1 - 1,1 - 0,X,2,Evet
2023-11-05,2023,Süper Lig,Başakşehir,Ankaragücü,3 - 3,2 - 2,X,6,Evet
2023-11-05,2023,Süper Lig,Konyaspor,Fatih Karagümrük,1 - 1,0 - 0,X,2,Evet
2023-11-05,2023,Süper Lig,Antalyaspor,Beşiktaş,3 - 2,0 - 1,1,5,Evet
2023-11-06,2023,Süper Lig,Kayserispor,Alanyaspor,1 - 0,0 - 0,1,1,Yok
2023-11-06,2023,Süper Lig,Gaziantep FK,Rizespor,2 - 0,1 - 0,1,2,Yok
2023-11-08,2023,Süper Lig,Samsunspor,İstanbulspor,2 - 1,0 - 1,1,3,Evet
2023-11-10,2023,Süper Lig,Trabzonspor,Konyaspor,2 - 1,0 - 0,1,3,Evet
2023-11-10,2023,Süper Lig,Ankaragücü,Antalyaspor,0 - 4,0 - 2,2,4,Yok
2023-11-11,2023,Süper Lig,Kasımpaşa,Kayserispor,3 - 4,1 - 3,2,7,Evet
2023-11-11,2023,Süper Lig,Alanyaspor,Gaziantep FK,0 - 3,0 - 2,2,3,Yok
2023-11-11,2023,Süper Lig,Fatih Karagümrük,Sivasspor,3 - 0,1 - 0,1,3,Yok
2023-11-11,2023,Süper Lig,Hatayspor,Galatasaray,2 - 1,1 - 1,1,3,Evet
2023-11-12,2023,Süper Lig,Pendikspor,Samsunspor,1 - 0,0 - 0,1,1,Yok
2023-11-12,2023,Süper Lig,Beşiktaş,Başakşehir,1 - 0,0 - 0,1,1,Yok
2023-11-12,2023,Süper Lig,Rizespor,İstanbulspor,1 - 0,1 - 0,1,1,Yok
2023-11-12,2023,Süper Lig,Adana Demirspor,Fenerbahçe,0 - 0,0 - 0,X,0,Yok
2023-11-25,2023,Süper Lig,İstanbulspor,Hatayspor,2 - 1,1 - 0,1,3,Evet
2023-11-25,2023,Süper Lig,Konyaspor,Kasımpaşa,2 - 0,0 - 0,1,2,Yok
2023-11-25,2023,Süper Lig,Gaziantep FK,Ankaragücü,0 - 1,0 - 1,2,1,Yok
2023-11-25,2023,Süper Lig,Galatasaray,Alanyaspor,4 - 0,2 - 0,1,4,Yok
2023-11-26,2023,Süper Lig,Kayserispor,Adana Demirspor,1 - 1,0 - 1,X,2,Evet
2023-11-26,2023,Süper Lig,Antalyaspor,Rizespor,0 - 0,0 - 0,X,0,Yok
2023-11-26,2023,Süper Lig,Samsunspor,Beşiktaş,1 - 2,1 - 1,2,3,Evet
2023-11-26,2023,Süper Lig,Fenerbahçe,Fatih Karagümrük,2 - 1,0 - 1,1,3,Evet
2023-11-27,2023,Süper Lig,Başakşehir,Pendikspor,4 - 1,1 - 1,1,5,Evet
2023-11-27,2023,Süper Lig,Sivasspor,Trabzonspor,3 - 3,2 - 2,X,6,Evet
2023-12-01,2023,Süper Lig,Hatayspor,Antalyaspor,3 - 3,1 - 1,X,6,Evet
2023-12-01,2023,Süper Lig,Fatih Karagümrük,İstanbulspor,3 - 0,1 - 0,1,3,Yok
2023-12-02,2023,Süper Lig,Alanyaspor,Konyaspor,2 - 2,2 - 1,X,4,Evet
2023-12-02,2023,Süper Lig,Rizespor,Başakşehir,3 - 2,2 - 2,1,5,Evet
2023-12-02,2023,Süper Lig,Adana Demirspor,Samsunspor,2 - 3,1 - 2,2,5,Evet
2023-12-02,2023,Süper Lig,Pendikspor,Galatasaray,0 - 2,0 - 0,2,2,Yok
2023-12-03,2023,Süper Lig,Kasımpaşa,Gaziantep FK,4 - 2,3 - 0,1,6,Evet
2023-12-03,2023,Süper Lig,Trabzonspor,Kayserispor,0 - 1,0 - 0,2,1,Yok
2023-12-03,2023,Süper Lig,Ankaragücü,Beşiktaş,1 - 1,1 - 0,X,2,Evet
2023-12-04,2023,Süper Lig,Fenerbahçe,Sivasspor,4 - 1,2 - 0,1,5,Evet
2023-12-08,2023,Süper Lig,Galatasaray,Adana Demirspor,3 - 1,2 - 1,1,4,Evet
2023-12-09,2023,Süper Lig,Antalyaspor,Fatih Karagümrük,2 - 1,2 - 1,1,3,Evet
2023-12-09,2023,Süper Lig,Samsunspor,Kasımpaşa,4 - 2,2 - 0,1,6,Evet
2023-12-09,2023,Süper Lig,Beşiktaş,Fenerbahçe,1 - 3,1 - 1,2,4,Evet
2023-12-10,2023,Süper Lig,İstanbulspor,Alanyaspor,0 - 1,0 - 0,2,1,Yok
2023-12-10,2023,Süper Lig,Başakşehir,Hatayspor,1 - 0,1 - 0,1,1,Yok
2023-12-10,2023,Süper Lig,Kayserispor,Pendikspor,2 - 0,0 - 0,1,2,Yok
2023-12-10,2023,Süper Lig,Gaziantep FK,Trabzonspor,1 - 3,0 - 0,2,4,Evet
2023-12-11,2023,Süper Lig,Konyaspor,Sivasspor,0 - 1,0 - 1,2,1,Yok
2023-12-11,2023,Süper Lig,Ankaragücü,Rizespor,1 - 1,1 - 0,X,2,Evet
2023-12-19,2023,Süper Lig,Başakşehir,Sivasspor,3 - 1,1 - 1,1,4,Evet
2023-12-19,2023,Süper Lig,Gaziantep FK,Adana Demirspor,2 - 2,1 - 0,X,4,Evet
2023-12-19,2023,Süper Lig,İstanbulspor,Trabzonspor,1 - 2,0 - 0,2,3,Evet
2023-12-20,2023,Süper Lig,Kayserispor,Fenerbahçe,3 - 4,1 - 2,2,7,Evet
2023-12-20,2023,Süper Lig,Galatasaray,Fatih Karagümrük,1 - 0,1 - 0,1,1,Yok
2023-12-20,2023,Süper Lig,Antalyaspor,Kasımpaşa,0 - 0,0 - 0,X,0,Yok
2023-12-21,2023,Süper Lig,Rizespor,Pendikspor,5 - 1,3 - 1,1,6,Evet
2023-12-21,2023,Süper Lig,Samsunspor,Konyaspor,1 - 1,0 - 1,X,2,Evet
2023-12-21,2023,Süper Lig,Beşiktaş,Alanyaspor,1 - 3,1 - 1,2,4,Evet
2023-12-21,2023,Süper Lig,Ankaragücü,Hatayspor,0 - 0,0 - 0,X,0,Yok
2023-12-23,2023,Süper Lig,Sivasspor,İstanbulspor,1 - 0,0 - 0,1,1,Yok
2023-12-23,2023,Süper Lig,Fatih Karagümrük,Gaziantep FK,0 - 3,0 - 1,2,3,Yok
2023-12-23,2023,Süper Lig,Trabzonspor,Başakşehir,1 - 1,1 - 1,X,2,Evet
2023-12-24,2023,Süper Lig,Konyaspor,Kayserispor,2 - 0,0 - 0,1,2,Yok
2023-12-24,2023,Süper Lig,Adana Demirspor,Antalyaspor,2 - 1,2 - 0,1,3,Evet
2023-12-24,2023,Süper Lig,Fenerbahçe,Galatasaray,0 - 0,0 - 0,X,0,Yok
2023-12-25,2023,Süper Lig,Alanyaspor,Samsunspor,3 - 1,2 - 0,1,4,Evet
2023-12-25,2023,Süper Lig,Kasımpaşa,Rizespor,2 - 2,1 - 1,X,4,Evet
2023-12-25,2023,Süper Lig,Hatayspor,Beşiktaş,1 - 2,0 - 1,2,3,Evet
2023-12-25,2023,Süper Lig,Pendikspor,Ankaragücü,1 - 1,0 - 1,X,2,Evet
2024-01-05,2023,Süper Lig,Gaziantep FK,Pendikspor,2 - 2,1 - 0,X,4,Evet
2024-01-05,2023,Süper Lig,Beşiktaş,Kasımpaşa,1 - 3,1 - 1,2,4,Evet
2024-01-05,2023,Süper Lig,Antalyaspor,Alanyaspor,0 - 0,0 - 0,X,0,Yok
2024-01-06,2023,Süper Lig,Rizespor,Hatayspor,2 - 0,1 - 0,1,2,Yok
2024-01-06,2023,Süper Lig,Başakşehir,Adana Demirspor,0 - 0,0 - 0,X,0,Yok
2024-01-06,2023,Süper Lig,Ankaragücü,Trabzonspor,0 - 1,0 - 1,2,1,Yok
2024-01-06,2023,Süper Lig,Samsunspor,Fatih Karagümrük,1 - 0,0 - 0,1,1,Yok
2024-01-07,2023,Süper Lig,Kayserispor,Sivasspor,1 - 3,1 - 1,2,4,Evet
2024-01-07,2023,Süper Lig,İstanbulspor,Fenerbahçe,1 - 5,1 - 4,2,6,Evet
2024-01-07,2023,Süper Lig,Galatasaray,Konyaspor,3 - 0,0 - 0,1,3,Yok
2024-01-09,2023,Süper Lig,Alanyaspor,Ankaragücü,1 - 1,0 - 0,X,2,Evet
2024-01-09,2023,Süper Lig,Pendikspor,Antalyaspor,0 - 1,0 - 1,2,1,Yok
2024-01-09,2023,Süper Lig,Kasımpaşa,Başakşehir,0 - 3,0 - 1,2,3,Yok
2024-01-09,2023,Süper Lig,Rizespor,Beşiktaş,0 - 4,0 - 2,2,4,Yok
2024-01-10,2023,Süper Lig,Hatayspor,Gaziantep FK,0 - 0,0 - 0,X,0,Yok
2024-01-10,2023,Süper Lig,Fatih Karagümrük,Kayserispor,4 - 1,3 - 1,1,5,Evet
2024-01-10,2023,Süper Lig,Fenerbahçe,Konyaspor,7 - 1,5 - 0,1,8,Evet
2024-01-10,2023,Süper Lig,Adana Demirspor,İstanbulspor,2 - 2,1 - 0,X,4,Evet
2024-01-11,2023,Süper Lig,Sivasspor,Galatasaray,1 - 1,0 - 1,X,2,Evet
2024-01-11,2023,Süper Lig,Trabzonspor,Samsunspor,2 - 1,2 - 0,1,3,Evet
2024-01-13,2023,Süper Lig,Ankaragücü,Kasımpaşa,3 - 1,1 - 1,1,4,Evet
2024-01-13,2023,Süper Lig,Hatayspor,Pendikspor,1 - 1,0 - 0,X,2,Evet
2024-01-13,2023,Süper Lig,Başakşehir,Alanyaspor,3 - 2,2 - 1,1,5,Evet
2024-01-13,2023,Süper Lig,Beşiktaş,Fatih Karagümrük,3 - 0,0 - 0,1,3,Yok
2024-01-13,2023,Süper Lig,Rizespor,Adana Demirspor,1 - 0,0 - 0,1,1,Yok
2024-01-14,2023,Süper Lig,İstanbulspor,Konyaspor,0 - 0,0 - 0,X,0,Yok
2024-01-14,2023,Süper Lig,Antalyaspor,Trabzonspor,1 - 1,0 - 1,X,2,Evet
2024-01-14,2023,Süper Lig,Samsunspor,Sivasspor,2 - 0,2 - 0,1,2,Yok
2024-01-14,2023,Süper Lig,Gaziantep FK,Fenerbahçe,0 - 1,0 - 0,2,1,Yok
2024-01-15,2023,Süper Lig,Galatasaray,Kayserispor,2 - 1,1 - 0,1,3,Evet
2024-01-20,2023,Süper Lig,Kasımpaşa,Hatayspor,3 - 0,0 - 0,1,3,Yok
2024-01-20,2023,Süper Lig,Alanyaspor,Rizespor,2 - 1,0 - 0,1,3,Evet
2024-01-20,2023,Süper Lig,Fatih Karagümrük,Başakşehir,1 - 1,0 - 1,X,2,Evet
2024-01-20,2023,Süper Lig,Adana Demirspor,Ankaragücü,1 - 1,0 - 0,X,2,Evet
2024-01-20,2023,Süper Lig,Pendikspor,Beşiktaş,4 - 0,1 - 0,1,4,Yok
2024-01-21,2023,Süper Lig,Sivasspor,Gaziantep FK,2 - 2,2 - 2,X,4,Evet
2024-01-21,2023,Süper Lig,Konyaspor,Antalyaspor,1 - 1,1 - 0,X,2,Evet
2024-01-21,2023,Süper Lig,Fenerbahçe,Samsunspor,1 - 1,1 - 0,X,2,Evet
2024-01-21,2023,Süper Lig,Trabzonspor,Galatasaray,1 - 5,0 - 1,2,6,Evet
2024-01-22,2023,Süper Lig,Kayserispor,İstanbulspor,0 - 1,0 - 0,2,1,Yok
2024-01-23,2023,Süper Lig,Hatayspor,Alanyaspor,1 - 1,1 - 0,X,2,Evet
2024-01-23,2023,Süper Lig,Beşiktaş,Adana Demirspor,0 - 0,0 - 0,X,0,Yok
2024-01-23,2023,Süper Lig,Pendikspor,Kasımpaşa,3 - 2,2 - 2,1,5,Evet
2024-01-24,2023,Süper Lig,Ankaragücü,Fatih Karagümrük,2 - 0,1 - 0,1,2,Yok
2024-01-24,2023,Süper Lig,Gaziantep FK,Konyaspor,1 - 1,1 - 1,X,2,Evet
2024-01-24,2023,Süper Lig,Başakşehir,Fenerbahçe,0 - 1,0 - 0,2,1,Yok
2024-01-24,2023,Süper Lig,Antalyaspor,Sivasspor,2 - 1,2 - 1,1,3,Evet
2024-01-25,2023,Süper Lig,Samsunspor,Kayserispor,2 - 0,1 - 0,1,2,Yok
2024-01-25,2023,Süper Lig,Galatasaray,İstanbulspor,3 - 1,1 - 1,1,4,Evet
2024-01-25,2023,Süper Lig,Rizespor,Trabzonspor,1 - 0,0 - 0,1,1,Yok
2024-01-27,2023,Süper Lig,Alanyaspor,Pendikspor,1 - 1,0 - 0,X,2,Evet
2024-01-27,2023,Süper Lig,Adana Demirspor,Hatayspor,0 - 1,0 - 1,2,1,Yok
2024-01-28,2023,Süper Lig,Konyaspor,Başakşehir,2 - 3,2 - 0,2,5,Evet
2024-01-28,2023,Süper Lig,Sivasspor,Beşiktaş,1 - 0,1 - 0,1,1,Yok
2024-01-28,2023,Süper Lig,Fatih Karagümrük,Rizespor,4 - 0,1 - 0,1,4,Yok
2024-01-28,2023,Süper Lig,Fenerbahçe,Ankaragücü,2 - 1,2 - 1,1,3,Evet
2024-01-29,2023,Süper Lig,Kayserispor,Antalyaspor,1 - 1,0 - 1,X,2,Evet
2024-01-29,2023,Süper Lig,İstanbulspor,Samsunspor,1 - 1,0 - 0,X,2,Evet
2024-01-29,2023,Süper Lig,Galatasaray,Gaziantep FK,2 - 1,0 - 1,1,3,Evet
2024-01-29,2023,Süper Lig,Trabzonspor,Kasımpaşa,2 - 3,1 - 0,2,5,Evet
2024-02-02,2023,Süper Lig,Ankaragücü,Sivasspor,0 - 0,0 - 0,X,0,Yok
2024-02-02,2023,Süper Lig,Hatayspor,Fatih Karagümrük,3 - 1,1 - 0,1,4,Evet
2024-02-02,2023,Süper Lig,Samsunspor,Galatasaray,0 - 2,0 - 2,2,2,Yok
2024-02-03,2023,Süper Lig,Rizespor,Konyaspor,0 - 0,0 - 0,X,0,Yok
2024-02-03,2023,Süper Lig,Başakşehir,İstanbulspor,2 - 0,1 - 0,1,2,Yok
2024-02-03,2023,Süper Lig,Antalyaspor,Fenerbahçe,0 - 2,0 - 1,2,2,Yok
2024-02-03,2023,Süper Lig,Gaziantep FK,Kayserispor,1 - 1,0 - 1,X,2,Evet
2024-02-04,2023,Süper Lig,Pendikspor,Adana Demirspor,2 - 1,2 - 0,1,3,Evet
2024-02-04,2023,Süper Lig,Kasımpaşa,Alanyaspor,2 - 1,1 - 1,1,3,Evet
2024-02-04,2023,Süper Lig,Beşiktaş,Trabzonspor,2 - 0,1 - 0,1,2,Yok
2024-02-09,2023,Süper Lig,Adana Demirspor,Kasımpaşa,1 - 3,0 - 2,2,4,Evet
2024-02-10,2023,Süper Lig,Fatih Karagümrük,Pendikspor,2 - 0,1 - 0,1,2,Yok
2024-02-10,2023,Süper Lig,Galatasaray,Başakşehir,2 - 0,2 - 0,1,2,Yok
2024-02-11,2023,Süper Lig,Sivasspor,Rizespor,1 - 0,1 - 0,1,1,Yok
2024-02-11,2023,Süper Lig,Konyaspor,Ankaragücü,1 - 0,1 - 0,1,1,Yok
2024-02-11,2023,Süper Lig,İstanbulspor,Gaziantep FK,1 - 3,1 - 1,2,4,Evet
2024-02-11,2023,Süper Lig,Fenerbahçe,Alanyaspor,2 - 2,0 - 1,X,4,Evet
2024-02-12,2023,Süper Lig,Trabzonspor,Hatayspor,2 - 0,0 - 0,1,2,Yok
2024-02-12,2023,Süper Lig,Kayserispor,Beşiktaş,0 - 0,0 - 0,X,0,Yok
2024-02-12,2023,Süper Lig,Samsunspor,Antalyaspor,2 - 0,0 - 0,1,2,Yok
2024-02-16,2023,Süper Lig,Kasımpaşa,Fatih Karagümrük,1 - 1,1 - 1,X,2,Evet
2024-02-17,2023,Süper Lig,Antalyaspor,İstanbulspor,2 - 2,2 - 0,X,4,Evet
2024-02-17,2023,Süper Lig,Hatayspor,Sivasspor,1 - 1,0 - 1,X,2,Evet
2024-02-17,2023,Süper Lig,Rizespor,Fenerbahçe,1 - 3,1 - 0,2,4,Evet
2024-02-18,2023,Süper Lig,Alanyaspor,Adana Demirspor,3 - 3,2 - 0,X,6,Evet
2024-02-18,2023,Süper Lig,Gaziantep FK,Samsunspor,1 - 1,0 - 0,X,2,Evet
2024-02-18,2023,Süper Lig,Pendikspor,Trabzonspor,0 - 2,0 - 0,2,2,Yok
2024-02-18,2023,Süper Lig,Ankaragücü,Galatasaray,0 - 3,0 - 3,2,3,Yok
2024-02-19,2023,Süper Lig,Beşiktaş,Konyaspor,2 - 0,0 - 0,1,2,Yok
2024-02-19,2023,Süper Lig,Başakşehir,Kayserispor,2 - 3,0 - 2,2,5,Evet
2024-02-23,2023,Süper Lig,Samsunspor,Rizespor,3 - 0,1 - 0,1,3,Yok
2024-02-24,2023,Süper Lig,Kayserispor,Ankaragücü,3 - 2,0 - 2,1,5,Evet
2024-02-24,2023,Süper Lig,Gaziantep FK,Başakşehir,0 - 2,0 - 0,2,2,Yok
2024-02-24,2023,Süper Lig,Konyaspor,Hatayspor,2 - 0,0 - 0,1,2,Yok
2024-02-24,2023,Süper Lig,Fenerbahçe,Kasımpaşa,2 - 1,0 - 0,1,3,Evet
2024-02-25,2023,Süper Lig,Sivasspor,Pendikspor,4 - 1,1 - 1,1,5,Evet
2024-02-25,2023,Süper Lig,Trabzonspor,Adana Demirspor,1 - 0,1 - 0,1,1,Yok
2024-02-25,2023,Süper Lig,Fatih Karagümrük,Alanyaspor,1 - 1,1 - 0,X,2,Evet
2024-02-25,2023,Süper Lig,İstanbulspor,Beşiktaş,0 - 2,0 - 1,2,2,Yok
2024-02-26,2023,Süper Lig,Galatasaray,Antalyaspor,2 - 1,2 - 1,1,3,Evet
2024-03-01,2023,Süper Lig,Kasımpaşa,Sivasspor,0 - 0,0 - 0,X,0,Yok
2024-03-02,2023,Süper Lig,Ankaragücü,İstanbulspor,1 - 1,0 - 1,X,2,Evet
2024-03-02,2023,Süper Lig,Rizespor,Kayserispor,3 - 0,0 - 0,1,3,Yok
2024-03-02,2023,Süper Lig,Hatayspor,Fenerbahçe,0 - 2,0 - 2,2,2,Yok
2024-03-03,2023,Süper Lig,Başakşehir,Samsunspor,1 - 0,0 - 0,1,1,Yok
2024-03-03,2023,Süper Lig,Pendikspor,Konyaspor,0 - 2,0 - 1,2,2,Yok
2024-03-03,2023,Süper Lig,Beşiktaş,Galatasaray,0 - 1,0 - 1,2,1,Yok
2024-03-04,2023,Süper Lig,Adana Demirspor,Fatih Karagümrük,1 - 0,1 - 0,1,1,Yok
2024-03-04,2023,Süper Lig,Alanyaspor,Trabzonspor,3 - 1,2 - 0,1,4,Evet
2024-03-04,2023,Süper Lig,Antalyaspor,Gaziantep FK,1 - 0,1 - 0,1,1,Yok
2024-03-08,2023,Süper Lig,Galatasaray,Rizespor,6 - 2,4 - 1,1,8,Evet
2024-03-09,2023,Süper Lig,Sivasspor,Alanyaspor,1 - 2,0 - 0,2,3,Evet
2024-03-09,2023,Süper Lig,Konyaspor,Adana Demirspor,2 - 2,2 - 1,X,4,Evet
2024-03-09,2023,Süper Lig,Başakşehir,Antalyaspor,1 - 0,0 - 0,1,1,Yok
2024-03-09,2023,Süper Lig,Trabzonspor,Fatih Karagümrük,5 - 1,1 - 1,1,6,Evet
2024-03-10,2023,Süper Lig,Kayserispor,Hatayspor,1 - 1,1 - 1,X,2,Evet
2024-03-10,2023,Süper Lig,İstanbulspor,Kasımpaşa,1 - 2,1 - 0,2,3,Evet
2024-03-10,2023,Süper Lig,Samsunspor,Ankaragücü,2 - 1,1 - 1,1,3,Evet
2024-03-10,2023,Süper Lig,Fenerbahçe,Pendikspor,4 - 1,0 - 1,1,5,Evet
2024-03-11,2023,Süper Lig,Gaziantep FK,Beşiktaş,2 - 0,1 - 0,1,2,Yok
2024-03-15,2023,Süper Lig,Fatih Karagümrük,Konyaspor,1 - 1,0 - 1,X,2,Evet
2024-03-15,2023,Süper Lig,Pendikspor,İstanbulspor,1 - 0,0 - 0,1,1,Yok
2024-03-16,2023,Süper Lig,Alanyaspor,Kayserispor,1 - 0,0 - 0,1,1,Yok
2024-03-16,2023,Süper Lig,Ankaragücü,Başakşehir,2 - 1,0 - 0,1,3,Evet
2024-03-16,2023,Süper Lig,Beşiktaş,Antalyaspor,1 - 2,0 - 2,2,3,Evet
2024-03-16,2023,Süper Lig,Adana Demirspor,Sivasspor,4 - 1,1 - 0,1,5,Evet
2024-03-17,2023,Süper Lig,Rizespor,Gaziantep FK,3 - 1,0 - 0,1,4,Evet
2024-03-17,2023,Süper Lig,Kasımpaşa,Galatasaray,3 - 4,1 - 1,2,7,Evet
2024-03-17,2023,Süper Lig,Hatayspor,Samsunspor,3 - 0,1 - 0,1,3,Yok
2024-03-17,2023,Süper Lig,Trabzonspor,Fenerbahçe,2 - 3,0 - 2,2,5,Evet
2024-04-02,2023,Süper Lig,İstanbulspor,Rizespor,0 - 4,0 - 2,2,4,Yok
2024-04-02,2023,Süper Lig,Galatasaray,Hatayspor,1 - 0,1 - 0,1,1,Yok
2024-04-02,2023,Süper Lig,Antalyaspor,Ankaragücü,1 - 1,1 - 0,X,2,Evet
2024-04-02,2023,Süper Lig,Gaziantep FK,Alanyaspor,0 - 3,0 - 2,2,3,Yok
2024-04-03,2023,Süper Lig,Sivasspor,Fatih Karagümrük,1 - 0,0 - 0,1,1,Yok
2024-04-03,2023,Süper Lig,Konyaspor,Trabzonspor,1 - 3,0 - 1,2,4,Evet
2024-04-03,2023,Süper Lig,Fenerbahçe,Adana Demirspor,4 - 2,1 - 1,1,6,Evet
2024-04-03,2023,Süper Lig,Kayserispor,Kasımpaşa,0 - 2,0 - 1,2,2,Yok
2024-04-04,2023,Süper Lig,Başakşehir,Beşiktaş,1 - 1,0 - 1,X,2,Evet
2024-04-04,2023,Süper Lig,Samsunspor,Pendikspor,0 - 0,0 - 0,X,0,Yok
2024-04-12,2023,Süper Lig,Trabzonspor,Sivasspor,0 - 1,0 - 0,2,1,Yok
2024-04-13,2023,Süper Lig,Kasımpaşa,Konyaspor,0 - 2,0 - 1,2,2,Yok
2024-04-13,2023,Süper Lig,Ankaragücü,Gaziantep FK,3 - 1,1 - 1,1,4,Evet
2024-04-13,2023,Süper Lig,Beşiktaş,Samsunspor,1 - 1,1 - 0,X,2,Evet
2024-04-13,2023,Süper Lig,Adana Demirspor,Kayserispor,0 - 0,0 - 0,X,0,Yok
2024-04-14,2023,Süper Lig,Pendikspor,Başakşehir,2 - 3,1 - 1,2,5,Evet
2024-04-14,2023,Süper Lig,Rizespor,Antalyaspor,3 - 0,1 - 0,1,3,Yok
2024-04-14,2023,Süper Lig,Hatayspor,İstanbulspor,0 - 3,0 - 0,2,3,Yok
2024-04-14,2023,Süper Lig,Fatih Karagümrük,Fenerbahçe,1 - 2,1 - 0,2,3,Evet
2024-04-15,2023,Süper Lig,Alanyaspor,Galatasaray,0 - 4,0 - 0,2,4,Yok
2024-04-19,2023,Süper Lig,Beşiktaş,Ankaragücü,2 - 0,1 - 0,1,2,Yok
2024-04-20,2023,Süper Lig,İstanbulspor,Fatih Karagümrük,1 - 2,0 - 0,2,3,Evet
2024-04-20,2023,Süper Lig,Konyaspor,Alanyaspor,0 - 2,0 - 1,2,2,Yok
2024-04-20,2023,Süper Lig,Kayserispor,Trabzonspor,1 - 2,0 - 1,2,3,Evet
2024-04-20,2023,Süper Lig,Samsunspor,Adana Demirspor,1 - 1,0 - 1,X,2,Evet
2024-04-21,2023,Süper Lig,Başakşehir,Rizespor,2 - 0,1 - 0,1,2,Yok
2024-04-21,2023,Süper Lig,Galatasaray,Pendikspor,4 - 1,2 - 0,1,5,Evet
2024-04-21,2023,Süper Lig,Antalyaspor,Hatayspor,2 - 1,0 - 1,1,3,Evet
2024-04-21,2023,Süper Lig,Gaziantep FK,Kasımpaşa,2 - 0,2 - 0,1,2,Yok
2024-04-22,2023,Süper Lig,Sivasspor,Fenerbahçe,2 - 2,0 - 1,X,4,Evet
2024-04-26,2023,Süper Lig,Adana Demirspor,Galatasaray,0 - 3,0 - 0,2,3,Yok
2024-04-27,2023,Süper Lig,Sivasspor,Konyaspor,1 - 0,0 - 0,1,1,Yok
2024-04-27,2023,Süper Lig,Kasımpaşa,Samsunspor,1 - 0,1 - 0,1,1,Yok
2024-04-27,2023,Süper Lig,Fenerbahçe,Beşiktaş,2 - 1,1 - 0,1,3,Evet
2024-04-27,2023,Süper Lig,Hatayspor,Başakşehir,1 - 2,0 - 1,2,3,Evet
2024-04-28,2023,Süper Lig,Alanyaspor,İstanbulspor,6 - 0,3 - 0,1,6,Yok
2024-04-28,2023,Süper Lig,Pendikspor,Kayserispor,1 - 2,1 - 1,2,3,Evet
2024-04-28,2023,Süper Lig,Trabzonspor,Gaziantep FK,4 - 2,0 - 2,1,6,Evet
2024-04-28,2023,Süper Lig,Rizespor,Ankaragücü,2 - 2,2 - 0,X,4,Evet
2024-04-29,2023,Süper Lig,Fatih Karagümrük,Antalyaspor,4 - 1,1 - 0,1,5,Evet
2024-05-03,2023,Süper Lig,Beşiktaş,Rizespor,3 - 2,1 - 1,1,5,Evet
2024-05-03,2023,Süper Lig,Ankaragücü,Alanyaspor,1 - 1,1 - 0,X,2,Evet
2024-05-04,2023,Süper Lig,İstanbulspor,Adana Demirspor,0 - 1,0 - 1,2,1,Yok
2024-05-04,2023,Süper Lig,Kayserispor,Fatih Karagümrük,2 - 2,1 - 0,X,4,Evet
2024-05-04,2023,Süper Lig,Samsunspor,Trabzonspor,3 - 1,3 - 1,1,4,Evet
2024-05-05,2023,Süper Lig,Başakşehir,Kasımpaşa,4 - 1,2 - 0,1,5,Evet
2024-05-05,2023,Süper Lig,Galatasaray,Sivasspor,6 - 1,2 - 0,1,7,Evet
2024-05-05,2023,Süper Lig,Gaziantep FK,Hatayspor,1 - 1,1 - 1,X,2,Evet
2024-05-06,2023,Süper Lig,Konyaspor,Fenerbahçe,0 - 0,0 - 0,X,0,Yok
2024-05-06,2023,Süper Lig,Antalyaspor,Pendikspor,1 - 2,1 - 2,2,3,Evet
2024-05-12,2023,Süper Lig,Konyaspor,Samsunspor,3 - 0,3 - 0,1,3,Yok
2024-05-12,2023,Süper Lig,Fenerbahçe,Kayserispor,3 - 0,2 - 0,1,3,Yok
2024-05-12,2023,Süper Lig,Alanyaspor,Beşiktaş,1 - 1,0 - 0,X,2,Evet
2024-05-12,2023,Süper Lig,Trabzonspor,İstanbulspor,3 - 0,2 - 0,1,3,Yok
2024-05-12,2023,Süper Lig,Sivasspor,Başakşehir,0 - 1,0 - 1,2,1,Yok
2024-05-12,2023,Süper Lig,Kasımpaşa,Antalyaspor,3 - 1,2 - 0,1,4,Evet
2024-05-12,2023,Süper Lig,Adana Demirspor,Gaziantep FK,1 - 6,1 - 3,2,7,Evet
2024-05-12,2023,Süper Lig,Hatayspor,Ankaragücü,2 - 1,0 - 0,1,3,Evet
2024-05-12,2023,Süper Lig,Fatih Karagümrük,Galatasaray,2 - 3,1 - 1,2,5,Evet
2024-05-12,2023,Süper Lig,Pendikspor,Rizespor,2 - 1,0 - 1,1,3,Evet
2024-05-17,2023,Süper Lig,İstanbulspor,Sivasspor,1 - 3,0 - 2,2,4,Evet
2024-05-17,2023,Süper Lig,Antalyaspor,Adana Demirspor,2 - 1,1 - 0,1,3,Evet
2024-05-18,2023,Süper Lig,Beşiktaş,Hatayspor,2 - 2,0 - 1,X,4,Evet
2024-05-18,2023,Süper Lig,Başakşehir,Trabzonspor,0 - 1,0 - 1,2,1,Yok
2024-05-18,2023,Süper Lig,Kayserispor,Konyaspor,2 - 2,1 - 1,X,4,Evet
2024-05-18,2023,Süper Lig,Rizespor,Kasımpaşa,0 - 0,0 - 0,X,0,Yok
2024-05-18,2023,Süper Lig,Ankaragücü,Pendikspor,0 - 0,0 - 0,X,0,Yok
2024-05-18,2023,Süper Lig,Gaziantep FK,Fatih Karagümrük,3 - 1,0 - 0,1,4,Evet
2024-05-18,2023,Süper Lig,Samsunspor,Alanyaspor,1 - 1,0 - 1,X,2,Evet
2024-05-19,2023,Süper Lig,Galatasaray,Fenerbahçe,0 - 1,0 - 0,2,1,Yok
2024-05-24,2023,Süper Lig,Alanyaspor,Antalyaspor,1 - 1,1 - 0,X,2,Evet
2024-05-25,2023,Süper Lig,Fatih Karagümrük,Samsunspor,3 - 1,1 - 0,1,4,Evet
2024-05-25,2023,Süper Lig,Sivasspor,Kayserispor,2 - 1,1 - 1,1,3,Evet
2024-05-26,2023,Süper Lig,Konyaspor,Galatasaray,1 - 3,0 - 1,2,4,Evet
2024-05-26,2023,Süper Lig,Fenerbahçe,İstanbulspor,6 - 0,3 - 0,1,6,Yok
2024-05-26,2023,Süper Lig,Trabzonspor,Ankaragücü,4 - 2,0 - 1,1,6,Evet
2024-05-26,2023,Süper Lig,Kasımpaşa,Beşiktaş,2 - 1,1 - 0,1,3,Evet
2024-05-26,2023,Süper Lig,Adana Demirspor,Başakşehir,2 - 6,1 - 4,2,8,Evet
2024-05-26,2023,Süper Lig,Hatayspor,Rizespor,2 - 0,1 - 0,1,2,Yok
2024-05-26,2023,Süper Lig,Pendikspor,Gaziantep FK,0 - 1,0 - 1,2,1,Yok
2022-08-05,2022,Süper Lig,İstanbulspor,Trabzonspor,0 - 2,0 - 1,2,2,Yok
2022-08-06,2022,Süper Lig,Sivasspor,Gaziantep FK,1 - 1,0 - 1,X,2,Evet
2022-08-06,2022,Süper Lig,Beşiktaş,Kayserispor,1 - 0,0 - 0,1,1,Yok
2022-08-07,2022,Süper Lig,Giresunspor,Adana Demirspor,2 - 3,0 - 2,2,5,Evet
2022-08-07,2022,Süper Lig,Fatih Karagümrük,Alanyaspor,2 - 4,0 - 2,2,6,Evet
2022-08-07,2022,Süper Lig,Antalyaspor,Galatasaray,0 - 1,0 - 0,2,1,Yok
2022-08-08,2022,Süper Lig,Başakşehir,Kasımpaşa,4 - 0,2 - 0,1,4,Yok
2022-08-08,2022,Süper Lig,Fenerbahçe,Ümraniyespor,3 - 3,2 - 1,X,6,Evet
2022-08-08,2022,Süper Lig,Ankaragücü,Konyaspor,0 - 0,0 - 0,X,0,Yok
2022-08-12,2022,Süper Lig,Trabzonspor,Hatayspor,1 - 0,0 - 0,1,1,Yok
2022-08-13,2022,Süper Lig,Kayserispor,İstanbulspor,1 - 0,1 - 0,1,1,Yok
2022-08-13,2022,Süper Lig,Galatasaray,Giresunspor,0 - 1,0 - 0,2,1,Yok
2022-08-13,2022,Süper Lig,Adana Demirspor,Sivasspor,3 - 0,1 - 0,1,3,Yok
2022-08-14,2022,Süper Lig,Gaziantep FK,Ankaragücü,1 - 0,0 - 0,1,1,Yok
2022-08-14,2022,Süper Lig,Ümraniyespor,Antalyaspor,0 - 1,0 - 0,2,1,Yok
2022-08-14,2022,Süper Lig,Alanyaspor,Beşiktaş,3 - 3,1 - 3,X,6,Evet
2022-08-15,2022,Süper Lig,Konyaspor,Başakşehir,0 - 0,0 - 0,X,0,Yok
2022-08-15,2022,Süper Lig,Kasımpaşa,Fenerbahçe,0 - 6,0 - 3,2,6,Yok
2022-08-19,2022,Süper Lig,Ümraniyespor,Galatasaray,0 - 1,0 - 0,2,1,Yok
2022-08-20,2022,Süper Lig,Giresunspor,Kasımpaşa,1 - 0,0 - 0,1,1,Yok
2022-08-20,2022,Süper Lig,Hatayspor,Gaziantep FK,1 - 2,1 - 1,2,3,Evet
2022-08-20,2022,Süper Lig,Antalyaspor,Trabzonspor,5 - 2,2 - 1,1,7,Evet
2022-08-21,2022,Süper Lig,Başakşehir,Kayserispor,2 - 0,1 - 0,1,2,Yok
2022-08-21,2022,Süper Lig,Beşiktaş,Fatih Karagümrük,4 - 1,2 - 0,1,5,Evet
2022-08-22,2022,Süper Lig,Sivasspor,Alanyaspor,1 - 1,1 - 0,X,2,Evet
2022-08-22,2022,Süper Lig,İstanbulspor,Konyaspor,0 - 4,0 - 2,2,4,Yok
2022-08-22,2022,Süper Lig,Fenerbahçe,Adana Demirspor,4 - 2,2 - 0,1,6,Evet
2022-08-26,2022,Süper Lig,Gaziantep FK,Antalyaspor,5 - 2,1 - 2,1,7,Evet
2022-08-27,2022,Süper Lig,Fatih Karagümrük,Ankaragücü,4 - 1,2 - 0,1,5,Evet
2022-08-27,2022,Süper Lig,Alanyaspor,İstanbulspor,0 - 1,0 - 0,2,1,Yok
2022-08-27,2022,Süper Lig,Adana Demirspor,Ümraniyespor,1 - 0,1 - 0,1,1,Yok
2022-08-28,2022,Süper Lig,Kayserispor,Giresunspor,3 - 0,1 - 0,1,3,Yok
2022-08-28,2022,Süper Lig,Kasımpaşa,Hatayspor,1 - 0,1 - 0,1,1,Yok
2022-08-28,2022,Süper Lig,Trabzonspor,Galatasaray,0 - 0,0 - 0,X,0,Yok
2022-08-29,2022,Süper Lig,Konyaspor,Fenerbahçe,1 - 0,0 - 0,1,1,Yok
2022-08-29,2022,Süper Lig,Beşiktaş,Sivasspor,3 - 1,3 - 0,1,4,Evet
2022-09-02,2022,Süper Lig,Ümraniyespor,Trabzonspor,0 - 1,0 - 0,2,1,Yok
2022-09-03,2022,Süper Lig,Başakşehir,Alanyaspor,2 - 0,1 - 0,1,2,Yok
2022-09-03,2022,Süper Lig,Sivasspor,Fatih Karagümrük,0 - 0,0 - 0,X,0,Yok
2022-09-03,2022,Süper Lig,Fenerbahçe,Kayserispor,2 - 0,1 - 0,1,2,Yok
2022-09-03,2022,Süper Lig,Giresunspor,Konyaspor,0 - 1,0 - 0,2,1,Yok
2022-09-04,2022,Süper Lig,Hatayspor,Adana Demirspor,1 - 1,1 - 0,X,2,Evet
2022-09-04,2022,Süper Lig,Antalyaspor,Kasımpaşa,0 - 2,0 - 1,2,2,Yok
2022-09-04,2022,Süper Lig,Ankaragücü,Beşiktaş,2 - 3,1 - 2,2,5,Evet
2022-09-05,2022,Süper Lig,Galatasaray,Gaziantep FK,2 - 1,1 - 1,1,3,Evet
2022-09-09,2022,Süper Lig,Alanyaspor,Ankaragücü,2 - 1,0 - 0,1,3,Evet
2022-09-10,2022,Süper Lig,Konyaspor,Hatayspor,1 - 0,0 - 0,1,1,Yok
2022-09-10,2022,Süper Lig,Fatih Karagümrük,Giresunspor,1 - 1,0 - 0,X,2,Evet
2022-09-11,2022,Süper Lig,Sivasspor,İstanbulspor,1 - 1,0 - 0,X,2,Evet
2022-09-11,2022,Süper Lig,Kayserispor,Antalyaspor,1 - 0,0 - 0,1,1,Yok
2022-09-11,2022,Süper Lig,Kasımpaşa,Galatasaray,2 - 3,1 - 1,2,5,Evet
2022-09-11,2022,Süper Lig,Gaziantep FK,Ümraniyespor,1 - 1,0 - 0,X,2,Evet
2022-09-12,2022,Süper Lig,Beşiktaş,Başakşehir,0 - 1,0 - 0,2,1,Yok
2022-09-12,2022,Süper Lig,Adana Demirspor,Trabzonspor,3 - 2,1 - 1,1,5,Evet
2022-09-16,2022,Süper Lig,Galatasaray,Konyaspor,2 - 1,1 - 1,1,3,Evet
2022-09-16,2022,Süper Lig,Hatayspor,Kayserispor,0 - 4,0 - 2,2,4,Yok
2022-09-17,2022,Süper Lig,Ümraniyespor,Kasımpaşa,1 - 2,0 - 1,2,3,Evet
2022-09-17,2022,Süper Lig,Antalyaspor,Adana Demirspor,0 - 3,0 - 1,2,3,Yok
2022-09-17,2022,Süper Lig,İstanbulspor,Beşiktaş,2 - 2,1 - 2,X,4,Evet
2022-09-18,2022,Süper Lig,Başakşehir,Fatih Karagümrük,0 - 0,0 - 0,X,0,Yok
2022-09-18,2022,Süper Lig,Trabzonspor,Gaziantep FK,3 - 2,2 - 2,1,5,Evet
2022-09-18,2022,Süper Lig,Fenerbahçe,Alanyaspor,5 - 0,3 - 0,1,5,Yok
2022-09-18,2022,Süper Lig,Ankaragücü,Sivasspor,2 - 1,2 - 0,1,3,Evet
2022-10-01,2022,Süper Lig,Kasımpaşa,Gaziantep FK,1 - 0,0 - 0,1,1,Yok
2022-10-01,2022,Süper Lig,Kayserispor,Trabzonspor,1 - 2,1 - 0,2,3,Evet
2022-10-01,2022,Süper Lig,Ankaragücü,Başakşehir,1 - 2,0 - 1,2,3,Evet
2022-10-01,2022,Süper Lig,Adana Demirspor,Galatasaray,0 - 0,0 - 0,X,0,Yok
2022-10-02,2022,Süper Lig,Alanyaspor,Giresunspor,1 - 1,0 - 0,X,2,Evet
2022-10-02,2022,Süper Lig,Sivasspor,Hatayspor,1 - 2,1 - 2,2,3,Evet
2022-10-02,2022,Süper Lig,Konyaspor,Ümraniyespor,1 - 0,1 - 0,1,1,Yok
2022-10-02,2022,Süper Lig,Beşiktaş,Fenerbahçe,0 - 0,0 - 0,X,0,Yok
2022-10-03,2022,Süper Lig,Fatih Karagümrük,İstanbulspor,1 - 2,1 - 0,2,3,Evet
2022-10-07,2022,Süper Lig,Gaziantep FK,Adana Demirspor,1 - 1,0 - 0,X,2,Evet
2022-10-08,2022,Süper Lig,İstanbulspor,Ankaragücü,1 - 2,0 - 1,2,3,Evet
2022-10-08,2022,Süper Lig,Antalyaspor,Konyaspor,1 - 1,0 - 0,X,2,Evet
2022-10-08,2022,Süper Lig,Giresunspor,Beşiktaş,0 - 1,0 - 1,2,1,Yok
2022-10-09,2022,Süper Lig,Ümraniyespor,Kayserispor,2 - 2,0 - 1,X,4,Evet
2022-10-09,2022,Süper Lig,Hatayspor,Alanyaspor,1 - 0,0 - 0,1,1,Yok
2022-10-09,2022,Süper Lig,Fenerbahçe,Fatih Karagümrük,5 - 4,2 - 2,1,9,Evet
2022-10-10,2022,Süper Lig,Başakşehir,Sivasspor,0 - 2,0 - 1,2,2,Yok
2022-10-10,2022,Süper Lig,Trabzonspor,Kasımpaşa,0 - 0,0 - 0,X,0,Yok
2022-10-14,2022,Süper Lig,Alanyaspor,Antalyaspor,3 - 2,1 - 0,1,5,Evet
2022-10-15,2022,Süper Lig,Fatih Karagümrük,Hatayspor,3 - 0,2 - 0,1,3,Yok
2022-10-15,2022,Süper Lig,Kasımpaşa,Adana Demirspor,1 - 4,0 - 2,2,5,Evet
2022-10-15,2022,Süper Lig,Konyaspor,Gaziantep FK,0 - 1,0 - 0,2,1,Yok
2022-10-15,2022,Süper Lig,Kayserispor,Galatasaray,2 - 1,2 - 0,1,3,Evet
2022-10-16,2022,Süper Lig,Başakşehir,İstanbulspor,2 - 0,1 - 0,1,2,Yok
2022-10-16,2022,Süper Lig,Beşiktaş,Trabzonspor,2 - 2,1 - 2,X,4,Evet
2022-10-17,2022,Süper Lig,Sivasspor,Giresunspor,3 - 0,2 - 0,1,3,Yok
2022-10-17,2022,Süper Lig,Ankaragücü,Fenerbahçe,0 - 3,0 - 2,2,3,Yok
2022-10-21,2022,Süper Lig,Antalyaspor,İstanbulspor,2 - 1,1 - 1,1,3,Evet
2022-10-22,2022,Süper Lig,Ümraniyespor,Fatih Karagümrük,1 - 3,1 - 1,2,4,Evet
2022-10-22,2022,Süper Lig,Trabzonspor,Sivasspor,1 - 0,1 - 0,1,1,Yok
2022-10-22,2022,Süper Lig,Fenerbahçe,Başakşehir,1 - 0,0 - 0,1,1,Yok
2022-10-23,2022,Süper Lig,Kasımpaşa,Kayserispor,0 - 1,0 - 1,2,1,Yok
2022-10-23,2022,Süper Lig,Adana Demirspor,Konyaspor,1 - 1,1 - 1,X,2,Evet
2022-10-23,2022,Süper Lig,Galatasaray,Alanyaspor,2 - 2,2 - 0,X,4,Evet
2022-10-24,2022,Süper Lig,Giresunspor,Ankaragücü,1 - 1,0 - 0,X,2,Evet
2022-10-24,2022,Süper Lig,Hatayspor,Beşiktaş,2 - 1,0 - 1,1,3,Evet
2022-10-28,2022,Süper Lig,Fatih Karagümrük,Galatasaray,0 - 2,0 - 0,2,2,Yok
2022-10-29,2022,Süper Lig,Konyaspor,Kasımpaşa,1 - 1,0 - 0,X,2,Evet
2022-10-29,2022,Süper Lig,Alanyaspor,Gaziantep FK,2 - 0,1 - 0,1,2,Yok
2022-10-30,2022,Süper Lig,Ankaragücü,Hatayspor,4 - 1,1 - 0,1,5,Evet
2022-10-30,2022,Süper Lig,Beşiktaş,Ümraniyespor,5 - 2,2 - 1,1,7,Evet
2022-10-30,2022,Süper Lig,Kayserispor,Adana Demirspor,2 - 2,0 - 1,X,4,Evet
2022-10-30,2022,Süper Lig,İstanbulspor,Fenerbahçe,2 - 5,0 - 2,2,7,Evet
2022-10-31,2022,Süper Lig,Başakşehir,Giresunspor,3 - 1,1 - 0,1,4,Evet
2022-10-31,2022,Süper Lig,Sivasspor,Antalyaspor,0 - 2,0 - 2,2,2,Yok
2022-11-04,2022,Süper Lig,Kasımpaşa,Ankaragücü,1 - 1,0 - 0,X,2,Evet
2022-11-04,2022,Süper Lig,Ümraniyespor,Alanyaspor,3 - 1,2 - 0,1,4,Evet
2022-11-05,2022,Süper Lig,Giresunspor,İstanbulspor,3 - 2,1 - 1,1,5,Evet
2022-11-05,2022,Süper Lig,Galatasaray,Beşiktaş,2 - 1,1 - 1,1,3,Evet
2022-11-06,2022,Süper Lig,Gaziantep FK,Kayserispor,1 - 2,0 - 1,2,3,Evet
2022-11-06,2022,Süper Lig,Antalyaspor,Fatih Karagümrük,4 - 2,3 - 2,1,6,Evet
2022-11-06,2022,Süper Lig,Trabzonspor,Konyaspor,2 - 2,2 - 1,X,4,Evet
2022-11-07,2022,Süper Lig,Fenerbahçe,Sivasspor,1 - 0,0 - 0,1,1,Yok
2022-11-07,2022,Süper Lig,Hatayspor,Başakşehir,3 - 3,1 - 0,X,6,Evet
2022-11-11,2022,Süper Lig,Alanyaspor,Adana Demirspor,0 - 0,0 - 0,X,0,Yok
2022-11-11,2022,Süper Lig,Ankaragücü,Trabzonspor,1 - 1,0 - 0,X,2,Evet
2022-11-12,2022,Süper Lig,Sivasspor,Ümraniyespor,2 - 2,1 - 1,X,4,Evet
2022-11-12,2022,Süper Lig,Fenerbahçe,Giresunspor,1 - 2,1 - 0,2,3,Evet
2022-11-12,2022,Süper Lig,Başakşehir,Galatasaray,0 - 7,0 - 3,2,7,Yok
2022-11-13,2022,Süper Lig,Fatih Karagümrük,Gaziantep FK,3 - 3,1 - 2,X,6,Evet
2022-11-13,2022,Süper Lig,Kayserispor,Konyaspor,1 - 2,1 - 2,2,3,Evet
2022-11-13,2022,Süper Lig,İstanbulspor,Hatayspor,0 - 1,0 - 1,2,1,Yok
2022-12-23,2022,Süper Lig,Antalyaspor,Ankaragücü,0 - 2,0 - 0,2,2,Yok
2022-12-23,2022,Süper Lig,Ümraniyespor,Başakşehir,1 - 3,1 - 1,2,4,Evet
2022-12-24,2022,Süper Lig,Hatayspor,Giresunspor,1 - 1,0 - 0,X,2,Evet
2022-12-24,2022,Süper Lig,Kasımpaşa,Sivasspor,1 - 2,1 - 1,2,3,Evet
2022-12-24,2022,Süper Lig,Trabzonspor,Fenerbahçe,2 - 0,0 - 0,1,2,Yok
2022-12-25,2022,Süper Lig,Adana Demirspor,Fatih Karagümrük,2 - 1,2 - 1,1,3,Evet
2022-12-25,2022,Süper Lig,Konyaspor,Alanyaspor,2 - 2,1 - 0,X,4,Evet
2022-12-25,2022,Süper Lig,Gaziantep FK,Beşiktaş,1 - 1,0 - 0,X,2,Evet
2022-12-25,2022,Süper Lig,Galatasaray,İstanbulspor,2 - 1,2 - 0,1,3,Evet
2022-12-27,2022,Süper Lig,Başakşehir,Antalyaspor,2 - 0,0 - 0,1,2,Yok
2022-12-27,2022,Süper Lig,Ankaragücü,Ümraniyespor,1 - 2,1 - 1,2,3,Evet
2022-12-27,2022,Süper Lig,Fenerbahçe,Hatayspor,4 - 0,2 - 0,1,4,Yok
2022-12-28,2022,Süper Lig,Alanyaspor,Kayserispor,3 - 1,2 - 0,1,4,Evet
2022-12-28,2022,Süper Lig,İstanbulspor,Kasımpaşa,2 - 1,1 - 1,1,3,Evet
2022-12-28,2022,Süper Lig,Fatih Karagümrük,Trabzonspor,4 - 1,2 - 1,1,5,Evet
2022-12-29,2022,Süper Lig,Sivasspor,Galatasaray,1 - 2,0 - 1,2,3,Evet
2022-12-29,2022,Süper Lig,Giresunspor,Gaziantep FK,2 - 1,1 - 0,1,3,Evet
2022-12-29,2022,Süper Lig,Beşiktaş,Adana Demirspor,1 - 0,1 - 0,1,1,Yok
2023-01-03,2022,Süper Lig,Ümraniyespor,Hatayspor,2 - 2,1 - 1,X,4,Evet
2023-01-03,2022,Süper Lig,Antalyaspor,Fenerbahçe,1 - 2,1 - 0,2,3,Evet
2023-01-04,2022,Süper Lig,Kayserispor,Fatih Karagümrük,2 - 4,0 - 2,2,6,Evet
2023-01-04,2022,Süper Lig,Kasımpaşa,Alanyaspor,4 - 1,2 - 0,1,5,Evet
2023-01-04,2022,Süper Lig,Konyaspor,Sivasspor,2 - 2,1 - 1,X,4,Evet
2023-01-04,2022,Süper Lig,Galatasaray,Ankaragücü,2 - 1,2 - 1,1,3,Evet
2023-01-05,2022,Süper Lig,Gaziantep FK,Başakşehir,1 - 1,0 - 1,X,2,Evet
2023-01-05,2022,Süper Lig,Trabzonspor,Giresunspor,3 - 0,1 - 0,1,3,Yok
2023-01-05,2022,Süper Lig,Adana Demirspor,İstanbulspor,6 - 0,1 - 0,1,6,Yok
2023-01-07,2022,Süper Lig,Hatayspor,Antalyaspor,0 - 0,0 - 0,X,0,Yok
2023-01-07,2022,Süper Lig,Beşiktaş,Kasımpaşa,2 - 1,2 - 0,1,3,Evet
2023-01-08,2022,Süper Lig,Fatih Karagümrük,Konyaspor,3 - 3,2 - 0,X,6,Evet
2023-01-08,2022,Süper Lig,Ankaragücü,Kayserispor,2 - 1,1 - 1,1,3,Evet
2023-01-08,2022,Süper Lig,Giresunspor,Ümraniyespor,0 - 1,0 - 0,2,1,Yok
2023-01-08,2022,Süper Lig,Fenerbahçe,Galatasaray,0 - 3,0 - 1,2,3,Yok
2023-01-09,2022,Süper Lig,Başakşehir,Adana Demirspor,2 - 1,0 - 0,1,3,Evet
2023-01-09,2022,Süper Lig,Alanyaspor,Trabzonspor,5 - 0,3 - 0,1,5,Yok
2023-01-09,2022,Süper Lig,İstanbulspor,Gaziantep FK,1 - 1,0 - 1,X,2,Evet
2023-01-13,2022,Süper Lig,Kayserispor,Sivasspor,4 - 1,3 - 0,1,5,Evet
2023-01-13,2022,Süper Lig,Galatasaray,Hatayspor,4 - 0,3 - 0,1,4,Yok
2023-01-14,2022,Süper Lig,Antalyaspor,Giresunspor,2 - 2,1 - 1,X,4,Evet
2023-01-14,2022,Süper Lig,Konyaspor,Beşiktaş,1 - 2,1 - 0,2,3,Evet
2023-01-14,2022,Süper Lig,Adana Demirspor,Ankaragücü,3 - 1,0 - 0,1,4,Evet
2023-01-14,2022,Süper Lig,Trabzonspor,Başakşehir,1 - 0,1 - 0,1,1,Yok
2023-01-15,2022,Süper Lig,Ümraniyespor,İstanbulspor,0 - 2,0 - 2,2,2,Yok
2023-01-15,2022,Süper Lig,Kasımpaşa,Fatih Karagümrük,2 - 2,1 - 0,X,4,Evet
2023-01-15,2022,Süper Lig,Gaziantep FK,Fenerbahçe,1 - 2,0 - 1,2,3,Evet
2023-01-20,2022,Süper Lig,Adana Demirspor,Giresunspor,1 - 1,0 - 1,X,2,Evet
2023-01-21,2022,Süper Lig,Kasımpaşa,Başakşehir,1 - 3,1 - 0,2,4,Evet
2023-01-21,2022,Süper Lig,Galatasaray,Antalyaspor,2 - 1,0 - 0,1,3,Evet
2023-01-22,2022,Süper Lig,Gaziantep FK,Sivasspor,1 - 2,0 - 1,2,3,Evet
2023-01-22,2022,Süper Lig,Alanyaspor,Fatih Karagümrük,2 - 2,1 - 0,X,4,Evet
2023-01-22,2022,Süper Lig,Kayserispor,Beşiktaş,0 - 2,0 - 2,2,2,Yok
2023-01-22,2022,Süper Lig,Trabzonspor,İstanbulspor,4 - 0,1 - 0,1,4,Yok
2023-01-23,2022,Süper Lig,Konyaspor,Ankaragücü,0 - 1,0 - 0,2,1,Yok
2023-01-23,2022,Süper Lig,Ümraniyespor,Fenerbahçe,1 - 2,0 - 0,2,3,Evet
2023-01-27,2022,Süper Lig,Beşiktaş,Alanyaspor,3 - 0,1 - 0,1,3,Yok
2023-01-28,2022,Süper Lig,Sivasspor,Adana Demirspor,1 - 2,0 - 1,2,3,Evet
2023-01-28,2022,Süper Lig,Ankaragücü,Gaziantep FK,0 - 2,0 - 0,2,2,Yok
2023-01-28,2022,Süper Lig,Hatayspor,Trabzonspor,2 - 1,0 - 1,1,3,Evet
2023-01-28,2022,Süper Lig,Antalyaspor,Ümraniyespor,3 - 2,1 - 1,1,5,Evet
2023-01-28,2022,Süper Lig,Giresunspor,Galatasaray,0 - 4,0 - 1,2,4,Yok
2023-01-29,2022,Süper Lig,İstanbulspor,Kayserispor,2 - 4,2 - 1,2,6,Evet
2023-01-29,2022,Süper Lig,Başakşehir,Konyaspor,2 - 0,1 - 0,1,2,Yok
2023-01-29,2022,Süper Lig,Fenerbahçe,Kasımpaşa,5 - 1,2 - 1,1,6,Evet
2023-01-31,2022,Süper Lig,Alanyaspor,Sivasspor,0 - 3,0 - 2,2,3,Yok
2023-01-31,2022,Süper Lig,Fatih Karagümrük,Beşiktaş,1 - 1,0 - 1,X,2,Evet
2023-02-01,2022,Süper Lig,Kasımpaşa,Giresunspor,5 - 1,3 - 1,1,6,Evet
2023-02-01,2022,Süper Lig,Gaziantep FK,Hatayspor,4 - 1,1 - 1,1,5,Evet
2023-02-01,2022,Süper Lig,Galatasaray,Ümraniyespor,3 - 2,1 - 2,1,5,Evet
2023-02-01,2022,Süper Lig,Trabzonspor,Antalyaspor,2 - 0,1 - 0,1,2,Yok
2023-02-02,2022,Süper Lig,Konyaspor,İstanbulspor,0 - 1,0 - 0,2,1,Yok
2023-02-02,2022,Süper Lig,Kayserispor,Başakşehir,1 - 0,0 - 0,1,1,Yok
2023-02-02,2022,Süper Lig,Adana Demirspor,Fenerbahçe,1 - 1,0 - 0,X,2,Evet
2023-02-04,2022,Süper Lig,Ankaragücü,Fatih Karagümrük,0 - 2,0 - 1,2,2,Yok
2023-02-04,2022,Süper Lig,Sivasspor,Beşiktaş,1 - 0,1 - 0,1,1,Yok
2023-02-04,2022,Süper Lig,Antalyaspor,Gaziantep FK,1 - 0,1 - 0,1,1,Yok
2023-02-05,2022,Süper Lig,İstanbulspor,Alanyaspor,2 - 1,0 - 0,1,3,Evet
2023-02-05,2022,Süper Lig,Hatayspor,Kasımpaşa,1 - 0,0 - 0,1,1,Yok
2023-02-05,2022,Süper Lig,Galatasaray,Trabzonspor,2 - 1,1 - 1,1,3,Evet
2023-02-25,2022,Süper Lig,Fenerbahçe,Konyaspor,4 - 0,2 - 0,1,4,Yok
2023-02-25,2022,Süper Lig,Giresunspor,Kayserispor,1 - 2,0 - 2,2,3,Evet
2023-02-26,2022,Süper Lig,Ümraniyespor,Adana Demirspor,1 - 1,0 - 0,X,2,Evet
2023-02-26,2022,Süper Lig,Beşiktaş,Antalyaspor,0 - 0,0 - 0,X,0,Yok
2023-03-03,2022,Süper Lig,Alanyaspor,Başakşehir,1 - 0,0 - 0,1,1,Yok
2023-03-04,2022,Süper Lig,Fatih Karagümrük,Sivasspor,4 - 3,1 - 1,1,7,Evet
2023-03-04,2022,Süper Lig,Trabzonspor,Ümraniyespor,1 - 2,0 - 0,2,3,Evet
2023-03-04,2022,Süper Lig,Kayserispor,Fenerbahçe,1 - 2,0 - 1,2,3,Evet
2023-03-05,2022,Süper Lig,Konyaspor,Giresunspor,0 - 0,0 - 0,X,0,Yok
2023-03-05,2022,Süper Lig,Adana Demirspor,Hatayspor,3 - 0,0 - 0,1,3,Yok
2023-03-05,2022,Süper Lig,Beşiktaş,Ankaragücü,2 - 1,1 - 0,1,3,Evet
2023-03-05,2022,Süper Lig,Gaziantep FK,Galatasaray,0 - 3,0 - 0,2,3,Yok
2023-03-06,2022,Süper Lig,Kasımpaşa,Antalyaspor,3 - 1,2 - 1,1,4,Evet
2023-03-10,2022,Süper Lig,Giresunspor,Fatih Karagümrük,2 - 2,2 - 1,X,4,Evet
2023-03-11,2022,Süper Lig,Antalyaspor,Kayserispor,4 - 0,1 - 0,1,4,Yok
2023-03-11,2022,Süper Lig,Galatasaray,Kasımpaşa,1 - 0,0 - 0,1,1,Yok
2023-03-12,2022,Süper Lig,Ankaragücü,Alanyaspor,2 - 0,1 - 0,1,2,Yok
2023-03-12,2022,Süper Lig,Hatayspor,Konyaspor,0 - 3,0 - 0,2,3,Yok
2023-03-12,2022,Süper Lig,Trabzonspor,Adana Demirspor,4 - 1,1 - 1,1,5,Evet
2023-03-12,2022,Süper Lig,Ümraniyespor,Gaziantep FK,3 - 0,0 - 0,1,3,Yok
2023-03-12,2022,Süper Lig,Başakşehir,Beşiktaş,0 - 2,0 - 1,2,2,Yok
2023-03-13,2022,Süper Lig,İstanbulspor,Sivasspor,3 - 0,1 - 0,1,3,Yok
2023-03-17,2022,Süper Lig,Konyaspor,Galatasaray,2 - 1,0 - 1,1,3,Evet
2023-03-18,2022,Süper Lig,Kasımpaşa,Ümraniyespor,1 - 1,1 - 1,X,2,Evet
2023-03-18,2022,Süper Lig,Adana Demirspor,Antalyaspor,2 - 0,2 - 0,1,2,Yok
2023-03-18,2022,Süper Lig,Beşiktaş,İstanbulspor,3 - 1,1 - 0,1,4,Evet
2023-03-19,2022,Süper Lig,Kayserispor,Hatayspor,3 - 0,0 - 0,1,3,Yok
2023-03-19,2022,Süper Lig,Sivasspor,Ankaragücü,2 - 0,1 - 0,1,2,Yok
2023-03-19,2022,Süper Lig,Fatih Karagümrük,Başakşehir,2 - 2,1 - 1,X,4,Evet
2023-03-19,2022,Süper Lig,Alanyaspor,Fenerbahçe,1 - 3,1 - 0,2,4,Evet
2023-04-01,2022,Süper Lig,Başakşehir,Ankaragücü,1 - 0,1 - 0,1,1,Yok
2023-04-01,2022,Süper Lig,Trabzonspor,Kayserispor,3 - 4,1 - 2,2,7,Evet
2023-04-01,2022,Süper Lig,Galatasaray,Adana Demirspor,2 - 0,0 - 0,1,2,Yok
2023-04-02,2022,Süper Lig,Gaziantep FK,Kasımpaşa,0 - 3,0 - 0,2,3,Yok
2023-04-02,2022,Süper Lig,Hatayspor,Sivasspor,0 - 3,0 - 0,2,3,Yok
2023-04-02,2022,Süper Lig,Ümraniyespor,Konyaspor,2 - 2,0 - 0,X,4,Evet
2023-04-02,2022,Süper Lig,Giresunspor,Alanyaspor,2 - 2,0 - 1,X,4,Evet
2023-04-02,2022,Süper Lig,Fenerbahçe,Beşiktaş,2 - 4,1 - 0,2,6,Evet
2023-04-03,2022,Süper Lig,İstanbulspor,Fatih Karagümrük,0 - 1,0 - 1,2,1,Yok
2023-04-07,2022,Süper Lig,Konyaspor,Antalyaspor,1 - 1,1 - 1,X,2,Evet
2023-04-08,2022,Süper Lig,Ankaragücü,İstanbulspor,3 - 2,2 - 0,1,5,Evet
2023-04-08,2022,Süper Lig,Kasımpaşa,Trabzonspor,2 - 0,1 - 0,1,2,Yok
2023-04-09,2022,Süper Lig,Alanyaspor,Hatayspor,3 - 0,0 - 0,1,3,Yok
2023-04-09,2022,Süper Lig,Adana Demirspor,Gaziantep FK,3 - 0,0 - 0,1,3,Yok
2023-04-09,2022,Süper Lig,Sivasspor,Başakşehir,1 - 1,1 - 0,X,2,Evet
2023-04-09,2022,Süper Lig,Beşiktaş,Giresunspor,3 - 1,2 - 1,1,4,Evet
2023-04-10,2022,Süper Lig,Kayserispor,Ümraniyespor,3 - 1,1 - 1,1,4,Evet
2023-04-10,2022,Süper Lig,Fatih Karagümrük,Fenerbahçe,1 - 2,1 - 0,2,3,Evet
2023-04-14,2022,Süper Lig,Galatasaray,Kayserispor,6 - 0,4 - 0,1,6,Yok
2023-04-14,2022,Süper Lig,Antalyaspor,Alanyaspor,3 - 1,2 - 1,1,4,Evet
2023-04-15,2022,Süper Lig,Adana Demirspor,Kasımpaşa,5 - 0,3 - 0,1,5,Yok
2023-04-15,2022,Süper Lig,İstanbulspor,Başakşehir,1 - 0,1 - 0,1,1,Yok
2023-04-15,2022,Süper Lig,Fenerbahçe,Ankaragücü,2 - 1,0 - 0,1,3,Evet
2023-04-16,2022,Süper Lig,Gaziantep FK,Konyaspor,0 - 3,0 - 0,2,3,Yok
2023-04-16,2022,Süper Lig,Hatayspor,Fatih Karagümrük,0 - 3,0 - 0,2,3,Yok
2023-04-16,2022,Süper Lig,Giresunspor,Sivasspor,1 - 0,1 - 0,1,1,Yok
2023-04-16,2022,Süper Lig,Trabzonspor,Beşiktaş,0 - 0,0 - 0,X,0,Yok
2023-04-18,2022,Süper Lig,Alanyaspor,Galatasaray,1 - 4,1 - 2,2,5,Evet
2023-04-18,2022,Süper Lig,Fatih Karagümrük,Ümraniyespor,4 - 2,2 - 1,1,6,Evet
2023-04-19,2022,Süper Lig,Beşiktaş,Hatayspor,3 - 0,0 - 0,1,3,Yok
2023-04-19,2022,Süper Lig,Kayserispor,Kasımpaşa,0 - 0,0 - 0,X,0,Yok
2023-04-19,2022,Süper Lig,İstanbulspor,Antalyaspor,3 - 3,2 - 1,X,6,Evet
2023-04-19,2022,Süper Lig,Başakşehir,Fenerbahçe,1 - 2,1 - 0,2,3,Evet
2023-04-19,2022,Süper Lig,Konyaspor,Adana Demirspor,1 - 2,1 - 1,2,3,Evet
2023-04-20,2022,Süper Lig,Ankaragücü,Giresunspor,3 - 1,0 - 1,1,4,Evet
2023-04-20,2022,Süper Lig,Sivasspor,Trabzonspor,4 - 1,2 - 1,1,5,Evet
2023-04-22,2022,Süper Lig,Ümraniyespor,Beşiktaş,0 - 2,0 - 1,2,2,Yok
2023-04-23,2022,Süper Lig,Gaziantep FK,Alanyaspor,0 - 3,0 - 0,2,3,Yok
2023-04-23,2022,Süper Lig,Hatayspor,Ankaragücü,0 - 3,0 - 0,2,3,Yok
2023-04-23,2022,Süper Lig,Kasımpaşa,Konyaspor,1 - 2,1 - 2,2,3,Evet
2023-04-23,2022,Süper Lig,Adana Demirspor,Kayserispor,5 - 3,4 - 3,1,8,Evet
2023-04-23,2022,Süper Lig,Galatasaray,Fatih Karagümrük,3 - 3,2 - 3,X,6,Evet
2023-04-24,2022,Süper Lig,Giresunspor,Başakşehir,2 - 4,0 - 4,2,6,Evet
2023-04-24,2022,Süper Lig,Fenerbahçe,İstanbulspor,3 - 3,1 - 0,X,6,Evet
2023-04-24,2022,Süper Lig,Antalyaspor,Sivasspor,1 - 2,0 - 2,2,3,Evet
2023-04-28,2022,Süper Lig,Alanyaspor,Ümraniyespor,1 - 0,1 - 0,1,1,Yok
2023-04-29,2022,Süper Lig,Konyaspor,Trabzonspor,2 - 1,1 - 1,1,3,Evet
2023-04-29,2022,Süper Lig,Fatih Karagümrük,Antalyaspor,0 - 1,0 - 1,2,1,Yok
2023-04-29,2022,Süper Lig,Sivasspor,Fenerbahçe,1 - 3,0 - 3,2,4,Evet
2023-04-29,2022,Süper Lig,Ankaragücü,Kasımpaşa,0 - 0,0 - 0,X,0,Yok
2023-04-30,2022,Süper Lig,Başakşehir,Hatayspor,3 - 0,0 - 0,1,3,Yok
2023-04-30,2022,Süper Lig,Kayserispor,Gaziantep FK,3 - 0,0 - 0,1,3,Yok
2023-04-30,2022,Süper Lig,Beşiktaş,Galatasaray,3 - 1,1 - 1,1,4,Evet
2023-05-01,2022,Süper Lig,İstanbulspor,Giresunspor,1 - 0,1 - 0,1,1,Yok
2023-05-06,2022,Süper Lig,Antalyaspor,Beşiktaş,1 - 3,1 - 0,2,4,Evet
2023-05-06,2022,Süper Lig,Adana Demirspor,Alanyaspor,4 - 2,2 - 2,1,6,Evet
2023-05-07,2022,Süper Lig,Gaziantep FK,Fatih Karagümrük,0 - 3,0 - 0,2,3,Yok
2023-05-07,2022,Süper Lig,Hatayspor,İstanbulspor,0 - 3,0 - 0,2,3,Yok
2023-05-07,2022,Süper Lig,Ümraniyespor,Sivasspor,4 - 1,2 - 1,1,5,Evet
2023-05-07,2022,Süper Lig,Konyaspor,Kayserispor,2 - 2,0 - 0,X,4,Evet
2023-05-07,2022,Süper Lig,Giresunspor,Fenerbahçe,1 - 1,0 - 1,X,2,Evet
2023-05-08,2022,Süper Lig,Galatasaray,Başakşehir,1 - 0,1 - 0,1,1,Yok
2023-05-08,2022,Süper Lig,Trabzonspor,Ankaragücü,2 - 0,1 - 0,1,2,Yok
2023-05-16,2022,Süper Lig,Sivasspor,Kasımpaşa,1 - 2,0 - 0,2,3,Evet
2023-05-16,2022,Süper Lig,Alanyaspor,Konyaspor,0 - 3,0 - 1,2,3,Yok
2023-05-16,2022,Süper Lig,İstanbulspor,Galatasaray,0 - 2,0 - 1,2,2,Yok
2023-05-17,2022,Süper Lig,Beşiktaş,Gaziantep FK,3 - 0,0 - 0,1,3,Yok
2023-05-17,2022,Süper Lig,Giresunspor,Hatayspor,3 - 0,0 - 0,1,3,Yok
2023-05-17,2022,Süper Lig,Başakşehir,Ümraniyespor,1 - 1,1 - 0,X,2,Evet
2023-05-17,2022,Süper Lig,Ankaragücü,Antalyaspor,1 - 1,0 - 0,X,2,Evet
2023-05-17,2022,Süper Lig,Fatih Karagümrük,Adana Demirspor,2 - 3,1 - 0,2,5,Evet
2023-05-18,2022,Süper Lig,Fenerbahçe,Trabzonspor,3 - 1,1 - 0,1,4,Evet
2023-05-20,2022,Süper Lig,Kasımpaşa,İstanbulspor,1 - 0,0 - 0,1,1,Yok
2023-05-20,2022,Süper Lig,Galatasaray,Sivasspor,2 - 0,1 - 0,1,2,Yok
2023-05-20,2022,Süper Lig,Kayserispor,Alanyaspor,0 - 4,0 - 2,2,4,Yok
2023-05-21,2022,Süper Lig,Gaziantep FK,Giresunspor,0 - 3,0 - 0,2,3,Yok
2023-05-21,2022,Süper Lig,Hatayspor,Fenerbahçe,0 - 3,0 - 0,2,3,Yok
2023-05-21,2022,Süper Lig,Ümraniyespor,Ankaragücü,1 - 2,1 - 1,2,3,Evet
2023-05-21,2022,Süper Lig,Antalyaspor,Başakşehir,0 - 0,0 - 0,X,0,Yok
2023-05-21,2022,Süper Lig,Adana Demirspor,Beşiktaş,1 - 4,1 - 1,2,5,Evet
2023-05-22,2022,Süper Lig,Trabzonspor,Fatih Karagümrük,4 - 1,3 - 1,1,5,Evet
2023-05-30,2022,Süper Lig,Başakşehir,Gaziantep FK,3 - 0,0 - 0,1,3,Yok
2023-05-30,2022,Süper Lig,Hatayspor,Ümraniyespor,0 - 3,0 - 0,2,3,Yok
2023-05-30,2022,Süper Lig,Fenerbahçe,Antalyaspor,2 - 0,1 - 0,1,2,Yok
2023-05-30,2022,Süper Lig,Alanyaspor,Kasımpaşa,1 - 3,0 - 0,2,4,Evet
2023-05-30,2022,Süper Lig,Sivasspor,Konyaspor,1 - 0,1 - 0,1,1,Yok
2023-05-30,2022,Süper Lig,Ankaragücü,Galatasaray,1 - 4,1 - 2,2,5,Evet
2023-05-30,2022,Süper Lig,Giresunspor,Trabzonspor,2 - 4,0 - 2,2,6,Evet
2023-05-30,2022,Süper Lig,İstanbulspor,Adana Demirspor,0 - 2,0 - 1,2,2,Yok
2023-05-30,2022,Süper Lig,Fatih Karagümrük,Kayserispor,2 - 0,2 - 0,1,2,Yok
2023-06-03,2022,Süper Lig,Antalyaspor,Hatayspor,3 - 0,0 - 0,1,3,Yok
2023-06-03,2022,Süper Lig,Gaziantep FK,İstanbulspor,0 - 3,0 - 0,2,3,Yok
2023-06-03,2022,Süper Lig,Konyaspor,Fatih Karagümrük,1 - 1,1 - 1,X,2,Evet
2023-06-03,2022,Süper Lig,Trabzonspor,Alanyaspor,5 - 1,4 - 1,1,6,Evet
2023-06-03,2022,Süper Lig,Kayserispor,Ankaragücü,0 - 1,0 - 1,2,1,Yok
2023-06-03,2022,Süper Lig,Kasımpaşa,Beşiktaş,2 - 5,0 - 2,2,7,Evet
2023-06-03,2022,Süper Lig,Adana Demirspor,Başakşehir,2 - 3,1 - 2,2,5,Evet
2023-06-03,2022,Süper Lig,Ümraniyespor,Giresunspor,0 - 1,0 - 1,2,1,Yok
2023-06-04,2022,Süper Lig,Galatasaray,Fenerbahçe,3 - 0,1 - 0,1,3,Yok
2023-06-06,2022,Süper Lig,Sivasspor,Kayserispor,1 - 1,1 - 1,X,2,Evet
2023-06-06,2022,Süper Lig,Fatih Karagümrük,Kasımpaşa,3 - 0,1 - 0,1,3,Yok
2023-06-06,2022,Süper Lig,Başakşehir,Trabzonspor,3 - 1,1 - 0,1,4,Evet
2023-06-07,2022,Süper Lig,Fenerbahçe,Gaziantep FK,3 - 0,0 - 0,1,3,Yok
2023-06-07,2022,Süper Lig,Hatayspor,Galatasaray,0 - 3,0 - 0,2,3,Yok
2023-06-07,2022,Süper Lig,Beşiktaş,Konyaspor,3 - 3,2 - 1,X,6,Evet
2023-06-07,2022,Süper Lig,Ankaragücü,Adana Demirspor,1 - 2,0 - 1,2,3,Evet
2023-06-07,2022,Süper Lig,Giresunspor,Antalyaspor,2 - 0,1 - 0,1,2,Yok
2023-06-07,2022,Süper Lig,İstanbulspor,Ümraniyespor,4 - 0,1 - 0,1,4,Yok
2021-08-13,2021,Süper Lig,Beşiktaş,Rizespor,3 - 0,1 - 0,1,3,Yok
2021-08-14,2021,Süper Lig,Fatih Karagümrük,Gaziantep FK,3 - 2,2 - 1,1,5,Evet
2021-08-14,2021,Süper Lig,Altay,Kayserispor,3 - 0,2 - 0,1,3,Yok
2021-08-14,2021,Süper Lig,Hatayspor,Kasımpaşa,1 - 1,0 - 1,X,2,Evet
2021-08-15,2021,Süper Lig,Başakşehir,Alanyaspor,0 - 1,0 - 1,2,1,Yok
2021-08-15,2021,Süper Lig,Antalyaspor,Göztepe,1 - 1,1 - 0,X,2,Evet
2021-08-15,2021,Süper Lig,Adana Demirspor,Fenerbahçe,0 - 1,0 - 0,2,1,Yok
2021-08-16,2021,Süper Lig,Yeni Malatyaspor,Trabzonspor,1 - 5,1 - 4,2,6,Evet
2021-08-16,2021,Süper Lig,Sivasspor,Konyaspor,0 - 1,0 - 0,2,1,Yok
2021-08-16,2021,Süper Lig,Giresunspor,Galatasaray,0 - 2,0 - 2,2,2,Yok
2021-08-20,2021,Süper Lig,Kayserispor,Adana Demirspor,1 - 1,1 - 0,X,2,Evet
2021-08-21,2021,Süper Lig,Kasımpaşa,Giresunspor,2 - 0,1 - 0,1,2,Yok
2021-08-21,2021,Süper Lig,Rizespor,Fatih Karagümrük,0 - 0,0 - 0,X,0,Yok
2021-08-21,2021,Süper Lig,Alanyaspor,Altay,1 - 4,0 - 2,2,5,Evet
2021-08-21,2021,Süper Lig,Gaziantep FK,Beşiktaş,0 - 0,0 - 0,X,0,Yok
2021-08-22,2021,Süper Lig,Konyaspor,Başakşehir,2 - 1,0 - 1,1,3,Evet
2021-08-22,2021,Süper Lig,Fenerbahçe,Antalyaspor,2 - 0,0 - 0,1,2,Yok
2021-08-22,2021,Süper Lig,Göztepe,Yeni Malatyaspor,0 - 1,0 - 0,2,1,Yok
2021-08-23,2021,Süper Lig,Trabzonspor,Sivasspor,2 - 1,1 - 0,1,3,Evet
2021-08-23,2021,Süper Lig,Galatasaray,Hatayspor,2 - 1,1 - 1,1,3,Evet
2021-08-27,2021,Süper Lig,Antalyaspor,Rizespor,3 - 2,1 - 0,1,5,Evet
2021-08-27,2021,Süper Lig,Adana Demirspor,Konyaspor,1 - 1,0 - 0,X,2,Evet
2021-08-28,2021,Süper Lig,Başakşehir,Kayserispor,0 - 1,0 - 1,2,1,Yok
2021-08-28,2021,Süper Lig,Yeni Malatyaspor,Gaziantep FK,2 - 0,1 - 0,1,2,Yok
2021-08-28,2021,Süper Lig,Beşiktaş,Fatih Karagümrük,1 - 0,1 - 0,1,1,Yok
2021-08-28,2021,Süper Lig,Hatayspor,Alanyaspor,5 - 0,3 - 0,1,5,Yok
2021-08-29,2021,Süper Lig,Sivasspor,Göztepe,2 - 2,1 - 0,X,4,Evet
2021-08-29,2021,Süper Lig,Kasımpaşa,Galatasaray,2 - 2,1 - 2,X,4,Evet
2021-08-29,2021,Süper Lig,Altay,Fenerbahçe,0 - 2,0 - 0,2,2,Yok
2021-08-29,2021,Süper Lig,Giresunspor,Trabzonspor,0 - 1,0 - 1,2,1,Yok
2021-09-11,2021,Süper Lig,Konyaspor,Altay,3 - 1,2 - 0,1,4,Evet
2021-09-11,2021,Süper Lig,Fatih Karagümrük,Adana Demirspor,4 - 0,2 - 0,1,4,Yok
2021-09-11,2021,Süper Lig,Beşiktaş,Yeni Malatyaspor,3 - 0,2 - 0,1,3,Yok
2021-09-11,2021,Süper Lig,Kayserispor,Kasımpaşa,2 - 0,1 - 0,1,2,Yok
2021-09-12,2021,Süper Lig,Fenerbahçe,Sivasspor,1 - 1,1 - 1,X,2,Evet
2021-09-12,2021,Süper Lig,Rizespor,Hatayspor,0 - 2,0 - 0,2,2,Yok
2021-09-12,2021,Süper Lig,Göztepe,Başakşehir,2 - 1,0 - 1,1,3,Evet
2021-09-12,2021,Süper Lig,Trabzonspor,Galatasaray,2 - 2,1 - 2,X,4,Evet
2021-09-13,2021,Süper Lig,Alanyaspor,Giresunspor,1 - 0,1 - 0,1,1,Yok
2021-09-13,2021,Süper Lig,Gaziantep FK,Antalyaspor,2 - 0,0 - 0,1,2,Yok
2021-09-17,2021,Süper Lig,Yeni Malatyaspor,Fatih Karagümrük,3 - 4,3 - 2,2,7,Evet
2021-09-17,2021,Süper Lig,Altay,Göztepe,2 - 1,0 - 1,1,3,Evet
2021-09-18,2021,Süper Lig,Sivasspor,Gaziantep FK,1 - 1,1 - 0,X,2,Evet
2021-09-18,2021,Süper Lig,Kasımpaşa,Trabzonspor,0 - 1,0 - 0,2,1,Yok
2021-09-18,2021,Süper Lig,Antalyaspor,Beşiktaş,2 - 3,2 - 0,2,5,Evet
2021-09-18,2021,Süper Lig,Adana Demirspor,Rizespor,3 - 1,2 - 0,1,4,Evet
2021-09-19,2021,Süper Lig,Giresunspor,Konyaspor,0 - 0,0 - 0,X,0,Yok
2021-09-19,2021,Süper Lig,Galatasaray,Alanyaspor,0 - 1,0 - 0,2,1,Yok
2021-09-19,2021,Süper Lig,Başakşehir,Fenerbahçe,2 - 0,1 - 0,1,2,Yok
2021-09-19,2021,Süper Lig,Hatayspor,Kayserispor,2 - 1,0 - 1,1,3,Evet
2021-09-21,2021,Süper Lig,Rizespor,Altay,1 - 2,0 - 1,2,3,Evet
2021-09-21,2021,Süper Lig,Fatih Karagümrük,Antalyaspor,0 - 0,0 - 0,X,0,Yok
2021-09-21,2021,Süper Lig,Beşiktaş,Adana Demirspor,3 - 3,2 - 0,X,6,Evet
2021-09-21,2021,Süper Lig,Yeni Malatyaspor,Sivasspor,0 - 1,0 - 0,2,1,Yok
2021-09-22,2021,Süper Lig,Gaziantep FK,Başakşehir,1 - 0,1 - 0,1,1,Yok
2021-09-22,2021,Süper Lig,Göztepe,Hatayspor,0 - 2,0 - 1,2,2,Yok
2021-09-22,2021,Süper Lig,Kayserispor,Galatasaray,3 - 0,2 - 0,1,3,Yok
2021-09-23,2021,Süper Lig,Konyaspor,Trabzonspor,2 - 2,1 - 1,X,4,Evet
2021-09-23,2021,Süper Lig,Fenerbahçe,Giresunspor,2 - 1,1 - 0,1,3,Evet
2021-09-23,2021,Süper Lig,Alanyaspor,Kasımpaşa,2 - 0,0 - 0,1,2,Yok
2021-09-24,2021,Süper Lig,Altay,Beşiktaş,2 - 1,0 - 0,1,3,Evet
2021-09-25,2021,Süper Lig,Sivasspor,Fatih Karagümrük,4 - 0,1 - 0,1,4,Yok
2021-09-25,2021,Süper Lig,Antalyaspor,Yeni Malatyaspor,1 - 0,0 - 0,1,1,Yok
2021-09-25,2021,Süper Lig,Adana Demirspor,Gaziantep FK,4 - 0,1 - 0,1,4,Yok
2021-09-26,2021,Süper Lig,Giresunspor,Kayserispor,1 - 1,1 - 1,X,2,Evet
2021-09-26,2021,Süper Lig,Başakşehir,Rizespor,3 - 0,1 - 0,1,3,Yok
2021-09-26,2021,Süper Lig,Hatayspor,Fenerbahçe,1 - 2,0 - 2,2,3,Evet
2021-09-26,2021,Süper Lig,Galatasaray,Göztepe,2 - 1,0 - 1,1,3,Evet
2021-09-27,2021,Süper Lig,Trabzonspor,Alanyaspor,1 - 1,1 - 1,X,2,Evet
2021-09-27,2021,Süper Lig,Kasımpaşa,Konyaspor,2 - 2,1 - 2,X,4,Evet
2021-10-01,2021,Süper Lig,Antalyaspor,Adana Demirspor,1 - 2,0 - 1,2,3,Evet
2021-10-01,2021,Süper Lig,Fatih Karagümrük,Başakşehir,3 - 1,3 - 0,1,4,Evet
2021-10-02,2021,Süper Lig,Konyaspor,Alanyaspor,1 - 1,0 - 0,X,2,Evet
2021-10-02,2021,Süper Lig,Göztepe,Giresunspor,0 - 1,0 - 0,2,1,Yok
2021-10-02,2021,Süper Lig,Kayserispor,Trabzonspor,1 - 2,1 - 1,2,3,Evet
2021-10-02,2021,Süper Lig,Beşiktaş,Sivasspor,2 - 1,1 - 0,1,3,Evet
2021-10-03,2021,Süper Lig,Yeni Malatyaspor,Hatayspor,0 - 2,0 - 1,2,2,Yok
2021-10-03,2021,Süper Lig,Fenerbahçe,Kasımpaşa,2 - 1,2 - 0,1,3,Evet
2021-10-03,2021,Süper Lig,Gaziantep FK,Altay,4 - 1,0 - 0,1,5,Evet
2021-10-03,2021,Süper Lig,Rizespor,Galatasaray,2 - 3,2 - 1,2,5,Evet
2021-10-15,2021,Süper Lig,Başakşehir,Beşiktaş,3 - 2,1 - 0,1,5,Evet
2021-10-16,2021,Süper Lig,Giresunspor,Rizespor,2 - 0,0 - 0,1,2,Yok
2021-10-16,2021,Süper Lig,Sivasspor,Antalyaspor,2 - 2,2 - 2,X,4,Evet
2021-10-16,2021,Süper Lig,Adana Demirspor,Yeni Malatyaspor,0 - 2,0 - 1,2,2,Yok
2021-10-17,2021,Süper Lig,Kasımpaşa,Göztepe,1 - 2,0 - 0,2,3,Evet
2021-10-17,2021,Süper Lig,Galatasaray,Konyaspor,1 - 0,1 - 0,1,1,Yok
2021-10-17,2021,Süper Lig,Altay,Fatih Karagümrük,0 - 1,0 - 1,2,1,Yok
2021-10-17,2021,Süper Lig,Trabzonspor,Fenerbahçe,3 - 1,1 - 1,1,4,Evet
2021-10-18,2021,Süper Lig,Alanyaspor,Kayserispor,6 - 3,3 - 2,1,9,Evet
2021-10-18,2021,Süper Lig,Hatayspor,Gaziantep FK,2 - 1,0 - 0,1,3,Evet
2021-10-22,2021,Süper Lig,Yeni Malatyaspor,Altay,2 - 1,0 - 0,1,3,Evet
2021-10-23,2021,Süper Lig,Rizespor,Kasımpaşa,2 - 1,1 - 0,1,3,Evet
2021-10-23,2021,Süper Lig,Konyaspor,Kayserispor,2 - 0,2 - 0,1,2,Yok
2021-10-23,2021,Süper Lig,Gaziantep FK,Giresunspor,1 - 1,0 - 0,X,2,Evet
2021-10-23,2021,Süper Lig,Göztepe,Trabzonspor,0 - 1,0 - 0,2,1,Yok
2021-10-24,2021,Süper Lig,Fatih Karagümrük,Hatayspor,1 - 1,1 - 1,X,2,Evet
2021-10-24,2021,Süper Lig,Sivasspor,Adana Demirspor,1 - 1,1 - 0,X,2,Evet
2021-10-24,2021,Süper Lig,Antalyaspor,Başakşehir,1 - 2,0 - 1,2,3,Evet
2021-10-24,2021,Süper Lig,Fenerbahçe,Alanyaspor,1 - 2,0 - 0,2,3,Evet
2021-10-25,2021,Süper Lig,Beşiktaş,Galatasaray,2 - 1,1 - 1,1,3,Evet
2021-10-29,2021,Süper Lig,Trabzonspor,Rizespor,2 - 1,1 - 1,1,3,Evet
2021-10-30,2021,Süper Lig,Kasımpaşa,Yeni Malatyaspor,2 - 0,0 - 0,1,2,Yok
2021-10-30,2021,Süper Lig,Altay,Sivasspor,1 - 1,1 - 1,X,2,Evet
2021-10-30,2021,Süper Lig,Hatayspor,Beşiktaş,1 - 0,1 - 0,1,1,Yok
2021-10-30,2021,Süper Lig,Konyaspor,Fenerbahçe,2 - 1,2 - 0,1,3,Evet
2021-10-31,2021,Süper Lig,Kayserispor,Fatih Karagümrük,2 - 1,0 - 1,1,3,Evet
2021-10-31,2021,Süper Lig,Alanyaspor,Göztepe,2 - 2,1 - 0,X,4,Evet
2021-10-31,2021,Süper Lig,Galatasaray,Gaziantep FK,2 - 0,1 - 0,1,2,Yok
2021-11-01,2021,Süper Lig,Başakşehir,Adana Demirspor,2 - 1,0 - 0,1,3,Evet
2021-11-01,2021,Süper Lig,Giresunspor,Antalyaspor,1 - 2,0 - 1,2,3,Evet
2021-11-05,2021,Süper Lig,Rizespor,Alanyaspor,2 - 0,1 - 0,1,2,Yok
2021-11-05,2021,Süper Lig,Gaziantep FK,Kasımpaşa,2 - 0,1 - 0,1,2,Yok
2021-11-06,2021,Süper Lig,Sivasspor,Giresunspor,0 - 0,0 - 0,X,0,Yok
2021-11-06,2021,Süper Lig,Yeni Malatyaspor,Başakşehir,1 - 3,0 - 1,2,4,Evet
2021-11-06,2021,Süper Lig,Antalyaspor,Altay,1 - 0,0 - 0,1,1,Yok
2021-11-06,2021,Süper Lig,Beşiktaş,Trabzonspor,1 - 2,0 - 1,2,3,Evet
2021-11-07,2021,Süper Lig,Göztepe,Konyaspor,0 - 2,0 - 1,2,2,Yok
2021-11-07,2021,Süper Lig,Adana Demirspor,Hatayspor,1 - 0,0 - 0,1,1,Yok
2021-11-07,2021,Süper Lig,Fatih Karagümrük,Galatasaray,1 - 1,0 - 0,X,2,Evet
2021-11-07,2021,Süper Lig,Fenerbahçe,Kayserispor,2 - 2,0 - 1,X,4,Evet
2021-11-20,2021,Süper Lig,Hatayspor,Antalyaspor,3 - 1,1 - 1,1,4,Evet
2021-11-20,2021,Süper Lig,Başakşehir,Sivasspor,2 - 1,2 - 0,1,3,Evet
2021-11-20,2021,Süper Lig,Giresunspor,Yeni Malatyaspor,1 - 0,0 - 0,1,1,Yok
2021-11-20,2021,Süper Lig,Alanyaspor,Beşiktaş,2 - 0,1 - 0,1,2,Yok
2021-11-21,2021,Süper Lig,Kasımpaşa,Fatih Karagümrük,1 - 3,1 - 3,2,4,Evet
2021-11-21,2021,Süper Lig,Konyaspor,Rizespor,3 - 0,1 - 0,1,3,Yok
2021-11-21,2021,Süper Lig,Altay,Adana Demirspor,1 - 3,0 - 1,2,4,Evet
2021-11-21,2021,Süper Lig,Galatasaray,Fenerbahçe,1 - 2,1 - 1,2,3,Evet
2021-11-22,2021,Süper Lig,Trabzonspor,Gaziantep FK,3 - 0,3 - 0,1,3,Yok
2021-11-22,2021,Süper Lig,Kayserispor,Göztepe,1 - 1,1 - 0,X,2,Evet
2021-11-26,2021,Süper Lig,Başakşehir,Altay,0 - 0,0 - 0,X,0,Yok
2021-11-26,2021,Süper Lig,Adana Demirspor,Kasımpaşa,0 - 0,0 - 0,X,0,Yok
2021-11-27,2021,Süper Lig,Antalyaspor,Alanyaspor,3 - 0,1 - 0,1,3,Yok
2021-11-27,2021,Süper Lig,Rizespor,Kayserispor,1 - 0,0 - 0,1,1,Yok
2021-11-27,2021,Süper Lig,Beşiktaş,Giresunspor,0 - 4,0 - 1,2,4,Yok
2021-11-28,2021,Süper Lig,Gaziantep FK,Konyaspor,3 - 2,1 - 1,1,5,Evet
2021-11-28,2021,Süper Lig,Sivasspor,Hatayspor,4 - 0,2 - 0,1,4,Yok
2021-11-28,2021,Süper Lig,Fatih Karagümrük,Trabzonspor,0 - 2,0 - 1,2,2,Yok
2021-11-28,2021,Süper Lig,Yeni Malatyaspor,Galatasaray,0 - 0,0 - 0,X,0,Yok
2021-11-29,2021,Süper Lig,Göztepe,Fenerbahçe,1 - 1,1 - 0,X,2,Evet
2021-12-03,2021,Süper Lig,Kasımpaşa,Beşiktaş,1 - 1,0 - 1,X,2,Evet
2021-12-04,2021,Süper Lig,Alanyaspor,Sivasspor,0 - 1,0 - 0,2,1,Yok
2021-12-04,2021,Süper Lig,Trabzonspor,Adana Demirspor,2 - 0,1 - 0,1,2,Yok
2021-12-04,2021,Süper Lig,Galatasaray,Altay,2 - 2,1 - 1,X,4,Evet
2021-12-05,2021,Süper Lig,Kayserispor,Antalyaspor,2 - 0,2 - 0,1,2,Yok
2021-12-05,2021,Süper Lig,Giresunspor,Fatih Karagümrük,3 - 1,0 - 1,1,4,Evet
2021-12-05,2021,Süper Lig,Hatayspor,Başakşehir,0 - 3,0 - 3,2,3,Yok
2021-12-05,2021,Süper Lig,Fenerbahçe,Rizespor,4 - 0,1 - 0,1,4,Yok
2021-12-06,2021,Süper Lig,Konyaspor,Yeni Malatyaspor,0 - 0,0 - 0,X,0,Yok
2021-12-06,2021,Süper Lig,Göztepe,Gaziantep FK,2 - 1,2 - 0,1,3,Evet
2021-12-10,2021,Süper Lig,Altay,Hatayspor,1 - 2,1 - 1,2,3,Evet
2021-12-11,2021,Süper Lig,Fatih Karagümrük,Konyaspor,1 - 4,1 - 1,2,5,Evet
2021-12-11,2021,Süper Lig,Başakşehir,Kasımpaşa,2 - 1,0 - 0,1,3,Evet
2021-12-11,2021,Süper Lig,Rizespor,Göztepe,3 - 1,1 - 0,1,4,Evet
2021-12-11,2021,Süper Lig,Antalyaspor,Trabzonspor,2 - 1,1 - 1,1,3,Evet
2021-12-12,2021,Süper Lig,Adana Demirspor,Giresunspor,1 - 0,0 - 0,1,1,Yok
2021-12-12,2021,Süper Lig,Yeni Malatyaspor,Alanyaspor,2 - 6,2 - 3,2,8,Evet
2021-12-12,2021,Süper Lig,Beşiktaş,Kayserispor,4 - 2,1 - 1,1,6,Evet
2021-12-13,2021,Süper Lig,Sivasspor,Galatasaray,1 - 0,0 - 0,1,1,Yok
2021-12-13,2021,Süper Lig,Gaziantep FK,Fenerbahçe,3 - 2,1 - 1,1,5,Evet
2021-12-17,2021,Süper Lig,Giresunspor,Altay,3 - 1,1 - 0,1,4,Evet
2021-12-18,2021,Süper Lig,Kasımpaşa,Sivasspor,1 - 3,1 - 0,2,4,Evet
2021-12-18,2021,Süper Lig,Konyaspor,Antalyaspor,1 - 0,0 - 0,1,1,Yok
2021-12-18,2021,Süper Lig,Trabzonspor,Hatayspor,2 - 0,2 - 0,1,2,Yok
2021-12-18,2021,Süper Lig,Galatasaray,Başakşehir,1 - 1,0 - 1,X,2,Evet
2021-12-18,2021,Süper Lig,Alanyaspor,Adana Demirspor,1 - 3,1 - 2,2,4,Evet
2021-12-19,2021,Süper Lig,Rizespor,Yeni Malatyaspor,1 - 0,0 - 0,1,1,Yok
2021-12-19,2021,Süper Lig,Göztepe,Fatih Karagümrük,0 - 1,0 - 0,2,1,Yok
2021-12-19,2021,Süper Lig,Kayserispor,Gaziantep FK,0 - 0,0 - 0,X,0,Yok
2021-12-19,2021,Süper Lig,Fenerbahçe,Beşiktaş,2 - 2,2 - 1,X,4,Evet
2021-12-21,2021,Süper Lig,Başakşehir,Giresunspor,3 - 1,1 - 1,1,4,Evet
2021-12-21,2021,Süper Lig,Antalyaspor,Kasımpaşa,1 - 1,1 - 0,X,2,Evet
2021-12-21,2021,Süper Lig,Adana Demirspor,Galatasaray,2 - 0,0 - 0,1,2,Yok
2021-12-21,2021,Süper Lig,Altay,Trabzonspor,1 - 2,1 - 0,2,3,Evet
2021-12-22,2021,Süper Lig,Sivasspor,Rizespor,1 - 1,0 - 0,X,2,Evet
2021-12-22,2021,Süper Lig,Hatayspor,Konyaspor,1 - 3,1 - 1,2,4,Evet
2021-12-22,2021,Süper Lig,Gaziantep FK,Alanyaspor,2 - 1,0 - 0,1,3,Evet
2021-12-22,2021,Süper Lig,Fatih Karagümrük,Fenerbahçe,1 - 1,1 - 1,X,2,Evet
2021-12-23,2021,Süper Lig,Yeni Malatyaspor,Kayserispor,2 - 2,2 - 0,X,4,Evet
2021-12-23,2021,Süper Lig,Beşiktaş,Göztepe,2 - 1,1 - 1,1,3,Evet
2021-12-25,2021,Süper Lig,Kasımpaşa,Altay,2 - 0,1 - 0,1,2,Yok
2021-12-25,2021,Süper Lig,Galatasaray,Antalyaspor,2 - 0,1 - 0,1,2,Yok
2021-12-25,2021,Süper Lig,Giresunspor,Hatayspor,0 - 1,0 - 0,2,1,Yok
2021-12-25,2021,Süper Lig,Trabzonspor,Başakşehir,0 - 0,0 - 0,X,0,Yok
2021-12-26,2021,Süper Lig,Rizespor,Gaziantep FK,0 - 1,0 - 1,2,1,Yok
2021-12-26,2021,Süper Lig,Göztepe,Adana Demirspor,1 - 1,0 - 1,X,2,Evet
2021-12-26,2021,Süper Lig,Alanyaspor,Fatih Karagümrük,1 - 1,0 - 0,X,2,Evet
2021-12-26,2021,Süper Lig,Fenerbahçe,Yeni Malatyaspor,2 - 0,1 - 0,1,2,Yok
2021-12-27,2021,Süper Lig,Konyaspor,Beşiktaş,1 - 0,0 - 0,1,1,Yok
2021-12-27,2021,Süper Lig,Kayserispor,Sivasspor,3 - 0,3 - 0,1,3,Yok
2022-01-07,2021,Süper Lig,Trabzonspor,Yeni Malatyaspor,1 - 0,1 - 0,1,1,Yok
2022-01-08,2021,Süper Lig,Gaziantep FK,Fatih Karagümrük,3 - 1,2 - 0,1,4,Evet
2022-01-08,2021,Süper Lig,Alanyaspor,Başakşehir,1 - 1,1 - 1,X,2,Evet
2022-01-08,2021,Süper Lig,Kasımpaşa,Hatayspor,3 - 1,2 - 0,1,4,Evet
2022-01-08,2021,Süper Lig,Galatasaray,Giresunspor,0 - 1,0 - 1,2,1,Yok
2022-01-09,2021,Süper Lig,Konyaspor,Sivasspor,0 - 1,0 - 0,2,1,Yok
2022-01-09,2021,Süper Lig,Göztepe,Antalyaspor,4 - 0,1 - 0,1,4,Yok
2022-01-09,2021,Süper Lig,Kayserispor,Altay,1 - 0,1 - 0,1,1,Yok
2022-01-09,2021,Süper Lig,Rizespor,Beşiktaş,2 - 2,0 - 1,X,4,Evet
2022-01-10,2021,Süper Lig,Fenerbahçe,Adana Demirspor,1 - 2,1 - 1,2,3,Evet
2022-01-14,2021,Süper Lig,Beşiktaş,Gaziantep FK,1 - 0,0 - 0,1,1,Yok
2022-01-14,2021,Süper Lig,Yeni Malatyaspor,Göztepe,1 - 2,1 - 1,2,3,Evet
2022-01-15,2021,Süper Lig,Adana Demirspor,Kayserispor,1 - 1,1 - 0,X,2,Evet
2022-01-15,2021,Süper Lig,Sivasspor,Trabzonspor,1 - 1,1 - 1,X,2,Evet
2022-01-15,2021,Süper Lig,Fatih Karagümrük,Rizespor,2 - 0,1 - 0,1,2,Yok
2022-01-15,2021,Süper Lig,Antalyaspor,Fenerbahçe,1 - 1,0 - 0,X,2,Evet
2022-01-16,2021,Süper Lig,Altay,Alanyaspor,0 - 2,0 - 1,2,2,Yok
2022-01-16,2021,Süper Lig,Giresunspor,Kasımpaşa,0 - 2,0 - 1,2,2,Yok
2022-01-16,2021,Süper Lig,Hatayspor,Galatasaray,4 - 2,1 - 2,1,6,Evet
2022-01-18,2021,Süper Lig,Konyaspor,Adana Demirspor,1 - 0,0 - 0,1,1,Yok
2022-01-18,2021,Süper Lig,Fatih Karagümrük,Beşiktaş,0 - 1,0 - 1,2,1,Yok
2022-01-19,2021,Süper Lig,Göztepe,Sivasspor,2 - 1,1 - 0,1,3,Evet
2022-01-19,2021,Süper Lig,Kayserispor,Başakşehir,1 - 0,0 - 0,1,1,Yok
2022-01-19,2021,Süper Lig,Fenerbahçe,Altay,2 - 1,1 - 1,1,3,Evet
2022-01-19,2021,Süper Lig,Trabzonspor,Giresunspor,1 - 1,0 - 0,X,2,Evet
2022-01-20,2021,Süper Lig,Alanyaspor,Hatayspor,6 - 0,2 - 0,1,6,Yok
2022-01-20,2021,Süper Lig,Rizespor,Antalyaspor,2 - 1,1 - 1,1,3,Evet
2022-01-20,2021,Süper Lig,Galatasaray,Kasımpaşa,1 - 3,1 - 1,2,4,Evet
2022-01-22,2021,Süper Lig,Yeni Malatyaspor,Beşiktaş,1 - 1,0 - 0,X,2,Evet
2022-01-22,2021,Süper Lig,Sivasspor,Fenerbahçe,1 - 1,0 - 1,X,2,Evet
2022-01-22,2021,Süper Lig,Adana Demirspor,Fatih Karagümrük,5 - 0,1 - 0,1,5,Yok
2022-01-22,2021,Süper Lig,Başakşehir,Göztepe,1 - 2,0 - 1,2,3,Evet
2022-01-23,2021,Süper Lig,Kasımpaşa,Kayserispor,3 - 1,2 - 1,1,4,Evet
2022-01-23,2021,Süper Lig,Hatayspor,Rizespor,0 - 0,0 - 0,X,0,Yok
2022-01-23,2021,Süper Lig,Antalyaspor,Gaziantep FK,0 - 0,0 - 0,X,0,Yok
2022-01-23,2021,Süper Lig,Altay,Konyaspor,0 - 1,0 - 0,2,1,Yok
2022-01-23,2021,Süper Lig,Giresunspor,Alanyaspor,1 - 3,1 - 2,2,4,Evet
2022-01-23,2021,Süper Lig,Galatasaray,Trabzonspor,1 - 2,1 - 0,2,3,Evet
2022-02-04,2021,Süper Lig,Konyaspor,Giresunspor,1 - 0,0 - 0,1,1,Yok
2022-02-04,2021,Süper Lig,Kayserispor,Hatayspor,4 - 3,1 - 0,1,7,Evet
2022-02-05,2021,Süper Lig,Gaziantep FK,Sivasspor,5 - 1,3 - 1,1,6,Evet
2022-02-05,2021,Süper Lig,Trabzonspor,Kasımpaşa,1 - 0,1 - 0,1,1,Yok
2022-02-05,2021,Süper Lig,Fatih Karagümrük,Yeni Malatyaspor,1 - 0,0 - 0,1,1,Yok
2022-02-05,2021,Süper Lig,Fenerbahçe,Başakşehir,0 - 1,0 - 0,2,1,Yok
2022-02-06,2021,Süper Lig,Alanyaspor,Galatasaray,1 - 1,1 - 1,X,2,Evet
2022-02-06,2021,Süper Lig,Rizespor,Adana Demirspor,1 - 3,0 - 2,2,4,Evet
2022-02-06,2021,Süper Lig,Beşiktaş,Antalyaspor,0 - 0,0 - 0,X,0,Yok
2022-02-06,2021,Süper Lig,Göztepe,Altay,0 - 2,0 - 1,2,2,Yok
2022-02-11,2021,Süper Lig,Altay,Rizespor,0 - 0,0 - 0,X,0,Yok
2022-02-12,2021,Süper Lig,Başakşehir,Gaziantep FK,2 - 0,1 - 0,1,2,Yok
2022-02-12,2021,Süper Lig,Giresunspor,Fenerbahçe,1 - 2,1 - 1,2,3,Evet
2022-02-12,2021,Süper Lig,Galatasaray,Kayserispor,1 - 1,0 - 0,X,2,Evet
2022-02-13,2021,Süper Lig,Sivasspor,Yeni Malatyaspor,2 - 1,0 - 1,1,3,Evet
2022-02-13,2021,Süper Lig,Antalyaspor,Fatih Karagümrük,3 - 0,2 - 0,1,3,Yok
2022-02-13,2021,Süper Lig,Trabzonspor,Konyaspor,2 - 1,1 - 0,1,3,Evet
2022-02-13,2021,Süper Lig,Kasımpaşa,Alanyaspor,2 - 2,0 - 1,X,4,Evet
2022-02-14,2021,Süper Lig,Adana Demirspor,Beşiktaş,1 - 1,0 - 1,X,2,Evet
2022-02-14,2021,Süper Lig,Hatayspor,Göztepe,2 - 1,2 - 0,1,3,Evet
2022-02-18,2021,Süper Lig,Konyaspor,Kasımpaşa,4 - 4,2 - 1,X,8,Evet
2022-02-18,2021,Süper Lig,Rizespor,Başakşehir,0 - 2,0 - 1,2,2,Yok
2022-02-19,2021,Süper Lig,Yeni Malatyaspor,Antalyaspor,1 - 2,0 - 1,2,3,Evet
2022-02-19,2021,Süper Lig,Kayserispor,Giresunspor,2 - 1,2 - 0,1,3,Evet
2022-02-19,2021,Süper Lig,Beşiktaş,Altay,1 - 0,0 - 0,1,1,Yok
2022-02-20,2021,Süper Lig,Gaziantep FK,Adana Demirspor,0 - 3,0 - 1,2,3,Yok
2022-02-20,2021,Süper Lig,Alanyaspor,Trabzonspor,0 - 4,0 - 4,2,4,Yok
2022-02-20,2021,Süper Lig,Fatih Karagümrük,Sivasspor,1 - 0,0 - 0,1,1,Yok
2022-02-20,2021,Süper Lig,Fenerbahçe,Hatayspor,2 - 0,0 - 0,1,2,Yok
2022-02-21,2021,Süper Lig,Göztepe,Galatasaray,2 - 3,1 - 1,2,5,Evet
2022-02-22,2021,Süper Lig,Başakşehir,Konyaspor,2 - 1,0 - 1,1,3,Evet
2022-02-23,2021,Süper Lig,Gaziantep FK,Yeni Malatyaspor,0 - 0,0 - 0,X,0,Yok
2022-02-25,2021,Süper Lig,Trabzonspor,Kayserispor,3 - 2,0 - 2,1,5,Evet
2022-02-25,2021,Süper Lig,Adana Demirspor,Antalyaspor,0 - 0,0 - 0,X,0,Yok
2022-02-26,2021,Süper Lig,Başakşehir,Fatih Karagümrük,1 - 2,1 - 2,2,3,Evet
2022-02-26,2021,Süper Lig,Sivasspor,Beşiktaş,2 - 3,1 - 2,2,5,Evet
2022-02-27,2021,Süper Lig,Altay,Gaziantep FK,3 - 2,2 - 2,1,5,Evet
2022-02-27,2021,Süper Lig,Giresunspor,Göztepe,3 - 1,1 - 0,1,4,Evet
2022-02-27,2021,Süper Lig,Alanyaspor,Konyaspor,5 - 1,4 - 1,1,6,Evet
2022-02-27,2021,Süper Lig,Hatayspor,Yeni Malatyaspor,5 - 2,3 - 0,1,7,Evet
2022-02-27,2021,Süper Lig,Galatasaray,Rizespor,4 - 2,1 - 1,1,6,Evet
2022-02-28,2021,Süper Lig,Kasımpaşa,Fenerbahçe,1 - 2,0 - 1,2,3,Evet
2022-03-04,2021,Süper Lig,Yeni Malatyaspor,Adana Demirspor,1 - 0,0 - 0,1,1,Yok
2022-03-05,2021,Süper Lig,Göztepe,Kasımpaşa,2 - 3,1 - 1,2,5,Evet
2022-03-05,2021,Süper Lig,Rizespor,Giresunspor,1 - 2,1 - 1,2,3,Evet
2022-03-05,2021,Süper Lig,Konyaspor,Galatasaray,2 - 0,2 - 0,1,2,Yok
2022-03-06,2021,Süper Lig,Fatih Karagümrük,Altay,0 - 0,0 - 0,X,0,Yok
2022-03-06,2021,Süper Lig,Fenerbahçe,Trabzonspor,1 - 1,0 - 1,X,2,Evet
2022-03-06,2021,Süper Lig,Antalyaspor,Sivasspor,1 - 0,1 - 0,1,1,Yok
2022-03-07,2021,Süper Lig,Beşiktaş,Başakşehir,2 - 2,1 - 2,X,4,Evet
2022-03-07,2021,Süper Lig,Kayserispor,Alanyaspor,1 - 2,1 - 1,2,3,Evet
2022-03-07,2021,Süper Lig,Gaziantep FK,Hatayspor,2 - 2,1 - 2,X,4,Evet
2022-03-12,2021,Süper Lig,Hatayspor,Fatih Karagümrük,3 - 0,2 - 0,1,3,Yok
2022-03-12,2021,Süper Lig,Kasımpaşa,Rizespor,3 - 1,1 - 0,1,4,Evet
2022-03-12,2021,Süper Lig,Altay,Yeni Malatyaspor,1 - 0,1 - 0,1,1,Yok
2022-03-12,2021,Süper Lig,Trabzonspor,Göztepe,4 - 2,2 - 2,1,6,Evet
2022-03-13,2021,Süper Lig,Kayserispor,Konyaspor,2 - 3,2 - 1,2,5,Evet
2022-03-13,2021,Süper Lig,Adana Demirspor,Sivasspor,2 - 3,0 - 1,2,5,Evet
2022-03-13,2021,Süper Lig,Alanyaspor,Fenerbahçe,2 - 5,0 - 1,2,7,Evet
2022-03-14,2021,Süper Lig,Başakşehir,Antalyaspor,0 - 1,0 - 1,2,1,Yok
2022-03-14,2021,Süper Lig,Galatasaray,Beşiktaş,2 - 1,2 - 0,1,3,Evet
2022-03-14,2021,Süper Lig,Giresunspor,Gaziantep FK,2 - 1,1 - 1,1,3,Evet
2022-03-18,2021,Süper Lig,Rizespor,Trabzonspor,3 - 2,0 - 0,1,5,Evet
2022-03-18,2021,Süper Lig,Fatih Karagümrük,Kayserispor,3 - 0,2 - 0,1,3,Yok
2022-03-19,2021,Süper Lig,Yeni Malatyaspor,Kasımpaşa,0 - 2,0 - 0,2,2,Yok
2022-03-19,2021,Süper Lig,Göztepe,Alanyaspor,0 - 2,0 - 0,2,2,Yok
2022-03-19,2021,Süper Lig,Adana Demirspor,Başakşehir,2 - 1,1 - 0,1,3,Evet
2022-03-19,2021,Süper Lig,Beşiktaş,Hatayspor,1 - 1,1 - 1,X,2,Evet
2022-03-20,2021,Süper Lig,Sivasspor,Altay,2 - 1,0 - 0,1,3,Evet
2022-03-20,2021,Süper Lig,Antalyaspor,Giresunspor,4 - 1,1 - 0,1,5,Evet
2022-03-20,2021,Süper Lig,Gaziantep FK,Galatasaray,3 - 1,1 - 1,1,4,Evet
2022-03-20,2021,Süper Lig,Fenerbahçe,Konyaspor,2 - 1,0 - 1,1,3,Evet
2022-04-02,2021,Süper Lig,Giresunspor,Sivasspor,2 - 2,0 - 2,X,4,Evet
2022-04-02,2021,Süper Lig,Kayserispor,Fenerbahçe,0 - 4,0 - 2,2,4,Yok
2022-04-02,2021,Süper Lig,Altay,Antalyaspor,1 - 2,0 - 1,2,3,Evet
2022-04-02,2021,Süper Lig,Galatasaray,Fatih Karagümrük,2 - 0,2 - 0,1,2,Yok
2022-04-03,2021,Süper Lig,Kasımpaşa,Gaziantep FK,2 - 1,1 - 1,1,3,Evet
2022-04-03,2021,Süper Lig,Konyaspor,Göztepe,3 - 0,2 - 0,1,3,Yok
2022-04-03,2021,Süper Lig,Alanyaspor,Rizespor,2 - 1,1 - 0,1,3,Evet
2022-04-03,2021,Süper Lig,Trabzonspor,Beşiktaş,1 - 1,0 - 0,X,2,Evet
2022-04-04,2021,Süper Lig,Başakşehir,Yeni Malatyaspor,1 - 0,1 - 0,1,1,Yok
2022-04-04,2021,Süper Lig,Hatayspor,Adana Demirspor,0 - 0,0 - 0,X,0,Yok
2022-04-09,2021,Süper Lig,Fatih Karagümrük,Kasımpaşa,3 - 2,2 - 0,1,5,Evet
2022-04-09,2021,Süper Lig,Göztepe,Kayserispor,1 - 2,1 - 2,2,3,Evet
2022-04-09,2021,Süper Lig,Rizespor,Konyaspor,2 - 1,1 - 1,1,3,Evet
2022-04-09,2021,Süper Lig,Beşiktaş,Alanyaspor,4 - 1,3 - 1,1,5,Evet
2022-04-09,2021,Süper Lig,Gaziantep FK,Trabzonspor,0 - 0,0 - 0,X,0,Yok
2022-04-10,2021,Süper Lig,Yeni Malatyaspor,Giresunspor,0 - 1,0 - 1,2,1,Yok
2022-04-10,2021,Süper Lig,Sivasspor,Başakşehir,0 - 2,0 - 1,2,2,Yok
2022-04-10,2021,Süper Lig,Adana Demirspor,Altay,3 - 1,2 - 0,1,4,Evet
2022-04-10,2021,Süper Lig,Fenerbahçe,Galatasaray,2 - 0,1 - 0,1,2,Yok
2022-04-11,2021,Süper Lig,Antalyaspor,Hatayspor,4 - 1,3 - 1,1,5,Evet
2022-04-15,2021,Süper Lig,Trabzonspor,Fatih Karagümrük,1 - 1,0 - 1,X,2,Evet
2022-04-15,2021,Süper Lig,Kayserispor,Rizespor,1 - 1,0 - 0,X,2,Evet
2022-04-16,2021,Süper Lig,Hatayspor,Sivasspor,1 - 1,0 - 1,X,2,Evet
2022-04-16,2021,Süper Lig,Alanyaspor,Antalyaspor,1 - 3,0 - 2,2,4,Evet
2022-04-16,2021,Süper Lig,Altay,Başakşehir,1 - 1,0 - 1,X,2,Evet
2022-04-16,2021,Süper Lig,Fenerbahçe,Göztepe,2 - 0,1 - 0,1,2,Yok
2022-04-17,2021,Süper Lig,Konyaspor,Gaziantep FK,4 - 1,2 - 0,1,5,Evet
2022-04-17,2021,Süper Lig,Kasımpaşa,Adana Demirspor,4 - 0,2 - 0,1,4,Yok
2022-04-17,2021,Süper Lig,Giresunspor,Beşiktaş,0 - 0,0 - 0,X,0,Yok
2022-04-18,2021,Süper Lig,Galatasaray,Yeni Malatyaspor,2 - 0,0 - 0,1,2,Yok
2022-04-22,2021,Süper Lig,Rizespor,Fenerbahçe,0 - 6,0 - 3,2,6,Yok
2022-04-23,2021,Süper Lig,Gaziantep FK,Göztepe,1 - 1,0 - 0,X,2,Evet
2022-04-23,2021,Süper Lig,Fatih Karagümrük,Giresunspor,2 - 1,0 - 0,1,3,Evet
2022-04-23,2021,Süper Lig,Adana Demirspor,Trabzonspor,1 - 3,0 - 2,2,4,Evet
2022-04-24,2021,Süper Lig,Başakşehir,Hatayspor,3 - 0,0 - 0,1,3,Yok
2022-04-24,2021,Süper Lig,Yeni Malatyaspor,Konyaspor,2 - 3,0 - 2,2,5,Evet
2022-04-24,2021,Süper Lig,Antalyaspor,Kayserispor,1 - 1,0 - 0,X,2,Evet
2022-04-24,2021,Süper Lig,Altay,Galatasaray,0 - 1,0 - 1,2,1,Yok
2022-04-25,2021,Süper Lig,Beşiktaş,Kasımpaşa,0 - 3,0 - 2,2,3,Yok
2022-04-25,2021,Süper Lig,Sivasspor,Alanyaspor,1 - 0,0 - 0,1,1,Yok
2022-04-29,2021,Süper Lig,Fenerbahçe,Gaziantep FK,3 - 2,1 - 0,1,5,Evet
2022-04-29,2021,Süper Lig,Giresunspor,Adana Demirspor,2 - 0,1 - 0,1,2,Yok
2022-04-30,2021,Süper Lig,Konyaspor,Fatih Karagümrük,1 - 2,1 - 0,2,3,Evet
2022-04-30,2021,Süper Lig,Kasımpaşa,Başakşehir,2 - 3,1 - 2,2,5,Evet
2022-04-30,2021,Süper Lig,Trabzonspor,Antalyaspor,2 - 2,1 - 0,X,4,Evet
2022-04-30,2021,Süper Lig,Hatayspor,Altay,0 - 1,0 - 1,2,1,Yok
2022-05-01,2021,Süper Lig,Alanyaspor,Yeni Malatyaspor,2 - 1,0 - 1,1,3,Evet
2022-05-01,2021,Süper Lig,Kayserispor,Beşiktaş,2 - 3,1 - 0,2,5,Evet
2022-05-01,2021,Süper Lig,Galatasaray,Sivasspor,2 - 3,1 - 1,2,5,Evet
2022-05-01,2021,Süper Lig,Göztepe,Rizespor,1 - 7,1 - 3,2,8,Evet
2022-05-06,2021,Süper Lig,Gaziantep FK,Kayserispor,1 - 1,1 - 1,X,2,Evet
2022-05-06,2021,Süper Lig,Hatayspor,Trabzonspor,1 - 1,0 - 0,X,2,Evet
2022-05-07,2021,Süper Lig,Sivasspor,Kasımpaşa,1 - 3,0 - 0,2,4,Evet
2022-05-07,2021,Süper Lig,Fatih Karagümrük,Göztepe,3 - 1,1 - 0,1,4,Evet
2022-05-07,2021,Süper Lig,Başakşehir,Galatasaray,0 - 0,0 - 0,X,0,Yok
2022-05-07,2021,Süper Lig,Adana Demirspor,Alanyaspor,1 - 2,1 - 1,2,3,Evet
2022-05-08,2021,Süper Lig,Yeni Malatyaspor,Rizespor,1 - 3,1 - 2,2,4,Evet
2022-05-08,2021,Süper Lig,Altay,Giresunspor,1 - 1,0 - 1,X,2,Evet
2022-05-08,2021,Süper Lig,Beşiktaş,Fenerbahçe,1 - 1,1 - 1,X,2,Evet
2022-05-09,2021,Süper Lig,Antalyaspor,Konyaspor,3 - 2,2 - 2,1,5,Evet
2022-05-14,2021,Süper Lig,Kayserispor,Yeni Malatyaspor,3 - 0,2 - 0,1,3,Yok
2022-05-15,2021,Süper Lig,Göztepe,Beşiktaş,0 - 2,0 - 2,2,2,Yok
2022-05-15,2021,Süper Lig,Trabzonspor,Altay,2 - 1,1 - 0,1,3,Evet
2022-05-15,2021,Süper Lig,Konyaspor,Hatayspor,3 - 1,1 - 1,1,4,Evet
2022-05-15,2021,Süper Lig,Fenerbahçe,Fatih Karagümrük,0 - 0,0 - 0,X,0,Yok
2022-05-15,2021,Süper Lig,Alanyaspor,Gaziantep FK,3 - 0,0 - 0,1,3,Yok
2022-05-15,2021,Süper Lig,Kasımpaşa,Antalyaspor,2 - 4,1 - 1,2,6,Evet
2022-05-15,2021,Süper Lig,Giresunspor,Başakşehir,1 - 1,0 - 1,X,2,Evet
2022-05-16,2021,Süper Lig,Galatasaray,Adana Demirspor,3 - 2,1 - 1,1,5,Evet
2022-05-16,2021,Süper Lig,Rizespor,Sivasspor,1 - 2,1 - 1,2,3,Evet
2022-05-20,2021,Süper Lig,Antalyaspor,Galatasaray,1 - 1,1 - 0,X,2,Evet
2022-05-20,2021,Süper Lig,Gaziantep FK,Rizespor,2 - 0,1 - 0,1,2,Yok
2022-05-21,2021,Süper Lig,Sivasspor,Kayserispor,2 - 1,1 - 0,1,3,Evet
2022-05-21,2021,Süper Lig,Altay,Kasımpaşa,2 - 4,1 - 2,2,6,Evet
2022-05-21,2021,Süper Lig,Beşiktaş,Konyaspor,1 - 1,0 - 1,X,2,Evet
2022-05-21,2021,Süper Lig,Yeni Malatyaspor,Fenerbahçe,0 - 5,0 - 1,2,5,Yok
2022-05-22,2021,Süper Lig,Başakşehir,Trabzonspor,3 - 1,3 - 0,1,4,Evet
2022-05-22,2021,Süper Lig,Fatih Karagümrük,Alanyaspor,0 - 1,0 - 1,2,1,Yok
2022-05-22,2021,Süper Lig,Adana Demirspor,Göztepe,7 - 0,5 - 0,1,7,Yok
2022-05-22,2021,Süper Lig,Hatayspor,Giresunspor,4 - 1,1 - 1,1,5,Evet
