Tarih,Sezon,Lig,Ev Sahibi,Deplasman,MS Skor,IY Skor,MS Sonucu,Toplam Gol,KG Var
2026-07-07,2026,UEFA Champions League,Lincoln Red Imps FC,Inter Club d'Escaldes,3 - 1,2 - 1,1,4,Evet
2026-07-07,2026,UEFA Champions League,Ararat-Armenia,Riga,2 - 0,0 - 0,1,2,Yok
2026-07-07,2026,UEFA Champions League,Kauno Žalgiris,Drita,1 - 1,1 - 0,X,2,Evet
2026-07-07,2026,UEFA Champions League,Sabah FA,The New Saints,2 - 0,0 - 0,1,2,Yok
2026-07-07,2026,UEFA Champions League,Vardar Skopje,KuPS,0 - 2,0 - 1,2,2,Yok
2026-07-07,2026,UEFA Champions League,Floriana,Shamrock Rovers,2 - 0,1 - 0,1,2,Yok
2026-07-07,2026,UEFA Champions League,Tre Fiori,Larne,0 - 1,0 - 1,2,1,Yok
2026-07-07,2026,UEFA Champions League,Borac Banja Luka,Levski Sofia,1 - 1,1 - 0,X,2,Evet
2026-07-07,2026,UEFA Champions League,KI Klaksvik,Atert Bissen,2 - 1,1 - 0,1,3,Evet
2026-07-07,2026,UEFA Champions League,Vikingur Reykjavik,Gyori ETO FC,1 - 0,0 - 0,1,1,Yok
2026-07-08,2026,UEFA Champions League,Kairat Almaty,Sutjeska,2 - 1,0 - 0,1,3,Evet
2026-07-08,2026,UEFA Champions League,Flora Tallinn,FC Iberia 1999,2 - 3,1 - 2,2,5,Evet
2026-07-08,2026,UEFA Champions League,Petrocub,Egnatia Rrogozhinë,1 - 1,1 - 1,X,2,Evet
2026-07-08,2026,UEFA Champions League,ML Vitebsk,Universitatea Craiova,1 - 4,1 - 3,2,5,Evet
2026-07-14,2026,UEFA Champions League,KuPS,Vardar Skopje,2 - 3,0 - 0,2,5,Evet
2026-07-14,2026,UEFA Champions League,Inter Club d'Escaldes,Lincoln Red Imps FC,1 - 1,0 - 0,X,2,Evet
2026-07-14,2026,UEFA Champions League,FC Iberia 1999,Flora Tallinn,2 - 2,2 - 0,X,4,Evet
2026-07-14,2026,UEFA Champions League,Gyori ETO FC,Vikingur Reykjavik,2 - 2,2 - 1,X,4,Evet
2026-07-14,2026,UEFA Champions League,Riga,Ararat-Armenia,3 - 2,2 - 0,1,5,Evet
2026-07-14,2026,UEFA Champions League,The New Saints,Sabah FA,1 - 2,0 - 2,2,3,Evet
2026-07-14,2026,UEFA Champions League,Levski Sofia,Borac Banja Luka,4 - 0,0 - 0,1,4,Yok
2026-07-14,2026,UEFA Champions League,Drita,Kauno Žalgiris,2 - 3,1 - 1,2,5,Evet
2026-07-14,2026,UEFA Champions League,Shamrock Rovers,Floriana,5 - 1,2 - 1,1,6,Evet
2026-07-14,2026,UEFA Champions League,Larne,Tre Fiori,2 - 1,1 - 1,1,3,Evet
2026-07-15,2026,UEFA Champions League,Universitatea Craiova,ML Vitebsk,1 - 0,0 - 0,1,1,Yok
2026-07-15,2026,UEFA Champions League,Atert Bissen,KI Klaksvik,1 - 2,1 - 1,2,3,Evet
2026-07-15,2026,UEFA Champions League,Sutjeska,Kairat Almaty,0 - 2,0 - 0,2,2,Yok
2026-07-15,2026,UEFA Champions League,Egnatia Rrogozhinë,Petrocub,6 - 1,3 - 0,1,7,Evet
2026-07-21,2026,UEFA Champions League,Mjallby AIF,Lincoln Red Imps FC,3 - 0,3 - 0,1,3,Yok
2026-07-21,2026,UEFA Champions League,FC Iberia 1999,Slovan Bratislava,0 - 2,0 - 2,2,2,Yok
2026-07-21,2026,UEFA Champions League,Ararat-Armenia,Shamrock Rovers,2 - 0,0 - 0,1,2,Yok
2026-07-21,2026,UEFA Champions League,Sabah FA,KuPS,1 - 0,1 - 0,1,1,Yok
2026-07-21,2026,UEFA Champions League,Aarhus,Lech Poznan,1 - 4,0 - 2,2,5,Evet
2026-07-21,2026,UEFA Champions League,Fenerbahçe,Gornik Zabrze,1 - 0,1 - 0,1,1,Yok
2026-07-21,2026,UEFA Champions League,FC Thun,Dinamo Zagreb,1 - 1,1 - 0,X,2,Evet
2026-07-21,2026,UEFA Champions League,Sturm Graz,Heart Of Midlothian,4 - 0,1 - 0,1,4,Yok
2026-07-21,2026,UEFA Champions League,KI Klaksvik,Kauno Žalgiris,0 - 0,0 - 0,X,0,Yok
2026-07-21,2026,UEFA Champions League,Vikingur Reykjavik,Hapoel Beer Sheva,2 - 1,0 - 0,1,3,Evet
2026-07-21,2026,UEFA Champions League,Larne,FK Crvena Zvezda,0 - 4,0 - 1,2,4,Yok
2026-07-22,2026,UEFA Champions League,Omonia Nicosia,Kairat Almaty,1 - 0,1 - 0,1,1,Yok
2026-07-22,2026,UEFA Champions League,Levski Sofia,Universitatea Craiova,1 - 0,1 - 0,1,1,Yok
2026-07-22,2026,UEFA Champions League,Egnatia Rrogozhinë,Celje,3 - 3,1 - 1,X,6,Evet
2026-07-28,2026,UEFA Champions League,KuPS,Sabah FA,0 - 2,0 - 0,2,2,Yok
2026-07-28,2026,UEFA Champions League,Lincoln Red Imps FC,Mjallby AIF,0 - 0,0 - 0,X,0,Yok
2026-07-28,2026,UEFA Champions League,Dinamo Zagreb,FC Thun,3 - 2,0 - 2,1,5,Evet
2026-07-28,2026,UEFA Champions League,Celje,Egnatia Rrogozhinë,1 - 1,1 - 1,X,2,Evet
2026-07-28,2026,UEFA Champions League,Heart Of Midlothian,Sturm Graz,0 - 2,0 - 0,2,2,Yok
2026-07-28,2026,UEFA Champions League,Shamrock Rovers,Ararat-Armenia,2 - 1,2 - 0,1,3,Evet
2026-07-29,2026,UEFA Champions League,Kairat Almaty,Omonia Nicosia,1 - 0,1 - 0,1,1,Yok
2026-07-29,2026,UEFA Champions League,Kauno Žalgiris,KI Klaksvik,1 - 0,0 - 0,1,1,Yok
2026-07-29,2026,UEFA Champions League,Lech Poznan,Aarhus,0 - 3,0 - 1,2,3,Yok
2026-07-29,2026,UEFA Champions League,Hapoel Beer Sheva,Vikingur Reykjavik,2 - 0,0 - 0,1,2,Yok
2026-07-29,2026,UEFA Champions League,Universitatea Craiova,Levski Sofia,2 - 2,1 - 2,X,4,Evet
2026-07-29,2026,UEFA Champions League,Gornik Zabrze,Fenerbahçe,1 - 1,1 - 1,X,2,Evet
2026-07-29,2026,UEFA Champions League,FK Crvena Zvezda,Larne,5 - 0,2 - 0,1,5,Yok
2026-07-29,2026,UEFA Champions League,Slovan Bratislava,FC Iberia 1999,1 - 1,1 - 0,X,2,Evet
2026-08-04,2026,UEFA Champions League,Mjallby AIF,Slovan Bratislava,1 - 2,0 - 0,2,3,Evet
2026-08-04,2026,UEFA Champions League,Ararat-Armenia,Celje,2 - 1,1 - 1,1,3,Evet
2026-08-04,2026,UEFA Champions League,Hapoel Beer Sheva,FK Crvena Zvezda,1 - 0,1 - 0,1,1,Yok
2026-08-04,2026,UEFA Champions League,Levski Sofia,Kairat Almaty,1 - 0,0 - 0,1,1,Yok
2026-08-04,2026,UEFA Champions League,Olympiakos Piraeus,NEC Nijmegen,0 - 0,0 - 0,X,0,Yok
2026-08-04,2026,UEFA Champions League,Dinamo Zagreb,Kauno Žalgiris,5 - 0,2 - 0,1,5,Yok
2026-08-04,2026,UEFA Champions League,Sparta Praha,Lyon,2 - 1,0 - 1,1,3,Evet
2026-08-04,2026,UEFA Champions League,Union St. Gilloise,Bodo/Glimt,3 - 3,2 - 2,X,6,Evet
2026-08-05,2026,UEFA Champions League,Aarhus,Sabah FA,2 - 1,1 - 0,1,3,Evet
2026-08-05,2026,UEFA Champions League,Fenerbahçe,Sturm Graz,2 - 0,2 - 0,1,2,Yok
2026-08-11,2026,UEFA Champions League,Kairat Almaty,Levski Sofia,0 - 1,0 - 1,2,1,Yok
2026-08-11,2026,UEFA Champions League,Bodo/Glimt,Union St. Gilloise,3 - 2,0 - 0,1,5,Evet
2026-08-11,2026,UEFA Champions League,Sabah FA,Aarhus,4 - 0,0 - 0,1,4,Yok
2026-08-11,2026,UEFA Champions League,Kauno Žalgiris,Dinamo Zagreb,1 - 2,0 - 2,2,3,Evet
2026-08-11,2026,UEFA Champions League,NEC Nijmegen,Olympiakos Piraeus,2 - 1,0 - 0,1,3,Evet
2026-08-11,2026,UEFA Champions League,FK Crvena Zvezda,Hapoel Beer Sheva,0 - 2,0 - 0,2,2,Yok
2026-08-11,2026,UEFA Champions League,Slovan Bratislava,Mjallby AIF,2 - 0,0 - 0,1,2,Yok
2026-08-11,2026,UEFA Champions League,Celje,Ararat-Armenia,2 - 0,0 - 0,1,2,Yok
2026-08-11,2026,UEFA Champions League,Sturm Graz,Fenerbahçe,0 - 1,0 - 0,2,1,Yok
2026-08-11,2026,UEFA Champions League,Lyon,Sparta Praha,3 - 0,1 - 0,1,3,Yok
2026-08-18,2026,UEFA Champions League,Fenerbahçe,Lyon,1 - 1,0 - 1,X,2,Evet
2026-08-18,2026,UEFA Champions League,Dinamo Zagreb,Viking,2 - 2,2 - 2,X,4,Evet
2026-08-18,2026,UEFA Champions League,Levski Sofia,AEK Athens FC,0 - 0,0 - 0,X,0,Yok
2026-08-19,2026,UEFA Champions League,Celtic,Lask Linz,3 - 0,2 - 0,1,3,Yok
2026-08-19,2026,UEFA Champions League,NEC Nijmegen,Bodo/Glimt,1 - 3,0 - 2,2,4,Evet
2026-08-19,2026,UEFA Champions League,Hapoel Beer Sheva,Sabah FA,2 - 1,1 - 1,1,3,Evet
2026-08-19,2026,UEFA Champions League,Slovan Bratislava,Celje,1 - 1,1 - 1,X,2,Evet
2026-08-25,2026,UEFA Champions League,Sabah FA,Hapoel Beer Sheva,5 - 2,1 - 1,1,7,Evet
2026-08-25,2026,UEFA Champions League,Bodo/Glimt,NEC Nijmegen,3 - 0,2 - 0,1,3,Yok
2026-08-25,2026,UEFA Champions League,Lask Linz,Celtic,5 - 1,1 - 1,1,6,Evet
2026-08-26,2026,UEFA Champions League,Lyon,Fenerbahçe,1 - 2,0 - 2,2,3,Evet
2026-08-26,2026,UEFA Champions League,AEK Athens FC,Levski Sofia,4 - 0,3 - 0,1,4,Yok
2026-08-26,2026,UEFA Champions League,Viking,Dinamo Zagreb,3 - 1,1 - 1,1,4,Evet
2026-08-26,2026,UEFA Champions League,Celje,Slovan Bratislava,1 - 2,1 - 1,2,3,Evet
2026-09-08,2026,UEFA Champions League,Club Brugge KV,Aston Villa,2 - 3,1 - 3,2,5,Evet
2026-09-08,2026,UEFA Champions League,AEK Athens FC,Lask Linz,1 - 0,1 - 0,1,1,Yok
2026-09-08,2026,UEFA Champions League,Lille,Real Betis,2 - 3,2 - 1,2,5,Evet
2026-09-08,2026,UEFA Champions League,Borussia Dortmund,Villarreal,3 - 2,0 - 0,1,5,Evet
2026-09-08,2026,UEFA Champions League,FC Porto,Manchester City,0 - 2,0 - 0,2,2,Yok
2026-09-08,2026,UEFA Champions League,Real Madrid,Inter,2 - 1,2 - 0,1,3,Evet
2026-09-09,2026,UEFA Champions League,VfB Stuttgart,Viking,3 - 1,3 - 1,1,4,Evet
2026-09-09,2026,UEFA Champions League,Barcelona,Feyenoord,5 - 1,2 - 0,1,6,Evet
2026-09-09,2026,UEFA Champions League,Liverpool,Atletico Madrid,2 - 1,1 - 1,1,3,Evet
2026-09-09,2026,UEFA Champions League,Paris Saint Germain,Slovan Bratislava,6 - 1,3 - 0,1,7,Evet
2026-09-09,2026,UEFA Champions League,Sporting CP,Galatasaray,3 - 1,1 - 1,1,4,Evet
2026-09-09,2026,UEFA Champions League,Napoli,Arsenal,0 - 1,0 - 0,2,1,Yok
2026-09-10,2026,UEFA Champions League,PSV Eindhoven,Shakhtar Donetsk,1 - 1,0 - 1,X,2,Evet
2026-09-10,2026,UEFA Champions League,Fenerbahçe,AS Roma,1 - 1,0 - 1,X,2,Evet
2026-09-10,2026,UEFA Champions League,Manchester United,Sabah FA,4 - 0,3 - 0,1,4,Yok
2026-09-10,2026,UEFA Champions League,Bayern München,Bodo/Glimt,5 - 0,0 - 0,1,5,Yok
2026-09-10,2026,UEFA Champions League,Slavia Praha,Lens,2 - 3,0 - 0,2,5,Evet
2026-09-10,2026,UEFA Champions League,Como,RB Leipzig,4 - 1,2 - 0,1,5,Evet
2025-07-08,2025,UEFA Champions League,KuPS,Milsami Orhei,1 - 0,0 - 0,1,1,Yok
2025-07-08,2025,UEFA Champions League,FC Iberia 1999,Malmo FF,1 - 3,0 - 1,2,4,Evet
2025-07-08,2025,UEFA Champions League,FC Noah,Buducnost Podgorica,1 - 0,0 - 0,1,1,Yok
2025-07-08,2025,UEFA Champions League,FC Levadia Tallinn,Rīgas FS,0 - 1,0 - 0,2,1,Yok
2025-07-08,2025,UEFA Champions League,Olimpija Ljubljana,Kairat Almaty,1 - 1,0 - 0,X,2,Evet
2025-07-08,2025,UEFA Champions League,The New Saints,Shkendija,0 - 0,0 - 0,X,0,Yok
2025-07-08,2025,UEFA Champions League,Vikingur Gota,Lincoln Red Imps FC,2 - 3,2 - 3,2,5,Evet
2025-07-08,2025,UEFA Champions League,Drita,FC Differdange 03,1 - 0,0 - 0,1,1,Yok
2025-07-08,2025,UEFA Champions League,Egnatia Rrogozhinë,Breidablik,1 - 0,0 - 0,1,1,Yok
2025-07-08,2025,UEFA Champions League,Virtus,Zrinjski,0 - 2,0 - 1,2,2,Yok
2025-07-09,2025,UEFA Champions League,FK Zalgiris Vilnius,Hamrun Spartans,2 - 0,0 - 0,1,2,Yok
2025-07-09,2025,UEFA Champions League,FCSB,Inter Club d'Escaldes,3 - 1,2 - 0,1,4,Evet
2025-07-09,2025,UEFA Champions League,Ludogorets,Dinamo Minsk,1 - 0,0 - 0,1,1,Yok
2025-07-09,2025,UEFA Champions League,Shelbourne,Linfield,1 - 0,0 - 0,1,1,Yok
2025-07-15,2025,UEFA Champions League,Kairat Almaty,Olimpija Ljubljana,2 - 0,2 - 0,1,2,Yok
2025-07-15,2025,UEFA Champions League,Lincoln Red Imps FC,Vikingur Gota,1 - 0,0 - 0,1,1,Yok
2025-07-15,2025,UEFA Champions League,Malmo FF,FC Iberia 1999,3 - 1,0 - 0,1,4,Evet
2025-07-15,2025,UEFA Champions League,Milsami Orhei,KuPS,0 - 0,0 - 0,X,0,Yok
2025-07-15,2025,UEFA Champions League,Rīgas FS,FC Levadia Tallinn,1 - 0,0 - 0,1,1,Yok
2025-07-15,2025,UEFA Champions League,Hamrun Spartans,FK Zalgiris Vilnius,2 - 0,2 - 0,1,2,Yok
2025-07-15,2025,UEFA Champions League,Shkendija,The New Saints,2 - 1,1 - 1,1,3,Evet
2025-07-15,2025,UEFA Champions League,FC Differdange 03,Drita,2 - 3,1 - 2,2,5,Evet
2025-07-15,2025,UEFA Champions League,Inter Club d'Escaldes,FCSB,2 - 1,0 - 0,1,3,Evet
2025-07-15,2025,UEFA Champions League,Breidablik,Egnatia Rrogozhinë,5 - 0,4 - 0,1,5,Yok
2025-07-15,2025,UEFA Champions League,Buducnost Podgorica,FC Noah,2 - 2,0 - 2,X,4,Evet
2025-07-15,2025,UEFA Champions League,Zrinjski,Virtus,2 - 1,1 - 0,1,3,Evet
2025-07-16,2025,UEFA Champions League,Dinamo Minsk,Ludogorets,2 - 2,0 - 1,X,4,Evet
2025-07-16,2025,UEFA Champions League,Linfield,Shelbourne,1 - 1,1 - 1,X,2,Evet
2025-07-22,2025,UEFA Champions League,KuPS,Kairat Almaty,2 - 0,0 - 0,1,2,Yok
2025-07-22,2025,UEFA Champions League,Lincoln Red Imps FC,FK Crvena Zvezda,0 - 1,0 - 1,2,1,Yok
2025-07-22,2025,UEFA Champions League,FC Noah,Ferencvarosi TC,1 - 2,1 - 1,2,3,Evet
2025-07-22,2025,UEFA Champions League,FC Copenhagen,Drita,2 - 0,0 - 0,1,2,Yok
2025-07-22,2025,UEFA Champions League,Plzen,Servette FC,0 - 1,0 - 1,2,1,Yok
2025-07-22,2025,UEFA Champions League,Pafos,Maccabi Tel Aviv,1 - 1,0 - 0,X,2,Evet
2025-07-22,2025,UEFA Champions League,Rīgas FS,Malmo FF,1 - 4,1 - 2,2,5,Evet
2025-07-22,2025,UEFA Champions League,Hamrun Spartans,Dynamo Kyiv,0 - 3,0 - 1,2,3,Yok
2025-07-22,2025,UEFA Champions League,Shkendija,FCSB,1 - 0,0 - 0,1,1,Yok
2025-07-22,2025,UEFA Champions League,Slovan Bratislava,Zrinjski,4 - 0,2 - 0,1,4,Yok
2025-07-22,2025,UEFA Champions League,Lech Poznan,Breidablik,7 - 1,5 - 1,1,8,Evet
2025-07-22,2025,UEFA Champions League,Rangers,Panathinaikos,2 - 0,0 - 0,1,2,Yok
2025-07-22,2025,UEFA Champions League,HNK Rijeka,Ludogorets,0 - 0,0 - 0,X,0,Yok
2025-07-23,2025,UEFA Champions League,Brann,Red Bull Salzburg,1 - 4,1 - 0,2,5,Evet
2025-07-23,2025,UEFA Champions League,Shelbourne,Qarabag,0 - 3,0 - 1,2,3,Yok
2025-07-29,2025,UEFA Champions League,Kairat Almaty,KuPS,3 - 0,3 - 0,1,3,Yok
2025-07-29,2025,UEFA Champions League,Dynamo Kyiv,Hamrun Spartans,3 - 0,2 - 0,1,3,Yok
2025-07-29,2025,UEFA Champions League,Drita,FC Copenhagen,0 - 1,0 - 1,2,1,Yok
2025-07-29,2025,UEFA Champions League,Zrinjski,Slovan Bratislava,2 - 2,0 - 0,X,4,Evet
2025-07-29,2025,UEFA Champions League,FK Crvena Zvezda,Lincoln Red Imps FC,5 - 1,4 - 0,1,6,Evet
2025-07-30,2025,UEFA Champions League,Qarabag,Shelbourne,1 - 0,1 - 0,1,1,Yok
2025-07-30,2025,UEFA Champions League,Malmo FF,Rīgas FS,1 - 0,1 - 0,1,1,Yok
2025-07-30,2025,UEFA Champions League,FCSB,Shkendija,1 - 2,1 - 1,2,3,Evet
2025-07-30,2025,UEFA Champions League,Ludogorets,HNK Rijeka,3 - 1,1 - 0,1,4,Evet
2025-07-30,2025,UEFA Champions League,Maccabi Tel Aviv,Pafos,0 - 1,0 - 1,2,1,Yok
2025-07-30,2025,UEFA Champions League,Panathinaikos,Rangers,1 - 1,0 - 0,X,2,Evet
2025-07-30,2025,UEFA Champions League,Ferencvarosi TC,FC Noah,4 - 3,2 - 2,1,7,Evet
2025-07-30,2025,UEFA Champions League,Breidablik,Lech Poznan,0 - 1,0 - 1,2,1,Yok
2025-07-30,2025,UEFA Champions League,Red Bull Salzburg,Brann,1 - 1,1 - 1,X,2,Evet
2025-07-30,2025,UEFA Champions League,Servette FC,Plzen,1 - 3,1 - 2,2,4,Evet
2025-08-05,2025,UEFA Champions League,Malmo FF,FC Copenhagen,0 - 0,0 - 0,X,0,Yok
2025-08-05,2025,UEFA Champions League,Dynamo Kyiv,Pafos,0 - 1,0 - 0,2,1,Yok
2025-08-05,2025,UEFA Champions League,Shkendija,Qarabag,0 - 1,0 - 1,2,1,Yok
2025-08-05,2025,UEFA Champions League,Rangers,Plzen,3 - 0,2 - 0,1,3,Yok
2025-08-06,2025,UEFA Champions League,Kairat Almaty,Slovan Bratislava,1 - 0,0 - 0,1,1,Yok
2025-08-06,2025,UEFA Champions League,Red Bull Salzburg,Club Brugge KV,0 - 1,0 - 0,2,1,Yok
2025-08-06,2025,UEFA Champions League,Ludogorets,Ferencvarosi TC,0 - 0,0 - 0,X,0,Yok
2025-08-06,2025,UEFA Champions League,Lech Poznan,FK Crvena Zvezda,1 - 3,1 - 1,2,4,Evet
2025-08-06,2025,UEFA Champions League,Nice,Benfica,0 - 2,0 - 0,2,2,Yok
2025-08-06,2025,UEFA Champions League,Feyenoord,Fenerbahçe,2 - 1,1 - 0,1,3,Evet
2025-08-12,2025,UEFA Champions League,Qarabag,Shkendija,5 - 1,4 - 1,1,6,Evet
2025-08-12,2025,UEFA Champions League,FC Copenhagen,Malmo FF,5 - 0,2 - 0,1,5,Yok
2025-08-12,2025,UEFA Champions League,Plzen,Rangers,2 - 1,1 - 0,1,3,Evet
2025-08-12,2025,UEFA Champions League,Fenerbahçe,Feyenoord,5 - 2,2 - 1,1,7,Evet
2025-08-12,2025,UEFA Champions League,Pafos,Dynamo Kyiv,2 - 0,1 - 0,1,2,Yok
2025-08-12,2025,UEFA Champions League,Club Brugge KV,Red Bull Salzburg,3 - 2,0 - 2,1,5,Evet
2025-08-12,2025,UEFA Champions League,Ferencvarosi TC,Ludogorets,3 - 0,1 - 0,1,3,Yok
2025-08-12,2025,UEFA Champions League,Slovan Bratislava,Kairat Almaty,1 - 0,1 - 0,1,1,Yok
2025-08-12,2025,UEFA Champions League,Benfica,Nice,2 - 0,2 - 0,1,2,Yok
2025-08-12,2025,UEFA Champions League,FK Crvena Zvezda,Lech Poznan,1 - 1,1 - 0,X,2,Evet
2025-08-19,2025,UEFA Champions League,Rangers,Club Brugge KV,1 - 3,0 - 3,2,4,Evet
2025-08-19,2025,UEFA Champions League,FK Crvena Zvezda,Pafos,1 - 2,0 - 1,2,3,Evet
2025-08-19,2025,UEFA Champions League,Ferencvarosi TC,Qarabag,1 - 3,1 - 0,2,4,Evet
2025-08-20,2025,UEFA Champions League,Celtic,Kairat Almaty,0 - 0,0 - 0,X,0,Yok
2025-08-20,2025,UEFA Champions League,Bodo/Glimt,Sturm Graz,5 - 0,3 - 0,1,5,Yok
2025-08-20,2025,UEFA Champions League,FC Basel 1893,FC Copenhagen,1 - 1,1 - 1,X,2,Evet
2025-08-20,2025,UEFA Champions League,Fenerbahçe,Benfica,0 - 0,0 - 0,X,0,Yok
2025-08-26,2025,UEFA Champions League,Kairat Almaty,Celtic,0 - 0,0 - 0,X,0,Yok
2025-08-26,2025,UEFA Champions League,Sturm Graz,Bodo/Glimt,2 - 1,1 - 1,1,3,Evet
2025-08-26,2025,UEFA Champions League,Pafos,FK Crvena Zvezda,1 - 1,0 - 0,X,2,Evet
2025-08-27,2025,UEFA Champions League,Qarabag,Ferencvarosi TC,2 - 3,2 - 1,2,5,Evet
2025-08-27,2025,UEFA Champions League,Benfica,Fenerbahçe,1 - 0,1 - 0,1,1,Yok
2025-08-27,2025,UEFA Champions League,FC Copenhagen,FC Basel 1893,2 - 0,0 - 0,1,2,Yok
2025-08-27,2025,UEFA Champions League,Club Brugge KV,Rangers,6 - 0,5 - 0,1,6,Yok
2025-09-16,2025,UEFA Champions League,PSV Eindhoven,Union St. Gilloise,1 - 3,0 - 2,2,4,Evet
2025-09-16,2025,UEFA Champions League,Athletic Club,Arsenal,0 - 2,0 - 0,2,2,Yok
2025-09-16,2025,UEFA Champions League,Tottenham,Villarreal,1 - 0,1 - 0,1,1,Yok
2025-09-16,2025,UEFA Champions League,Benfica,Qarabag,2 - 3,2 - 1,2,5,Evet
2025-09-16,2025,UEFA Champions League,Juventus,Borussia Dortmund,4 - 4,0 - 0,X,8,Evet
2025-09-16,2025,UEFA Champions League,Real Madrid,Marseille,2 - 1,1 - 1,1,3,Evet
2025-09-17,2025,UEFA Champions League,Olympiakos Piraeus,Pafos,0 - 0,0 - 0,X,0,Yok
2025-09-17,2025,UEFA Champions League,Slavia Praha,Bodo/Glimt,2 - 2,1 - 0,X,4,Evet
2025-09-17,2025,UEFA Champions League,Liverpool,Atletico Madrid,3 - 2,2 - 1,1,5,Evet
2025-09-17,2025,UEFA Champions League,Paris Saint Germain,Atalanta,4 - 0,2 - 0,1,4,Yok
2025-09-17,2025,UEFA Champions League,Bayern München,Chelsea,3 - 1,2 - 1,1,4,Evet
2025-09-17,2025,UEFA Champions League,Ajax,Inter,0 - 2,0 - 1,2,2,Yok
2025-09-18,2025,UEFA Champions League,FC Copenhagen,Bayer Leverkusen,2 - 2,1 - 0,X,4,Evet
2025-09-18,2025,UEFA Champions League,Club Brugge KV,Monaco,4 - 1,3 - 0,1,5,Evet
2025-09-18,2025,UEFA Champions League,Newcastle,Barcelona,1 - 2,0 - 0,2,3,Evet
2025-09-18,2025,UEFA Champions League,Manchester City,Napoli,2 - 0,0 - 0,1,2,Yok
2025-09-18,2025,UEFA Champions League,Eintracht Frankfurt,Galatasaray,5 - 1,3 - 1,1,6,Evet
2025-09-18,2025,UEFA Champions League,Sporting CP,Kairat Almaty,4 - 1,1 - 0,1,5,Evet
2025-09-30,2025,UEFA Champions League,Atalanta,Club Brugge KV,2 - 1,0 - 1,1,3,Evet
2025-09-30,2025,UEFA Champions League,Kairat Almaty,Real Madrid,0 - 5,0 - 1,2,5,Yok
2025-09-30,2025,UEFA Champions League,Chelsea,Benfica,1 - 0,1 - 0,1,1,Yok
2025-09-30,2025,UEFA Champions League,Marseille,Ajax,4 - 0,3 - 0,1,4,Yok
2025-09-30,2025,UEFA Champions League,Bodo/Glimt,Tottenham,2 - 2,0 - 0,X,4,Evet
2025-09-30,2025,UEFA Champions League,Inter,Slavia Praha,3 - 0,2 - 0,1,3,Yok
2025-09-30,2025,UEFA Champions League,Atletico Madrid,Eintracht Frankfurt,5 - 1,3 - 0,1,6,Evet
2025-09-30,2025,UEFA Champions League,Galatasaray,Liverpool,1 - 0,1 - 0,1,1,Yok
2025-09-30,2025,UEFA Champions League,Pafos,Bayern München,1 - 5,1 - 4,2,6,Evet
2025-10-01,2025,UEFA Champions League,Qarabag,FC Copenhagen,2 - 0,1 - 0,1,2,Yok
2025-10-01,2025,UEFA Champions League,Union St. Gilloise,Newcastle,0 - 4,0 - 2,2,4,Yok
2025-10-01,2025,UEFA Champions League,Arsenal,Olympiakos Piraeus,2 - 0,1 - 0,1,2,Yok
2025-10-01,2025,UEFA Champions League,Monaco,Manchester City,2 - 2,1 - 2,X,4,Evet
2025-10-01,2025,UEFA Champions League,Borussia Dortmund,Athletic Club,4 - 1,1 - 0,1,5,Evet
2025-10-01,2025,UEFA Champions League,Bayer Leverkusen,PSV Eindhoven,1 - 1,0 - 0,X,2,Evet
2025-10-01,2025,UEFA Champions League,Napoli,Sporting CP,2 - 1,1 - 0,1,3,Evet
2025-10-01,2025,UEFA Champions League,Barcelona,Paris Saint Germain,1 - 2,1 - 1,2,3,Evet
2025-10-01,2025,UEFA Champions League,Villarreal,Juventus,2 - 2,1 - 0,X,4,Evet
2025-10-21,2025,UEFA Champions League,Barcelona,Olympiakos Piraeus,6 - 1,2 - 0,1,7,Evet
2025-10-21,2025,UEFA Champions League,Kairat Almaty,Pafos,0 - 0,0 - 0,X,0,Yok
2025-10-21,2025,UEFA Champions League,Newcastle,Benfica,3 - 0,1 - 0,1,3,Yok
2025-10-21,2025,UEFA Champions League,Arsenal,Atletico Madrid,4 - 0,0 - 0,1,4,Yok
2025-10-21,2025,UEFA Champions League,Bayer Leverkusen,Paris Saint Germain,2 - 7,1 - 4,2,9,Evet
2025-10-21,2025,UEFA Champions League,PSV Eindhoven,Napoli,6 - 2,2 - 1,1,8,Evet
2025-10-21,2025,UEFA Champions League,FC Copenhagen,Borussia Dortmund,2 - 4,1 - 1,2,6,Evet
2025-10-21,2025,UEFA Champions League,Villarreal,Manchester City,0 - 2,0 - 2,2,2,Yok
2025-10-21,2025,UEFA Champions League,Union St. Gilloise,Inter,0 - 4,0 - 2,2,4,Yok
2025-10-22,2025,UEFA Champions League,Athletic Club,Qarabag,3 - 1,1 - 1,1,4,Evet
2025-10-22,2025,UEFA Champions League,Galatasaray,Bodo/Glimt,3 - 1,2 - 0,1,4,Evet
2025-10-22,2025,UEFA Champions League,Chelsea,Ajax,5 - 1,4 - 1,1,6,Evet
2025-10-22,2025,UEFA Champions League,Monaco,Tottenham,0 - 0,0 - 0,X,0,Yok
2025-10-22,2025,UEFA Champions League,Bayern München,Club Brugge KV,4 - 0,3 - 0,1,4,Yok
2025-10-22,2025,UEFA Champions League,Eintracht Frankfurt,Liverpool,1 - 5,1 - 3,2,6,Evet
2025-10-22,2025,UEFA Champions League,Sporting CP,Marseille,2 - 1,0 - 1,1,3,Evet
2025-10-22,2025,UEFA Champions League,Atalanta,Slavia Praha,0 - 0,0 - 0,X,0,Yok
2025-10-22,2025,UEFA Champions League,Real Madrid,Juventus,1 - 0,0 - 0,1,1,Yok
2025-11-04,2025,UEFA Champions League,Napoli,Eintracht Frankfurt,0 - 0,0 - 0,X,0,Yok
2025-11-04,2025,UEFA Champions League,Slavia Praha,Arsenal,0 - 3,0 - 1,2,3,Yok
2025-11-04,2025,UEFA Champions League,Liverpool,Real Madrid,1 - 0,0 - 0,1,1,Yok
2025-11-04,2025,UEFA Champions League,Tottenham,FC Copenhagen,4 - 0,1 - 0,1,4,Yok
2025-11-04,2025,UEFA Champions League,Paris Saint Germain,Bayern München,1 - 2,0 - 2,2,3,Evet
2025-11-04,2025,UEFA Champions League,Bodo/Glimt,Monaco,0 - 1,0 - 1,2,1,Yok
2025-11-04,2025,UEFA Champions League,Juventus,Sporting CP,1 - 1,1 - 1,X,2,Evet
2025-11-04,2025,UEFA Champions League,Atletico Madrid,Union St. Gilloise,3 - 1,1 - 0,1,4,Evet
2025-11-04,2025,UEFA Champions League,Olympiakos Piraeus,PSV Eindhoven,1 - 1,1 - 0,X,2,Evet
2025-11-05,2025,UEFA Champions League,Qarabag,Chelsea,2 - 2,2 - 1,X,4,Evet
2025-11-05,2025,UEFA Champions League,Pafos,Villarreal,1 - 0,0 - 0,1,1,Yok
2025-11-05,2025,UEFA Champions League,Newcastle,Athletic Club,2 - 0,1 - 0,1,2,Yok
2025-11-05,2025,UEFA Champions League,Manchester City,Borussia Dortmund,4 - 1,2 - 0,1,5,Evet
2025-11-05,2025,UEFA Champions League,Marseille,Atalanta,0 - 1,0 - 0,2,1,Yok
2025-11-05,2025,UEFA Champions League,Ajax,Galatasaray,0 - 3,0 - 0,2,3,Yok
2025-11-05,2025,UEFA Champions League,Benfica,Bayer Leverkusen,0 - 1,0 - 0,2,1,Yok
2025-11-05,2025,UEFA Champions League,Inter,Kairat Almaty,2 - 1,1 - 0,1,3,Evet
2025-11-05,2025,UEFA Champions League,Club Brugge KV,Barcelona,3 - 3,2 - 1,X,6,Evet
2025-11-25,2025,UEFA Champions League,Ajax,Benfica,0 - 2,0 - 1,2,2,Yok
2025-11-25,2025,UEFA Champions League,Galatasaray,Union St. Gilloise,0 - 1,0 - 0,2,1,Yok
2025-11-25,2025,UEFA Champions League,Chelsea,Barcelona,3 - 0,1 - 0,1,3,Yok
2025-11-25,2025,UEFA Champions League,Manchester City,Bayer Leverkusen,0 - 2,0 - 1,2,2,Yok
2025-11-25,2025,UEFA Champions League,Marseille,Newcastle,2 - 1,0 - 1,1,3,Evet
2025-11-25,2025,UEFA Champions League,Borussia Dortmund,Villarreal,4 - 0,1 - 0,1,4,Yok
2025-11-25,2025,UEFA Champions League,Bodo/Glimt,Juventus,2 - 3,1 - 0,2,5,Evet
2025-11-25,2025,UEFA Champions League,Napoli,Qarabag,2 - 0,0 - 0,1,2,Yok
2025-11-25,2025,UEFA Champions League,Slavia Praha,Athletic Club,0 - 0,0 - 0,X,0,Yok
2025-11-26,2025,UEFA Champions League,FC Copenhagen,Kairat Almaty,3 - 2,1 - 0,1,5,Evet
2025-11-26,2025,UEFA Champions League,Pafos,Monaco,2 - 2,1 - 2,X,4,Evet
2025-11-26,2025,UEFA Champions League,Liverpool,PSV Eindhoven,1 - 4,1 - 1,2,5,Evet
2025-11-26,2025,UEFA Champions League,Arsenal,Bayern München,3 - 1,1 - 1,1,4,Evet
2025-11-26,2025,UEFA Champions League,Paris Saint Germain,Tottenham,5 - 3,1 - 1,1,8,Evet
2025-11-26,2025,UEFA Champions League,Eintracht Frankfurt,Atalanta,0 - 3,0 - 0,2,3,Yok
2025-11-26,2025,UEFA Champions League,Sporting CP,Club Brugge KV,3 - 0,2 - 0,1,3,Yok
2025-11-26,2025,UEFA Champions League,Atletico Madrid,Inter,2 - 1,1 - 0,1,3,Evet
2025-11-26,2025,UEFA Champions League,Olympiakos Piraeus,Real Madrid,3 - 4,1 - 3,2,7,Evet
2025-12-09,2025,UEFA Champions League,Kairat Almaty,Olympiakos Piraeus,0 - 1,0 - 0,2,1,Yok
2025-12-09,2025,UEFA Champions League,Bayern München,Sporting CP,3 - 1,0 - 0,1,4,Evet
2025-12-09,2025,UEFA Champions League,Tottenham,Slavia Praha,3 - 0,1 - 0,1,3,Yok
2025-12-09,2025,UEFA Champions League,Monaco,Galatasaray,1 - 0,0 - 0,1,1,Yok
2025-12-09,2025,UEFA Champions League,PSV Eindhoven,Atletico Madrid,2 - 3,1 - 1,2,5,Evet
2025-12-09,2025,UEFA Champions League,Atalanta,Chelsea,2 - 1,0 - 1,1,3,Evet
2025-12-09,2025,UEFA Champions League,Inter,Liverpool,0 - 1,0 - 0,2,1,Yok
2025-12-09,2025,UEFA Champions League,Barcelona,Eintracht Frankfurt,2 - 1,0 - 1,1,3,Evet
2025-12-09,2025,UEFA Champions League,Union St. Gilloise,Marseille,2 - 3,1 - 2,2,5,Evet
2025-12-10,2025,UEFA Champions League,Villarreal,FC Copenhagen,2 - 3,0 - 1,2,5,Evet
2025-12-10,2025,UEFA Champions League,Qarabag,Ajax,2 - 4,1 - 1,2,6,Evet
2025-12-10,2025,UEFA Champions League,Borussia Dortmund,Bodo/Glimt,2 - 2,1 - 1,X,4,Evet
2025-12-10,2025,UEFA Champions League,Bayer Leverkusen,Newcastle,2 - 2,1 - 0,X,4,Evet
2025-12-10,2025,UEFA Champions League,Benfica,Napoli,2 - 0,1 - 0,1,2,Yok
2025-12-10,2025,UEFA Champions League,Juventus,Pafos,2 - 0,0 - 0,1,2,Yok
2025-12-10,2025,UEFA Champions League,Athletic Club,Paris Saint Germain,0 - 0,0 - 0,X,0,Yok
2025-12-10,2025,UEFA Champions League,Real Madrid,Manchester City,1 - 2,1 - 2,2,3,Evet
2025-12-10,2025,UEFA Champions League,Club Brugge KV,Arsenal,0 - 3,0 - 1,2,3,Yok
2026-01-20,2025,UEFA Champions League,Kairat Almaty,Club Brugge KV,1 - 4,0 - 2,2,5,Evet
2026-01-20,2025,UEFA Champions League,Bodo/Glimt,Manchester City,3 - 1,2 - 0,1,4,Evet
2026-01-20,2025,UEFA Champions League,Tottenham,Borussia Dortmund,2 - 0,2 - 0,1,2,Yok
2026-01-20,2025,UEFA Champions League,Sporting CP,Paris Saint Germain,2 - 1,0 - 0,1,3,Evet
2026-01-20,2025,UEFA Champions League,FC Copenhagen,Napoli,1 - 1,0 - 1,X,2,Evet
2026-01-20,2025,UEFA Champions League,Inter,Arsenal,1 - 3,1 - 2,2,4,Evet
2026-01-20,2025,UEFA Champions League,Villarreal,Ajax,1 - 2,0 - 0,2,3,Evet
2026-01-20,2025,UEFA Champions League,Real Madrid,Monaco,6 - 1,2 - 0,1,7,Evet
2026-01-20,2025,UEFA Champions League,Olympiakos Piraeus,Bayer Leverkusen,2 - 0,2 - 0,1,2,Yok
2026-01-21,2025,UEFA Champions League,Qarabag,Eintracht Frankfurt,3 - 2,1 - 1,1,5,Evet
2026-01-21,2025,UEFA Champions League,Galatasaray,Atletico Madrid,1 - 1,1 - 1,X,2,Evet
2026-01-21,2025,UEFA Champions League,Newcastle,PSV Eindhoven,3 - 0,2 - 0,1,3,Yok
2026-01-21,2025,UEFA Champions League,Chelsea,Pafos,1 - 0,0 - 0,1,1,Yok
2026-01-21,2025,UEFA Champions League,Marseille,Liverpool,0 - 3,0 - 1,2,3,Yok
2026-01-21,2025,UEFA Champions League,Bayern München,Union St. Gilloise,2 - 0,0 - 0,1,2,Yok
2026-01-21,2025,UEFA Champions League,Juventus,Benfica,2 - 0,0 - 0,1,2,Yok
2026-01-21,2025,UEFA Champions League,Atalanta,Athletic Club,2 - 3,1 - 0,2,5,Evet
2026-01-21,2025,UEFA Champions League,Slavia Praha,Barcelona,2 - 4,2 - 2,2,6,Evet
2026-01-28,2025,UEFA Champions League,Liverpool,Qarabag,6 - 0,2 - 0,1,6,Yok
2026-01-28,2025,UEFA Champions League,Arsenal,Kairat Almaty,3 - 2,3 - 1,1,5,Evet
2026-01-28,2025,UEFA Champions League,Manchester City,Galatasaray,2 - 0,2 - 0,1,2,Yok
2026-01-28,2025,UEFA Champions League,Paris Saint Germain,Newcastle,1 - 1,1 - 1,X,2,Evet
2026-01-28,2025,UEFA Champions League,Monaco,Juventus,0 - 0,0 - 0,X,0,Yok
2026-01-28,2025,UEFA Champions League,Borussia Dortmund,Inter,0 - 2,0 - 0,2,2,Yok
2026-01-28,2025,UEFA Champions League,Bayer Leverkusen,Villarreal,3 - 0,2 - 0,1,3,Yok
2026-01-28,2025,UEFA Champions League,Eintracht Frankfurt,Tottenham,0 - 2,0 - 0,2,2,Yok
2026-01-28,2025,UEFA Champions League,Ajax,Olympiakos Piraeus,1 - 2,0 - 0,2,3,Evet
2026-01-28,2025,UEFA Champions League,PSV Eindhoven,Bayern München,1 - 2,0 - 0,2,3,Evet
2026-01-28,2025,UEFA Champions League,Benfica,Real Madrid,4 - 2,2 - 1,1,6,Evet
2026-01-28,2025,UEFA Champions League,Napoli,Chelsea,2 - 3,2 - 1,2,5,Evet
2026-01-28,2025,UEFA Champions League,Barcelona,FC Copenhagen,4 - 1,0 - 1,1,5,Evet
2026-01-28,2025,UEFA Champions League,Atletico Madrid,Bodo/Glimt,1 - 2,1 - 1,2,3,Evet
2026-01-28,2025,UEFA Champions League,Athletic Club,Sporting CP,2 - 3,2 - 1,2,5,Evet
2026-01-28,2025,UEFA Champions League,Club Brugge KV,Marseille,3 - 0,2 - 0,1,3,Yok
2026-01-28,2025,UEFA Champions League,Union St. Gilloise,Atalanta,1 - 0,0 - 0,1,1,Yok
2026-01-28,2025,UEFA Champions League,Pafos,Slavia Praha,4 - 1,1 - 1,1,5,Evet
2026-02-17,2025,UEFA Champions League,Galatasaray,Juventus,5 - 2,1 - 2,1,7,Evet
2026-02-17,2025,UEFA Champions League,Monaco,Paris Saint Germain,2 - 3,2 - 2,2,5,Evet
2026-02-17,2025,UEFA Champions League,Borussia Dortmund,Atalanta,2 - 0,2 - 0,1,2,Yok
2026-02-17,2025,UEFA Champions League,Benfica,Real Madrid,0 - 1,0 - 0,2,1,Yok
2026-02-18,2025,UEFA Champions League,Qarabag,Newcastle,1 - 6,0 - 5,2,7,Evet
2026-02-18,2025,UEFA Champions League,Bodo/Glimt,Inter,3 - 1,1 - 1,1,4,Evet
2026-02-18,2025,UEFA Champions League,Olympiakos Piraeus,Bayer Leverkusen,0 - 2,0 - 0,2,2,Yok
2026-02-18,2025,UEFA Champions League,Club Brugge KV,Atletico Madrid,3 - 3,0 - 2,X,6,Evet
2026-02-24,2025,UEFA Champions League,Atletico Madrid,Club Brugge KV,4 - 1,1 - 1,1,5,Evet
2026-02-24,2025,UEFA Champions League,Newcastle,Qarabag,3 - 2,2 - 0,1,5,Evet
2026-02-24,2025,UEFA Champions League,Bayer Leverkusen,Olympiakos Piraeus,0 - 0,0 - 0,X,0,Yok
2026-02-24,2025,UEFA Champions League,Inter,Bodo/Glimt,1 - 2,0 - 0,2,3,Evet
2026-02-25,2025,UEFA Champions League,Atalanta,Borussia Dortmund,4 - 1,2 - 0,1,5,Evet
2026-02-25,2025,UEFA Champions League,Paris Saint Germain,Monaco,2 - 2,0 - 1,X,4,Evet
2026-02-25,2025,UEFA Champions League,Juventus,Galatasaray,3 - 2,1 - 0,1,5,Evet
2026-02-25,2025,UEFA Champions League,Real Madrid,Benfica,2 - 1,1 - 1,1,3,Evet
2026-03-10,2025,UEFA Champions League,Galatasaray,Liverpool,1 - 0,1 - 0,1,1,Yok
2026-03-10,2025,UEFA Champions League,Newcastle,Barcelona,1 - 1,0 - 0,X,2,Evet
2026-03-10,2025,UEFA Champions League,Atalanta,Bayern München,1 - 6,0 - 3,2,7,Evet
2026-03-10,2025,UEFA Champions League,Atletico Madrid,Tottenham,5 - 2,4 - 1,1,7,Evet
2026-03-11,2025,UEFA Champions League,Bayer Leverkusen,Arsenal,1 - 1,0 - 0,X,2,Evet
2026-03-11,2025,UEFA Champions League,Paris Saint Germain,Chelsea,5 - 2,2 - 1,1,7,Evet
2026-03-11,2025,UEFA Champions League,Bodo/Glimt,Sporting CP,3 - 0,2 - 0,1,3,Yok
2026-03-11,2025,UEFA Champions League,Real Madrid,Manchester City,3 - 0,3 - 0,1,3,Yok
2026-03-17,2025,UEFA Champions League,Sporting CP,Bodo/Glimt,5 - 0,1 - 0,1,5,Yok
2026-03-17,2025,UEFA Champions League,Arsenal,Bayer Leverkusen,2 - 0,1 - 0,1,2,Yok
2026-03-17,2025,UEFA Champions League,Chelsea,Paris Saint Germain,0 - 3,0 - 2,2,3,Yok
2026-03-17,2025,UEFA Champions League,Manchester City,Real Madrid,1 - 2,1 - 1,2,3,Evet
2026-03-18,2025,UEFA Champions League,Barcelona,Newcastle,7 - 2,3 - 2,1,9,Evet
2026-03-18,2025,UEFA Champions League,Liverpool,Galatasaray,4 - 0,1 - 0,1,4,Yok
2026-03-18,2025,UEFA Champions League,Tottenham,Atletico Madrid,3 - 2,1 - 0,1,5,Evet
2026-03-18,2025,UEFA Champions League,Bayern München,Atalanta,4 - 1,1 - 0,1,5,Evet
2026-04-07,2025,UEFA Champions League,Sporting CP,Arsenal,0 - 1,0 - 0,2,1,Yok
2026-04-07,2025,UEFA Champions League,Real Madrid,Bayern München,1 - 2,0 - 1,2,3,Evet
2026-04-08,2025,UEFA Champions League,Paris Saint Germain,Liverpool,2 - 0,1 - 0,1,2,Yok
2026-04-08,2025,UEFA Champions League,Barcelona,Atletico Madrid,0 - 2,0 - 1,2,2,Yok
2026-04-14,2025,UEFA Champions League,Liverpool,Paris Saint Germain,0 - 2,0 - 0,2,2,Yok
2026-04-14,2025,UEFA Champions League,Atletico Madrid,Barcelona,1 - 2,1 - 2,2,3,Evet
2026-04-15,2025,UEFA Champions League,Arsenal,Sporting CP,0 - 0,0 - 0,X,0,Yok
2026-04-15,2025,UEFA Champions League,Bayern München,Real Madrid,4 - 3,2 - 3,1,7,Evet
2026-04-28,2025,UEFA Champions League,Paris Saint Germain,Bayern München,5 - 4,3 - 2,1,9,Evet
2026-04-29,2025,UEFA Champions League,Atletico Madrid,Arsenal,1 - 1,0 - 1,X,2,Evet
2026-05-05,2025,UEFA Champions League,Arsenal,Atletico Madrid,1 - 0,1 - 0,1,1,Yok
2026-05-06,2025,UEFA Champions League,Bayern München,Paris Saint Germain,1 - 1,0 - 1,X,2,Evet
2026-05-30,2025,UEFA Champions League,Paris Saint Germain,Arsenal,1 - 1,0 - 1,X,2,Evet
2024-07-09,2024,UEFA Champions League,Panevėžys,HJK Helsinki,3 - 0,1 - 0,1,3,Yok
2024-07-09,2024,UEFA Champions League,Hamrun Spartans,Lincoln Red Imps FC,0 - 1,0 - 1,2,1,Yok
2024-07-09,2024,UEFA Champions League,The New Saints,Dečić,3 - 0,3 - 0,1,3,Yok
2024-07-09,2024,UEFA Champions League,UE Santa Coloma,Ballkani,1 - 2,1 - 1,2,3,Evet
2024-07-09,2024,UEFA Champions League,Vikingur Reykjavik,Shamrock Rovers,0 - 0,0 - 0,X,0,Yok
2024-07-09,2024,UEFA Champions League,Virtus,FCSB,1 - 7,0 - 5,2,8,Evet
2024-07-10,2024,UEFA Champions League,Ordabasy,Petrocub,0 - 0,0 - 0,X,0,Yok
2024-07-10,2024,UEFA Champions League,Flora Tallinn,Celje,0 - 5,0 - 3,2,5,Yok
2024-07-10,2024,UEFA Champions League,Slovan Bratislava,Struga,4 - 2,2 - 0,1,6,Evet
2024-07-10,2024,UEFA Champions League,Rīgas FS,Larne,3 - 0,1 - 0,1,3,Yok
2024-07-10,2024,UEFA Champions League,Ludogorets,Dinamo Batumi,3 - 1,2 - 0,1,4,Evet
2024-07-10,2024,UEFA Champions League,KI Klaksvik,FC Differdange 03,2 - 0,2 - 0,1,2,Yok
2024-07-10,2024,UEFA Champions League,Dinamo Minsk,Pyunik Yerevan,0 - 0,0 - 0,X,0,Yok
2024-07-10,2024,UEFA Champions League,Borac Banja Luka,Egnatia Rrogozhinë,1 - 0,0 - 0,1,1,Yok
2024-07-16,2024,UEFA Champions League,Ballkani,UE Santa Coloma,1 - 2,0 - 0,2,3,Evet
2024-07-16,2024,UEFA Champions League,HJK Helsinki,Panevėžys,1 - 1,1 - 1,X,2,Evet
2024-07-16,2024,UEFA Champions League,Lincoln Red Imps FC,Hamrun Spartans,0 - 1,0 - 0,2,1,Yok
2024-07-16,2024,UEFA Champions League,Pyunik Yerevan,Dinamo Minsk,0 - 1,0 - 0,2,1,Yok
2024-07-16,2024,UEFA Champions League,Celje,Flora Tallinn,2 - 1,0 - 1,1,3,Evet
2024-07-16,2024,UEFA Champions League,FCSB,Virtus,4 - 0,3 - 0,1,4,Yok
2024-07-16,2024,UEFA Champions League,Shamrock Rovers,Vikingur Reykjavik,2 - 1,2 - 0,1,3,Evet
2024-07-16,2024,UEFA Champions League,Dečić,The New Saints,1 - 1,0 - 1,X,2,Evet
2024-07-17,2024,UEFA Champions League,Struga,Slovan Bratislava,1 - 2,0 - 2,2,3,Evet
2024-07-17,2024,UEFA Champions League,FC Differdange 03,KI Klaksvik,0 - 0,0 - 0,X,0,Yok
2024-07-17,2024,UEFA Champions League,Dinamo Batumi,Ludogorets,1 - 0,1 - 0,1,1,Yok
2024-07-17,2024,UEFA Champions League,Petrocub,Ordabasy,1 - 0,1 - 0,1,1,Yok
2024-07-17,2024,UEFA Champions League,Egnatia Rrogozhinë,Borac Banja Luka,2 - 1,1 - 1,1,3,Evet
2024-07-17,2024,UEFA Champions League,Larne,Rīgas FS,0 - 4,0 - 3,2,4,Yok
2024-07-23,2024,UEFA Champions League,Bodo/Glimt,Rīgas FS,4 - 0,3 - 0,1,4,Yok
2024-07-23,2024,UEFA Champions League,Panevėžys,Jagiellonia,0 - 4,0 - 3,2,4,Yok
2024-07-23,2024,UEFA Champions League,Lincoln Red Imps FC,Qarabag,0 - 2,0 - 1,2,2,Yok
2024-07-23,2024,UEFA Champions League,Malmo FF,KI Klaksvik,4 - 1,3 - 0,1,5,Evet
2024-07-23,2024,UEFA Champions League,Apoel Nicosia,Petrocub,1 - 0,1 - 0,1,1,Yok
2024-07-23,2024,UEFA Champions League,FCSB,Maccabi Tel Aviv,1 - 1,0 - 0,X,2,Evet
2024-07-23,2024,UEFA Champions League,Dynamo Kyiv,FK Partizan,6 - 2,3 - 1,1,8,Evet
2024-07-23,2024,UEFA Champions League,Ferencvarosi TC,The New Saints,5 - 0,3 - 0,1,5,Yok
2024-07-23,2024,UEFA Champions League,UE Santa Coloma,FC Midtjylland,0 - 3,0 - 2,2,3,Yok
2024-07-23,2024,UEFA Champions League,FC Lugano,Fenerbahçe,3 - 4,1 - 1,2,7,Evet
2024-07-23,2024,UEFA Champions League,Shamrock Rovers,Sparta Praha,0 - 2,0 - 1,2,2,Yok
2024-07-24,2024,UEFA Champions League,PAOK,Borac Banja Luka,3 - 2,2 - 2,1,5,Evet
2024-07-24,2024,UEFA Champions League,Ludogorets,Dinamo Minsk,2 - 0,2 - 0,1,2,Yok
2024-07-24,2024,UEFA Champions League,Celje,Slovan Bratislava,1 - 1,1 - 1,X,2,Evet
2024-07-30,2024,UEFA Champions League,Qarabag,Lincoln Red Imps FC,5 - 0,3 - 0,1,5,Yok
2024-07-30,2024,UEFA Champions League,Fenerbahçe,FC Lugano,2 - 1,0 - 1,1,3,Evet
2024-07-30,2024,UEFA Champions League,Sparta Praha,Shamrock Rovers,4 - 2,2 - 1,1,6,Evet
2024-07-30,2024,UEFA Champions League,Petrocub,Apoel Nicosia,1 - 1,0 - 0,X,2,Evet
2024-07-30,2024,UEFA Champions League,The New Saints,Ferencvarosi TC,1 - 2,0 - 1,2,3,Evet
2024-07-30,2024,UEFA Champions League,Slovan Bratislava,Celje,5 - 0,2 - 0,1,5,Yok
2024-07-30,2024,UEFA Champions League,KI Klaksvik,Malmo FF,3 - 2,1 - 1,1,5,Evet
2024-07-31,2024,UEFA Champions League,Rīgas FS,Bodo/Glimt,1 - 3,1 - 1,2,4,Evet
2024-07-31,2024,UEFA Champions League,FC Midtjylland,UE Santa Coloma,1 - 0,0 - 0,1,1,Yok
2024-07-31,2024,UEFA Champions League,FK Partizan,Dynamo Kyiv,0 - 3,0 - 1,2,3,Yok
2024-07-31,2024,UEFA Champions League,Maccabi Tel Aviv,FCSB,0 - 1,0 - 0,2,1,Yok
2024-07-31,2024,UEFA Champions League,Jagiellonia,Panevėžys,3 - 1,1 - 0,1,4,Evet
2024-07-31,2024,UEFA Champions League,Dinamo Minsk,Ludogorets,1 - 0,1 - 0,1,1,Yok
2024-07-31,2024,UEFA Champions League,Borac Banja Luka,PAOK,0 - 1,0 - 1,2,1,Yok
2024-08-06,2024,UEFA Champions League,Qarabag,Ludogorets,1 - 2,0 - 0,2,3,Evet
2024-08-06,2024,UEFA Champions League,Malmo FF,PAOK,2 - 2,1 - 1,X,4,Evet
2024-08-06,2024,UEFA Champions League,FC Midtjylland,Ferencvarosi TC,2 - 0,1 - 0,1,2,Yok
2024-08-06,2024,UEFA Champions League,Dynamo Kyiv,Rangers,1 - 1,1 - 0,X,2,Evet
2024-08-06,2024,UEFA Champions League,Sparta Praha,FCSB,1 - 1,0 - 0,X,2,Evet
2024-08-06,2024,UEFA Champions League,Lille,Fenerbahçe,2 - 1,1 - 0,1,3,Evet
2024-08-06,2024,UEFA Champions League,Red Bull Salzburg,Twente,2 - 1,1 - 0,1,3,Evet
2024-08-07,2024,UEFA Champions League,Slavia Praha,Union St. Gilloise,3 - 1,2 - 0,1,4,Evet
2024-08-07,2024,UEFA Champions League,Slovan Bratislava,Apoel Nicosia,2 - 0,0 - 0,1,2,Yok
2024-08-07,2024,UEFA Champions League,Jagiellonia,Bodo/Glimt,0 - 1,0 - 0,2,1,Yok
2024-08-13,2024,UEFA Champions League,Bodo/Glimt,Jagiellonia,4 - 1,2 - 1,1,5,Evet
2024-08-13,2024,UEFA Champions League,Twente,Red Bull Salzburg,3 - 3,1 - 2,X,6,Evet
2024-08-13,2024,UEFA Champions League,Fenerbahçe,Lille,1 - 1,0 - 0,X,2,Evet
2024-08-13,2024,UEFA Champions League,Apoel Nicosia,Slovan Bratislava,0 - 0,0 - 0,X,0,Yok
2024-08-13,2024,UEFA Champions League,PAOK,Malmo FF,3 - 4,3 - 2,2,7,Evet
2024-08-13,2024,UEFA Champions League,Ludogorets,Qarabag,2 - 7,2 - 3,2,9,Evet
2024-08-13,2024,UEFA Champions League,Ferencvarosi TC,FC Midtjylland,1 - 1,1 - 0,X,2,Evet
2024-08-13,2024,UEFA Champions League,FCSB,Sparta Praha,2 - 3,0 - 3,2,5,Evet
2024-08-13,2024,UEFA Champions League,Union St. Gilloise,Slavia Praha,0 - 1,0 - 0,2,1,Yok
2024-08-13,2024,UEFA Champions League,Rangers,Dynamo Kyiv,0 - 2,0 - 0,2,2,Yok
2024-08-20,2024,UEFA Champions League,Lille,Slavia Praha,2 - 0,0 - 0,1,2,Yok
2024-08-20,2024,UEFA Champions League,Bodo/Glimt,FK Crvena Zvezda,2 - 1,0 - 0,1,3,Evet
2024-08-20,2024,UEFA Champions League,Dinamo Zagreb,Qarabag,3 - 0,1 - 0,1,3,Yok
2024-08-21,2024,UEFA Champions League,Malmo FF,Sparta Praha,0 - 2,0 - 1,2,2,Yok
2024-08-21,2024,UEFA Champions League,FC Midtjylland,Slovan Bratislava,1 - 1,0 - 0,X,2,Evet
2024-08-21,2024,UEFA Champions League,BSC Young Boys,Galatasaray,3 - 2,2 - 0,1,5,Evet
2024-08-21,2024,UEFA Champions League,Dynamo Kyiv,Red Bull Salzburg,0 - 2,0 - 1,2,2,Yok
2024-08-27,2024,UEFA Champions League,Red Bull Salzburg,Dynamo Kyiv,1 - 1,1 - 1,X,2,Evet
2024-08-27,2024,UEFA Champions League,Sparta Praha,Malmo FF,2 - 0,0 - 0,1,2,Yok
2024-08-27,2024,UEFA Champions League,Galatasaray,BSC Young Boys,0 - 1,0 - 0,2,1,Yok
2024-08-28,2024,UEFA Champions League,Qarabag,Dinamo Zagreb,0 - 2,0 - 1,2,2,Yok
2024-08-28,2024,UEFA Champions League,Slavia Praha,Lille,2 - 1,1 - 0,1,3,Evet
2024-08-28,2024,UEFA Champions League,FK Crvena Zvezda,Bodo/Glimt,2 - 0,1 - 0,1,2,Yok
2024-08-28,2024,UEFA Champions League,Slovan Bratislava,FC Midtjylland,3 - 2,1 - 1,1,5,Evet
2024-09-17,2024,UEFA Champions League,Juventus,PSV Eindhoven,3 - 1,2 - 0,1,4,Evet
2024-09-17,2024,UEFA Champions League,BSC Young Boys,Aston Villa,0 - 3,0 - 2,2,3,Yok
2024-09-17,2024,UEFA Champions League,Bayern München,Dinamo Zagreb,9 - 2,3 - 0,1,11,Evet
2024-09-17,2024,UEFA Champions League,Sporting CP,Lille,2 - 0,1 - 0,1,2,Yok
2024-09-17,2024,UEFA Champions League,AC Milan,Liverpool,1 - 3,1 - 2,2,4,Evet
2024-09-17,2024,UEFA Champions League,Real Madrid,VfB Stuttgart,3 - 1,0 - 0,1,4,Evet
2024-09-18,2024,UEFA Champions League,Bologna,Shakhtar Donetsk,0 - 0,0 - 0,X,0,Yok
2024-09-18,2024,UEFA Champions League,Sparta Praha,Red Bull Salzburg,3 - 0,2 - 0,1,3,Yok
2024-09-18,2024,UEFA Champions League,Manchester City,Inter,0 - 0,0 - 0,X,0,Yok
2024-09-18,2024,UEFA Champions League,Paris Saint Germain,Girona,1 - 0,0 - 0,1,1,Yok
2024-09-18,2024,UEFA Champions League,Celtic,Slovan Bratislava,5 - 1,1 - 0,1,6,Evet
2024-09-18,2024,UEFA Champions League,Club Brugge KV,Borussia Dortmund,0 - 3,0 - 0,2,3,Yok
2024-09-19,2024,UEFA Champions League,Feyenoord,Bayer Leverkusen,0 - 4,0 - 4,2,4,Yok
2024-09-19,2024,UEFA Champions League,FK Crvena Zvezda,Benfica,1 - 2,0 - 2,2,3,Evet
2024-09-19,2024,UEFA Champions League,Monaco,Barcelona,2 - 1,1 - 1,1,3,Evet
2024-09-19,2024,UEFA Champions League,Stade Brestois 29,Sturm Graz,2 - 1,1 - 1,1,3,Evet
2024-09-19,2024,UEFA Champions League,Atalanta,Arsenal,0 - 0,0 - 0,X,0,Yok
2024-09-19,2024,UEFA Champions League,Atletico Madrid,RB Leipzig,2 - 1,1 - 1,1,3,Evet
2024-10-01,2024,UEFA Champions League,VfB Stuttgart,Sparta Praha,1 - 1,1 - 1,X,2,Evet
2024-10-01,2024,UEFA Champions League,Red Bull Salzburg,Stade Brestois 29,0 - 4,0 - 1,2,4,Yok
2024-10-01,2024,UEFA Champions League,Arsenal,Paris Saint Germain,2 - 0,2 - 0,1,2,Yok
2024-10-01,2024,UEFA Champions League,Borussia Dortmund,Celtic,7 - 1,5 - 1,1,8,Evet
2024-10-01,2024,UEFA Champions League,Bayer Leverkusen,AC Milan,1 - 0,0 - 0,1,1,Yok
2024-10-01,2024,UEFA Champions League,PSV Eindhoven,Sporting CP,1 - 1,1 - 0,X,2,Evet
2024-10-01,2024,UEFA Champions League,Inter,FK Crvena Zvezda,4 - 0,1 - 0,1,4,Yok
2024-10-01,2024,UEFA Champions League,Barcelona,BSC Young Boys,5 - 0,3 - 0,1,5,Yok
2024-10-01,2024,UEFA Champions League,Slovan Bratislava,Manchester City,0 - 4,0 - 2,2,4,Yok
2024-10-02,2024,UEFA Champions League,Girona,Feyenoord,2 - 3,1 - 2,2,5,Evet
2024-10-02,2024,UEFA Champions League,Shakhtar Donetsk,Atalanta,0 - 3,0 - 2,2,3,Yok
2024-10-02,2024,UEFA Champions League,Liverpool,Bologna,2 - 0,1 - 0,1,2,Yok
2024-10-02,2024,UEFA Champions League,Aston Villa,Bayern München,1 - 0,0 - 0,1,1,Yok
2024-10-02,2024,UEFA Champions League,Lille,Real Madrid,1 - 0,1 - 0,1,1,Yok
2024-10-02,2024,UEFA Champions League,RB Leipzig,Juventus,2 - 3,1 - 0,2,5,Evet
2024-10-02,2024,UEFA Champions League,Benfica,Atletico Madrid,4 - 0,1 - 0,1,4,Yok
2024-10-02,2024,UEFA Champions League,Dinamo Zagreb,Monaco,2 - 2,1 - 0,X,4,Evet
2024-10-02,2024,UEFA Champions League,Sturm Graz,Club Brugge KV,0 - 1,0 - 1,2,1,Yok
2024-10-22,2024,UEFA Champions League,Monaco,FK Crvena Zvezda,5 - 1,2 - 1,1,6,Evet
2024-10-22,2024,UEFA Champions League,AC Milan,Club Brugge KV,3 - 1,1 - 0,1,4,Evet
2024-10-22,2024,UEFA Champions League,Arsenal,Shakhtar Donetsk,1 - 0,1 - 0,1,1,Yok
2024-10-22,2024,UEFA Champions League,Aston Villa,Bologna,2 - 0,0 - 0,1,2,Yok
2024-10-22,2024,UEFA Champions League,Paris Saint Germain,PSV Eindhoven,1 - 1,0 - 1,X,2,Evet
2024-10-22,2024,UEFA Champions League,Juventus,VfB Stuttgart,0 - 1,0 - 0,2,1,Yok
2024-10-22,2024,UEFA Champions League,Real Madrid,Borussia Dortmund,5 - 2,0 - 2,1,7,Evet
2024-10-22,2024,UEFA Champions League,Girona,Slovan Bratislava,2 - 0,1 - 0,1,2,Yok
2024-10-22,2024,UEFA Champions League,Sturm Graz,Sporting CP,0 - 2,0 - 1,2,2,Yok
2024-10-23,2024,UEFA Champions League,Stade Brestois 29,Bayer Leverkusen,1 - 1,1 - 1,X,2,Evet
2024-10-23,2024,UEFA Champions League,Atalanta,Celtic,0 - 0,0 - 0,X,0,Yok
2024-10-23,2024,UEFA Champions League,Manchester City,Sparta Praha,5 - 0,1 - 0,1,5,Yok
2024-10-23,2024,UEFA Champions League,RB Leipzig,Liverpool,0 - 1,0 - 1,2,1,Yok
2024-10-23,2024,UEFA Champions League,Benfica,Feyenoord,1 - 3,0 - 2,2,4,Evet
2024-10-23,2024,UEFA Champions League,Barcelona,Bayern München,4 - 1,3 - 1,1,5,Evet
2024-10-23,2024,UEFA Champions League,Atletico Madrid,Lille,1 - 3,1 - 0,2,4,Evet
2024-10-23,2024,UEFA Champions League,BSC Young Boys,Inter,0 - 1,0 - 0,2,1,Yok
2024-10-23,2024,UEFA Champions League,Red Bull Salzburg,Dinamo Zagreb,0 - 2,0 - 0,2,2,Yok
2024-11-05,2024,UEFA Champions League,PSV Eindhoven,Girona,4 - 0,2 - 0,1,4,Yok
2024-11-05,2024,UEFA Champions League,Slovan Bratislava,Dinamo Zagreb,1 - 4,1 - 2,2,5,Evet
2024-11-05,2024,UEFA Champions League,Liverpool,Bayer Leverkusen,4 - 0,0 - 0,1,4,Yok
2024-11-05,2024,UEFA Champions League,Lille,Juventus,1 - 1,1 - 0,X,2,Evet
2024-11-05,2024,UEFA Champions League,Borussia Dortmund,Sturm Graz,1 - 0,0 - 0,1,1,Yok
2024-11-05,2024,UEFA Champions League,Sporting CP,Manchester City,4 - 1,1 - 1,1,5,Evet
2024-11-05,2024,UEFA Champions League,Celtic,RB Leipzig,3 - 1,2 - 1,1,4,Evet
2024-11-05,2024,UEFA Champions League,Bologna,Monaco,0 - 1,0 - 0,2,1,Yok
2024-11-05,2024,UEFA Champions League,Real Madrid,AC Milan,1 - 3,1 - 2,2,4,Evet
2024-11-06,2024,UEFA Champions League,Shakhtar Donetsk,BSC Young Boys,2 - 1,2 - 1,1,3,Evet
2024-11-06,2024,UEFA Champions League,Club Brugge KV,Aston Villa,1 - 0,0 - 0,1,1,Yok
2024-11-06,2024,UEFA Champions League,Paris Saint Germain,Atletico Madrid,1 - 2,1 - 1,2,3,Evet
2024-11-06,2024,UEFA Champions League,Bayern München,Benfica,1 - 0,0 - 0,1,1,Yok
2024-11-06,2024,UEFA Champions League,VfB Stuttgart,Atalanta,0 - 2,0 - 0,2,2,Yok
2024-11-06,2024,UEFA Champions League,Feyenoord,Red Bull Salzburg,1 - 3,0 - 1,2,4,Evet
2024-11-06,2024,UEFA Champions League,Inter,Arsenal,1 - 0,1 - 0,1,1,Yok
2024-11-06,2024,UEFA Champions League,FK Crvena Zvezda,Barcelona,2 - 5,1 - 2,2,7,Evet
2024-11-06,2024,UEFA Champions League,Sparta Praha,Stade Brestois 29,1 - 2,0 - 1,2,3,Evet
2024-11-26,2024,UEFA Champions League,Sparta Praha,Atletico Madrid,0 - 6,0 - 2,2,6,Yok
2024-11-26,2024,UEFA Champions League,Slovan Bratislava,AC Milan,2 - 3,1 - 1,2,5,Evet
2024-11-26,2024,UEFA Champions League,Manchester City,Feyenoord,3 - 3,1 - 0,X,6,Evet
2024-11-26,2024,UEFA Champions League,Bayern München,Paris Saint Germain,1 - 0,1 - 0,1,1,Yok
2024-11-26,2024,UEFA Champions League,Bayer Leverkusen,Red Bull Salzburg,5 - 0,3 - 0,1,5,Yok
2024-11-26,2024,UEFA Champions League,Sporting CP,Arsenal,1 - 5,0 - 3,2,6,Evet
2024-11-26,2024,UEFA Champions League,Inter,RB Leipzig,1 - 0,1 - 0,1,1,Yok
2024-11-26,2024,UEFA Champions League,Barcelona,Stade Brestois 29,3 - 0,1 - 0,1,3,Yok
2024-11-26,2024,UEFA Champions League,BSC Young Boys,Atalanta,1 - 6,1 - 4,2,7,Evet
2024-11-27,2024,UEFA Champions League,FK Crvena Zvezda,VfB Stuttgart,5 - 1,2 - 1,1,6,Evet
2024-11-27,2024,UEFA Champions League,Sturm Graz,Girona,1 - 0,0 - 0,1,1,Yok
2024-11-27,2024,UEFA Champions League,Liverpool,Real Madrid,2 - 0,0 - 0,1,2,Yok
2024-11-27,2024,UEFA Champions League,Aston Villa,Juventus,0 - 0,0 - 0,X,0,Yok
2024-11-27,2024,UEFA Champions League,Monaco,Benfica,2 - 3,1 - 0,2,5,Evet
2024-11-27,2024,UEFA Champions League,PSV Eindhoven,Shakhtar Donetsk,3 - 2,0 - 2,1,5,Evet
2024-11-27,2024,UEFA Champions League,Celtic,Club Brugge KV,1 - 1,0 - 1,X,2,Evet
2024-11-27,2024,UEFA Champions League,Bologna,Lille,1 - 2,0 - 1,2,3,Evet
2024-11-27,2024,UEFA Champions League,Dinamo Zagreb,Borussia Dortmund,0 - 3,0 - 1,2,3,Yok
2024-12-10,2024,UEFA Champions League,Girona,Liverpool,0 - 1,0 - 0,2,1,Yok
2024-12-10,2024,UEFA Champions League,Dinamo Zagreb,Celtic,0 - 0,0 - 0,X,0,Yok
2024-12-10,2024,UEFA Champions League,Stade Brestois 29,PSV Eindhoven,1 - 0,1 - 0,1,1,Yok
2024-12-10,2024,UEFA Champions League,Bayer Leverkusen,Inter,1 - 0,0 - 0,1,1,Yok
2024-12-10,2024,UEFA Champions League,RB Leipzig,Aston Villa,2 - 3,1 - 1,2,5,Evet
2024-12-10,2024,UEFA Champions League,Atalanta,Real Madrid,2 - 3,1 - 1,2,5,Evet
2024-12-10,2024,UEFA Champions League,Shakhtar Donetsk,Bayern München,1 - 5,1 - 2,2,6,Evet
2024-12-10,2024,UEFA Champions League,Club Brugge KV,Sporting CP,2 - 1,1 - 1,1,3,Evet
2024-12-10,2024,UEFA Champions League,Red Bull Salzburg,Paris Saint Germain,0 - 3,0 - 1,2,3,Yok
2024-12-11,2024,UEFA Champions League,Lille,Sturm Graz,3 - 2,2 - 1,1,5,Evet
2024-12-11,2024,UEFA Champions League,Atletico Madrid,Slovan Bratislava,3 - 1,2 - 0,1,4,Evet
2024-12-11,2024,UEFA Champions League,Arsenal,Monaco,3 - 0,1 - 0,1,3,Yok
2024-12-11,2024,UEFA Champions League,Borussia Dortmund,Barcelona,2 - 3,0 - 0,2,5,Evet
2024-12-11,2024,UEFA Champions League,VfB Stuttgart,BSC Young Boys,5 - 1,1 - 1,1,6,Evet
2024-12-11,2024,UEFA Champions League,Feyenoord,Sparta Praha,4 - 2,3 - 1,1,6,Evet
2024-12-11,2024,UEFA Champions League,Benfica,Bologna,0 - 0,0 - 0,X,0,Yok
2024-12-11,2024,UEFA Champions League,AC Milan,FK Crvena Zvezda,2 - 1,1 - 0,1,3,Evet
2024-12-11,2024,UEFA Champions League,Juventus,Manchester City,2 - 0,0 - 0,1,2,Yok
2025-01-21,2024,UEFA Champions League,Monaco,Aston Villa,1 - 0,1 - 0,1,1,Yok
2025-01-21,2024,UEFA Champions League,Atalanta,Sturm Graz,5 - 0,1 - 0,1,5,Yok
2025-01-21,2024,UEFA Champions League,Liverpool,Lille,2 - 1,1 - 0,1,3,Evet
2025-01-21,2024,UEFA Champions League,Benfica,Barcelona,4 - 5,3 - 1,2,9,Evet
2025-01-21,2024,UEFA Champions League,Bologna,Borussia Dortmund,2 - 1,0 - 1,1,3,Evet
2025-01-21,2024,UEFA Champions League,Atletico Madrid,Bayer Leverkusen,2 - 1,0 - 1,1,3,Evet
2025-01-21,2024,UEFA Champions League,Club Brugge KV,Juventus,0 - 0,0 - 0,X,0,Yok
2025-01-21,2024,UEFA Champions League,FK Crvena Zvezda,PSV Eindhoven,2 - 3,0 - 3,2,5,Evet
2025-01-21,2024,UEFA Champions League,Slovan Bratislava,VfB Stuttgart,1 - 3,0 - 2,2,4,Evet
2025-01-22,2024,UEFA Champions League,RB Leipzig,Sporting CP,2 - 1,1 - 0,1,3,Evet
2025-01-22,2024,UEFA Champions League,Shakhtar Donetsk,Stade Brestois 29,2 - 0,2 - 0,1,2,Yok
2025-01-22,2024,UEFA Champions League,Arsenal,Dinamo Zagreb,3 - 0,1 - 0,1,3,Yok
2025-01-22,2024,UEFA Champions League,Paris Saint Germain,Manchester City,4 - 2,0 - 0,1,6,Evet
2025-01-22,2024,UEFA Champions League,Feyenoord,Bayern München,3 - 0,2 - 0,1,3,Yok
2025-01-22,2024,UEFA Champions League,Celtic,BSC Young Boys,1 - 0,0 - 0,1,1,Yok
2025-01-22,2024,UEFA Champions League,AC Milan,Girona,1 - 0,1 - 0,1,1,Yok
2025-01-22,2024,UEFA Champions League,Real Madrid,Red Bull Salzburg,5 - 1,2 - 0,1,6,Evet
2025-01-22,2024,UEFA Champions League,Sparta Praha,Inter,0 - 1,0 - 1,2,1,Yok
2025-01-29,2024,UEFA Champions League,Manchester City,Club Brugge KV,3 - 1,0 - 1,1,4,Evet
2025-01-29,2024,UEFA Champions League,Aston Villa,Celtic,4 - 2,2 - 2,1,6,Evet
2025-01-29,2024,UEFA Champions League,Lille,Feyenoord,6 - 1,2 - 1,1,7,Evet
2025-01-29,2024,UEFA Champions League,Stade Brestois 29,Real Madrid,0 - 3,0 - 1,2,3,Yok
2025-01-29,2024,UEFA Champions League,Bayern München,Slovan Bratislava,3 - 1,1 - 0,1,4,Evet
2025-01-29,2024,UEFA Champions League,Borussia Dortmund,Shakhtar Donetsk,3 - 1,2 - 0,1,4,Evet
2025-01-29,2024,UEFA Champions League,Bayer Leverkusen,Sparta Praha,2 - 0,1 - 0,1,2,Yok
2025-01-29,2024,UEFA Champions League,VfB Stuttgart,Paris Saint Germain,1 - 4,0 - 3,2,5,Evet
2025-01-29,2024,UEFA Champions League,PSV Eindhoven,Liverpool,3 - 2,3 - 2,1,5,Evet
2025-01-29,2024,UEFA Champions League,Sporting CP,Bologna,1 - 1,0 - 1,X,2,Evet
2025-01-29,2024,UEFA Champions League,Juventus,Benfica,0 - 2,0 - 1,2,2,Yok
2025-01-29,2024,UEFA Champions League,Inter,Monaco,3 - 0,2 - 0,1,3,Yok
2025-01-29,2024,UEFA Champions League,Barcelona,Atalanta,2 - 2,0 - 0,X,4,Evet
2025-01-29,2024,UEFA Champions League,Girona,Arsenal,1 - 2,1 - 2,2,3,Evet
2025-01-29,2024,UEFA Champions League,BSC Young Boys,FK Crvena Zvezda,0 - 1,0 - 0,2,1,Yok
2025-01-29,2024,UEFA Champions League,Red Bull Salzburg,Atletico Madrid,1 - 4,0 - 3,2,5,Evet
2025-01-29,2024,UEFA Champions League,Dinamo Zagreb,AC Milan,2 - 1,1 - 0,1,3,Evet
2025-01-29,2024,UEFA Champions League,Sturm Graz,RB Leipzig,1 - 0,1 - 0,1,1,Yok
2025-02-11,2024,UEFA Champions League,Stade Brestois 29,Paris Saint Germain,0 - 3,0 - 2,2,3,Yok
2025-02-11,2024,UEFA Champions League,Manchester City,Real Madrid,2 - 3,1 - 0,2,5,Evet
2025-02-11,2024,UEFA Champions League,Sporting CP,Borussia Dortmund,0 - 3,0 - 0,2,3,Yok
2025-02-11,2024,UEFA Champions League,Juventus,PSV Eindhoven,2 - 1,1 - 0,1,3,Evet
2025-02-12,2024,UEFA Champions League,Club Brugge KV,Atalanta,2 - 1,1 - 1,1,3,Evet
2025-02-12,2024,UEFA Champions League,Monaco,Benfica,0 - 1,0 - 0,2,1,Yok
2025-02-12,2024,UEFA Champions League,Feyenoord,AC Milan,1 - 0,1 - 0,1,1,Yok
2025-02-12,2024,UEFA Champions League,Celtic,Bayern München,1 - 2,0 - 1,2,3,Evet
2025-02-18,2024,UEFA Champions League,AC Milan,Feyenoord,1 - 1,1 - 0,X,2,Evet
2025-02-18,2024,UEFA Champions League,Bayern München,Celtic,1 - 1,0 - 0,X,2,Evet
2025-02-18,2024,UEFA Champions League,Benfica,Monaco,3 - 3,1 - 1,X,6,Evet
2025-02-18,2024,UEFA Champions League,Atalanta,Club Brugge KV,1 - 3,0 - 3,2,4,Evet
2025-02-19,2024,UEFA Champions League,Borussia Dortmund,Sporting CP,0 - 0,0 - 0,X,0,Yok
2025-02-19,2024,UEFA Champions League,Paris Saint Germain,Stade Brestois 29,7 - 0,2 - 0,1,7,Yok
2025-02-19,2024,UEFA Champions League,PSV Eindhoven,Juventus,3 - 1,0 - 0,1,4,Evet
2025-02-19,2024,UEFA Champions League,Real Madrid,Manchester City,3 - 1,2 - 0,1,4,Evet
2025-03-04,2024,UEFA Champions League,Club Brugge KV,Aston Villa,1 - 3,1 - 1,2,4,Evet
2025-03-04,2024,UEFA Champions League,Borussia Dortmund,Lille,1 - 1,1 - 0,X,2,Evet
2025-03-04,2024,UEFA Champions League,PSV Eindhoven,Arsenal,1 - 7,1 - 3,2,8,Evet
2025-03-04,2024,UEFA Champions League,Real Madrid,Atletico Madrid,2 - 1,1 - 1,1,3,Evet
2025-03-05,2024,UEFA Champions League,Feyenoord,Inter,0 - 2,0 - 1,2,2,Yok
2025-03-05,2024,UEFA Champions League,Paris Saint Germain,Liverpool,0 - 1,0 - 0,2,1,Yok
2025-03-05,2024,UEFA Champions League,Bayern München,Bayer Leverkusen,3 - 0,1 - 0,1,3,Yok
2025-03-05,2024,UEFA Champions League,Benfica,Barcelona,0 - 1,0 - 0,2,1,Yok
2025-03-11,2024,UEFA Champions League,Barcelona,Benfica,3 - 1,3 - 1,1,4,Evet
2025-03-11,2024,UEFA Champions League,Liverpool,Paris Saint Germain,0 - 1,0 - 1,2,1,Yok
2025-03-11,2024,UEFA Champions League,Bayer Leverkusen,Bayern München,0 - 2,0 - 0,2,2,Yok
2025-03-11,2024,UEFA Champions League,Inter,Feyenoord,2 - 1,1 - 1,1,3,Evet
2025-03-12,2024,UEFA Champions League,Lille,Borussia Dortmund,1 - 2,1 - 0,2,3,Evet
2025-03-12,2024,UEFA Champions League,Arsenal,PSV Eindhoven,2 - 2,2 - 1,X,4,Evet
2025-03-12,2024,UEFA Champions League,Aston Villa,Club Brugge KV,3 - 0,0 - 0,1,3,Yok
2025-03-12,2024,UEFA Champions League,Atletico Madrid,Real Madrid,1 - 0,1 - 0,1,1,Yok
2025-04-08,2024,UEFA Champions League,Arsenal,Real Madrid,3 - 0,0 - 0,1,3,Yok
2025-04-08,2024,UEFA Champions League,Bayern München,Inter,1 - 2,0 - 1,2,3,Evet
2025-04-09,2024,UEFA Champions League,Paris Saint Germain,Aston Villa,3 - 1,1 - 1,1,4,Evet
2025-04-09,2024,UEFA Champions League,Barcelona,Borussia Dortmund,4 - 0,1 - 0,1,4,Yok
2025-04-15,2024,UEFA Champions League,Aston Villa,Paris Saint Germain,3 - 2,1 - 2,1,5,Evet
2025-04-15,2024,UEFA Champions League,Borussia Dortmund,Barcelona,3 - 1,1 - 0,1,4,Evet
2025-04-16,2024,UEFA Champions League,Inter,Bayern München,2 - 2,0 - 0,X,4,Evet
2025-04-16,2024,UEFA Champions League,Real Madrid,Arsenal,1 - 2,0 - 0,2,3,Evet
2025-04-29,2024,UEFA Champions League,Arsenal,Paris Saint Germain,0 - 1,0 - 1,2,1,Yok
2025-04-30,2024,UEFA Champions League,Barcelona,Inter,3 - 3,2 - 2,X,6,Evet
2025-05-06,2024,UEFA Champions League,Inter,Barcelona,4 - 3,2 - 0,1,7,Evet
2025-05-07,2024,UEFA Champions League,Paris Saint Germain,Arsenal,2 - 1,1 - 0,1,3,Evet
2025-05-31,2024,UEFA Champions League,Paris Saint Germain,Inter,5 - 0,2 - 0,1,5,Yok
2023-06-27,2023,UEFA Champions League,Atlètic Club d'Escaldes,Buducnost Podgorica,0 - 3,0 - 2,2,3,Yok
2023-06-27,2023,UEFA Champions League,Tre Penne,Breidablik,1 - 7,1 - 3,2,8,Evet
2023-06-30,2023,UEFA Champions League,Buducnost Podgorica,Breidablik,0 - 5,0 - 4,2,5,Yok
2023-07-11,2023,UEFA Champions League,FC Urartu,Zrinjski,0 - 1,0 - 0,2,1,Yok
2023-07-11,2023,UEFA Champions League,Lincoln Red Imps FC,Qarabag,1 - 2,1 - 0,2,3,Evet
2023-07-11,2023,UEFA Champions League,FK Zalgiris Vilnius,Struga,0 - 0,0 - 0,X,0,Yok
2023-07-11,2023,UEFA Champions League,Olimpija Ljubljana,Valmiera / BSS,2 - 1,1 - 0,1,3,Evet
2023-07-11,2023,UEFA Champions League,Raków Częstochowa,Flora Tallinn,1 - 0,0 - 0,1,1,Yok
2023-07-11,2023,UEFA Champions League,Hamrun Spartans,Maccabi Haifa,0 - 4,0 - 2,2,4,Yok
2023-07-11,2023,UEFA Champions League,Shamrock Rovers,Breidablik,0 - 1,0 - 1,2,1,Yok
2023-07-11,2023,UEFA Champions League,KI Klaksvik,Ferencvarosi TC,0 - 0,0 - 0,X,0,Yok
2023-07-11,2023,UEFA Champions League,Partizani,Bate Borisov,1 - 1,0 - 0,X,2,Evet
2023-07-11,2023,UEFA Champions League,Ballkani,Ludogorets,2 - 0,1 - 0,1,2,Yok
2023-07-12,2023,UEFA Champions League,FC Astana,Dinamo Tbilisi,1 - 1,1 - 0,X,2,Evet
2023-07-12,2023,UEFA Champions League,HJK Helsinki,Larne,1 - 0,1 - 0,1,1,Yok
2023-07-12,2023,UEFA Champions League,BK Hacken,The New Saints,3 - 1,3 - 1,1,4,Evet
2023-07-12,2023,UEFA Champions League,Farul Constanta,Sheriff Tiraspol,1 - 0,0 - 0,1,1,Yok
2023-07-12,2023,UEFA Champions League,Slovan Bratislava,Swift Hesperange,1 - 1,1 - 1,X,2,Evet
2023-07-18,2023,UEFA Champions League,Struga,FK Zalgiris Vilnius,1 - 2,0 - 0,2,3,Evet
2023-07-18,2023,UEFA Champions League,Sheriff Tiraspol,Farul Constanta,3 - 0,1 - 0,1,3,Yok
2023-07-18,2023,UEFA Champions League,Flora Tallinn,Raków Częstochowa,0 - 3,0 - 0,2,3,Yok
2023-07-18,2023,UEFA Champions League,Maccabi Haifa,Hamrun Spartans,2 - 1,0 - 1,1,3,Evet
2023-07-18,2023,UEFA Champions League,The New Saints,BK Hacken,0 - 2,0 - 1,2,2,Yok
2023-07-18,2023,UEFA Champions League,Bate Borisov,Partizani,2 - 0,0 - 0,1,2,Yok
2023-07-18,2023,UEFA Champions League,Zrinjski,FC Urartu,2 - 3,1 - 0,2,5,Evet
2023-07-18,2023,UEFA Champions League,Breidablik,Shamrock Rovers,2 - 1,1 - 0,1,3,Evet
2023-07-19,2023,UEFA Champions League,Valmiera / BSS,Olimpija Ljubljana,1 - 2,0 - 1,2,3,Evet
2023-07-19,2023,UEFA Champions League,Qarabag,Lincoln Red Imps FC,4 - 0,2 - 0,1,4,Yok
2023-07-19,2023,UEFA Champions League,Ferencvarosi TC,KI Klaksvik,0 - 3,0 - 3,2,3,Yok
2023-07-19,2023,UEFA Champions League,Dinamo Tbilisi,FC Astana,1 - 2,1 - 0,2,3,Evet
2023-07-19,2023,UEFA Champions League,Ludogorets,Ballkani,4 - 0,2 - 0,1,4,Yok
2023-07-19,2023,UEFA Champions League,Swift Hesperange,Slovan Bratislava,0 - 2,0 - 0,2,2,Yok
2023-07-19,2023,UEFA Champions League,Larne,HJK Helsinki,2 - 2,0 - 1,X,4,Evet
2023-07-25,2023,UEFA Champions League,FK Zalgiris Vilnius,Galatasaray,2 - 2,0 - 0,X,4,Evet
2023-07-25,2023,UEFA Champions League,HJK Helsinki,Molde,1 - 0,1 - 0,1,1,Yok
2023-07-25,2023,UEFA Champions League,Dinamo Zagreb,FC Astana,4 - 0,3 - 0,1,4,Yok
2023-07-25,2023,UEFA Champions League,Dnipro-1,Panathinaikos,1 - 3,0 - 1,2,4,Evet
2023-07-25,2023,UEFA Champions League,Servette FC,Genk,1 - 1,0 - 1,X,2,Evet
2023-07-25,2023,UEFA Champions League,Zrinjski,Slovan Bratislava,0 - 1,0 - 0,2,1,Yok
2023-07-25,2023,UEFA Champions League,Breidablik,FC Copenhagen,0 - 2,0 - 2,2,2,Yok
2023-07-26,2023,UEFA Champions League,Sheriff Tiraspol,Maccabi Haifa,1 - 0,1 - 0,1,1,Yok
2023-07-26,2023,UEFA Champions League,Aris,Bate Borisov,6 - 2,3 - 0,1,8,Evet
2023-07-26,2023,UEFA Champions League,Raków Częstochowa,Qarabag,3 - 2,0 - 0,1,5,Evet
2023-07-26,2023,UEFA Champions League,Ludogorets,Olimpija Ljubljana,1 - 1,1 - 1,X,2,Evet
2023-07-26,2023,UEFA Champions League,KI Klaksvik,BK Hacken,0 - 0,0 - 0,X,0,Yok
2023-08-01,2023,UEFA Champions League,Panathinaikos,Dnipro-1,2 - 2,1 - 1,X,4,Evet
2023-08-01,2023,UEFA Champions League,Bate Borisov,Aris,3 - 5,1 - 3,2,8,Evet
2023-08-01,2023,UEFA Champions League,Olimpija Ljubljana,Ludogorets,2 - 1,1 - 1,1,3,Evet
2023-08-01,2023,UEFA Champions League,Slovan Bratislava,Zrinjski,2 - 2,1 - 0,X,4,Evet
2023-08-02,2023,UEFA Champions League,FC Astana,Dinamo Zagreb,0 - 2,0 - 1,2,2,Yok
2023-08-02,2023,UEFA Champions League,Qarabag,Raków Częstochowa,1 - 1,0 - 0,X,2,Evet
2023-08-02,2023,UEFA Champions League,Molde,HJK Helsinki,2 - 0,0 - 0,1,2,Yok
2023-08-02,2023,UEFA Champions League,BK Hacken,KI Klaksvik,3 - 3,1 - 1,X,6,Evet
2023-08-02,2023,UEFA Champions League,Genk,Servette FC,2 - 2,1 - 1,X,4,Evet
2023-08-02,2023,UEFA Champions League,Maccabi Haifa,Sheriff Tiraspol,4 - 1,1 - 1,1,5,Evet
2023-08-02,2023,UEFA Champions League,FC Copenhagen,Breidablik,6 - 3,4 - 1,1,9,Evet
2023-08-02,2023,UEFA Champions League,Galatasaray,FK Zalgiris Vilnius,1 - 0,1 - 0,1,1,Yok
2023-08-08,2023,UEFA Champions League,FC Copenhagen,Sparta Praha,0 - 0,0 - 0,X,0,Yok
2023-08-08,2023,UEFA Champions League,Raków Częstochowa,Aris,2 - 1,1 - 0,1,3,Evet
2023-08-08,2023,UEFA Champions League,PSV Eindhoven,Sturm Graz,4 - 1,3 - 1,1,5,Evet
2023-08-08,2023,UEFA Champions League,KI Klaksvik,Molde,2 - 1,0 - 0,1,3,Evet
2023-08-08,2023,UEFA Champions League,SC Braga,TSC Backa Topola,3 - 0,2 - 0,1,3,Yok
2023-08-08,2023,UEFA Champions League,Olimpija Ljubljana,Galatasaray,0 - 3,0 - 1,2,3,Yok
2023-08-09,2023,UEFA Champions League,Panathinaikos,Marseille,1 - 0,0 - 0,1,1,Yok
2023-08-09,2023,UEFA Champions League,Slovan Bratislava,Maccabi Haifa,1 - 2,1 - 2,2,3,Evet
2023-08-09,2023,UEFA Champions League,Rangers,Servette FC,2 - 1,2 - 1,1,3,Evet
2023-08-15,2023,UEFA Champions League,Molde,KI Klaksvik,2 - 0,1 - 0,1,2,Yok
2023-08-15,2023,UEFA Champions League,Sparta Praha,FC Copenhagen,3 - 3,0 - 1,X,6,Evet
2023-08-15,2023,UEFA Champions League,Aris,Raków Częstochowa,0 - 1,0 - 0,2,1,Yok
2023-08-15,2023,UEFA Champions League,Maccabi Haifa,Slovan Bratislava,3 - 1,2 - 0,1,4,Evet
2023-08-15,2023,UEFA Champions League,Dinamo Zagreb,AEK Athens FC,1 - 2,1 - 0,2,3,Evet
2023-08-15,2023,UEFA Champions League,Galatasaray,Olimpija Ljubljana,1 - 0,1 - 0,1,1,Yok
2023-08-15,2023,UEFA Champions League,TSC Backa Topola,SC Braga,1 - 4,1 - 4,2,5,Evet
2023-08-15,2023,UEFA Champions League,Sturm Graz,PSV Eindhoven,1 - 3,1 - 2,2,4,Evet
2023-08-15,2023,UEFA Champions League,Servette FC,Rangers,1 - 1,1 - 0,X,2,Evet
2023-08-15,2023,UEFA Champions League,Marseille,Panathinaikos,2 - 1,2 - 0,1,3,Evet
2023-08-19,2023,UEFA Champions League,AEK Athens FC,Dinamo Zagreb,2 - 2,0 - 1,X,4,Evet
2023-08-22,2023,UEFA Champions League,Rangers,PSV Eindhoven,2 - 2,1 - 0,X,4,Evet
2023-08-22,2023,UEFA Champions League,Antwerp,AEK Athens FC,1 - 0,1 - 0,1,1,Yok
2023-08-22,2023,UEFA Champions League,Raków Częstochowa,FC Copenhagen,0 - 1,0 - 1,2,1,Yok
2023-08-23,2023,UEFA Champions League,SC Braga,Panathinaikos,2 - 1,0 - 0,1,3,Evet
2023-08-23,2023,UEFA Champions League,Molde,Galatasaray,2 - 3,1 - 2,2,5,Evet
2023-08-23,2023,UEFA Champions League,Maccabi Haifa,BSC Young Boys,0 - 0,0 - 0,X,0,Yok
2023-08-29,2023,UEFA Champions League,BSC Young Boys,Maccabi Haifa,3 - 0,2 - 0,1,3,Yok
2023-08-29,2023,UEFA Champions League,Panathinaikos,SC Braga,0 - 1,0 - 0,2,1,Yok
2023-08-29,2023,UEFA Champions League,Galatasaray,Molde,2 - 1,1 - 0,1,3,Evet
2023-08-30,2023,UEFA Champions League,PSV Eindhoven,Rangers,5 - 1,1 - 0,1,6,Evet
2023-08-30,2023,UEFA Champions League,FC Copenhagen,Raków Częstochowa,1 - 1,1 - 0,X,2,Evet
2023-08-30,2023,UEFA Champions League,AEK Athens FC,Antwerp,1 - 2,0 - 0,2,3,Evet
2023-09-19,2023,UEFA Champions League,AC Milan,Newcastle,0 - 0,0 - 0,X,0,Yok
2023-09-19,2023,UEFA Champions League,BSC Young Boys,RB Leipzig,1 - 3,1 - 1,2,4,Evet
2023-09-19,2023,UEFA Champions League,Manchester City,FK Crvena Zvezda,3 - 1,0 - 1,1,4,Evet
2023-09-19,2023,UEFA Champions League,Paris Saint Germain,Borussia Dortmund,2 - 0,0 - 0,1,2,Yok
2023-09-19,2023,UEFA Champions League,Feyenoord,Celtic,2 - 0,1 - 0,1,2,Yok
2023-09-19,2023,UEFA Champions League,Lazio,Atletico Madrid,1 - 1,0 - 1,X,2,Evet
2023-09-19,2023,UEFA Champions League,Barcelona,Antwerp,5 - 0,3 - 0,1,5,Yok
2023-09-19,2023,UEFA Champions League,Shakhtar Donetsk,FC Porto,1 - 3,1 - 3,2,4,Evet
2023-09-20,2023,UEFA Champions League,Real Madrid,Union Berlin,1 - 0,0 - 0,1,1,Yok
2023-09-20,2023,UEFA Champions League,Galatasaray,FC Copenhagen,2 - 2,0 - 1,X,4,Evet
2023-09-20,2023,UEFA Champions League,Arsenal,PSV Eindhoven,4 - 0,3 - 0,1,4,Yok
2023-09-20,2023,UEFA Champions League,Bayern Munich,Manchester United,4 - 3,2 - 0,1,7,Evet
2023-09-20,2023,UEFA Champions League,Benfica,Red Bull Salzburg,0 - 2,0 - 1,2,2,Yok
2023-09-20,2023,UEFA Champions League,SC Braga,Napoli,1 - 2,0 - 1,2,3,Evet
2023-09-20,2023,UEFA Champions League,Sevilla,Lens,1 - 1,1 - 1,X,2,Evet
2023-09-20,2023,UEFA Champions League,Real Sociedad,Inter,1 - 1,1 - 0,X,2,Evet
2023-10-03,2023,UEFA Champions League,Union Berlin,SC Braga,2 - 3,2 - 1,2,5,Evet
2023-10-03,2023,UEFA Champions League,Red Bull Salzburg,Real Sociedad,0 - 2,0 - 2,2,2,Yok
2023-10-03,2023,UEFA Champions League,Manchester United,Galatasaray,2 - 3,1 - 1,2,5,Evet
2023-10-03,2023,UEFA Champions League,Lens,Arsenal,2 - 1,1 - 1,1,3,Evet
2023-10-03,2023,UEFA Champions League,PSV Eindhoven,Sevilla,2 - 2,0 - 0,X,4,Evet
2023-10-03,2023,UEFA Champions League,FC Copenhagen,Bayern Munich,1 - 2,0 - 0,2,3,Evet
2023-10-03,2023,UEFA Champions League,Napoli,Real Madrid,2 - 3,1 - 2,2,5,Evet
2023-10-03,2023,UEFA Champions League,Inter,Benfica,1 - 0,0 - 0,1,1,Yok
2023-10-04,2023,UEFA Champions League,Atletico Madrid,Feyenoord,3 - 2,2 - 2,1,5,Evet
2023-10-04,2023,UEFA Champions League,Antwerp,Shakhtar Donetsk,2 - 3,2 - 0,2,5,Evet
2023-10-04,2023,UEFA Champions League,Newcastle,Paris Saint Germain,4 - 1,2 - 0,1,5,Evet
2023-10-04,2023,UEFA Champions League,Borussia Dortmund,AC Milan,0 - 0,0 - 0,X,0,Yok
2023-10-04,2023,UEFA Champions League,RB Leipzig,Manchester City,1 - 3,0 - 1,2,4,Evet
2023-10-04,2023,UEFA Champions League,FC Porto,Barcelona,0 - 1,0 - 1,2,1,Yok
2023-10-04,2023,UEFA Champions League,Celtic,Lazio,1 - 2,1 - 1,2,3,Evet
2023-10-04,2023,UEFA Champions League,FK Crvena Zvezda,BSC Young Boys,2 - 2,1 - 0,X,4,Evet
2023-10-24,2023,UEFA Champions League,Inter,Red Bull Salzburg,2 - 1,1 - 0,1,3,Evet
2023-10-24,2023,UEFA Champions League,Galatasaray,Bayern Munich,1 - 3,1 - 1,2,4,Evet
2023-10-24,2023,UEFA Champions League,Manchester United,FC Copenhagen,1 - 0,0 - 0,1,1,Yok
2023-10-24,2023,UEFA Champions League,Lens,PSV Eindhoven,1 - 1,0 - 0,X,2,Evet
2023-10-24,2023,UEFA Champions League,Union Berlin,Napoli,0 - 1,0 - 0,2,1,Yok
2023-10-24,2023,UEFA Champions League,Benfica,Real Sociedad,0 - 1,0 - 0,2,1,Yok
2023-10-24,2023,UEFA Champions League,SC Braga,Real Madrid,1 - 2,0 - 1,2,3,Evet
2023-10-24,2023,UEFA Champions League,Sevilla,Arsenal,1 - 2,0 - 1,2,3,Evet
2023-10-25,2023,UEFA Champions League,Feyenoord,Lazio,3 - 1,2 - 0,1,4,Evet
2023-10-25,2023,UEFA Champions League,Barcelona,Shakhtar Donetsk,2 - 1,2 - 0,1,3,Evet
2023-10-25,2023,UEFA Champions League,Newcastle,Borussia Dortmund,0 - 1,0 - 1,2,1,Yok
2023-10-25,2023,UEFA Champions League,Paris Saint Germain,AC Milan,3 - 0,1 - 0,1,3,Yok
2023-10-25,2023,UEFA Champions League,RB Leipzig,FK Crvena Zvezda,3 - 1,1 - 0,1,4,Evet
2023-10-25,2023,UEFA Champions League,Celtic,Atletico Madrid,2 - 2,2 - 1,X,4,Evet
2023-10-25,2023,UEFA Champions League,BSC Young Boys,Manchester City,1 - 3,0 - 0,2,4,Evet
2023-10-25,2023,UEFA Champions League,Antwerp,FC Porto,1 - 4,1 - 0,2,5,Evet
2023-11-07,2023,UEFA Champions League,Borussia Dortmund,Newcastle,2 - 0,1 - 0,1,2,Yok
2023-11-07,2023,UEFA Champions League,Shakhtar Donetsk,Barcelona,1 - 0,1 - 0,1,1,Yok
2023-11-07,2023,UEFA Champions League,Manchester City,BSC Young Boys,3 - 0,2 - 0,1,3,Yok
2023-11-07,2023,UEFA Champions League,FC Porto,Antwerp,2 - 0,1 - 0,1,2,Yok
2023-11-07,2023,UEFA Champions League,Lazio,Feyenoord,1 - 0,1 - 0,1,1,Yok
2023-11-07,2023,UEFA Champions League,AC Milan,Paris Saint Germain,2 - 1,1 - 1,1,3,Evet
2023-11-07,2023,UEFA Champions League,Atletico Madrid,Celtic,6 - 0,2 - 0,1,6,Yok
2023-11-07,2023,UEFA Champions League,FK Crvena Zvezda,RB Leipzig,1 - 2,0 - 1,2,3,Evet
2023-11-08,2023,UEFA Champions League,Napoli,Union Berlin,1 - 1,1 - 0,X,2,Evet
2023-11-08,2023,UEFA Champions League,Real Sociedad,Benfica,3 - 1,3 - 0,1,4,Evet
2023-11-08,2023,UEFA Champions League,Arsenal,Sevilla,2 - 0,1 - 0,1,2,Yok
2023-11-08,2023,UEFA Champions League,Bayern Munich,Galatasaray,2 - 1,0 - 0,1,3,Evet
2023-11-08,2023,UEFA Champions League,PSV Eindhoven,Lens,1 - 0,1 - 0,1,1,Yok
2023-11-08,2023,UEFA Champions League,FC Copenhagen,Manchester United,4 - 3,2 - 2,1,7,Evet
2023-11-08,2023,UEFA Champions League,Real Madrid,SC Braga,3 - 0,1 - 0,1,3,Yok
2023-11-08,2023,UEFA Champions League,Red Bull Salzburg,Inter,0 - 1,0 - 0,2,1,Yok
2023-11-28,2023,UEFA Champions League,Lazio,Celtic,2 - 0,0 - 0,1,2,Yok
2023-11-28,2023,UEFA Champions League,Shakhtar Donetsk,Antwerp,1 - 0,1 - 0,1,1,Yok
2023-11-28,2023,UEFA Champions League,Manchester City,RB Leipzig,3 - 2,0 - 2,1,5,Evet
2023-11-28,2023,UEFA Champions League,Paris Saint Germain,Newcastle,1 - 1,0 - 1,X,2,Evet
2023-11-28,2023,UEFA Champions League,Feyenoord,Atletico Madrid,1 - 3,0 - 1,2,4,Evet
2023-11-28,2023,UEFA Champions League,AC Milan,Borussia Dortmund,1 - 3,1 - 1,2,4,Evet
2023-11-28,2023,UEFA Champions League,Barcelona,FC Porto,2 - 1,1 - 1,1,3,Evet
2023-11-28,2023,UEFA Champions League,BSC Young Boys,FK Crvena Zvezda,2 - 0,2 - 0,1,2,Yok
2023-11-29,2023,UEFA Champions League,Sevilla,PSV Eindhoven,2 - 3,1 - 0,2,5,Evet
2023-11-29,2023,UEFA Champions League,Galatasaray,Manchester United,3 - 3,1 - 2,X,6,Evet
2023-11-29,2023,UEFA Champions League,Arsenal,Lens,6 - 0,5 - 0,1,6,Yok
2023-11-29,2023,UEFA Champions League,Bayern Munich,FC Copenhagen,0 - 0,0 - 0,X,0,Yok
2023-11-29,2023,UEFA Champions League,Benfica,Inter,3 - 3,3 - 0,X,6,Evet
2023-11-29,2023,UEFA Champions League,SC Braga,Union Berlin,1 - 1,0 - 1,X,2,Evet
2023-11-29,2023,UEFA Champions League,Real Madrid,Napoli,4 - 2,2 - 1,1,6,Evet
2023-11-29,2023,UEFA Champions League,Real Sociedad,Red Bull Salzburg,0 - 0,0 - 0,X,0,Yok
2023-12-12,2023,UEFA Champions League,Lens,Sevilla,2 - 1,0 - 0,1,3,Evet
2023-12-12,2023,UEFA Champions League,PSV Eindhoven,Arsenal,1 - 1,0 - 1,X,2,Evet
2023-12-12,2023,UEFA Champions League,Manchester United,Bayern Munich,0 - 1,0 - 0,2,1,Yok
2023-12-12,2023,UEFA Champions League,Union Berlin,Real Madrid,2 - 3,1 - 0,2,5,Evet
2023-12-12,2023,UEFA Champions League,FC Copenhagen,Galatasaray,1 - 0,0 - 0,1,1,Yok
2023-12-12,2023,UEFA Champions League,Napoli,SC Braga,2 - 0,2 - 0,1,2,Yok
2023-12-12,2023,UEFA Champions League,Inter,Real Sociedad,0 - 0,0 - 0,X,0,Yok
2023-12-12,2023,UEFA Champions League,Red Bull Salzburg,Benfica,1 - 3,0 - 2,2,4,Evet
2023-12-13,2023,UEFA Champions League,RB Leipzig,BSC Young Boys,2 - 1,0 - 0,1,3,Evet
2023-12-13,2023,UEFA Champions League,FK Crvena Zvezda,Manchester City,2 - 3,0 - 1,2,5,Evet
2023-12-13,2023,UEFA Champions League,Newcastle,AC Milan,1 - 2,1 - 0,2,3,Evet
2023-12-13,2023,UEFA Champions League,Borussia Dortmund,Paris Saint Germain,1 - 1,0 - 0,X,2,Evet
2023-12-13,2023,UEFA Champions League,FC Porto,Shakhtar Donetsk,5 - 3,2 - 1,1,8,Evet
2023-12-13,2023,UEFA Champions League,Celtic,Feyenoord,2 - 1,1 - 0,1,3,Evet
2023-12-13,2023,UEFA Champions League,Atletico Madrid,Lazio,2 - 0,1 - 0,1,2,Yok
2023-12-13,2023,UEFA Champions League,Antwerp,Barcelona,3 - 2,1 - 1,1,5,Evet
2024-02-13,2023,UEFA Champions League,RB Leipzig,Real Madrid,0 - 1,0 - 0,2,1,Yok
2024-02-13,2023,UEFA Champions League,FC Copenhagen,Manchester City,1 - 3,1 - 2,2,4,Evet
2024-02-14,2023,UEFA Champions League,Paris Saint Germain,Real Sociedad,2 - 0,0 - 0,1,2,Yok
2024-02-14,2023,UEFA Champions League,Lazio,Bayern Munich,1 - 0,0 - 0,1,1,Yok
2024-02-20,2023,UEFA Champions League,PSV Eindhoven,Borussia Dortmund,1 - 1,0 - 1,X,2,Evet
2024-02-20,2023,UEFA Champions League,Inter,Atletico Madrid,1 - 0,0 - 0,1,1,Yok
2024-02-21,2023,UEFA Champions League,FC Porto,Arsenal,1 - 0,0 - 0,1,1,Yok
2024-02-21,2023,UEFA Champions League,Napoli,Barcelona,1 - 1,0 - 0,X,2,Evet
2024-03-05,2023,UEFA Champions League,Bayern Munich,Lazio,3 - 0,2 - 0,1,3,Yok
2024-03-05,2023,UEFA Champions League,Real Sociedad,Paris Saint Germain,1 - 2,0 - 1,2,3,Evet
2024-03-06,2023,UEFA Champions League,Manchester City,FC Copenhagen,3 - 1,3 - 1,1,4,Evet
2024-03-06,2023,UEFA Champions League,Real Madrid,RB Leipzig,1 - 1,0 - 0,X,2,Evet
2024-03-12,2023,UEFA Champions League,Arsenal,FC Porto,1 - 0,1 - 0,1,1,Yok
2024-03-12,2023,UEFA Champions League,Barcelona,Napoli,3 - 1,2 - 1,1,4,Evet
2024-03-13,2023,UEFA Champions League,Borussia Dortmund,PSV Eindhoven,2 - 0,1 - 0,1,2,Yok
2024-03-13,2023,UEFA Champions League,Atletico Madrid,Inter,2 - 1,1 - 1,1,3,Evet
2024-04-09,2023,UEFA Champions League,Arsenal,Bayern Munich,2 - 2,1 - 2,X,4,Evet
2024-04-09,2023,UEFA Champions League,Real Madrid,Manchester City,3 - 3,2 - 1,X,6,Evet
2024-04-10,2023,UEFA Champions League,Paris Saint Germain,Barcelona,2 - 3,0 - 1,2,5,Evet
2024-04-10,2023,UEFA Champions League,Atletico Madrid,Borussia Dortmund,2 - 1,2 - 0,1,3,Evet
2024-04-16,2023,UEFA Champions League,Borussia Dortmund,Atletico Madrid,4 - 2,2 - 0,1,6,Evet
2024-04-16,2023,UEFA Champions League,Barcelona,Paris Saint Germain,1 - 4,1 - 1,2,5,Evet
2024-04-17,2023,UEFA Champions League,Manchester City,Real Madrid,1 - 1,0 - 1,X,2,Evet
2024-04-17,2023,UEFA Champions League,Bayern Munich,Arsenal,1 - 0,0 - 0,1,1,Yok
2024-04-30,2023,UEFA Champions League,Bayern Munich,Real Madrid,2 - 2,0 - 1,X,4,Evet
2024-05-01,2023,UEFA Champions League,Borussia Dortmund,Paris Saint Germain,1 - 0,1 - 0,1,1,Yok
2024-05-07,2023,UEFA Champions League,Paris Saint Germain,Borussia Dortmund,0 - 1,0 - 0,2,1,Yok
2024-05-08,2023,UEFA Champions League,Real Madrid,Bayern Munich,2 - 1,0 - 0,1,3,Evet
2024-06-01,2023,UEFA Champions League,Borussia Dortmund,Real Madrid,0 - 2,0 - 0,2,2,Yok
2022-06-21,2022,UEFA Champions League,La Fiorita,Inter Club d'Escaldes,1 - 2,1 - 0,2,3,Evet
2022-06-21,2022,UEFA Champions League,FC Levadia Tallinn,Vikingur Reykjavik,1 - 6,1 - 3,2,7,Evet
2022-06-24,2022,UEFA Champions League,Inter Club d'Escaldes,Vikingur Reykjavik,0 - 1,0 - 0,2,1,Yok
2022-07-05,2022,UEFA Champions League,Pyunik Yerevan,CFR 1907 Cluj,0 - 0,0 - 0,X,0,Yok
2022-07-05,2022,UEFA Champions League,Malmo FF,Vikingur Reykjavik,3 - 2,2 - 1,1,5,Evet
2022-07-05,2022,UEFA Champions League,Ludogorets,Sutjeska,2 - 0,0 - 0,1,2,Yok
2022-07-05,2022,UEFA Champions League,Lech Poznan,Qarabag,1 - 0,1 - 0,1,1,Yok
2022-07-05,2022,UEFA Champions League,The New Saints,Linfield,1 - 0,0 - 0,1,1,Yok
2022-07-05,2022,UEFA Champions League,Ballkani,FK Zalgiris Vilnius,1 - 1,1 - 1,X,2,Evet
2022-07-05,2022,UEFA Champions League,Shamrock Rovers,Hibernians,3 - 0,2 - 0,1,3,Yok
2022-07-05,2022,UEFA Champions League,Shkupi 1927,Lincoln Red Imps FC,3 - 0,2 - 0,1,3,Yok
2022-07-06,2022,UEFA Champions League,FK Tobol Kostanay,Ferencvarosi TC,0 - 0,0 - 0,X,0,Yok
2022-07-06,2022,UEFA Champions League,Bodo/Glimt,KI Klaksvik,3 - 0,2 - 0,1,3,Yok
2022-07-06,2022,UEFA Champions League,HJK Helsinki,Rīgas FS,1 - 0,1 - 0,1,1,Yok
2022-07-06,2022,UEFA Champions League,F91 Dudelange,Tirana,1 - 0,0 - 0,1,1,Yok
2022-07-06,2022,UEFA Champions League,Zrinjski,Sheriff Tiraspol,0 - 0,0 - 0,X,0,Yok
2022-07-06,2022,UEFA Champions League,Maribor,Shakhter Soligorsk,0 - 0,0 - 0,X,0,Yok
2022-07-06,2022,UEFA Champions League,Slovan Bratislava,Dinamo Batumi,0 - 0,0 - 0,X,0,Yok
2022-07-12,2022,UEFA Champions League,Rīgas FS,HJK Helsinki,2 - 1,0 - 0,1,3,Evet
2022-07-12,2022,UEFA Champions League,Qarabag,Lech Poznan,5 - 1,2 - 1,1,6,Evet
2022-07-12,2022,UEFA Champions League,FK Zalgiris Vilnius,Ballkani,1 - 0,0 - 0,1,1,Yok
2022-07-12,2022,UEFA Champions League,Lincoln Red Imps FC,Shkupi 1927,2 - 0,1 - 0,1,2,Yok
2022-07-12,2022,UEFA Champions League,Sheriff Tiraspol,Zrinjski,1 - 0,1 - 0,1,1,Yok
2022-07-12,2022,UEFA Champions League,Tirana,F91 Dudelange,1 - 2,0 - 0,2,3,Evet
2022-07-12,2022,UEFA Champions League,Hibernians,Shamrock Rovers,0 - 0,0 - 0,X,0,Yok
2022-07-12,2022,UEFA Champions League,Sutjeska,Ludogorets,0 - 1,0 - 0,2,1,Yok
2022-07-12,2022,UEFA Champions League,Vikingur Reykjavik,Malmo FF,3 - 3,1 - 2,X,6,Evet
2022-07-13,2022,UEFA Champions League,Shakhter Soligorsk,Maribor,0 - 2,0 - 1,2,2,Yok
2022-07-13,2022,UEFA Champions League,KI Klaksvik,Bodo/Glimt,3 - 1,2 - 0,1,4,Evet
2022-07-13,2022,UEFA Champions League,Dinamo Batumi,Slovan Bratislava,1 - 2,0 - 0,2,3,Evet
2022-07-13,2022,UEFA Champions League,Ferencvarosi TC,FK Tobol Kostanay,5 - 1,3 - 1,1,6,Evet
2022-07-13,2022,UEFA Champions League,CFR 1907 Cluj,Pyunik Yerevan,2 - 2,1 - 0,X,4,Evet
2022-07-13,2022,UEFA Champions League,Linfield,The New Saints,2 - 0,0 - 0,1,2,Yok
2022-07-19,2022,UEFA Champions League,Qarabag,FC Zurich,3 - 2,2 - 0,1,5,Evet
2022-07-19,2022,UEFA Champions League,FK Zalgiris Vilnius,Malmo FF,1 - 0,0 - 0,1,1,Yok
2022-07-19,2022,UEFA Champions League,Pyunik Yerevan,F91 Dudelange,0 - 1,0 - 0,2,1,Yok
2022-07-19,2022,UEFA Champions League,FC Midtjylland,AEK Larnaca,1 - 1,0 - 0,X,2,Evet
2022-07-19,2022,UEFA Champions League,Ludogorets,Shamrock Rovers,3 - 0,2 - 0,1,3,Yok
2022-07-19,2022,UEFA Champions League,Linfield,Bodo/Glimt,1 - 0,0 - 0,1,1,Yok
2022-07-19,2022,UEFA Champions League,Dinamo Zagreb,Shkupi 1927,2 - 2,1 - 1,X,4,Evet
2022-07-20,2022,UEFA Champions League,HJK Helsinki,Plzen,1 - 2,0 - 1,2,3,Evet
2022-07-20,2022,UEFA Champions League,Maccabi Haifa,Olympiakos Piraeus,1 - 1,0 - 1,X,2,Evet
2022-07-20,2022,UEFA Champions League,Dynamo Kyiv,Fenerbahçe,0 - 0,0 - 0,X,0,Yok
2022-07-20,2022,UEFA Champions League,Ferencvarosi TC,Slovan Bratislava,1 - 2,0 - 0,2,3,Evet
2022-07-20,2022,UEFA Champions League,Maribor,Sheriff Tiraspol,0 - 0,0 - 0,X,0,Yok
2022-07-26,2022,UEFA Champions League,AEK Larnaca,FC Midtjylland,1 - 1,1 - 1,X,2,Evet
2022-07-26,2022,UEFA Champions League,Plzen,HJK Helsinki,5 - 0,3 - 0,1,5,Yok
2022-07-26,2022,UEFA Champions League,Sheriff Tiraspol,Maribor,1 - 0,0 - 0,1,1,Yok
2022-07-26,2022,UEFA Champions League,F91 Dudelange,Pyunik Yerevan,1 - 4,1 - 1,2,5,Evet
2022-07-26,2022,UEFA Champions League,Shamrock Rovers,Ludogorets,2 - 1,1 - 0,1,3,Evet
2022-07-26,2022,UEFA Champions League,Shkupi 1927,Dinamo Zagreb,0 - 1,0 - 0,2,1,Yok
2022-07-27,2022,UEFA Champions League,Bodo/Glimt,Linfield,8 - 0,4 - 0,1,8,Yok
2022-07-27,2022,UEFA Champions League,Malmo FF,FK Zalgiris Vilnius,0 - 2,0 - 1,2,2,Yok
2022-07-27,2022,UEFA Champions League,Fenerbahçe,Dynamo Kyiv,1 - 2,0 - 0,2,3,Evet
2022-07-27,2022,UEFA Champions League,FC Zurich,Qarabag,2 - 2,1 - 0,X,4,Evet
2022-07-27,2022,UEFA Champions League,Slovan Bratislava,Ferencvarosi TC,1 - 4,0 - 2,2,5,Evet
2022-07-27,2022,UEFA Champions League,Olympiakos Piraeus,Maccabi Haifa,0 - 4,0 - 1,2,4,Yok
2022-08-02,2022,UEFA Champions League,Sheriff Tiraspol,Plzen,1 - 2,1 - 1,2,3,Evet
2022-08-02,2022,UEFA Champions League,Ludogorets,Dinamo Zagreb,1 - 2,1 - 2,2,3,Evet
2022-08-02,2022,UEFA Champions League,Monaco,PSV Eindhoven,1 - 1,0 - 1,X,2,Evet
2022-08-02,2022,UEFA Champions League,Union St. Gilloise,Rangers,2 - 0,1 - 0,1,2,Yok
2022-08-02,2022,UEFA Champions League,Benfica,FC Midtjylland,4 - 1,3 - 0,1,5,Evet
2022-08-03,2022,UEFA Champions League,Bodo/Glimt,FK Zalgiris Vilnius,5 - 0,2 - 0,1,5,Yok
2022-08-03,2022,UEFA Champions League,Qarabag,Ferencvarosi TC,1 - 1,1 - 1,X,2,Evet
2022-08-03,2022,UEFA Champions League,Maccabi Haifa,Apollon Limassol,4 - 0,1 - 0,1,4,Yok
2022-08-03,2022,UEFA Champions League,Dynamo Kyiv,Sturm Graz,1 - 0,1 - 0,1,1,Yok
2022-08-03,2022,UEFA Champions League,FK Crvena Zvezda,Pyunik Yerevan,5 - 0,3 - 0,1,5,Yok
2022-08-09,2022,UEFA Champions League,FK Zalgiris Vilnius,Bodo/Glimt,1 - 1,1 - 0,X,2,Evet
2022-08-09,2022,UEFA Champions League,Plzen,Sheriff Tiraspol,2 - 1,1 - 0,1,3,Evet
2022-08-09,2022,UEFA Champions League,Apollon Limassol,Maccabi Haifa,2 - 0,2 - 0,1,2,Yok
2022-08-09,2022,UEFA Champions League,Pyunik Yerevan,FK Crvena Zvezda,0 - 2,0 - 1,2,2,Yok
2022-08-09,2022,UEFA Champions League,FC Midtjylland,Benfica,1 - 3,0 - 1,2,4,Evet
2022-08-09,2022,UEFA Champions League,Dinamo Zagreb,Ludogorets,4 - 2,3 - 1,1,6,Evet
2022-08-09,2022,UEFA Champions League,Ferencvarosi TC,Qarabag,1 - 3,0 - 1,2,4,Evet
2022-08-09,2022,UEFA Champions League,PSV Eindhoven,Monaco,3 - 2,1 - 0,1,5,Evet
2022-08-09,2022,UEFA Champions League,Sturm Graz,Dynamo Kyiv,1 - 2,1 - 0,2,3,Evet
2022-08-09,2022,UEFA Champions League,Rangers,Union St. Gilloise,3 - 0,1 - 0,1,3,Yok
2022-08-16,2022,UEFA Champions League,Rangers,PSV Eindhoven,2 - 2,1 - 1,X,4,Evet
2022-08-16,2022,UEFA Champions League,Bodo/Glimt,Dinamo Zagreb,1 - 0,1 - 0,1,1,Yok
2022-08-16,2022,UEFA Champions League,FC Copenhagen,Trabzonspor,2 - 1,1 - 0,1,3,Evet
2022-08-17,2022,UEFA Champions League,Qarabag,Plzen,0 - 0,0 - 0,X,0,Yok
2022-08-17,2022,UEFA Champions League,Dynamo Kyiv,Benfica,0 - 2,0 - 2,2,2,Yok
2022-08-17,2022,UEFA Champions League,Maccabi Haifa,FK Crvena Zvezda,3 - 2,1 - 2,1,5,Evet
2022-08-23,2022,UEFA Champions League,Benfica,Dynamo Kyiv,3 - 0,3 - 0,1,3,Yok
2022-08-23,2022,UEFA Champions League,Plzen,Qarabag,2 - 1,0 - 1,1,3,Evet
2022-08-23,2022,UEFA Champions League,FK Crvena Zvezda,Maccabi Haifa,2 - 2,2 - 1,X,4,Evet
2022-08-24,2022,UEFA Champions League,PSV Eindhoven,Rangers,0 - 1,0 - 0,2,1,Yok
2022-08-24,2022,UEFA Champions League,Dinamo Zagreb,Bodo/Glimt,4 - 1,2 - 0,1,5,Evet
2022-08-24,2022,UEFA Champions League,Trabzonspor,FC Copenhagen,0 - 0,0 - 0,X,0,Yok
2022-09-06,2022,UEFA Champions League,Borussia Dortmund,FC Copenhagen,3 - 0,2 - 0,1,3,Yok
2022-09-06,2022,UEFA Champions League,Dinamo Zagreb,Chelsea,1 - 0,1 - 0,1,1,Yok
2022-09-06,2022,UEFA Champions League,Paris Saint Germain,Juventus,2 - 1,2 - 0,1,3,Evet
2022-09-06,2022,UEFA Champions League,RB Leipzig,Shakhtar Donetsk,1 - 4,0 - 1,2,5,Evet
2022-09-06,2022,UEFA Champions League,Benfica,Maccabi Haifa,2 - 0,0 - 0,1,2,Yok
2022-09-06,2022,UEFA Champions League,Celtic,Real Madrid,0 - 3,0 - 0,2,3,Yok
2022-09-06,2022,UEFA Champions League,Sevilla,Manchester City,0 - 4,0 - 1,2,4,Yok
2022-09-06,2022,UEFA Champions League,Red Bull Salzburg,AC Milan,1 - 1,1 - 1,X,2,Evet
2022-09-07,2022,UEFA Champions League,Eintracht Frankfurt,Sporting CP,0 - 3,0 - 0,2,3,Yok
2022-09-07,2022,UEFA Champions League,Ajax,Rangers,4 - 0,3 - 0,1,4,Yok
2022-09-07,2022,UEFA Champions League,Tottenham,Marseille,2 - 0,0 - 0,1,2,Yok
2022-09-07,2022,UEFA Champions League,Napoli,Liverpool,4 - 1,3 - 0,1,5,Evet
2022-09-07,2022,UEFA Champions League,Inter,Bayern Munich,0 - 2,0 - 1,2,2,Yok
2022-09-07,2022,UEFA Champions League,Barcelona,Plzen,5 - 1,3 - 1,1,6,Evet
2022-09-07,2022,UEFA Champions League,Atletico Madrid,FC Porto,2 - 1,0 - 0,1,3,Evet
2022-09-07,2022,UEFA Champions League,Club Brugge KV,Bayer Leverkusen,1 - 0,1 - 0,1,1,Yok
2022-09-13,2022,UEFA Champions League,Sporting CP,Tottenham,2 - 0,0 - 0,1,2,Yok
2022-09-13,2022,UEFA Champions League,Plzen,Inter,0 - 2,0 - 1,2,2,Yok
2022-09-13,2022,UEFA Champions League,Liverpool,Ajax,2 - 1,1 - 1,1,3,Evet
2022-09-13,2022,UEFA Champions League,Marseille,Eintracht Frankfurt,0 - 1,0 - 1,2,1,Yok
2022-09-13,2022,UEFA Champions League,Bayern Munich,Barcelona,2 - 0,0 - 0,1,2,Yok
2022-09-13,2022,UEFA Champions League,Bayer Leverkusen,Atletico Madrid,2 - 0,0 - 0,1,2,Yok
2022-09-13,2022,UEFA Champions League,FC Porto,Club Brugge KV,0 - 4,0 - 1,2,4,Yok
2022-09-14,2022,UEFA Champions League,AC Milan,Dinamo Zagreb,3 - 1,1 - 0,1,4,Evet
2022-09-14,2022,UEFA Champions League,Shakhtar Donetsk,Celtic,1 - 1,1 - 1,X,2,Evet
2022-09-14,2022,UEFA Champions League,Chelsea,Red Bull Salzburg,1 - 1,0 - 0,X,2,Evet
2022-09-14,2022,UEFA Champions League,Manchester City,Borussia Dortmund,2 - 1,0 - 0,1,3,Evet
2022-09-14,2022,UEFA Champions League,Rangers,Napoli,0 - 3,0 - 0,2,3,Yok
2022-09-14,2022,UEFA Champions League,FC Copenhagen,Sevilla,0 - 0,0 - 0,X,0,Yok
2022-09-14,2022,UEFA Champions League,Juventus,Benfica,1 - 2,1 - 1,2,3,Evet
2022-09-14,2022,UEFA Champions League,Real Madrid,RB Leipzig,2 - 0,0 - 0,1,2,Yok
2022-09-14,2022,UEFA Champions League,Maccabi Haifa,Paris Saint Germain,1 - 3,1 - 1,2,4,Evet
2022-10-04,2022,UEFA Champions League,Marseille,Sporting CP,4 - 1,3 - 1,1,5,Evet
2022-10-04,2022,UEFA Champions League,Bayern Munich,Plzen,5 - 0,3 - 0,1,5,Yok
2022-10-04,2022,UEFA Champions League,Liverpool,Rangers,2 - 0,1 - 0,1,2,Yok
2022-10-04,2022,UEFA Champions League,Eintracht Frankfurt,Tottenham,0 - 0,0 - 0,X,0,Yok
2022-10-04,2022,UEFA Champions League,Ajax,Napoli,1 - 6,1 - 3,2,7,Evet
2022-10-04,2022,UEFA Champions League,FC Porto,Bayer Leverkusen,2 - 0,0 - 0,1,2,Yok
2022-10-04,2022,UEFA Champions League,Inter,Barcelona,1 - 0,1 - 0,1,1,Yok
2022-10-04,2022,UEFA Champions League,Club Brugge KV,Atletico Madrid,2 - 0,1 - 0,1,2,Yok
2022-10-05,2022,UEFA Champions League,RB Leipzig,Celtic,3 - 1,1 - 0,1,4,Evet
2022-10-05,2022,UEFA Champions League,Red Bull Salzburg,Dinamo Zagreb,1 - 0,0 - 0,1,1,Yok
2022-10-05,2022,UEFA Champions League,Chelsea,AC Milan,3 - 0,1 - 0,1,3,Yok
2022-10-05,2022,UEFA Champions League,Manchester City,FC Copenhagen,5 - 0,3 - 0,1,5,Yok
2022-10-05,2022,UEFA Champions League,Benfica,Paris Saint Germain,1 - 1,1 - 1,X,2,Evet
2022-10-05,2022,UEFA Champions League,Juventus,Maccabi Haifa,3 - 1,1 - 0,1,4,Evet
2022-10-05,2022,UEFA Champions League,Sevilla,Borussia Dortmund,1 - 4,0 - 3,2,5,Evet
2022-10-05,2022,UEFA Champions League,Real Madrid,Shakhtar Donetsk,2 - 1,2 - 1,1,3,Evet
2022-10-11,2022,UEFA Champions League,FC Copenhagen,Manchester City,0 - 0,0 - 0,X,0,Yok
2022-10-11,2022,UEFA Champions League,Maccabi Haifa,Juventus,2 - 0,2 - 0,1,2,Yok
2022-10-11,2022,UEFA Champions League,Paris Saint Germain,Benfica,1 - 1,1 - 0,X,2,Evet
2022-10-11,2022,UEFA Champions League,Borussia Dortmund,Sevilla,1 - 1,1 - 1,X,2,Evet
2022-10-11,2022,UEFA Champions League,Celtic,RB Leipzig,0 - 2,0 - 0,2,2,Yok
2022-10-11,2022,UEFA Champions League,AC Milan,Chelsea,0 - 2,0 - 2,2,2,Yok
2022-10-11,2022,UEFA Champions League,Shakhtar Donetsk,Real Madrid,1 - 1,0 - 0,X,2,Evet
2022-10-11,2022,UEFA Champions League,Dinamo Zagreb,Red Bull Salzburg,1 - 1,1 - 1,X,2,Evet
2022-10-12,2022,UEFA Champions League,Napoli,Ajax,4 - 2,2 - 0,1,6,Evet
2022-10-12,2022,UEFA Champions League,Atletico Madrid,Club Brugge KV,0 - 0,0 - 0,X,0,Yok
2022-10-12,2022,UEFA Champions League,Tottenham,Eintracht Frankfurt,3 - 2,3 - 1,1,5,Evet
2022-10-12,2022,UEFA Champions League,Bayer Leverkusen,FC Porto,0 - 3,0 - 1,2,3,Yok
2022-10-12,2022,UEFA Champions League,Sporting CP,Marseille,0 - 2,0 - 2,2,2,Yok
2022-10-12,2022,UEFA Champions League,Rangers,Liverpool,1 - 7,1 - 1,2,8,Evet
2022-10-12,2022,UEFA Champions League,Barcelona,Inter,3 - 3,1 - 0,X,6,Evet
2022-10-12,2022,UEFA Champions League,Plzen,Bayern Munich,2 - 4,0 - 4,2,6,Evet
2022-10-25,2022,UEFA Champions League,Sevilla,FC Copenhagen,3 - 0,0 - 0,1,3,Yok
2022-10-25,2022,UEFA Champions League,Red Bull Salzburg,Chelsea,1 - 2,0 - 1,2,3,Evet
2022-10-25,2022,UEFA Champions League,Paris Saint Germain,Maccabi Haifa,7 - 2,4 - 1,1,9,Evet
2022-10-25,2022,UEFA Champions League,Borussia Dortmund,Manchester City,0 - 0,0 - 0,X,0,Yok
2022-10-25,2022,UEFA Champions League,RB Leipzig,Real Madrid,3 - 2,2 - 1,1,5,Evet
2022-10-25,2022,UEFA Champions League,Benfica,Juventus,4 - 3,3 - 1,1,7,Evet
2022-10-25,2022,UEFA Champions League,Celtic,Shakhtar Donetsk,1 - 1,1 - 0,X,2,Evet
2022-10-25,2022,UEFA Champions League,Dinamo Zagreb,AC Milan,0 - 4,0 - 1,2,4,Yok
2022-10-26,2022,UEFA Champions League,Inter,Plzen,4 - 0,2 - 0,1,4,Yok
2022-10-26,2022,UEFA Champions League,Club Brugge KV,FC Porto,0 - 4,0 - 1,2,4,Yok
2022-10-26,2022,UEFA Champions League,Tottenham,Sporting CP,1 - 1,0 - 1,X,2,Evet
2022-10-26,2022,UEFA Champions League,Eintracht Frankfurt,Marseille,2 - 1,2 - 1,1,3,Evet
2022-10-26,2022,UEFA Champions League,Ajax,Liverpool,0 - 3,0 - 1,2,3,Yok
2022-10-26,2022,UEFA Champions League,Napoli,Rangers,3 - 0,2 - 0,1,3,Yok
2022-10-26,2022,UEFA Champions League,Barcelona,Bayern Munich,0 - 3,0 - 2,2,3,Yok
2022-10-26,2022,UEFA Champions League,Atletico Madrid,Bayer Leverkusen,2 - 2,1 - 2,X,4,Evet
2022-11-01,2022,UEFA Champions League,Bayer Leverkusen,Club Brugge KV,0 - 0,0 - 0,X,0,Yok
2022-11-01,2022,UEFA Champions League,FC Porto,Atletico Madrid,2 - 1,2 - 0,1,3,Evet
2022-11-01,2022,UEFA Champions League,Liverpool,Napoli,2 - 0,0 - 0,1,2,Yok
2022-11-01,2022,UEFA Champions League,Marseille,Tottenham,1 - 2,1 - 0,2,3,Evet
2022-11-01,2022,UEFA Champions League,Bayern Munich,Inter,2 - 0,1 - 0,1,2,Yok
2022-11-01,2022,UEFA Champions League,Sporting CP,Eintracht Frankfurt,1 - 2,1 - 0,2,3,Evet
2022-11-01,2022,UEFA Champions League,Rangers,Ajax,1 - 3,0 - 2,2,4,Evet
2022-11-01,2022,UEFA Champions League,Plzen,Barcelona,2 - 4,0 - 2,2,6,Evet
2022-11-02,2022,UEFA Champions League,Real Madrid,Celtic,5 - 1,2 - 0,1,6,Evet
2022-11-02,2022,UEFA Champions League,Shakhtar Donetsk,RB Leipzig,0 - 4,0 - 1,2,4,Yok
2022-11-02,2022,UEFA Champions League,Chelsea,Dinamo Zagreb,2 - 1,2 - 1,1,3,Evet
2022-11-02,2022,UEFA Champions League,Manchester City,Sevilla,3 - 1,0 - 1,1,4,Evet
2022-11-02,2022,UEFA Champions League,FC Copenhagen,Borussia Dortmund,1 - 1,1 - 1,X,2,Evet
2022-11-02,2022,UEFA Champions League,AC Milan,Red Bull Salzburg,4 - 0,1 - 0,1,4,Yok
2022-11-02,2022,UEFA Champions League,Juventus,Paris Saint Germain,1 - 2,1 - 1,2,3,Evet
2022-11-02,2022,UEFA Champions League,Maccabi Haifa,Benfica,1 - 6,1 - 1,2,7,Evet
2023-02-14,2022,UEFA Champions League,Paris Saint Germain,Bayern Munich,0 - 1,0 - 0,2,1,Yok
2023-02-14,2022,UEFA Champions League,AC Milan,Tottenham,1 - 0,1 - 0,1,1,Yok
2023-02-15,2022,UEFA Champions League,Borussia Dortmund,Chelsea,1 - 0,0 - 0,1,1,Yok
2023-02-15,2022,UEFA Champions League,Club Brugge KV,Benfica,0 - 2,0 - 0,2,2,Yok
2023-02-21,2022,UEFA Champions League,Liverpool,Real Madrid,2 - 5,2 - 2,2,7,Evet
2023-02-21,2022,UEFA Champions League,Eintracht Frankfurt,Napoli,0 - 2,0 - 1,2,2,Yok
2023-02-22,2022,UEFA Champions League,RB Leipzig,Manchester City,1 - 1,0 - 1,X,2,Evet
2023-02-22,2022,UEFA Champions League,Inter,FC Porto,1 - 0,0 - 0,1,1,Yok
2023-03-07,2022,UEFA Champions League,Chelsea,Borussia Dortmund,2 - 0,1 - 0,1,2,Yok
2023-03-07,2022,UEFA Champions League,Benfica,Club Brugge KV,5 - 1,2 - 0,1,6,Evet
2023-03-08,2022,UEFA Champions League,Tottenham,AC Milan,0 - 0,0 - 0,X,0,Yok
2023-03-08,2022,UEFA Champions League,Bayern Munich,Paris Saint Germain,2 - 0,0 - 0,1,2,Yok
2023-03-14,2022,UEFA Champions League,Manchester City,RB Leipzig,7 - 0,3 - 0,1,7,Yok
2023-03-14,2022,UEFA Champions League,FC Porto,Inter,0 - 0,0 - 0,X,0,Yok
2023-03-15,2022,UEFA Champions League,Napoli,Eintracht Frankfurt,3 - 0,1 - 0,1,3,Yok
2023-03-15,2022,UEFA Champions League,Real Madrid,Liverpool,1 - 0,0 - 0,1,1,Yok
2023-04-11,2022,UEFA Champions League,Manchester City,Bayern Munich,3 - 0,1 - 0,1,3,Yok
2023-04-11,2022,UEFA Champions League,Benfica,Inter,0 - 2,0 - 0,2,2,Yok
2023-04-12,2022,UEFA Champions League,AC Milan,Napoli,1 - 0,1 - 0,1,1,Yok
2023-04-12,2022,UEFA Champions League,Real Madrid,Chelsea,2 - 0,1 - 0,1,2,Yok
2023-04-18,2022,UEFA Champions League,Chelsea,Real Madrid,0 - 2,0 - 0,2,2,Yok
2023-04-18,2022,UEFA Champions League,Napoli,AC Milan,1 - 1,0 - 1,X,2,Evet
2023-04-19,2022,UEFA Champions League,Bayern Munich,Manchester City,1 - 1,0 - 0,X,2,Evet
2023-04-19,2022,UEFA Champions League,Inter,Benfica,3 - 3,1 - 1,X,6,Evet
2023-05-09,2022,UEFA Champions League,Real Madrid,Manchester City,1 - 1,1 - 0,X,2,Evet
2023-05-10,2022,UEFA Champions League,AC Milan,Inter,0 - 2,0 - 2,2,2,Yok
2023-05-16,2022,UEFA Champions League,Inter,AC Milan,1 - 0,0 - 0,1,1,Yok
2023-05-17,2022,UEFA Champions League,Manchester City,Real Madrid,4 - 0,2 - 0,1,4,Yok
2023-06-10,2022,UEFA Champions League,Manchester City,Inter,1 - 0,0 - 0,1,1,Yok
2021-06-22,2021,UEFA Champions League,Folgore,Prishtina,0 - 2,0 - 0,2,2,Yok
2021-06-22,2021,UEFA Champions League,HB Torshavn,Inter Club d'Escaldes,0 - 1,0 - 0,2,1,Yok
2021-06-25,2021,UEFA Champions League,Prishtina,Inter Club d'Escaldes,2 - 0,1 - 0,1,2,Yok
2021-07-06,2021,UEFA Champions League,HJK Helsinki,Buducnost Podgorica,3 - 1,3 - 1,1,4,Evet
2021-07-06,2021,UEFA Champions League,Ferencvarosi TC,Prishtina,3 - 0,0 - 0,1,3,Yok
2021-07-06,2021,UEFA Champions League,Flora Tallinn,Hibernians,2 - 0,0 - 0,1,2,Yok
2021-07-06,2021,UEFA Champions League,FK Zalgiris Vilnius,Linfield,3 - 1,2 - 0,1,4,Evet
2021-07-06,2021,UEFA Champions League,CFR 1907 Cluj,Borac Banja Luka,3 - 1,2 - 1,1,4,Evet
2021-07-06,2021,UEFA Champions League,Fola Esch,Lincoln Red Imps FC,2 - 2,0 - 1,X,4,Evet
2021-07-06,2021,UEFA Champions League,Shkendija,Mura,0 - 1,0 - 1,2,1,Yok
2021-07-07,2021,UEFA Champions League,Bodo/Glimt,Legia Warszawa,2 - 3,1 - 2,2,5,Evet
2021-07-07,2021,UEFA Champions League,Dinamo Tbilisi,Neftchi Baku,1 - 2,1 - 1,2,3,Evet
2021-07-07,2021,UEFA Champions League,Slovan Bratislava,Shamrock Rovers,2 - 0,1 - 0,1,2,Yok
2021-07-07,2021,UEFA Champions League,Malmo FF,Riga,1 - 0,0 - 0,1,1,Yok
2021-07-07,2021,UEFA Champions League,Ludogorets,Shakhter Soligorsk,1 - 0,0 - 0,1,1,Yok
2021-07-07,2021,UEFA Champions League,Dinamo Zagreb,Valur Reykjavik,3 - 2,2 - 0,1,5,Evet
2021-07-07,2021,UEFA Champions League,Teuta Durrës,Sheriff Tiraspol,0 - 4,0 - 2,2,4,Yok
2021-07-07,2021,UEFA Champions League,Maccabi Haifa,Kairat Almaty,1 - 1,1 - 0,X,2,Evet
2021-07-07,2021,UEFA Champions League,GAP Connah S Quay FC,Alashkert,2 - 2,1 - 2,X,4,Evet
2021-07-13,2021,UEFA Champions League,Lincoln Red Imps FC,Fola Esch,5 - 0,2 - 0,1,5,Yok
2021-07-13,2021,UEFA Champions League,Hibernians,Flora Tallinn,0 - 3,0 - 2,2,3,Yok
2021-07-13,2021,UEFA Champions League,Riga,Malmo FF,1 - 1,0 - 1,X,2,Evet
2021-07-13,2021,UEFA Champions League,Sheriff Tiraspol,Teuta Durrës,1 - 0,1 - 0,1,1,Yok
2021-07-13,2021,UEFA Champions League,Prishtina,Ferencvarosi TC,1 - 3,0 - 0,2,4,Evet
2021-07-13,2021,UEFA Champions League,Borac Banja Luka,CFR 1907 Cluj,2 - 1,0 - 0,1,3,Evet
2021-07-13,2021,UEFA Champions League,Mura,Shkendija,5 - 0,2 - 0,1,5,Yok
2021-07-13,2021,UEFA Champions League,Buducnost Podgorica,HJK Helsinki,0 - 4,0 - 3,2,4,Yok
2021-07-13,2021,UEFA Champions League,Linfield,FK Zalgiris Vilnius,1 - 2,0 - 2,2,3,Evet
2021-07-13,2021,UEFA Champions League,Shamrock Rovers,Slovan Bratislava,2 - 1,1 - 0,1,3,Evet
2021-07-13,2021,UEFA Champions League,Shakhter Soligorsk,Ludogorets,0 - 1,0 - 0,2,1,Yok
2021-07-13,2021,UEFA Champions League,Valur Reykjavik,Dinamo Zagreb,0 - 2,0 - 1,2,2,Yok
2021-07-14,2021,UEFA Champions League,Kairat Almaty,Maccabi Haifa,2 - 0,1 - 0,1,2,Yok
2021-07-14,2021,UEFA Champions League,Alashkert,GAP Connah S Quay FC,1 - 0,0 - 0,1,1,Yok
2021-07-14,2021,UEFA Champions League,Neftchi Baku,Dinamo Tbilisi,2 - 1,0 - 0,1,3,Evet
2021-07-14,2021,UEFA Champions League,Legia Warszawa,Bodo/Glimt,2 - 0,1 - 0,1,2,Yok
2021-07-20,2021,UEFA Champions League,Alashkert,Sheriff Tiraspol,0 - 1,0 - 0,2,1,Yok
2021-07-20,2021,UEFA Champions League,Lincoln Red Imps FC,CFR 1907 Cluj,1 - 2,1 - 0,2,3,Evet
2021-07-20,2021,UEFA Champions League,Dinamo Zagreb,Omonia Nicosia,2 - 0,0 - 0,1,2,Yok
2021-07-20,2021,UEFA Champions League,Ferencvarosi TC,FK Zalgiris Vilnius,2 - 0,2 - 0,1,2,Yok
2021-07-20,2021,UEFA Champions League,Rapid Vienna,Sparta Praha,2 - 1,0 - 1,1,3,Evet
2021-07-20,2021,UEFA Champions League,Celtic,FC Midtjylland,1 - 1,1 - 0,X,2,Evet
2021-07-21,2021,UEFA Champions League,Kairat Almaty,FK Crvena Zvezda,2 - 1,1 - 0,1,3,Evet
2021-07-21,2021,UEFA Champions League,Malmo FF,HJK Helsinki,2 - 1,1 - 0,1,3,Evet
2021-07-21,2021,UEFA Champions League,Mura,Ludogorets,0 - 0,0 - 0,X,0,Yok
2021-07-21,2021,UEFA Champions League,Slovan Bratislava,BSC Young Boys,0 - 0,0 - 0,X,0,Yok
2021-07-21,2021,UEFA Champions League,PSV Eindhoven,Galatasaray,5 - 1,2 - 1,1,6,Evet
2021-07-21,2021,UEFA Champions League,Legia Warszawa,Flora Tallinn,2 - 1,1 - 0,1,3,Evet
2021-07-21,2021,UEFA Champions League,Olympiakos Piraeus,Neftchi Baku,1 - 0,1 - 0,1,1,Yok
2021-07-27,2021,UEFA Champions League,HJK Helsinki,Malmo FF,2 - 2,1 - 1,X,4,Evet
2021-07-27,2021,UEFA Champions League,Flora Tallinn,Legia Warszawa,0 - 1,0 - 0,2,1,Yok
2021-07-27,2021,UEFA Champions League,Omonia Nicosia,Dinamo Zagreb,0 - 1,0 - 0,2,1,Yok
2021-07-27,2021,UEFA Champions League,FK Zalgiris Vilnius,Ferencvarosi TC,1 - 3,0 - 1,2,4,Evet
2021-07-28,2021,UEFA Champions League,Sheriff Tiraspol,Alashkert,3 - 1,2 - 1,1,4,Evet
2021-07-28,2021,UEFA Champions League,Neftchi Baku,Olympiakos Piraeus,0 - 1,0 - 1,2,1,Yok
2021-07-28,2021,UEFA Champions League,CFR 1907 Cluj,Lincoln Red Imps FC,2 - 0,1 - 0,1,2,Yok
2021-07-28,2021,UEFA Champions League,FC Midtjylland,Celtic,2 - 1,0 - 0,1,3,Evet
2021-07-28,2021,UEFA Champions League,Ludogorets,Mura,3 - 1,1 - 0,1,4,Evet
2021-07-28,2021,UEFA Champions League,Galatasaray,PSV Eindhoven,1 - 2,0 - 1,2,3,Evet
2021-07-28,2021,UEFA Champions League,BSC Young Boys,Slovan Bratislava,3 - 2,2 - 0,1,5,Evet
2021-07-28,2021,UEFA Champions League,FK Crvena Zvezda,Kairat Almaty,5 - 0,3 - 0,1,5,Yok
2021-07-28,2021,UEFA Champions League,Sparta Praha,Rapid Vienna,2 - 0,1 - 0,1,2,Yok
2021-08-03,2021,UEFA Champions League,Malmo FF,Rangers,2 - 1,0 - 0,1,3,Evet
2021-08-03,2021,UEFA Champions League,Sparta Praha,Monaco,0 - 2,0 - 1,2,2,Yok
2021-08-03,2021,UEFA Champions League,PSV Eindhoven,FC Midtjylland,3 - 0,3 - 0,1,3,Yok
2021-08-03,2021,UEFA Champions League,Genk,Shakhtar Donetsk,1 - 2,1 - 0,2,3,Evet
2021-08-03,2021,UEFA Champions League,CFR 1907 Cluj,BSC Young Boys,1 - 1,1 - 0,X,2,Evet
2021-08-03,2021,UEFA Champions League,Olympiakos Piraeus,Ludogorets,1 - 1,0 - 0,X,2,Evet
2021-08-03,2021,UEFA Champions League,FK Crvena Zvezda,Sheriff Tiraspol,1 - 1,1 - 1,X,2,Evet
2021-08-04,2021,UEFA Champions League,Spartak Moscow,Benfica,0 - 2,0 - 0,2,2,Yok
2021-08-04,2021,UEFA Champions League,Dinamo Zagreb,Legia Warszawa,1 - 1,0 - 0,X,2,Evet
2021-08-04,2021,UEFA Champions League,Ferencvarosi TC,Slavia Praha,2 - 0,1 - 0,1,2,Yok
2021-08-10,2021,UEFA Champions League,Slavia Praha,Ferencvarosi TC,1 - 0,1 - 0,1,1,Yok
2021-08-10,2021,UEFA Champions League,Sheriff Tiraspol,FK Crvena Zvezda,1 - 0,1 - 0,1,1,Yok
2021-08-10,2021,UEFA Champions League,Shakhtar Donetsk,Genk,2 - 1,1 - 0,1,3,Evet
2021-08-10,2021,UEFA Champions League,Monaco,Sparta Praha,3 - 1,0 - 0,1,4,Evet
2021-08-10,2021,UEFA Champions League,FC Midtjylland,PSV Eindhoven,0 - 1,0 - 0,2,1,Yok
2021-08-10,2021,UEFA Champions League,Ludogorets,Olympiakos Piraeus,2 - 2,0 - 1,X,4,Evet
2021-08-10,2021,UEFA Champions League,BSC Young Boys,CFR 1907 Cluj,3 - 1,3 - 1,1,4,Evet
2021-08-10,2021,UEFA Champions League,Benfica,Spartak Moscow,2 - 0,0 - 0,1,2,Yok
2021-08-10,2021,UEFA Champions League,Rangers,Malmo FF,1 - 2,1 - 0,2,3,Evet
2021-08-10,2021,UEFA Champions League,Legia Warszawa,Dinamo Zagreb,0 - 1,0 - 1,2,1,Yok
2021-08-17,2021,UEFA Champions League,Monaco,Shakhtar Donetsk,0 - 1,0 - 1,2,1,Yok
2021-08-17,2021,UEFA Champions League,Sheriff Tiraspol,Dinamo Zagreb,3 - 0,1 - 0,1,3,Yok
2021-08-17,2021,UEFA Champions League,Red Bull Salzburg,Brondby,2 - 1,0 - 1,1,3,Evet
2021-08-18,2021,UEFA Champions League,Benfica,PSV Eindhoven,2 - 1,2 - 0,1,3,Evet
2021-08-18,2021,UEFA Champions League,Malmo FF,Ludogorets,2 - 0,1 - 0,1,2,Yok
2021-08-18,2021,UEFA Champions League,BSC Young Boys,Ferencvarosi TC,3 - 2,2 - 1,1,5,Evet
2021-08-24,2021,UEFA Champions League,PSV Eindhoven,Benfica,0 - 0,0 - 0,X,0,Yok
2021-08-24,2021,UEFA Champions League,Ludogorets,Malmo FF,2 - 1,1 - 1,1,3,Evet
2021-08-24,2021,UEFA Champions League,Ferencvarosi TC,BSC Young Boys,2 - 3,2 - 1,2,5,Evet
2021-08-25,2021,UEFA Champions League,Brondby,Red Bull Salzburg,1 - 2,0 - 2,2,3,Evet
2021-08-25,2021,UEFA Champions League,Shakhtar Donetsk,Monaco,2 - 2,0 - 2,X,4,Evet
2021-08-25,2021,UEFA Champions League,Dinamo Zagreb,Sheriff Tiraspol,0 - 0,0 - 0,X,0,Yok
2021-09-14,2021,UEFA Champions League,Sevilla,Red Bull Salzburg,1 - 1,1 - 1,X,2,Evet
2021-09-14,2021,UEFA Champions League,BSC Young Boys,Manchester United,2 - 1,0 - 1,1,3,Evet
2021-09-14,2021,UEFA Champions League,Chelsea,Zenit Saint Petersburg,1 - 0,0 - 0,1,1,Yok
2021-09-14,2021,UEFA Champions League,Lille,VfL Wolfsburg,0 - 0,0 - 0,X,0,Yok
2021-09-14,2021,UEFA Champions League,Malmo FF,Juventus,0 - 3,0 - 3,2,3,Yok
2021-09-14,2021,UEFA Champions League,Barcelona,Bayern Munich,0 - 3,0 - 1,2,3,Yok
2021-09-14,2021,UEFA Champions League,Villarreal,Atalanta,2 - 2,1 - 1,X,4,Evet
2021-09-14,2021,UEFA Champions League,Dynamo Kyiv,Benfica,0 - 0,0 - 0,X,0,Yok
2021-09-15,2021,UEFA Champions League,Beşiktaş,Borussia Dortmund,1 - 2,0 - 2,2,3,Evet
2021-09-15,2021,UEFA Champions League,Sheriff Tiraspol,Shakhtar Donetsk,2 - 0,1 - 0,1,2,Yok
2021-09-15,2021,UEFA Champions League,Liverpool,AC Milan,3 - 2,1 - 2,1,5,Evet
2021-09-15,2021,UEFA Champions League,Manchester City,RB Leipzig,6 - 3,3 - 1,1,9,Evet
2021-09-15,2021,UEFA Champions League,Sporting CP,Ajax,1 - 5,1 - 3,2,6,Evet
2021-09-15,2021,UEFA Champions League,Inter,Real Madrid,0 - 1,0 - 0,2,1,Yok
2021-09-15,2021,UEFA Champions League,Atletico Madrid,FC Porto,0 - 0,0 - 0,X,0,Yok
2021-09-15,2021,UEFA Champions League,Club Brugge KV,Paris Saint Germain,1 - 1,1 - 1,X,2,Evet
2021-09-28,2021,UEFA Champions League,Ajax,Beşiktaş,2 - 0,2 - 0,1,2,Yok
2021-09-28,2021,UEFA Champions League,Shakhtar Donetsk,Inter,0 - 0,0 - 0,X,0,Yok
2021-09-28,2021,UEFA Champions League,Paris Saint Germain,Manchester City,2 - 0,1 - 0,1,2,Yok
2021-09-28,2021,UEFA Champions League,Borussia Dortmund,Sporting CP,1 - 0,1 - 0,1,1,Yok
2021-09-28,2021,UEFA Champions League,RB Leipzig,Club Brugge KV,1 - 2,1 - 2,2,3,Evet
2021-09-28,2021,UEFA Champions League,FC Porto,Liverpool,1 - 5,0 - 2,2,6,Evet
2021-09-28,2021,UEFA Champions League,AC Milan,Atletico Madrid,1 - 2,1 - 0,2,3,Evet
2021-09-28,2021,UEFA Champions League,Real Madrid,Sheriff Tiraspol,1 - 2,0 - 1,2,3,Evet
2021-09-29,2021,UEFA Champions League,Atalanta,BSC Young Boys,1 - 0,0 - 0,1,1,Yok
2021-09-29,2021,UEFA Champions League,Zenit Saint Petersburg,Malmo FF,4 - 0,1 - 0,1,4,Yok
2021-09-29,2021,UEFA Champions League,Manchester United,Villarreal,2 - 1,0 - 0,1,3,Evet
2021-09-29,2021,UEFA Champions League,Bayern Munich,Dynamo Kyiv,5 - 0,2 - 0,1,5,Yok
2021-09-29,2021,UEFA Champions League,VfL Wolfsburg,Sevilla,1 - 1,0 - 0,X,2,Evet
2021-09-29,2021,UEFA Champions League,Benfica,Barcelona,3 - 0,1 - 0,1,3,Yok
2021-09-29,2021,UEFA Champions League,Juventus,Chelsea,1 - 0,0 - 0,1,1,Yok
2021-09-29,2021,UEFA Champions League,Red Bull Salzburg,Lille,2 - 1,1 - 0,1,3,Evet
2021-10-19,2021,UEFA Champions League,Beşiktaş,Sporting CP,1 - 4,1 - 3,2,5,Evet
2021-10-19,2021,UEFA Champions League,Club Brugge KV,Manchester City,1 - 5,0 - 2,2,6,Evet
2021-10-19,2021,UEFA Champions League,Paris Saint Germain,RB Leipzig,3 - 2,1 - 1,1,5,Evet
2021-10-19,2021,UEFA Champions League,Ajax,Borussia Dortmund,4 - 0,2 - 0,1,4,Yok
2021-10-19,2021,UEFA Champions League,FC Porto,AC Milan,1 - 0,0 - 0,1,1,Yok
2021-10-19,2021,UEFA Champions League,Inter,Sheriff Tiraspol,3 - 1,1 - 0,1,4,Evet
2021-10-19,2021,UEFA Champions League,Atletico Madrid,Liverpool,2 - 3,2 - 2,2,5,Evet
2021-10-19,2021,UEFA Champions League,Shakhtar Donetsk,Real Madrid,0 - 5,0 - 1,2,5,Yok
2021-10-20,2021,UEFA Champions League,Barcelona,Dynamo Kyiv,1 - 0,1 - 0,1,1,Yok
2021-10-20,2021,UEFA Champions League,Red Bull Salzburg,VfL Wolfsburg,3 - 1,1 - 1,1,4,Evet
2021-10-20,2021,UEFA Champions League,Manchester United,Atalanta,3 - 2,0 - 2,1,5,Evet
2021-10-20,2021,UEFA Champions League,Chelsea,Malmo FF,4 - 0,2 - 0,1,4,Yok
2021-10-20,2021,UEFA Champions League,Lille,Sevilla,0 - 0,0 - 0,X,0,Yok
2021-10-20,2021,UEFA Champions League,Benfica,Bayern Munich,0 - 4,0 - 0,2,4,Yok
2021-10-20,2021,UEFA Champions League,BSC Young Boys,Villarreal,1 - 4,0 - 2,2,5,Evet
2021-10-20,2021,UEFA Champions League,Zenit Saint Petersburg,Juventus,0 - 1,0 - 0,2,1,Yok
2021-11-02,2021,UEFA Champions League,VfL Wolfsburg,Red Bull Salzburg,2 - 1,1 - 1,1,3,Evet
2021-11-02,2021,UEFA Champions League,Malmo FF,Chelsea,0 - 1,0 - 0,2,1,Yok
2021-11-02,2021,UEFA Champions League,Bayern Munich,Benfica,5 - 2,2 - 1,1,7,Evet
2021-11-02,2021,UEFA Champions League,Juventus,Zenit Saint Petersburg,4 - 2,1 - 1,1,6,Evet
2021-11-02,2021,UEFA Champions League,Atalanta,Manchester United,2 - 2,1 - 1,X,4,Evet
2021-11-02,2021,UEFA Champions League,Villarreal,BSC Young Boys,2 - 0,1 - 0,1,2,Yok
2021-11-02,2021,UEFA Champions League,Sevilla,Lille,1 - 2,1 - 1,2,3,Evet
2021-11-02,2021,UEFA Champions League,Dynamo Kyiv,Barcelona,0 - 1,0 - 0,2,1,Yok
2021-11-03,2021,UEFA Champions League,AC Milan,FC Porto,1 - 1,0 - 1,X,2,Evet
2021-11-03,2021,UEFA Champions League,Real Madrid,Shakhtar Donetsk,2 - 1,1 - 1,1,3,Evet
2021-11-03,2021,UEFA Champions League,Liverpool,Atletico Madrid,2 - 0,2 - 0,1,2,Yok
2021-11-03,2021,UEFA Champions League,Manchester City,Club Brugge KV,4 - 1,1 - 1,1,5,Evet
2021-11-03,2021,UEFA Champions League,Borussia Dortmund,Ajax,1 - 3,1 - 0,2,4,Evet
2021-11-03,2021,UEFA Champions League,RB Leipzig,Paris Saint Germain,2 - 2,1 - 2,X,4,Evet
2021-11-03,2021,UEFA Champions League,Sporting CP,Beşiktaş,4 - 0,3 - 0,1,4,Yok
2021-11-03,2021,UEFA Champions League,Sheriff Tiraspol,Inter,1 - 3,0 - 0,2,4,Evet
2021-11-23,2021,UEFA Champions League,Villarreal,Manchester United,0 - 2,0 - 0,2,2,Yok
2021-11-23,2021,UEFA Champions League,Dynamo Kyiv,Bayern Munich,1 - 2,0 - 2,2,3,Evet
2021-11-23,2021,UEFA Champions League,Chelsea,Juventus,4 - 0,1 - 0,1,4,Yok
2021-11-23,2021,UEFA Champions League,Lille,Red Bull Salzburg,1 - 0,1 - 0,1,1,Yok
2021-11-23,2021,UEFA Champions League,Malmo FF,Zenit Saint Petersburg,1 - 1,1 - 0,X,2,Evet
2021-11-23,2021,UEFA Champions League,Barcelona,Benfica,0 - 0,0 - 0,X,0,Yok
2021-11-23,2021,UEFA Champions League,Sevilla,VfL Wolfsburg,2 - 0,1 - 0,1,2,Yok
2021-11-23,2021,UEFA Champions League,BSC Young Boys,Atalanta,3 - 3,1 - 1,X,6,Evet
2021-11-24,2021,UEFA Champions League,Inter,Shakhtar Donetsk,2 - 0,0 - 0,1,2,Yok
2021-11-24,2021,UEFA Champions League,Beşiktaş,Ajax,1 - 2,1 - 0,2,3,Evet
2021-11-24,2021,UEFA Champions League,Liverpool,FC Porto,2 - 0,0 - 0,1,2,Yok
2021-11-24,2021,UEFA Champions League,Manchester City,Paris Saint Germain,2 - 1,0 - 0,1,3,Evet
2021-11-24,2021,UEFA Champions League,Sporting CP,Borussia Dortmund,3 - 1,2 - 0,1,4,Evet
2021-11-24,2021,UEFA Champions League,Atletico Madrid,AC Milan,0 - 1,0 - 0,2,1,Yok
2021-11-24,2021,UEFA Champions League,Sheriff Tiraspol,Real Madrid,0 - 3,0 - 2,2,3,Yok
2021-11-24,2021,UEFA Champions League,Club Brugge KV,RB Leipzig,0 - 5,0 - 4,2,5,Yok
2021-12-07,2021,UEFA Champions League,Paris Saint Germain,Club Brugge KV,4 - 1,3 - 0,1,5,Evet
2021-12-07,2021,UEFA Champions League,RB Leipzig,Manchester City,2 - 1,1 - 0,1,3,Evet
2021-12-07,2021,UEFA Champions League,Borussia Dortmund,Beşiktaş,5 - 0,2 - 0,1,5,Yok
2021-12-07,2021,UEFA Champions League,Ajax,Sporting CP,4 - 2,2 - 1,1,6,Evet
2021-12-07,2021,UEFA Champions League,FC Porto,Atletico Madrid,1 - 3,0 - 0,2,4,Evet
2021-12-07,2021,UEFA Champions League,AC Milan,Liverpool,1 - 2,1 - 1,2,3,Evet
2021-12-07,2021,UEFA Champions League,Real Madrid,Inter,2 - 0,1 - 0,1,2,Yok
2021-12-07,2021,UEFA Champions League,Shakhtar Donetsk,Sheriff Tiraspol,1 - 1,1 - 0,X,2,Evet
2021-12-08,2021,UEFA Champions League,Juventus,Malmo FF,1 - 0,1 - 0,1,1,Yok
2021-12-08,2021,UEFA Champions League,Zenit Saint Petersburg,Chelsea,3 - 3,2 - 1,X,6,Evet
2021-12-08,2021,UEFA Champions League,Manchester United,BSC Young Boys,1 - 1,1 - 1,X,2,Evet
2021-12-08,2021,UEFA Champions League,Bayern Munich,Barcelona,3 - 0,2 - 0,1,3,Yok
2021-12-08,2021,UEFA Champions League,VfL Wolfsburg,Lille,1 - 3,0 - 1,2,4,Evet
2021-12-08,2021,UEFA Champions League,Benfica,Dynamo Kyiv,2 - 0,2 - 0,1,2,Yok
2021-12-08,2021,UEFA Champions League,Red Bull Salzburg,Sevilla,1 - 0,0 - 0,1,1,Yok
2021-12-09,2021,UEFA Champions League,Atalanta,Villarreal,2 - 3,0 - 2,2,5,Evet
2022-02-15,2021,UEFA Champions League,Paris Saint Germain,Real Madrid,1 - 0,0 - 0,1,1,Yok
2022-02-15,2021,UEFA Champions League,Sporting CP,Manchester City,0 - 5,0 - 4,2,5,Yok
2022-02-16,2021,UEFA Champions League,Inter,Liverpool,0 - 2,0 - 0,2,2,Yok
2022-02-16,2021,UEFA Champions League,Red Bull Salzburg,Bayern Munich,1 - 1,1 - 0,X,2,Evet
2022-02-22,2021,UEFA Champions League,Chelsea,Lille,2 - 0,1 - 0,1,2,Yok
2022-02-22,2021,UEFA Champions League,Villarreal,Juventus,1 - 1,0 - 1,X,2,Evet
2022-02-23,2021,UEFA Champions League,Benfica,Ajax,2 - 2,1 - 2,X,4,Evet
2022-02-23,2021,UEFA Champions League,Atletico Madrid,Manchester United,1 - 1,1 - 0,X,2,Evet
2022-03-08,2021,UEFA Champions League,Liverpool,Inter,0 - 1,0 - 0,2,1,Yok
2022-03-08,2021,UEFA Champions League,Bayern Munich,Red Bull Salzburg,7 - 1,4 - 0,1,8,Evet
2022-03-09,2021,UEFA Champions League,Manchester City,Sporting CP,0 - 0,0 - 0,X,0,Yok
2022-03-09,2021,UEFA Champions League,Real Madrid,Paris Saint Germain,3 - 1,0 - 1,1,4,Evet
2022-03-15,2021,UEFA Champions League,Manchester United,Atletico Madrid,0 - 1,0 - 1,2,1,Yok
2022-03-15,2021,UEFA Champions League,Ajax,Benfica,0 - 1,0 - 0,2,1,Yok
2022-03-16,2021,UEFA Champions League,Lille,Chelsea,1 - 2,1 - 1,2,3,Evet
2022-03-16,2021,UEFA Champions League,Juventus,Villarreal,0 - 3,0 - 0,2,3,Yok
2022-04-05,2021,UEFA Champions League,Manchester City,Atletico Madrid,1 - 0,0 - 0,1,1,Yok
2022-04-05,2021,UEFA Champions League,Benfica,Liverpool,1 - 3,0 - 2,2,4,Evet
2022-04-06,2021,UEFA Champions League,Chelsea,Real Madrid,1 - 3,1 - 2,2,4,Evet
2022-04-06,2021,UEFA Champions League,Villarreal,Bayern Munich,1 - 0,1 - 0,1,1,Yok
2022-04-12,2021,UEFA Champions League,Bayern Munich,Villarreal,1 - 1,0 - 0,X,2,Evet
2022-04-12,2021,UEFA Champions League,Real Madrid,Chelsea,2 - 3,0 - 1,2,5,Evet
2022-04-13,2021,UEFA Champions League,Liverpool,Benfica,3 - 3,1 - 1,X,6,Evet
2022-04-13,2021,UEFA Champions League,Atletico Madrid,Manchester City,0 - 0,0 - 0,X,0,Yok
2022-04-26,2021,UEFA Champions League,Manchester City,Real Madrid,4 - 3,2 - 1,1,7,Evet
2022-04-27,2021,UEFA Champions League,Liverpool,Villarreal,2 - 0,0 - 0,1,2,Yok
2022-05-03,2021,UEFA Champions League,Villarreal,Liverpool,2 - 3,2 - 0,2,5,Evet
2022-05-04,2021,UEFA Champions League,Real Madrid,Manchester City,3 - 1,0 - 0,1,4,Evet
2022-05-28,2021,UEFA Champions League,Liverpool,Real Madrid,0 - 1,0 - 0,2,1,Yok
