Tarih,Sezon,Kupa / Lig,Ev Sahibi,Deplasman,MS Skor,IY Skor,MS Sonucu,Toplam Gol,KG Var
2026-07-09,2026,UEFA Europa League,Qarabag,Vestri,3 - 0,2 - 0,1,3,Yok
2026-07-09,2026,UEFA Europa League,Sheriff Tiraspol,Aluminij,0 - 0,0 - 0,X,0,Yok
2026-07-09,2026,UEFA Europa League,Dynamo Kyiv,Universitatea Cluj,0 - 0,0 - 0,X,0,Yok
2026-07-09,2026,UEFA Europa League,HNK Hajduk Split,Žilina,2 - 0,1 - 0,1,2,Yok
2026-07-09,2026,UEFA Europa League,Vojvodina,Ferencvarosi TC,1 - 2,1 - 1,2,3,Evet
2026-07-09,2026,UEFA Europa League,CSKA Sofia,Derry City,3 - 2,2 - 1,1,5,Evet
2026-07-16,2026,UEFA Europa League,Derry City,CSKA Sofia,1 - 2,0 - 0,2,3,Evet
2026-07-16,2026,UEFA Europa League,Universitatea Cluj,Dynamo Kyiv,0 - 0,0 - 0,X,0,Yok
2026-07-16,2026,UEFA Europa League,Aluminij,Sheriff Tiraspol,0 - 1,0 - 1,2,1,Yok
2026-07-16,2026,UEFA Europa League,Ferencvarosi TC,Vojvodina,3 - 0,2 - 0,1,3,Yok
2026-07-16,2026,UEFA Europa League,Žilina,HNK Hajduk Split,2 - 1,0 - 1,1,3,Evet
2026-07-16,2026,UEFA Europa League,Vestri,Qarabag,0 - 3,0 - 2,2,3,Yok
2026-07-23,2026,UEFA Europa League,Qarabag,CSKA Sofia,0 - 0,0 - 0,X,0,Yok
2026-07-23,2026,UEFA Europa League,Tromso,Hradec Králové,0 - 1,0 - 0,2,1,Yok
2026-07-23,2026,UEFA Europa League,Hammarby FF,Anderlecht,1 - 1,0 - 1,X,2,Evet
2026-07-23,2026,UEFA Europa League,Sheriff Tiraspol,Maccabi Tel Aviv,0 - 5,0 - 2,2,5,Yok
2026-07-23,2026,UEFA Europa League,Dynamo Kyiv,PAOK,2 - 3,1 - 2,2,5,Evet
2026-07-23,2026,UEFA Europa League,Twente,Ferencvarosi TC,1 - 2,1 - 1,2,3,Evet
2026-07-23,2026,UEFA Europa League,Beşiktaş,FC Midtjylland,1 - 0,1 - 0,1,1,Yok
2026-07-23,2026,UEFA Europa League,FC ST. Gallen,Benfica,2 - 1,1 - 1,1,3,Evet
2026-07-23,2026,UEFA Europa League,HNK Hajduk Split,Pafos,2 - 0,0 - 0,1,2,Yok
2026-07-30,2026,UEFA Europa League,Maccabi Tel Aviv,Sheriff Tiraspol,1 - 0,1 - 0,1,1,Yok
2026-07-30,2026,UEFA Europa League,FC Midtjylland,Beşiktaş,0 - 2,0 - 0,2,2,Yok
2026-07-30,2026,UEFA Europa League,Pafos,HNK Hajduk Split,2 - 0,1 - 0,1,2,Yok
2026-07-30,2026,UEFA Europa League,Hradec Králové,Tromso,3 - 1,1 - 1,1,4,Evet
2026-07-30,2026,UEFA Europa League,PAOK,Dynamo Kyiv,2 - 0,1 - 0,1,2,Yok
2026-07-30,2026,UEFA Europa League,CSKA Sofia,Qarabag,0 - 0,0 - 0,X,0,Yok
2026-07-30,2026,UEFA Europa League,Anderlecht,Hammarby FF,3 - 1,0 - 1,1,4,Evet
2026-07-30,2026,UEFA Europa League,Ferencvarosi TC,Twente,2 - 2,1 - 0,X,4,Evet
2026-07-30,2026,UEFA Europa League,Benfica,FC ST. Gallen,5 - 0,1 - 0,1,5,Yok
2026-08-04,2026,UEFA Europa League,Shamrock Rovers,Egnatia Rrogozhinë,3 - 1,1 - 1,1,4,Evet
2026-08-04,2026,UEFA Europa League,Larne,FC Iberia 1999,0 - 0,0 - 0,X,0,Yok
2026-08-05,2026,UEFA Europa League,Ferencvarosi TC,Gornik Zabrze,1 - 0,0 - 0,1,1,Yok
2026-08-06,2026,UEFA Europa League,KuPS,Universitatea Craiova,1 - 1,0 - 1,X,2,Evet
2026-08-06,2026,UEFA Europa League,Jagiellonia,Rangers,2 - 1,2 - 1,1,3,Evet
2026-08-06,2026,UEFA Europa League,Maccabi Tel Aviv,CSKA Sofia,0 - 3,0 - 2,2,3,Yok
2026-08-06,2026,UEFA Europa League,Lech Poznan,KI Klaksvik,1 - 0,0 - 0,1,1,Yok
2026-08-06,2026,UEFA Europa League,Red Bull Salzburg,Pafos,1 - 0,0 - 0,1,1,Yok
2026-08-06,2026,UEFA Europa League,Lincoln Red Imps FC,Omonia Nicosia,1 - 1,0 - 0,X,2,Evet
2026-08-06,2026,UEFA Europa League,Hradec Králové,Beşiktaş,0 - 1,0 - 0,2,1,Yok
2026-08-06,2026,UEFA Europa League,PAOK,Anderlecht,0 - 1,0 - 1,2,1,Yok
2026-08-06,2026,UEFA Europa League,FC Thun,Vikingur Reykjavik,3 - 0,2 - 0,1,3,Yok
2026-08-06,2026,UEFA Europa League,Benfica,Heart Of Midlothian,6 - 1,3 - 0,1,7,Evet
2026-08-11,2026,UEFA Europa League,FC Iberia 1999,Larne,2 - 1,0 - 0,1,3,Evet
2026-08-13,2026,UEFA Europa League,Gornik Zabrze,Ferencvarosi TC,1 - 1,1 - 0,X,2,Evet
2026-08-13,2026,UEFA Europa League,Beşiktaş,Hradec Králové,1 - 0,1 - 0,1,1,Yok
2026-08-13,2026,UEFA Europa League,Universitatea Craiova,KuPS,2 - 1,1 - 1,1,3,Evet
2026-08-13,2026,UEFA Europa League,Omonia Nicosia,Lincoln Red Imps FC,1 - 0,1 - 0,1,1,Yok
2026-08-13,2026,UEFA Europa League,Pafos,Red Bull Salzburg,3 - 3,2 - 0,X,6,Evet
2026-08-13,2026,UEFA Europa League,Vikingur Reykjavik,FC Thun,3 - 2,2 - 2,1,5,Evet
2026-08-13,2026,UEFA Europa League,CSKA Sofia,Maccabi Tel Aviv,1 - 3,0 - 1,2,4,Evet
2026-08-13,2026,UEFA Europa League,Rangers,Jagiellonia,1 - 1,1 - 0,X,2,Evet
2026-08-13,2026,UEFA Europa League,Anderlecht,PAOK,3 - 2,1 - 1,1,5,Evet
2026-08-13,2026,UEFA Europa League,Heart Of Midlothian,Benfica,1 - 1,0 - 0,X,2,Evet
2026-08-13,2026,UEFA Europa League,Egnatia Rrogozhinë,Shamrock Rovers,5 - 1,4 - 0,1,6,Evet
2026-08-14,2026,UEFA Europa League,KI Klaksvik,Lech Poznan,0 - 5,0 - 1,2,5,Yok
2026-08-20,2026,UEFA Europa League,Kairat Almaty,Anderlecht,0 - 3,0 - 3,2,3,Yok
2026-08-20,2026,UEFA Europa League,Jagiellonia,FC Iberia 1999,4 - 0,2 - 0,1,4,Yok
2026-08-20,2026,UEFA Europa League,Mjallby AIF,Red Bull Salzburg,0 - 1,0 - 0,2,1,Yok
2026-08-20,2026,UEFA Europa League,Lech Poznan,FC Thun,7 - 0,5 - 0,1,7,Yok
2026-08-20,2026,UEFA Europa League,Beşiktaş,Kauno Žalgiris,3 - 0,2 - 0,1,3,Yok
2026-08-20,2026,UEFA Europa League,Universitatea Craiova,Ararat-Armenia,1 - 1,1 - 1,X,2,Evet
2026-08-20,2026,UEFA Europa League,Trabzonspor,Ferencvarosi TC,0 - 1,0 - 1,2,1,Yok
2026-08-20,2026,UEFA Europa League,Egnatia Rrogozhinë,Lillestrom,0 - 0,0 - 0,X,0,Yok
2026-08-20,2026,UEFA Europa League,FK Crvena Zvezda,Plzen,3 - 0,1 - 0,1,3,Yok
2026-08-20,2026,UEFA Europa League,St. Truiden,Omonia Nicosia,1 - 0,0 - 0,1,1,Yok
2026-08-20,2026,UEFA Europa League,OFI,CSKA Sofia,3 - 0,1 - 0,1,3,Yok
2026-08-20,2026,UEFA Europa League,Benfica,Aarhus,3 - 1,3 - 1,1,4,Evet
2026-08-27,2026,UEFA Europa League,FC Iberia 1999,Jagiellonia,1 - 2,1 - 1,2,3,Evet
2026-08-27,2026,UEFA Europa League,Ararat-Armenia,Universitatea Craiova,1 - 0,0 - 0,1,1,Yok
2026-08-27,2026,UEFA Europa League,Lillestrom,Egnatia Rrogozhinë,2 - 1,0 - 1,1,3,Evet
2026-08-27,2026,UEFA Europa League,Plzen,FK Crvena Zvezda,5 - 1,1 - 1,1,6,Evet
2026-08-27,2026,UEFA Europa League,Red Bull Salzburg,Mjallby AIF,3 - 0,0 - 0,1,3,Yok
2026-08-27,2026,UEFA Europa League,Omonia Nicosia,St. Truiden,4 - 2,2 - 1,1,6,Evet
2026-08-27,2026,UEFA Europa League,Kauno Žalgiris,Beşiktaş,1 - 0,0 - 0,1,1,Yok
2026-08-27,2026,UEFA Europa League,Aarhus,Benfica,1 - 3,0 - 1,2,4,Evet
2026-08-27,2026,UEFA Europa League,CSKA Sofia,OFI,0 - 2,0 - 1,2,2,Yok
2026-08-27,2026,UEFA Europa League,FC Thun,Lech Poznan,2 - 2,2 - 1,X,4,Evet
2026-08-27,2026,UEFA Europa League,Anderlecht,Kairat Almaty,3 - 0,1 - 0,1,3,Yok
2026-08-27,2026,UEFA Europa League,Ferencvarosi TC,Trabzonspor,4 - 0,1 - 0,1,4,Yok
2026-09-16,2026,UEFA Europa League,Omonia Nicosia,Celta Vigo,1 - 0,0 - 0,1,1,Yok
2026-09-16,2026,UEFA Europa League,Ararat-Armenia,Sparta Praha,1 - 4,0 - 2,2,5,Evet
2026-09-16,2026,UEFA Europa League,Bayer Leverkusen,Celje,2 - 0,1 - 0,1,2,Yok
2026-09-16,2026,UEFA Europa League,AC Milan,Benfica,0 - 2,0 - 1,2,2,Yok
2026-09-16,2026,UEFA Europa League,Olympiakos Piraeus,Jagiellonia,2 - 1,1 - 1,1,3,Evet
2026-09-16,2026,UEFA Europa League,Anderlecht,Lyon,1 - 2,0 - 2,2,3,Evet
2026-09-16,2026,UEFA Europa League,Hapoel Beer Sheva,Dinamo Zagreb,0 - 0,0 - 0,X,0,Yok
2026-09-16,2026,UEFA Europa League,Sturm Graz,Rennes,0 - 0,0 - 0,X,0,Yok
2026-09-16,2026,UEFA Europa League,Sunderland,AZ Alkmaar,1 - 0,0 - 0,1,1,Yok
2026-09-17,2026,UEFA Europa League,Levski Sofia,Red Bull Salzburg,0 - 1,0 - 1,2,1,Yok
2026-09-17,2026,UEFA Europa League,OFI,1899 Hoffenheim,2 - 0,1 - 0,1,2,Yok
2026-09-17,2026,UEFA Europa League,Crystal Palace,Lech Poznan,4 - 0,3 - 0,1,4,Yok
2026-09-17,2026,UEFA Europa League,Celtic,Ferencvarosi TC,1 - 3,1 - 2,2,4,Evet
2026-09-17,2026,UEFA Europa League,Lillestrom,Torreense,1 - 2,0 - 1,2,3,Evet
2026-09-17,2026,UEFA Europa League,Juventus,NEC Nijmegen,5 - 0,3 - 0,1,5,Yok
2026-09-17,2026,UEFA Europa League,Real Sociedad,Bournemouth,1 - 2,0 - 2,2,3,Evet
2026-09-17,2026,UEFA Europa League,Beşiktaş,Marseille,4 - 1,1 - 1,1,5,Evet
2026-09-17,2026,UEFA Europa League,Plzen,Union St. Gilloise,0 - 3,0 - 2,2,3,Yok
2026-07-07,2026,UEFA Europa Conference League,UNA Strassen,La Fiorita,1 - 0,0 - 0,1,1,Yok
2026-07-07,2026,UEFA Europa Conference League,AF Elbasani,Bate Borisov,1 - 1,1 - 0,X,2,Evet
2026-07-08,2026,UEFA Europa Conference League,Zira,Torpedo Kutaisi,3 - 0,1 - 0,1,3,Yok
2026-07-08,2026,UEFA Europa Conference League,GAP Connah S Quay FC,Ballkani,0 - 0,0 - 0,X,0,Yok
2026-07-08,2026,UEFA Europa Conference League,FC Differdange 03,Ilves,0 - 0,0 - 0,X,0,Yok
2026-07-09,2026,UEFA Europa Conference League,Atlètic Club d'Escaldes,Mornar,2 - 1,0 - 1,1,3,Evet
2026-07-09,2026,UEFA Europa Conference League,Alashkert,Yelimay Semey,1 - 1,0 - 0,X,2,Evet
2026-07-09,2026,UEFA Europa Conference League,FK Liepaja,Dečić,1 - 0,0 - 0,1,1,Yok
2026-07-09,2026,UEFA Europa Conference League,Kalju Nomme,Linfield,1 - 0,0 - 0,1,1,Yok
2026-07-09,2026,UEFA Europa Conference League,Dila,Virtus,3 - 1,2 - 1,1,4,Evet
2026-07-09,2026,UEFA Europa Conference League,Hegelmann Litauen,Paide,1 - 1,1 - 1,X,2,Evet
2026-07-09,2026,UEFA Europa Conference League,Dinamo Minsk,Sileks,0 - 1,0 - 1,2,1,Yok
2026-07-09,2026,UEFA Europa Conference League,Velež,Milsami Orhei,1 - 1,0 - 0,X,2,Evet
2026-07-09,2026,UEFA Europa Conference League,Bohemians,St Joseph S Fc,2 - 0,0 - 0,1,2,Yok
2026-07-09,2026,UEFA Europa Conference League,Marsaxlokk,Pyunik Yerevan,0 - 3,0 - 1,2,3,Yok
2026-07-09,2026,UEFA Europa Conference League,US Mondorf-les-bains,Dinamo Tbilisi,1 - 2,0 - 2,2,3,Evet
2026-07-09,2026,UEFA Europa Conference League,Caernarfon Town,FC Levadia Tallinn,0 - 5,0 - 3,2,5,Yok
2026-07-09,2026,UEFA Europa Conference League,Europa,Shkendija,0 - 5,0 - 1,2,5,Yok
2026-07-09,2026,UEFA Europa Conference League,Vllaznia Shkodër,Malisheva,2 - 1,1 - 1,1,3,Evet
2026-07-09,2026,UEFA Europa Conference League,Glentoran,Rīgas FS,1 - 2,1 - 1,2,3,Evet
2026-07-09,2026,UEFA Europa Conference League,NSI Runavik,Hamrun Spartans,1 - 1,1 - 0,X,2,Evet
2026-07-09,2026,UEFA Europa Conference League,Penybont,FC Santa Coloma,0 - 1,0 - 1,2,1,Yok
2026-07-09,2026,UEFA Europa Conference League,Petrovac,FK Zalgiris Vilnius,1 - 3,1 - 1,2,4,Evet
2026-07-09,2026,UEFA Europa Conference League,Stjarnan,Vikingur Gota,3 - 1,1 - 1,1,4,Evet
2026-07-09,2026,UEFA Europa Conference League,FK Sarajevo,Inter Turku,1 - 1,0 - 1,X,2,Evet
2026-07-09,2026,UEFA Europa Conference League,Dinamo Tirana,FC Astana,0 - 1,0 - 0,2,1,Yok
2026-07-14,2026,UEFA Europa Conference League,La Fiorita,UNA Strassen,0 - 2,0 - 2,2,2,Yok
2026-07-15,2026,UEFA Europa Conference League,Malisheva,Vllaznia Shkodër,5 - 0,2 - 0,1,5,Yok
2026-07-15,2026,UEFA Europa Conference League,Dečić,FK Liepaja,1 - 2,1 - 1,2,3,Evet
2026-07-16,2026,UEFA Europa Conference League,FC Astana,Dinamo Tirana,1 - 4,1 - 0,2,5,Evet
2026-07-16,2026,UEFA Europa Conference League,Inter Turku,FK Sarajevo,2 - 1,0 - 1,1,3,Evet
2026-07-16,2026,UEFA Europa Conference League,Yelimay Semey,Alashkert,1 - 1,1 - 1,X,2,Evet
2026-07-16,2026,UEFA Europa Conference League,Torpedo Kutaisi,Zira,0 - 3,0 - 2,2,3,Yok
2026-07-16,2026,UEFA Europa Conference League,St Joseph S Fc,Bohemians,0 - 0,0 - 0,X,0,Yok
2026-07-16,2026,UEFA Europa Conference League,Pyunik Yerevan,Marsaxlokk,1 - 0,0 - 0,1,1,Yok
2026-07-16,2026,UEFA Europa Conference League,Ilves,FC Differdange 03,3 - 1,0 - 1,1,4,Evet
2026-07-16,2026,UEFA Europa Conference League,Paide,Hegelmann Litauen,3 - 0,2 - 0,1,3,Yok
2026-07-16,2026,UEFA Europa Conference League,FC Levadia Tallinn,Caernarfon Town,5 - 0,3 - 0,1,5,Yok
2026-07-16,2026,UEFA Europa Conference League,Rīgas FS,Glentoran,2 - 0,1 - 0,1,2,Yok
2026-07-16,2026,UEFA Europa Conference League,Bate Borisov,AF Elbasani,0 - 0,0 - 0,X,0,Yok
2026-07-16,2026,UEFA Europa Conference League,Vikingur Gota,Stjarnan,2 - 2,0 - 0,X,4,Evet
2026-07-16,2026,UEFA Europa Conference League,FK Zalgiris Vilnius,Petrovac,2 - 1,0 - 0,1,3,Evet
2026-07-16,2026,UEFA Europa Conference League,FC Santa Coloma,Penybont,3 - 0,1 - 0,1,3,Yok
2026-07-16,2026,UEFA Europa Conference League,Milsami Orhei,Velež,0 - 1,0 - 0,2,1,Yok
2026-07-16,2026,UEFA Europa Conference League,Dinamo Tbilisi,US Mondorf-les-bains,1 - 1,0 - 0,X,2,Evet
2026-07-16,2026,UEFA Europa Conference League,Hamrun Spartans,NSI Runavik,1 - 2,0 - 1,2,3,Evet
2026-07-16,2026,UEFA Europa Conference League,Shkendija,Europa,1 - 0,0 - 0,1,1,Yok
2026-07-16,2026,UEFA Europa Conference League,Sileks,Dinamo Minsk,0 - 1,0 - 1,2,1,Yok
2026-07-16,2026,UEFA Europa Conference League,Ballkani,GAP Connah S Quay FC,3 - 2,1 - 0,1,5,Evet
2026-07-16,2026,UEFA Europa Conference League,Linfield,Kalju Nomme,2 - 2,1 - 1,X,4,Evet
2026-07-16,2026,UEFA Europa Conference League,Mornar,Atlètic Club d'Escaldes,1 - 2,1 - 0,2,3,Evet
2026-07-16,2026,UEFA Europa Conference League,Virtus,Dila,1 - 0,0 - 0,1,1,Yok
2026-07-21,2026,UEFA Europa Conference League,IFK Goteborg,FC Levadia Tallinn,1 - 2,0 - 2,2,3,Evet
2026-07-21,2026,UEFA Europa Conference League,Floriana,Drita,1 - 1,0 - 0,X,2,Evet
2026-07-21,2026,UEFA Europa Conference League,Atert Bissen,Gyori ETO FC,2 - 6,1 - 3,2,8,Evet
2026-07-22,2026,UEFA Europa Conference League,Neftchi Baku,Dinamo Minsk,2 - 4,2 - 1,2,6,Evet
2026-07-22,2026,UEFA Europa Conference League,Bohemians,Ballkani,2 - 1,0 - 1,1,3,Evet
2026-07-22,2026,UEFA Europa Conference League,Başakşehir,Inter Turku,1 - 1,0 - 1,X,2,Evet
2026-07-22,2026,UEFA Europa Conference League,Vardar Skopje,Riga,2 - 3,1 - 2,2,5,Evet
2026-07-22,2026,UEFA Europa Conference League,Spartak Trnava,CSKA 1948,0 - 0,0 - 0,X,0,Yok
2026-07-22,2026,UEFA Europa Conference League,Železničar Pančevo,SC Braga,0 - 1,0 - 0,2,1,Yok
2026-07-23,2026,UEFA Europa Conference League,Malisheva,Hibernian,2 - 0,1 - 0,1,2,Yok
2026-07-23,2026,UEFA Europa Conference League,Alashkert,CFR 1907 Cluj,1 - 1,1 - 0,X,2,Evet
2026-07-23,2026,UEFA Europa Conference League,FK Liepaja,Austria Vienna,0 - 2,0 - 1,2,2,Yok
2026-07-23,2026,UEFA Europa Conference League,Panevėžys,FK Tobol Kostanay,1 - 1,1 - 0,X,2,Evet
2026-07-23,2026,UEFA Europa Conference League,HJK Helsinki,Coleraine FC,5 - 0,2 - 0,1,5,Yok
2026-07-23,2026,UEFA Europa Conference League,Flora Tallinn,The New Saints,1 - 0,1 - 0,1,1,Yok
2026-07-23,2026,UEFA Europa Conference League,Debreceni VSC,Pyunik Yerevan,1 - 0,0 - 0,1,1,Yok
2026-07-23,2026,UEFA Europa Conference League,Dila,Apollon Limassol,0 - 4,0 - 2,2,4,Yok
2026-07-23,2026,UEFA Europa Conference League,Paide,Zira,1 - 0,0 - 0,1,1,Yok
2026-07-23,2026,UEFA Europa Conference League,AEK Larnaca,Beitar Jerusalem,0 - 1,0 - 0,2,1,Yok
2026-07-23,2026,UEFA Europa Conference League,Dunajska Streda,Velež,1 - 0,0 - 0,1,1,Yok
2026-07-23,2026,UEFA Europa Conference League,Raków Częstochowa,Valletta FC,3 - 1,0 - 1,1,4,Evet
2026-07-23,2026,UEFA Europa Conference League,Rīgas FS,Vestri,4 - 1,3 - 0,1,5,Evet
2026-07-23,2026,UEFA Europa Conference League,Bate Borisov,FC Sion,1 - 1,1 - 1,X,2,Evet
2026-07-23,2026,UEFA Europa Conference League,FC Santa Coloma,Rapid Vienna,1 - 3,0 - 0,2,4,Evet
2026-07-23,2026,UEFA Europa Conference League,Gais,FC Nordsjaelland,1 - 0,1 - 0,1,1,Yok
2026-07-23,2026,UEFA Europa Conference League,Dinamo Tbilisi,FK Zalgiris Vilnius,3 - 0,3 - 0,1,3,Yok
2026-07-23,2026,UEFA Europa Conference League,Universitatea Cluj,Brann,2 - 2,0 - 1,X,4,Evet
2026-07-23,2026,UEFA Europa Conference League,Zimbru,FC Noah,1 - 1,1 - 0,X,2,Evet
2026-07-23,2026,UEFA Europa Conference League,ML Vitebsk,Sutjeska,3 - 0,2 - 0,1,3,Yok
2026-07-23,2026,UEFA Europa Conference League,FC Vaduz,Atlètic Club d'Escaldes,4 - 0,1 - 0,1,4,Yok
2026-07-23,2026,UEFA Europa Conference League,FCSB,Auda,2 - 3,1 - 2,2,5,Evet
2026-07-23,2026,UEFA Europa Conference League,Vojvodina,Ajax,1 - 4,1 - 2,2,5,Evet
2026-07-23,2026,UEFA Europa Conference League,NK Varazdin,FK Jablonec,3 - 2,1 - 1,1,5,Evet
2026-07-23,2026,UEFA Europa Conference League,Paks,Panathinaikos,1 - 2,0 - 1,2,3,Evet
2026-07-23,2026,UEFA Europa Conference League,Aluminij,Dinamo Tirana,1 - 1,0 - 1,X,2,Evet
2026-07-23,2026,UEFA Europa Conference League,Polessya,FC Copenhagen,3 - 3,2 - 1,X,6,Evet
2026-07-23,2026,UEFA Europa Conference League,FC Lugano,Dukagjini,1 - 0,1 - 0,1,1,Yok
2026-07-23,2026,UEFA Europa Conference League,Borac Banja Luka,Petrocub,3 - 0,1 - 0,1,3,Yok
2026-07-23,2026,UEFA Europa Conference League,Žilina,GKS Katowice,2 - 1,1 - 1,1,3,Evet
2026-07-23,2026,UEFA Europa Conference League,Hapoel Tel Aviv,Ludogorets,2 - 0,1 - 0,1,2,Yok
2026-07-23,2026,UEFA Europa Conference League,LNZ Cherkasy,Gent,0 - 0,0 - 0,X,0,Yok
2026-07-23,2026,UEFA Europa Conference League,Motherwell,HB Torshavn,2 - 0,1 - 0,1,2,Yok
2026-07-23,2026,UEFA Europa Conference League,HNK Rijeka,Derry City,1 - 0,0 - 0,1,1,Yok
2026-07-23,2026,UEFA Europa Conference League,NSI Runavik,Koper,0 - 2,0 - 0,2,2,Yok
2026-07-23,2026,UEFA Europa Conference League,Shelbourne,Kalju Nomme,5 - 2,3 - 1,1,7,Evet
2026-07-23,2026,UEFA Europa Conference League,Bravo,Shkendija,2 - 1,1 - 1,1,3,Evet
2026-07-23,2026,UEFA Europa Conference League,Stjarnan,Ilves,1 - 0,0 - 0,1,1,Yok
2026-07-23,2026,UEFA Europa Conference League,FK Partizan,UNA Strassen,4 - 0,2 - 0,1,4,Yok
2026-07-23,2026,UEFA Europa Conference League,Valur Reykjavik,Zrinjski,1 - 0,0 - 0,1,1,Yok
2026-07-28,2026,UEFA Europa Conference League,Apollon Limassol,Dila,3 - 0,1 - 0,1,3,Yok
2026-07-28,2026,UEFA Europa Conference League,Riga,Vardar Skopje,5 - 2,0 - 1,1,7,Evet
2026-07-28,2026,UEFA Europa Conference League,CSKA 1948,Spartak Trnava,0 - 0,0 - 0,X,0,Yok
2026-07-28,2026,UEFA Europa Conference League,Drita,Floriana,2 - 1,0 - 1,1,3,Evet
2026-07-29,2026,UEFA Europa Conference League,Dukagjini,FC Lugano,1 - 5,1 - 3,2,6,Evet
2026-07-29,2026,UEFA Europa Conference League,FC Copenhagen,Polessya,2 - 1,1 - 0,1,3,Evet
2026-07-29,2026,UEFA Europa Conference League,Rapid Vienna,FC Santa Coloma,6 - 2,3 - 1,1,8,Evet
2026-07-30,2026,UEFA Europa Conference League,FK Tobol Kostanay,Panevėžys,1 - 1,1 - 1,X,2,Evet
2026-07-30,2026,UEFA Europa Conference League,Atlètic Club d'Escaldes,FC Vaduz,0 - 2,0 - 1,2,2,Yok
2026-07-30,2026,UEFA Europa Conference League,Zira,Paide,1 - 1,1 - 0,X,2,Evet
2026-07-30,2026,UEFA Europa Conference League,Kalju Nomme,Shelbourne,2 - 1,0 - 1,1,3,Evet
2026-07-30,2026,UEFA Europa Conference League,Pyunik Yerevan,Debreceni VSC,0 - 0,0 - 0,X,0,Yok
2026-07-30,2026,UEFA Europa Conference League,FK Jablonec,NK Varazdin,2 - 0,1 - 0,1,2,Yok
2026-07-30,2026,UEFA Europa Conference League,Ilves,Stjarnan,1 - 0,0 - 0,1,1,Yok
2026-07-30,2026,UEFA Europa Conference League,Inter Turku,Başakşehir,2 - 0,1 - 0,1,2,Yok
2026-07-30,2026,UEFA Europa Conference League,FC Noah,Zimbru,2 - 1,1 - 0,1,3,Evet
2026-07-30,2026,UEFA Europa Conference League,Auda,FCSB,4 - 1,1 - 0,1,5,Evet
2026-07-30,2026,UEFA Europa Conference League,FC Levadia Tallinn,IFK Goteborg,1 - 3,0 - 0,2,4,Evet
2026-07-30,2026,UEFA Europa Conference League,Brann,Universitatea Cluj,3 - 1,2 - 1,1,4,Evet
2026-07-30,2026,UEFA Europa Conference League,Dinamo Minsk,Neftchi Baku,0 - 1,0 - 1,2,1,Yok
2026-07-30,2026,UEFA Europa Conference League,FC Nordsjaelland,Gais,6 - 0,3 - 0,1,6,Yok
2026-07-30,2026,UEFA Europa Conference League,FK Zalgiris Vilnius,Dinamo Tbilisi,7 - 2,1 - 1,1,9,Evet
2026-07-30,2026,UEFA Europa Conference League,Petrocub,Borac Banja Luka,3 - 3,2 - 0,X,6,Evet
2026-07-30,2026,UEFA Europa Conference League,Gyori ETO FC,Atert Bissen,1 - 1,0 - 1,X,2,Evet
2026-07-30,2026,UEFA Europa Conference League,Velež,Dunajska Streda,0 - 3,0 - 2,2,3,Yok
2026-07-30,2026,UEFA Europa Conference League,HB Torshavn,Motherwell,0 - 3,0 - 2,2,3,Yok
2026-07-30,2026,UEFA Europa Conference League,The New Saints,Flora Tallinn,1 - 0,0 - 0,1,1,Yok
2026-07-30,2026,UEFA Europa Conference League,Beitar Jerusalem,AEK Larnaca,2 - 3,1 - 1,2,5,Evet
2026-07-30,2026,UEFA Europa Conference League,Valletta FC,Raków Częstochowa,0 - 4,0 - 2,2,4,Yok
2026-07-30,2026,UEFA Europa Conference League,Derry City,HNK Rijeka,0 - 1,0 - 1,2,1,Yok
2026-07-30,2026,UEFA Europa Conference League,Ajax,Vojvodina,4 - 1,1 - 1,1,5,Evet
2026-07-30,2026,UEFA Europa Conference League,Ludogorets,Hapoel Tel Aviv,2 - 2,0 - 1,X,4,Evet
2026-07-30,2026,UEFA Europa Conference League,Shkendija,Bravo,3 - 1,1 - 1,1,4,Evet
2026-07-30,2026,UEFA Europa Conference League,Vestri,Rīgas FS,1 - 1,1 - 1,X,2,Evet
2026-07-30,2026,UEFA Europa Conference League,Ballkani,Bohemians,3 - 2,1 - 1,1,5,Evet
2026-07-30,2026,UEFA Europa Conference League,FC Sion,Bate Borisov,4 - 0,2 - 0,1,4,Yok
2026-07-30,2026,UEFA Europa Conference League,UNA Strassen,FK Partizan,0 - 1,0 - 0,2,1,Yok
2026-07-30,2026,UEFA Europa Conference League,Zrinjski,Valur Reykjavik,2 - 2,1 - 2,X,4,Evet
2026-07-30,2026,UEFA Europa Conference League,Austria Vienna,FK Liepaja,3 - 1,2 - 1,1,4,Evet
2026-07-30,2026,UEFA Europa Conference League,Panathinaikos,Paks,2 - 2,1 - 1,X,4,Evet
2026-07-30,2026,UEFA Europa Conference League,Gent,LNZ Cherkasy,0 - 0,0 - 0,X,0,Yok
2026-07-30,2026,UEFA Europa Conference League,CFR 1907 Cluj,Alashkert,3 - 0,2 - 0,1,3,Yok
2026-07-30,2026,UEFA Europa Conference League,GKS Katowice,Žilina,3 - 1,0 - 0,1,4,Evet
2026-07-30,2026,UEFA Europa Conference League,Coleraine FC,HJK Helsinki,0 - 3,0 - 2,2,3,Yok
2026-07-30,2026,UEFA Europa Conference League,Koper,NSI Runavik,0 - 2,0 - 1,2,2,Yok
2026-07-30,2026,UEFA Europa Conference League,SC Braga,Železničar Pančevo,4 - 0,2 - 0,1,4,Yok
2026-07-30,2026,UEFA Europa Conference League,Hibernian,Malisheva,4 - 1,3 - 0,1,5,Evet
2026-07-30,2026,UEFA Europa Conference League,Sutjeska,ML Vitebsk,1 - 2,0 - 1,2,3,Evet
2026-07-30,2026,UEFA Europa Conference League,Dinamo Tirana,Aluminij,3 - 0,2 - 0,1,3,Yok
2026-08-04,2026,UEFA Europa Conference League,Auda,Dinamo Tirana,1 - 0,0 - 0,1,1,Yok
2026-08-05,2026,UEFA Europa Conference League,Brann,Apollon Limassol,0 - 1,0 - 1,2,1,Yok
2026-08-05,2026,UEFA Europa Conference League,Panathinaikos,CSKA 1948,1 - 1,1 - 1,X,2,Evet
2026-08-06,2026,UEFA Europa Conference League,Inter Turku,FC Vaduz,2 - 1,1 - 0,1,3,Evet
2026-08-06,2026,UEFA Europa Conference League,HJK Helsinki,Motherwell,1 - 1,0 - 0,X,2,Evet
2026-08-06,2026,UEFA Europa Conference League,FK Jablonec,Rīgas FS,2 - 0,1 - 0,1,2,Yok
2026-08-06,2026,UEFA Europa Conference League,Paide,Rapid Vienna,1 - 4,1 - 1,2,5,Evet
2026-08-06,2026,UEFA Europa Conference League,FC Noah,FC Sion,2 - 2,2 - 1,X,4,Evet
2026-08-06,2026,UEFA Europa Conference League,CFR 1907 Cluj,Tromso,0 - 5,0 - 3,2,5,Yok
2026-08-06,2026,UEFA Europa Conference League,IFK Goteborg,Gent,0 - 1,0 - 1,2,1,Yok
2026-08-06,2026,UEFA Europa Conference League,Sheriff Tiraspol,FC ST. Gallen,1 - 3,0 - 0,2,4,Evet
2026-08-06,2026,UEFA Europa Conference League,Dynamo Kyiv,Qarabag,1 - 0,1 - 0,1,1,Yok
2026-08-06,2026,UEFA Europa Conference League,FK Zalgiris Vilnius,HNK Hajduk Split,2 - 5,1 - 2,2,7,Evet
2026-08-06,2026,UEFA Europa Conference League,Debreceni VSC,FC Copenhagen,0 - 3,0 - 2,2,3,Yok
2026-08-06,2026,UEFA Europa Conference League,Inter Club d'Escaldes,Flora Tallinn,2 - 0,1 - 0,1,2,Yok
2026-08-06,2026,UEFA Europa Conference League,Raków Częstochowa,Hammarby FF,0 - 0,0 - 0,X,0,Yok
2026-08-06,2026,UEFA Europa Conference League,Riga,Gyori ETO FC,1 - 0,1 - 0,1,1,Yok
2026-08-06,2026,UEFA Europa Conference League,Beitar Jerusalem,Austria Vienna,1 - 2,1 - 1,2,3,Evet
2026-08-06,2026,UEFA Europa Conference League,Ajax,Shelbourne,3 - 1,2 - 0,1,4,Evet
2026-08-06,2026,UEFA Europa Conference League,Twente,Dunajska Streda,6 - 0,2 - 0,1,6,Yok
2026-08-06,2026,UEFA Europa Conference League,Hapoel Tel Aviv,GKS Katowice,2 - 0,2 - 0,1,2,Yok
2026-08-06,2026,UEFA Europa Conference League,SC Braga,Dinamo Minsk,1 - 0,1 - 0,1,1,Yok
2026-08-06,2026,UEFA Europa Conference League,Valur Reykjavik,FC Nordsjaelland,0 - 2,0 - 1,2,2,Yok
2026-08-06,2026,UEFA Europa Conference League,FC Lugano,NSI Runavik,2 - 0,1 - 0,1,2,Yok
2026-08-06,2026,UEFA Europa Conference League,Borac Banja Luka,ML Vitebsk,1 - 0,1 - 0,1,1,Yok
2026-08-06,2026,UEFA Europa Conference League,HNK Rijeka,Ilves,1 - 0,1 - 0,1,1,Yok
2026-08-06,2026,UEFA Europa Conference League,Bohemians,FC Midtjylland,0 - 2,0 - 1,2,2,Yok
2026-08-06,2026,UEFA Europa Conference League,Hibernian,Shkendija,2 - 1,0 - 0,1,3,Evet
2026-08-06,2026,UEFA Europa Conference League,FK Partizan,FK Tobol Kostanay,3 - 0,1 - 0,1,3,Yok
2026-08-06,2026,UEFA Europa Conference League,Tre Fiori,Drita,1 - 4,0 - 0,2,5,Evet
2026-08-11,2026,UEFA Europa Conference League,Apollon Limassol,Brann,2 - 4,0 - 1,2,6,Evet
2026-08-11,2026,UEFA Europa Conference League,CSKA 1948,Panathinaikos,1 - 2,0 - 0,2,3,Evet
2026-08-12,2026,UEFA Europa Conference League,FC Copenhagen,Debreceni VSC,5 - 1,1 - 0,1,6,Evet
2026-08-12,2026,UEFA Europa Conference League,Rapid Vienna,Paide,2 - 0,1 - 0,1,2,Yok
2026-08-12,2026,UEFA Europa Conference League,GKS Katowice,Hapoel Tel Aviv,2 - 1,0 - 1,1,3,Evet
2026-08-13,2026,UEFA Europa Conference League,FK Tobol Kostanay,FK Partizan,1 - 2,1 - 0,2,3,Evet
2026-08-13,2026,UEFA Europa Conference League,Qarabag,Dynamo Kyiv,2 - 0,1 - 0,1,2,Yok
2026-08-13,2026,UEFA Europa Conference League,Flora Tallinn,Inter Club d'Escaldes,0 - 4,0 - 1,2,4,Yok
2026-08-13,2026,UEFA Europa Conference League,Ilves,HNK Rijeka,1 - 1,0 - 0,X,2,Evet
2026-08-13,2026,UEFA Europa Conference League,Rīgas FS,FK Jablonec,1 - 2,1 - 2,2,3,Evet
2026-08-13,2026,UEFA Europa Conference League,Tromso,CFR 1907 Cluj,2 - 1,1 - 0,1,3,Evet
2026-08-13,2026,UEFA Europa Conference League,Hammarby FF,Raków Częstochowa,0 - 1,0 - 1,2,1,Yok
2026-08-13,2026,UEFA Europa Conference League,Dinamo Minsk,SC Braga,0 - 0,0 - 0,X,0,Yok
2026-08-13,2026,UEFA Europa Conference League,FC Midtjylland,Bohemians,3 - 2,1 - 0,1,5,Evet
2026-08-13,2026,UEFA Europa Conference League,FC Nordsjaelland,Valur Reykjavik,5 - 0,2 - 0,1,5,Yok
2026-08-13,2026,UEFA Europa Conference League,Dunajska Streda,Twente,3 - 3,0 - 1,X,6,Evet
2026-08-13,2026,UEFA Europa Conference League,ML Vitebsk,Borac Banja Luka,1 - 0,1 - 0,1,1,Yok
2026-08-13,2026,UEFA Europa Conference League,FC Vaduz,Inter Turku,2 - 2,1 - 1,X,4,Evet
2026-08-13,2026,UEFA Europa Conference League,NSI Runavik,FC Lugano,2 - 2,1 - 0,X,4,Evet
2026-08-13,2026,UEFA Europa Conference League,Shkendija,Hibernian,0 - 0,0 - 0,X,0,Yok
2026-08-13,2026,UEFA Europa Conference League,FC ST. Gallen,Sheriff Tiraspol,5 - 1,2 - 1,1,6,Evet
2026-08-13,2026,UEFA Europa Conference League,Drita,Tre Fiori,5 - 0,3 - 0,1,5,Yok
2026-08-13,2026,UEFA Europa Conference League,FC Sion,FC Noah,2 - 1,0 - 1,1,3,Evet
2026-08-13,2026,UEFA Europa Conference League,Motherwell,HJK Helsinki,2 - 0,0 - 0,1,2,Yok
2026-08-13,2026,UEFA Europa Conference League,Austria Vienna,Beitar Jerusalem,1 - 2,0 - 1,2,3,Evet
2026-08-13,2026,UEFA Europa Conference League,Gent,IFK Goteborg,1 - 1,1 - 0,X,2,Evet
2026-08-13,2026,UEFA Europa Conference League,Gyori ETO FC,Riga,1 - 1,1 - 0,X,2,Evet
2026-08-13,2026,UEFA Europa Conference League,Shelbourne,Ajax,2 - 2,1 - 2,X,4,Evet
2026-08-13,2026,UEFA Europa Conference League,HNK Hajduk Split,FK Zalgiris Vilnius,4 - 0,0 - 0,1,4,Yok
2026-08-13,2026,UEFA Europa Conference League,Dinamo Tirana,Auda,4 - 0,2 - 0,1,4,Yok
2026-08-20,2026,UEFA Europa Conference League,Lincoln Red Imps FC,Larne,0 - 2,0 - 0,2,2,Yok
2026-08-20,2026,UEFA Europa Conference League,Inter Turku,FC Copenhagen,0 - 0,0 - 0,X,0,Yok
2026-08-20,2026,UEFA Europa Conference League,Tromso,Brighton,0 - 0,0 - 0,X,0,Yok
2026-08-20,2026,UEFA Europa Conference League,FC Midtjylland,HNK Rijeka,2 - 0,1 - 0,1,2,Yok
2026-08-20,2026,UEFA Europa Conference League,FC Nordsjaelland,FC ST. Gallen,1 - 0,1 - 0,1,1,Yok
2026-08-20,2026,UEFA Europa Conference League,KI Klaksvik,Riga,0 - 0,0 - 0,X,0,Yok
2026-08-20,2026,UEFA Europa Conference League,PAOK,Brann,1 - 1,0 - 0,X,2,Evet
2026-08-20,2026,UEFA Europa Conference League,Vikingur Reykjavik,Borac Banja Luka,1 - 3,0 - 2,2,4,Evet
2026-08-20,2026,UEFA Europa Conference League,Gornik Zabrze,Monaco,2 - 3,0 - 1,2,5,Evet
2026-08-20,2026,UEFA Europa Conference League,Twente,Qarabag,0 - 1,0 - 0,2,1,Yok
2026-08-20,2026,UEFA Europa Conference League,Drita,Inter Club d'Escaldes,2 - 2,2 - 1,X,4,Evet
2026-08-20,2026,UEFA Europa Conference League,FC Sion,Ajax,2 - 4,1 - 0,2,6,Evet
2026-08-20,2026,UEFA Europa Conference League,Motherwell,SC Freiburg,1 - 3,1 - 1,2,4,Evet
2026-08-20,2026,UEFA Europa Conference League,Atalanta,Hapoel Tel Aviv,0 - 0,0 - 0,X,0,Yok
2026-08-20,2026,UEFA Europa Conference League,FC Lugano,Maccabi Tel Aviv,2 - 1,1 - 0,1,3,Evet
2026-08-20,2026,UEFA Europa Conference League,Panathinaikos,Hradec Králové,2 - 2,0 - 0,X,4,Evet
2026-08-20,2026,UEFA Europa Conference League,Gent,Hibernian,0 - 0,0 - 0,X,0,Yok
2026-08-20,2026,UEFA Europa Conference League,Heart Of Midlothian,Rapid Vienna,2 - 2,0 - 1,X,4,Evet
2026-08-20,2026,UEFA Europa Conference League,Rangers,FK Jablonec,1 - 0,0 - 0,1,1,Yok
2026-08-20,2026,UEFA Europa Conference League,SC Braga,Austria Vienna,2 - 0,1 - 0,1,2,Yok
2026-08-20,2026,UEFA Europa Conference League,Getafe,FK Partizan,3 - 1,1 - 1,1,4,Evet
2026-08-20,2026,UEFA Europa Conference League,HNK Hajduk Split,Raków Częstochowa,2 - 2,1 - 1,X,4,Evet
2026-08-20,2026,UEFA Europa Conference League,Shamrock Rovers,KuPS,1 - 1,0 - 0,X,2,Evet
2026-08-20,2026,UEFA Europa Conference League,Dinamo Tirana,Pafos,1 - 1,0 - 0,X,2,Evet
2026-08-26,2026,UEFA Europa Conference League,Rapid Vienna,Heart Of Midlothian,1 - 1,1 - 0,X,2,Evet
2026-08-27,2026,UEFA Europa Conference League,KuPS,Shamrock Rovers,1 - 0,0 - 0,1,1,Yok
2026-08-27,2026,UEFA Europa Conference League,Qarabag,Twente,1 - 4,0 - 0,2,5,Evet
2026-08-27,2026,UEFA Europa Conference League,Maccabi Tel Aviv,FC Lugano,1 - 1,0 - 0,X,2,Evet
2026-08-27,2026,UEFA Europa Conference League,FK Jablonec,Rangers,1 - 0,0 - 0,1,1,Yok
2026-08-27,2026,UEFA Europa Conference League,Monaco,Gornik Zabrze,4 - 1,2 - 0,1,5,Evet
2026-08-27,2026,UEFA Europa Conference League,SC Freiburg,Motherwell,4 - 1,1 - 1,1,5,Evet
2026-08-27,2026,UEFA Europa Conference League,Brann,PAOK,3 - 2,1 - 0,1,5,Evet
2026-08-27,2026,UEFA Europa Conference League,FC Copenhagen,Inter Turku,4 - 1,1 - 0,1,5,Evet
2026-08-27,2026,UEFA Europa Conference League,Inter Club d'Escaldes,Drita,0 - 0,0 - 0,X,0,Yok
2026-08-27,2026,UEFA Europa Conference League,Pafos,Dinamo Tirana,4 - 2,1 - 1,1,6,Evet
2026-08-27,2026,UEFA Europa Conference League,Raków Częstochowa,HNK Hajduk Split,2 - 3,0 - 1,2,5,Evet
2026-08-27,2026,UEFA Europa Conference League,Hradec Králové,Panathinaikos,1 - 2,0 - 0,2,3,Evet
2026-08-27,2026,UEFA Europa Conference League,Riga,KI Klaksvik,2 - 1,0 - 0,1,3,Evet
2026-08-27,2026,UEFA Europa Conference League,Ajax,FC Sion,5 - 3,3 - 2,1,8,Evet
2026-08-27,2026,UEFA Europa Conference League,FC ST. Gallen,FC Nordsjaelland,2 - 3,2 - 2,2,5,Evet
2026-08-27,2026,UEFA Europa Conference League,Hapoel Tel Aviv,Atalanta,0 - 1,0 - 0,2,1,Yok
2026-08-27,2026,UEFA Europa Conference League,Brighton,Tromso,4 - 0,3 - 0,1,4,Yok
2026-08-27,2026,UEFA Europa Conference League,Austria Vienna,SC Braga,0 - 0,0 - 0,X,0,Yok
2026-08-27,2026,UEFA Europa Conference League,Borac Banja Luka,Vikingur Reykjavik,3 - 1,0 - 1,1,4,Evet
2026-08-27,2026,UEFA Europa Conference League,HNK Rijeka,FC Midtjylland,1 - 4,1 - 1,2,5,Evet
2026-08-27,2026,UEFA Europa Conference League,Hibernian,Gent,2 - 3,0 - 1,2,5,Evet
2026-08-27,2026,UEFA Europa Conference League,FK Partizan,Getafe,2 - 1,0 - 0,1,3,Evet
2026-08-27,2026,UEFA Europa Conference League,Larne,Lincoln Red Imps FC,0 - 3,0 - 0,2,3,Yok
2025-07-10,2025,UEFA Europa League,Sabah FA,Celje,2 - 3,2 - 1,2,5,Evet
2025-07-10,2025,UEFA Europa League,AEK Larnaca,FK Partizan,1 - 0,0 - 0,1,1,Yok
2025-07-10,2025,UEFA Europa League,Sheriff Tiraspol,Prishtina,4 - 0,2 - 0,1,4,Yok
2025-07-10,2025,UEFA Europa League,Paks,CFR 1907 Cluj,0 - 0,0 - 0,X,0,Yok
2025-07-10,2025,UEFA Europa League,Levski Sofia,Hapoel Beer Sheva,0 - 0,0 - 0,X,0,Yok
2025-07-10,2025,UEFA Europa League,Shakhtar Donetsk,Ilves,6 - 0,2 - 0,1,6,Yok
2025-07-10,2025,UEFA Europa League,Spartak Trnava,BK Hacken,0 - 1,0 - 0,2,1,Yok
2025-07-10,2025,UEFA Europa League,Legia Warszawa,Aktobe,1 - 0,1 - 0,1,1,Yok
2025-07-17,2025,UEFA Europa League,Ilves,Shakhtar Donetsk,0 - 0,0 - 0,X,0,Yok
2025-07-17,2025,UEFA Europa League,Aktobe,Legia Warszawa,0 - 1,0 - 0,2,1,Yok
2025-07-17,2025,UEFA Europa League,BK Hacken,Spartak Trnava,2 - 2,1 - 0,X,4,Evet
2025-07-17,2025,UEFA Europa League,CFR 1907 Cluj,Paks,3 - 0,1 - 0,1,3,Yok
2025-07-17,2025,UEFA Europa League,Hapoel Beer Sheva,Levski Sofia,1 - 1,0 - 0,X,2,Evet
2025-07-17,2025,UEFA Europa League,Prishtina,Sheriff Tiraspol,2 - 1,0 - 0,1,3,Evet
2025-07-17,2025,UEFA Europa League,Celje,Sabah FA,3 - 3,1 - 1,X,6,Evet
2025-07-17,2025,UEFA Europa League,FK Partizan,AEK Larnaca,1 - 0,0 - 0,1,1,Yok
2025-07-24,2025,UEFA Europa League,Sheriff Tiraspol,Utrecht,1 - 3,1 - 1,2,4,Evet
2025-07-24,2025,UEFA Europa League,Baník Ostrava,Legia Warszawa,2 - 2,1 - 1,X,4,Evet
2025-07-24,2025,UEFA Europa League,FC Midtjylland,Hibernian,1 - 1,0 - 1,X,2,Evet
2025-07-24,2025,UEFA Europa League,Levski Sofia,SC Braga,0 - 0,0 - 0,X,0,Yok
2025-07-24,2025,UEFA Europa League,Beşiktaş,Shakhtar Donetsk,2 - 4,1 - 2,2,6,Evet
2025-07-24,2025,UEFA Europa League,Anderlecht,BK Hacken,1 - 0,1 - 0,1,1,Yok
2025-07-24,2025,UEFA Europa League,Celje,AEK Larnaca,1 - 1,1 - 0,X,2,Evet
2025-07-24,2025,UEFA Europa League,FC Lugano,CFR 1907 Cluj,0 - 0,0 - 0,X,0,Yok
2025-07-31,2025,UEFA Europa League,AEK Larnaca,Celje,2 - 1,1 - 0,1,3,Evet
2025-07-31,2025,UEFA Europa League,BK Hacken,Anderlecht,2 - 1,1 - 0,1,3,Evet
2025-07-31,2025,UEFA Europa League,CFR 1907 Cluj,FC Lugano,1 - 0,0 - 0,1,1,Yok
2025-07-31,2025,UEFA Europa League,Utrecht,Sheriff Tiraspol,4 - 1,1 - 0,1,5,Evet
2025-07-31,2025,UEFA Europa League,Shakhtar Donetsk,Beşiktaş,2 - 0,2 - 0,1,2,Yok
2025-07-31,2025,UEFA Europa League,SC Braga,Levski Sofia,1 - 0,0 - 0,1,1,Yok
2025-07-31,2025,UEFA Europa League,Hibernian,FC Midtjylland,1 - 2,0 - 0,2,3,Evet
2025-07-31,2025,UEFA Europa League,Legia Warszawa,Baník Ostrava,2 - 1,0 - 1,1,3,Evet
2025-08-05,2025,UEFA Europa League,Hamrun Spartans,Maccabi Tel Aviv,1 - 2,0 - 0,2,3,Evet
2025-08-06,2025,UEFA Europa League,Rīgas FS,KuPS,1 - 2,0 - 2,2,3,Evet
2025-08-06,2025,UEFA Europa League,HNK Rijeka,Shelbourne,1 - 2,0 - 0,2,3,Evet
2025-08-07,2025,UEFA Europa League,Lincoln Red Imps FC,FC Noah,1 - 1,1 - 1,X,2,Evet
2025-08-07,2025,UEFA Europa League,Fredrikstad,FC Midtjylland,1 - 3,0 - 2,2,4,Evet
2025-08-07,2025,UEFA Europa League,AEK Larnaca,Legia Warszawa,4 - 1,1 - 1,1,5,Evet
2025-08-07,2025,UEFA Europa League,CFR 1907 Cluj,SC Braga,1 - 2,1 - 1,2,3,Evet
2025-08-07,2025,UEFA Europa League,BK Hacken,Brann,0 - 2,0 - 1,2,2,Yok
2025-08-07,2025,UEFA Europa League,PAOK,Wolfsberger AC,0 - 0,0 - 0,X,0,Yok
2025-08-07,2025,UEFA Europa League,Zrinjski,Breidablik,1 - 1,0 - 1,X,2,Evet
2025-08-07,2025,UEFA Europa League,Panathinaikos,Shakhtar Donetsk,0 - 0,0 - 0,X,0,Yok
2025-08-07,2025,UEFA Europa League,FCSB,Drita,3 - 2,0 - 1,1,5,Evet
2025-08-07,2025,UEFA Europa League,Servette FC,Utrecht,1 - 3,1 - 0,2,4,Evet
2025-08-12,2025,UEFA Europa League,Shelbourne,HNK Rijeka,1 - 3,0 - 1,2,4,Evet
2025-08-14,2025,UEFA Europa League,KuPS,Rīgas FS,1 - 0,0 - 0,1,1,Yok
2025-08-14,2025,UEFA Europa League,FC Midtjylland,Fredrikstad,2 - 0,2 - 0,1,2,Yok
2025-08-14,2025,UEFA Europa League,Brann,BK Hacken,0 - 1,0 - 1,2,1,Yok
2025-08-14,2025,UEFA Europa League,Wolfsberger AC,PAOK,0 - 1,0 - 0,2,1,Yok
2025-08-14,2025,UEFA Europa League,FC Noah,Lincoln Red Imps FC,0 - 0,0 - 0,X,0,Yok
2025-08-14,2025,UEFA Europa League,Breidablik,Zrinjski,1 - 2,0 - 1,2,3,Evet
2025-08-14,2025,UEFA Europa League,Utrecht,Servette FC,2 - 1,0 - 0,1,3,Evet
2025-08-14,2025,UEFA Europa League,Shakhtar Donetsk,Panathinaikos,0 - 0,0 - 0,X,0,Yok
2025-08-14,2025,UEFA Europa League,Maccabi Tel Aviv,Hamrun Spartans,3 - 1,2 - 1,1,4,Evet
2025-08-14,2025,UEFA Europa League,Drita,FCSB,1 - 3,0 - 2,2,4,Evet
2025-08-14,2025,UEFA Europa League,SC Braga,CFR 1907 Cluj,2 - 0,2 - 0,1,2,Yok
2025-08-14,2025,UEFA Europa League,Legia Warszawa,AEK Larnaca,2 - 1,2 - 0,1,3,Evet
2025-08-21,2025,UEFA Europa League,FC Midtjylland,KuPS,4 - 0,2 - 0,1,4,Yok
2025-08-21,2025,UEFA Europa League,Brann,AEK Larnaca,2 - 1,1 - 1,1,3,Evet
2025-08-21,2025,UEFA Europa League,Malmo FF,Sigma Olomouc,3 - 0,2 - 0,1,3,Yok
2025-08-21,2025,UEFA Europa League,Zrinjski,Utrecht,0 - 2,0 - 1,2,2,Yok
2025-08-21,2025,UEFA Europa League,Maccabi Tel Aviv,Dynamo Kyiv,3 - 1,1 - 1,1,4,Evet
2025-08-21,2025,UEFA Europa League,Shkendija,Ludogorets,2 - 1,1 - 1,1,3,Evet
2025-08-21,2025,UEFA Europa League,Panathinaikos,Samsunspor,2 - 1,0 - 0,1,3,Evet
2025-08-21,2025,UEFA Europa League,Slovan Bratislava,BSC Young Boys,0 - 1,0 - 1,2,1,Yok
2025-08-21,2025,UEFA Europa League,Lech Poznan,Genk,1 - 5,1 - 4,2,6,Evet
2025-08-21,2025,UEFA Europa League,Aberdeen,FCSB,2 - 2,0 - 1,X,4,Evet
2025-08-21,2025,UEFA Europa League,HNK Rijeka,PAOK,1 - 0,1 - 0,1,1,Yok
2025-08-21,2025,UEFA Europa League,Lincoln Red Imps FC,SC Braga,0 - 4,0 - 2,2,4,Yok
2025-08-27,2025,UEFA Europa League,AEK Larnaca,Brann,0 - 4,0 - 1,2,4,Yok
2025-08-28,2025,UEFA Europa League,KuPS,FC Midtjylland,0 - 2,0 - 0,2,2,Yok
2025-08-28,2025,UEFA Europa League,Sigma Olomouc,Malmo FF,0 - 2,0 - 0,2,2,Yok
2025-08-28,2025,UEFA Europa League,Samsunspor,Panathinaikos,0 - 0,0 - 0,X,0,Yok
2025-08-28,2025,UEFA Europa League,Ludogorets,Shkendija,4 - 1,2 - 0,1,5,Evet
2025-08-28,2025,UEFA Europa League,PAOK,HNK Rijeka,5 - 0,2 - 0,1,5,Yok
2025-08-28,2025,UEFA Europa League,Utrecht,Zrinjski,0 - 0,0 - 0,X,0,Yok
2025-08-28,2025,UEFA Europa League,BSC Young Boys,Slovan Bratislava,3 - 2,2 - 1,1,5,Evet
2025-08-28,2025,UEFA Europa League,Dynamo Kyiv,Maccabi Tel Aviv,1 - 0,1 - 0,1,1,Yok
2025-08-28,2025,UEFA Europa League,Genk,Lech Poznan,1 - 2,1 - 1,2,3,Evet
2025-08-28,2025,UEFA Europa League,FCSB,Aberdeen,3 - 0,1 - 0,1,3,Yok
2025-08-28,2025,UEFA Europa League,SC Braga,Lincoln Red Imps FC,5 - 1,3 - 0,1,6,Evet
2025-09-24,2025,UEFA Europa League,FC Midtjylland,Sturm Graz,2 - 0,1 - 0,1,2,Yok
2025-09-24,2025,UEFA Europa League,PAOK,Maccabi Tel Aviv,0 - 0,0 - 0,X,0,Yok
2025-09-24,2025,UEFA Europa League,Nice,AS Roma,1 - 2,0 - 0,2,3,Evet
2025-09-24,2025,UEFA Europa League,SC Freiburg,FC Basel 1893,2 - 1,1 - 0,1,3,Evet
2025-09-24,2025,UEFA Europa League,SC Braga,Feyenoord,1 - 0,0 - 0,1,1,Yok
2025-09-24,2025,UEFA Europa League,Malmo FF,Ludogorets,1 - 2,0 - 2,2,3,Evet
2025-09-24,2025,UEFA Europa League,Real Betis,Nottingham Forest,2 - 2,1 - 2,X,4,Evet
2025-09-24,2025,UEFA Europa League,FK Crvena Zvezda,Celtic,1 - 1,0 - 0,X,2,Evet
2025-09-24,2025,UEFA Europa League,Dinamo Zagreb,Fenerbahçe,3 - 1,1 - 1,1,4,Evet
2025-09-25,2025,UEFA Europa League,Lille,Brann,2 - 1,0 - 0,1,3,Evet
2025-09-25,2025,UEFA Europa League,GO Ahead Eagles,FCSB,0 - 1,0 - 1,2,1,Yok
2025-09-25,2025,UEFA Europa League,Aston Villa,Bologna,1 - 0,1 - 0,1,1,Yok
2025-09-25,2025,UEFA Europa League,VfB Stuttgart,Celta Vigo,2 - 1,0 - 0,1,3,Evet
2025-09-25,2025,UEFA Europa League,Utrecht,Lyon,0 - 1,0 - 0,2,1,Yok
2025-09-25,2025,UEFA Europa League,Rangers,Genk,0 - 1,0 - 0,2,1,Yok
2025-09-25,2025,UEFA Europa League,BSC Young Boys,Panathinaikos,1 - 4,1 - 3,2,5,Evet
2025-09-25,2025,UEFA Europa League,Red Bull Salzburg,FC Porto,0 - 1,0 - 0,2,1,Yok
2025-09-25,2025,UEFA Europa League,Ferencvarosi TC,Plzen,1 - 1,0 - 1,X,2,Evet
2025-10-02,2025,UEFA Europa League,Celtic,SC Braga,0 - 2,0 - 1,2,2,Yok
2025-10-02,2025,UEFA Europa League,Brann,Utrecht,1 - 0,1 - 0,1,1,Yok
2025-10-02,2025,UEFA Europa League,AS Roma,Lille,0 - 1,0 - 1,2,1,Yok
2025-10-02,2025,UEFA Europa League,Bologna,SC Freiburg,1 - 1,1 - 0,X,2,Evet
2025-10-02,2025,UEFA Europa League,FCSB,BSC Young Boys,0 - 2,0 - 2,2,2,Yok
2025-10-02,2025,UEFA Europa League,Ludogorets,Real Betis,0 - 2,0 - 1,2,2,Yok
2025-10-02,2025,UEFA Europa League,Plzen,Malmo FF,3 - 0,2 - 0,1,3,Yok
2025-10-02,2025,UEFA Europa League,Fenerbahçe,Nice,2 - 1,2 - 1,1,3,Evet
2025-10-02,2025,UEFA Europa League,Panathinaikos,GO Ahead Eagles,1 - 2,0 - 0,2,3,Evet
2025-10-02,2025,UEFA Europa League,Nottingham Forest,FC Midtjylland,2 - 3,1 - 2,2,5,Evet
2025-10-02,2025,UEFA Europa League,Lyon,Red Bull Salzburg,2 - 0,1 - 0,1,2,Yok
2025-10-02,2025,UEFA Europa League,Feyenoord,Aston Villa,0 - 2,0 - 0,2,2,Yok
2025-10-02,2025,UEFA Europa League,FC Porto,FK Crvena Zvezda,2 - 1,1 - 1,1,3,Evet
2025-10-02,2025,UEFA Europa League,Celta Vigo,PAOK,3 - 1,1 - 1,1,4,Evet
2025-10-02,2025,UEFA Europa League,FC Basel 1893,VfB Stuttgart,2 - 0,1 - 0,1,2,Yok
2025-10-02,2025,UEFA Europa League,Maccabi Tel Aviv,Dinamo Zagreb,1 - 3,1 - 2,2,4,Evet
2025-10-02,2025,UEFA Europa League,Sturm Graz,Rangers,2 - 1,2 - 0,1,3,Evet
2025-10-02,2025,UEFA Europa League,Genk,Ferencvarosi TC,0 - 1,0 - 1,2,1,Yok
2025-10-23,2025,UEFA Europa League,Lyon,FC Basel 1893,2 - 0,1 - 0,1,2,Yok
2025-10-23,2025,UEFA Europa League,SC Braga,FK Crvena Zvezda,2 - 0,1 - 0,1,2,Yok
2025-10-23,2025,UEFA Europa League,Brann,Rangers,3 - 0,1 - 0,1,3,Yok
2025-10-23,2025,UEFA Europa League,GO Ahead Eagles,Aston Villa,2 - 1,1 - 1,1,3,Evet
2025-10-23,2025,UEFA Europa League,FCSB,Bologna,1 - 2,0 - 2,2,3,Evet
2025-10-23,2025,UEFA Europa League,Red Bull Salzburg,Ferencvarosi TC,2 - 3,1 - 0,2,5,Evet
2025-10-23,2025,UEFA Europa League,Fenerbahçe,VfB Stuttgart,1 - 0,1 - 0,1,1,Yok
2025-10-23,2025,UEFA Europa League,Genk,Real Betis,0 - 0,0 - 0,X,0,Yok
2025-10-23,2025,UEFA Europa League,Nottingham Forest,FC Porto,2 - 0,1 - 0,1,2,Yok
2025-10-23,2025,UEFA Europa League,Lille,PAOK,3 - 4,0 - 3,2,7,Evet
2025-10-23,2025,UEFA Europa League,SC Freiburg,Utrecht,2 - 0,2 - 0,1,2,Yok
2025-10-23,2025,UEFA Europa League,Feyenoord,Panathinaikos,3 - 1,1 - 1,1,4,Evet
2025-10-23,2025,UEFA Europa League,Celtic,Sturm Graz,2 - 1,0 - 1,1,3,Evet
2025-10-23,2025,UEFA Europa League,Malmo FF,Dinamo Zagreb,1 - 1,1 - 0,X,2,Evet
2025-10-23,2025,UEFA Europa League,AS Roma,Plzen,1 - 2,0 - 2,2,3,Evet
2025-10-23,2025,UEFA Europa League,Celta Vigo,Nice,2 - 1,1 - 1,1,3,Evet
2025-10-23,2025,UEFA Europa League,BSC Young Boys,Ludogorets,3 - 2,1 - 1,1,5,Evet
2025-10-23,2025,UEFA Europa League,Maccabi Tel Aviv,FC Midtjylland,0 - 3,0 - 1,2,3,Yok
2025-11-06,2025,UEFA Europa League,Nice,SC Freiburg,1 - 3,1 - 3,2,4,Evet
2025-11-06,2025,UEFA Europa League,Utrecht,FC Porto,1 - 1,0 - 0,X,2,Evet
2025-11-06,2025,UEFA Europa League,Malmo FF,Panathinaikos,0 - 1,0 - 0,2,1,Yok
2025-11-06,2025,UEFA Europa League,FC Midtjylland,Celtic,3 - 1,3 - 0,1,4,Evet
2025-11-06,2025,UEFA Europa League,FC Basel 1893,FCSB,3 - 1,1 - 0,1,4,Evet
2025-11-06,2025,UEFA Europa League,Red Bull Salzburg,GO Ahead Eagles,2 - 0,0 - 0,1,2,Yok
2025-11-06,2025,UEFA Europa League,FK Crvena Zvezda,Lille,1 - 0,0 - 0,1,1,Yok
2025-11-06,2025,UEFA Europa League,Dinamo Zagreb,Celta Vigo,0 - 3,0 - 3,2,3,Yok
2025-11-06,2025,UEFA Europa League,Sturm Graz,Nottingham Forest,0 - 0,0 - 0,X,0,Yok
2025-11-06,2025,UEFA Europa League,Aston Villa,Maccabi Tel Aviv,2 - 0,1 - 0,1,2,Yok
2025-11-06,2025,UEFA Europa League,VfB Stuttgart,Feyenoord,2 - 0,0 - 0,1,2,Yok
2025-11-06,2025,UEFA Europa League,SC Braga,Genk,3 - 4,1 - 1,2,7,Evet
2025-11-06,2025,UEFA Europa League,Rangers,AS Roma,0 - 2,0 - 2,2,2,Yok
2025-11-06,2025,UEFA Europa League,Bologna,Brann,0 - 0,0 - 0,X,0,Yok
2025-11-06,2025,UEFA Europa League,Real Betis,Lyon,2 - 0,2 - 0,1,2,Yok
2025-11-06,2025,UEFA Europa League,Plzen,Fenerbahçe,0 - 0,0 - 0,X,0,Yok
2025-11-06,2025,UEFA Europa League,PAOK,BSC Young Boys,4 - 0,0 - 0,1,4,Yok
2025-11-06,2025,UEFA Europa League,Ferencvarosi TC,Ludogorets,3 - 1,1 - 0,1,4,Evet
2025-11-27,2025,UEFA Europa League,Aston Villa,BSC Young Boys,2 - 1,2 - 0,1,3,Evet
2025-11-27,2025,UEFA Europa League,Lille,Dinamo Zagreb,4 - 0,2 - 0,1,4,Yok
2025-11-27,2025,UEFA Europa League,Feyenoord,Celtic,1 - 3,1 - 2,2,4,Evet
2025-11-27,2025,UEFA Europa League,FC Porto,Nice,3 - 0,2 - 0,1,3,Yok
2025-11-27,2025,UEFA Europa League,AS Roma,FC Midtjylland,2 - 1,1 - 0,1,3,Evet
2025-11-27,2025,UEFA Europa League,Ludogorets,Celta Vigo,3 - 2,1 - 0,1,5,Evet
2025-11-27,2025,UEFA Europa League,Plzen,SC Freiburg,0 - 0,0 - 0,X,0,Yok
2025-11-27,2025,UEFA Europa League,Fenerbahçe,Ferencvarosi TC,1 - 1,0 - 0,X,2,Evet
2025-11-27,2025,UEFA Europa League,PAOK,Brann,1 - 1,0 - 0,X,2,Evet
2025-11-27,2025,UEFA Europa League,Nottingham Forest,Malmo FF,3 - 0,2 - 0,1,3,Yok
2025-11-27,2025,UEFA Europa League,Rangers,SC Braga,1 - 1,1 - 0,X,2,Evet
2025-11-27,2025,UEFA Europa League,GO Ahead Eagles,VfB Stuttgart,0 - 4,0 - 2,2,4,Yok
2025-11-27,2025,UEFA Europa League,Bologna,Red Bull Salzburg,4 - 1,1 - 1,1,5,Evet
2025-11-27,2025,UEFA Europa League,Real Betis,Utrecht,2 - 1,1 - 0,1,3,Evet
2025-11-27,2025,UEFA Europa League,FK Crvena Zvezda,FCSB,1 - 0,0 - 0,1,1,Yok
2025-11-27,2025,UEFA Europa League,Maccabi Tel Aviv,Lyon,0 - 6,0 - 3,2,6,Yok
2025-11-27,2025,UEFA Europa League,Panathinaikos,Sturm Graz,2 - 1,1 - 1,1,3,Evet
2025-11-27,2025,UEFA Europa League,Genk,FC Basel 1893,2 - 1,2 - 0,1,3,Evet
2025-12-11,2025,UEFA Europa League,Nice,SC Braga,0 - 1,0 - 1,2,1,Yok
2025-12-11,2025,UEFA Europa League,VfB Stuttgart,Maccabi Tel Aviv,4 - 1,2 - 0,1,5,Evet
2025-12-11,2025,UEFA Europa League,Utrecht,Nottingham Forest,1 - 2,0 - 0,2,3,Evet
2025-12-11,2025,UEFA Europa League,FC Midtjylland,Genk,1 - 0,1 - 0,1,1,Yok
2025-12-11,2025,UEFA Europa League,BSC Young Boys,Lille,1 - 0,0 - 0,1,1,Yok
2025-12-11,2025,UEFA Europa League,Ludogorets,PAOK,3 - 3,1 - 1,X,6,Evet
2025-12-11,2025,UEFA Europa League,Dinamo Zagreb,Real Betis,1 - 3,0 - 3,2,4,Evet
2025-12-11,2025,UEFA Europa League,Sturm Graz,FK Crvena Zvezda,0 - 1,0 - 0,2,1,Yok
2025-12-11,2025,UEFA Europa League,Ferencvarosi TC,Rangers,2 - 1,1 - 1,1,3,Evet
2025-12-11,2025,UEFA Europa League,Lyon,GO Ahead Eagles,2 - 1,2 - 1,1,3,Evet
2025-12-11,2025,UEFA Europa League,SC Freiburg,Red Bull Salzburg,1 - 0,0 - 0,1,1,Yok
2025-12-11,2025,UEFA Europa League,FC Porto,Malmo FF,2 - 1,2 - 0,1,3,Evet
2025-12-11,2025,UEFA Europa League,Celtic,AS Roma,0 - 3,0 - 3,2,3,Yok
2025-12-11,2025,UEFA Europa League,Brann,Fenerbahçe,0 - 4,0 - 3,2,4,Yok
2025-12-11,2025,UEFA Europa League,Celta Vigo,Bologna,1 - 2,1 - 0,2,3,Evet
2025-12-11,2025,UEFA Europa League,FC Basel 1893,Aston Villa,1 - 2,1 - 1,2,3,Evet
2025-12-11,2025,UEFA Europa League,FCSB,Feyenoord,4 - 3,1 - 2,1,7,Evet
2025-12-11,2025,UEFA Europa League,Panathinaikos,Plzen,0 - 0,0 - 0,X,0,Yok
2026-01-22,2025,UEFA Europa League,SC Freiburg,Maccabi Tel Aviv,1 - 0,0 - 0,1,1,Yok
2026-01-22,2025,UEFA Europa League,Feyenoord,Sturm Graz,3 - 0,1 - 0,1,3,Yok
2026-01-22,2025,UEFA Europa League,Brann,FC Midtjylland,3 - 3,1 - 2,X,6,Evet
2026-01-22,2025,UEFA Europa League,Malmo FF,FK Crvena Zvezda,0 - 1,0 - 1,2,1,Yok
2026-01-22,2025,UEFA Europa League,Bologna,Celtic,2 - 2,0 - 2,X,4,Evet
2026-01-22,2025,UEFA Europa League,BSC Young Boys,Lyon,0 - 1,0 - 1,2,1,Yok
2026-01-22,2025,UEFA Europa League,Plzen,FC Porto,1 - 1,1 - 0,X,2,Evet
2026-01-22,2025,UEFA Europa League,Fenerbahçe,Aston Villa,0 - 1,0 - 1,2,1,Yok
2026-01-22,2025,UEFA Europa League,PAOK,Real Betis,2 - 0,0 - 0,1,2,Yok
2026-01-22,2025,UEFA Europa League,Nice,GO Ahead Eagles,3 - 1,2 - 0,1,4,Evet
2026-01-22,2025,UEFA Europa League,Utrecht,Genk,0 - 2,0 - 0,2,2,Yok
2026-01-22,2025,UEFA Europa League,SC Braga,Nottingham Forest,1 - 0,0 - 0,1,1,Yok
2026-01-22,2025,UEFA Europa League,Rangers,Ludogorets,1 - 0,1 - 0,1,1,Yok
2026-01-22,2025,UEFA Europa League,AS Roma,VfB Stuttgart,2 - 0,1 - 0,1,2,Yok
2026-01-22,2025,UEFA Europa League,Celta Vigo,Lille,2 - 1,1 - 0,1,3,Evet
2026-01-22,2025,UEFA Europa League,Red Bull Salzburg,FC Basel 1893,3 - 1,3 - 0,1,4,Evet
2026-01-22,2025,UEFA Europa League,Dinamo Zagreb,FCSB,4 - 1,2 - 1,1,5,Evet
2026-01-22,2025,UEFA Europa League,Ferencvarosi TC,Panathinaikos,1 - 1,0 - 0,X,2,Evet
2026-01-29,2025,UEFA Europa League,Nottingham Forest,Ferencvarosi TC,4 - 0,2 - 0,1,4,Yok
2026-01-29,2025,UEFA Europa League,Aston Villa,Red Bull Salzburg,3 - 2,0 - 1,1,5,Evet
2026-01-29,2025,UEFA Europa League,Lille,SC Freiburg,1 - 0,0 - 0,1,1,Yok
2026-01-29,2025,UEFA Europa League,Lyon,PAOK,4 - 2,1 - 1,1,6,Evet
2026-01-29,2025,UEFA Europa League,VfB Stuttgart,BSC Young Boys,3 - 2,2 - 1,1,5,Evet
2026-01-29,2025,UEFA Europa League,FC Porto,Rangers,3 - 1,3 - 1,1,4,Evet
2026-01-29,2025,UEFA Europa League,Celtic,Utrecht,4 - 2,3 - 1,1,6,Evet
2026-01-29,2025,UEFA Europa League,FC Midtjylland,Dinamo Zagreb,2 - 0,0 - 0,1,2,Yok
2026-01-29,2025,UEFA Europa League,GO Ahead Eagles,SC Braga,0 - 0,0 - 0,X,0,Yok
2026-01-29,2025,UEFA Europa League,Real Betis,Feyenoord,2 - 1,2 - 0,1,3,Evet
2026-01-29,2025,UEFA Europa League,FC Basel 1893,Plzen,0 - 1,0 - 1,2,1,Yok
2026-01-29,2025,UEFA Europa League,FCSB,Fenerbahçe,1 - 1,0 - 1,X,2,Evet
2026-01-29,2025,UEFA Europa League,Ludogorets,Nice,1 - 0,1 - 0,1,1,Yok
2026-01-29,2025,UEFA Europa League,FK Crvena Zvezda,Celta Vigo,1 - 1,0 - 0,X,2,Evet
2026-01-29,2025,UEFA Europa League,Maccabi Tel Aviv,Bologna,0 - 3,0 - 1,2,3,Yok
2026-01-29,2025,UEFA Europa League,Panathinaikos,AS Roma,1 - 1,0 - 0,X,2,Evet
2026-01-29,2025,UEFA Europa League,Sturm Graz,Brann,1 - 0,0 - 0,1,1,Yok
2026-01-29,2025,UEFA Europa League,Genk,Malmo FF,2 - 1,1 - 1,1,3,Evet
2026-02-19,2025,UEFA Europa League,Brann,Bologna,0 - 1,0 - 1,2,1,Yok
2026-02-19,2025,UEFA Europa League,Fenerbahçe,Nottingham Forest,0 - 3,0 - 2,2,3,Yok
2026-02-19,2025,UEFA Europa League,PAOK,Celta Vigo,1 - 2,0 - 2,2,3,Evet
2026-02-19,2025,UEFA Europa League,Dinamo Zagreb,Genk,1 - 3,1 - 2,2,4,Evet
2026-02-19,2025,UEFA Europa League,Lille,FK Crvena Zvezda,0 - 1,0 - 1,2,1,Yok
2026-02-19,2025,UEFA Europa League,Celtic,VfB Stuttgart,1 - 4,1 - 2,2,5,Evet
2026-02-19,2025,UEFA Europa League,Ludogorets,Ferencvarosi TC,2 - 1,1 - 1,1,3,Evet
2026-02-19,2025,UEFA Europa League,Panathinaikos,Plzen,2 - 2,1 - 1,X,4,Evet
2026-02-26,2025,UEFA Europa League,VfB Stuttgart,Celtic,0 - 1,0 - 1,2,1,Yok
2026-02-26,2025,UEFA Europa League,Plzen,Panathinaikos,1 - 1,0 - 1,X,2,Evet
2026-02-26,2025,UEFA Europa League,FK Crvena Zvezda,Lille,0 - 2,0 - 1,2,2,Yok
2026-02-26,2025,UEFA Europa League,Ferencvarosi TC,Ludogorets,2 - 0,2 - 0,1,2,Yok
2026-02-26,2025,UEFA Europa League,Nottingham Forest,Fenerbahçe,1 - 2,0 - 1,2,3,Evet
2026-02-26,2025,UEFA Europa League,Bologna,Brann,1 - 0,0 - 0,1,1,Yok
2026-02-26,2025,UEFA Europa League,Celta Vigo,PAOK,1 - 0,0 - 0,1,1,Yok
2026-02-26,2025,UEFA Europa League,Genk,Dinamo Zagreb,3 - 3,0 - 1,X,6,Evet
2026-03-12,2025,UEFA Europa League,Lille,Aston Villa,0 - 1,0 - 0,2,1,Yok
2026-03-12,2025,UEFA Europa League,VfB Stuttgart,FC Porto,1 - 2,1 - 2,2,3,Evet
2026-03-12,2025,UEFA Europa League,Bologna,AS Roma,1 - 1,0 - 0,X,2,Evet
2026-03-12,2025,UEFA Europa League,Panathinaikos,Real Betis,1 - 0,0 - 0,1,1,Yok
2026-03-12,2025,UEFA Europa League,Nottingham Forest,FC Midtjylland,0 - 1,0 - 0,2,1,Yok
2026-03-12,2025,UEFA Europa League,Celta Vigo,Lyon,1 - 1,1 - 0,X,2,Evet
2026-03-12,2025,UEFA Europa League,Ferencvarosi TC,SC Braga,2 - 0,1 - 0,1,2,Yok
2026-03-12,2025,UEFA Europa League,Genk,SC Freiburg,1 - 0,1 - 0,1,1,Yok
2026-03-18,2025,UEFA Europa League,SC Braga,Ferencvarosi TC,4 - 0,3 - 0,1,4,Yok
2026-03-19,2025,UEFA Europa League,Lyon,Celta Vigo,0 - 2,0 - 0,2,2,Yok
2026-03-19,2025,UEFA Europa League,SC Freiburg,Genk,5 - 1,2 - 1,1,6,Evet
2026-03-19,2025,UEFA Europa League,FC Midtjylland,Nottingham Forest,1 - 2,0 - 1,2,3,Evet
2026-03-19,2025,UEFA Europa League,Aston Villa,Lille,2 - 0,0 - 0,1,2,Yok
2026-03-19,2025,UEFA Europa League,FC Porto,VfB Stuttgart,2 - 0,1 - 0,1,2,Yok
2026-03-19,2025,UEFA Europa League,AS Roma,Bologna,3 - 4,1 - 2,2,7,Evet
2026-03-19,2025,UEFA Europa League,Real Betis,Panathinaikos,4 - 0,2 - 0,1,4,Yok
2026-04-08,2025,UEFA Europa League,SC Braga,Real Betis,1 - 1,1 - 0,X,2,Evet
2026-04-09,2025,UEFA Europa League,SC Freiburg,Celta Vigo,3 - 0,2 - 0,1,3,Yok
2026-04-09,2025,UEFA Europa League,FC Porto,Nottingham Forest,1 - 1,1 - 1,X,2,Evet
2026-04-09,2025,UEFA Europa League,Bologna,Aston Villa,1 - 3,0 - 1,2,4,Evet
2026-04-16,2025,UEFA Europa League,Celta Vigo,SC Freiburg,1 - 3,0 - 2,2,4,Evet
2026-04-16,2025,UEFA Europa League,Nottingham Forest,FC Porto,1 - 0,1 - 0,1,1,Yok
2026-04-16,2025,UEFA Europa League,Aston Villa,Bologna,4 - 0,3 - 0,1,4,Yok
2026-04-16,2025,UEFA Europa League,Real Betis,SC Braga,2 - 4,2 - 1,2,6,Evet
2026-04-30,2025,UEFA Europa League,Nottingham Forest,Aston Villa,1 - 0,0 - 0,1,1,Yok
2026-04-30,2025,UEFA Europa League,SC Braga,SC Freiburg,2 - 1,1 - 1,1,3,Evet
2026-05-07,2025,UEFA Europa League,Aston Villa,Nottingham Forest,4 - 0,1 - 0,1,4,Yok
2026-05-07,2025,UEFA Europa League,SC Freiburg,SC Braga,3 - 1,2 - 0,1,4,Evet
2026-05-20,2025,UEFA Europa League,SC Freiburg,Aston Villa,0 - 3,0 - 2,2,3,Yok
2025-07-08,2025,UEFA Europa Conference League,St Joseph S Fc,Cliftonville FC,2 - 2,0 - 1,X,4,Evet
2025-07-08,2025,UEFA Europa Conference League,Floriana,Haverfordwest County AFC,2 - 1,1 - 1,1,3,Evet
2025-07-10,2025,UEFA Europa Conference League,Atlètic Club d'Escaldes,F91 Dudelange,2 - 0,2 - 0,1,2,Yok
2025-07-10,2025,UEFA Europa Conference League,Magpies,Paide,2 - 3,1 - 2,2,5,Evet
2025-07-10,2025,UEFA Europa Conference League,Torpedo Kutaisi,Ordabasy,4 - 3,2 - 2,1,7,Evet
2025-07-10,2025,UEFA Europa Conference League,SJK,KI Klaksvik,1 - 2,0 - 1,2,3,Evet
2025-07-10,2025,UEFA Europa Conference League,Kauno Žalgiris,Penybont,3 - 0,2 - 0,1,3,Yok
2025-07-10,2025,UEFA Europa Conference League,Racing FC Union Luxembourg,Dila,1 - 2,0 - 0,2,3,Evet
2025-07-10,2025,UEFA Europa Conference League,FC Urartu,Neman,1 - 2,0 - 0,2,3,Evet
2025-07-10,2025,UEFA Europa Conference League,Kalju Nomme,Partizani,1 - 1,0 - 0,X,2,Evet
2025-07-10,2025,UEFA Europa Conference League,Torpedo Zhodino,FK Rabotnicki,3 - 0,1 - 0,1,3,Yok
2025-07-10,2025,UEFA Europa Conference League,Birkirkara,Petrocub,1 - 0,0 - 0,1,1,Yok
2025-07-10,2025,UEFA Europa Conference League,Vllaznia Shkodër,BFC Daugavpils,0 - 1,0 - 0,2,1,Yok
2025-07-10,2025,UEFA Europa Conference League,Dečić,Sileks,2 - 0,1 - 0,1,2,Yok
2025-07-10,2025,UEFA Europa Conference League,Malisheva,Vikingur Reykjavik,0 - 1,0 - 1,2,1,Yok
2025-07-10,2025,UEFA Europa Conference League,Vardar Skopje,La Fiorita,3 - 0,0 - 0,1,3,Yok
2025-07-10,2025,UEFA Europa Conference League,Zeljeznicar Sarajevo,Koper,1 - 1,0 - 1,X,2,Evet
2025-07-10,2025,UEFA Europa Conference League,Sutjeska,Dinamo Brest,1 - 2,0 - 1,2,3,Evet
2025-07-10,2025,UEFA Europa Conference League,NSI Runavik,HJK Helsinki,4 - 0,2 - 0,1,4,Yok
2025-07-10,2025,UEFA Europa Conference League,St Patrick's Athl.,Hegelmann Litauen,1 - 0,0 - 0,1,1,Yok
2025-07-10,2025,UEFA Europa Conference League,Tre Fiori,Pyunik Yerevan,1 - 0,0 - 0,1,1,Yok
2025-07-10,2025,UEFA Europa Conference League,Borac Banja Luka,FC Santa Coloma,1 - 4,0 - 3,2,5,Evet
2025-07-10,2025,UEFA Europa Conference League,Larne,Auda,0 - 0,0 - 0,X,0,Yok
2025-07-10,2025,UEFA Europa Conference League,Valur Reykjavik,Flora Tallinn,3 - 0,3 - 0,1,3,Yok
2025-07-16,2025,UEFA Europa Conference League,Auda,Larne,2 - 2,1 - 0,X,4,Evet
2025-07-17,2025,UEFA Europa Conference League,BFC Daugavpils,Vllaznia Shkodër,2 - 4,2 - 2,2,6,Evet
2025-07-17,2025,UEFA Europa Conference League,FC Santa Coloma,Borac Banja Luka,0 - 2,0 - 0,2,2,Yok
2025-07-17,2025,UEFA Europa Conference League,HJK Helsinki,NSI Runavik,5 - 0,1 - 0,1,5,Yok
2025-07-17,2025,UEFA Europa Conference League,FK Rabotnicki,Torpedo Zhodino,0 - 1,0 - 1,2,1,Yok
2025-07-17,2025,UEFA Europa Conference League,Flora Tallinn,Valur Reykjavik,1 - 2,1 - 1,2,3,Evet
2025-07-17,2025,UEFA Europa Conference League,Ordabasy,Torpedo Kutaisi,1 - 1,0 - 1,X,2,Evet
2025-07-17,2025,UEFA Europa Conference League,Pyunik Yerevan,Tre Fiori,5 - 0,3 - 0,1,5,Yok
2025-07-17,2025,UEFA Europa Conference League,Dila,Racing FC Union Luxembourg,1 - 0,0 - 0,1,1,Yok
2025-07-17,2025,UEFA Europa Conference League,Hegelmann Litauen,St Patrick's Athl.,0 - 2,0 - 1,2,2,Yok
2025-07-17,2025,UEFA Europa Conference League,Paide,Magpies,4 - 1,1 - 0,1,5,Evet
2025-07-17,2025,UEFA Europa Conference League,F91 Dudelange,Atlètic Club d'Escaldes,2 - 3,1 - 1,2,5,Evet
2025-07-17,2025,UEFA Europa Conference League,Penybont,Kauno Žalgiris,1 - 1,1 - 1,X,2,Evet
2025-07-17,2025,UEFA Europa Conference League,Haverfordwest County AFC,Floriana,2 - 3,2 - 2,2,5,Evet
2025-07-17,2025,UEFA Europa Conference League,Petrocub,Birkirkara,3 - 0,1 - 0,1,3,Yok
2025-07-17,2025,UEFA Europa Conference League,Sileks,Dečić,2 - 1,1 - 1,1,3,Evet
2025-07-17,2025,UEFA Europa Conference League,Koper,Zeljeznicar Sarajevo,3 - 1,3 - 1,1,4,Evet
2025-07-17,2025,UEFA Europa Conference League,Neman,FC Urartu,4 - 0,1 - 0,1,4,Yok
2025-07-17,2025,UEFA Europa Conference League,Partizani,Kalju Nomme,0 - 1,0 - 0,2,1,Yok
2025-07-17,2025,UEFA Europa Conference League,Dinamo Brest,Sutjeska,0 - 2,0 - 0,2,2,Yok
2025-07-17,2025,UEFA Europa Conference League,Vikingur Reykjavik,Malisheva,8 - 0,5 - 0,1,8,Yok
2025-07-17,2025,UEFA Europa Conference League,KI Klaksvik,SJK,2 - 0,0 - 0,1,2,Yok
2025-07-17,2025,UEFA Europa Conference League,Cliftonville FC,St Joseph S Fc,2 - 3,1 - 1,2,5,Evet
2025-07-17,2025,UEFA Europa Conference League,La Fiorita,Vardar Skopje,2 - 2,1 - 0,X,4,Evet
2025-07-22,2025,UEFA Europa Conference League,Ballkani,Floriana,4 - 2,3 - 2,1,6,Evet
2025-07-23,2025,UEFA Europa Conference League,Zira,HNK Hajduk Split,1 - 1,1 - 0,X,2,Evet
2025-07-23,2025,UEFA Europa Conference League,FC Levadia Tallinn,FC Iberia 1999,1 - 0,0 - 0,1,1,Yok
2025-07-23,2025,UEFA Europa Conference League,Silkeborg,KA Akureyri,1 - 1,1 - 0,X,2,Evet
2025-07-23,2025,UEFA Europa Conference League,The New Saints,FC Differdange 03,0 - 1,0 - 1,2,1,Yok
2025-07-23,2025,UEFA Europa Conference League,Olimpija Ljubljana,Inter Club d'Escaldes,4 - 2,0 - 1,1,6,Evet
2025-07-23,2025,UEFA Europa Conference League,Buducnost Podgorica,Milsami Orhei,0 - 0,0 - 0,X,0,Yok
2025-07-24,2025,UEFA Europa Conference League,FC Astana,Zimbru,1 - 1,0 - 1,X,2,Evet
2025-07-24,2025,UEFA Europa Conference League,Atlètic Club d'Escaldes,Dinamo Tirana,1 - 2,1 - 0,2,3,Evet
2025-07-24,2025,UEFA Europa Conference League,Paide,AIK Stockholm,0 - 2,0 - 1,2,2,Yok
2025-07-24,2025,UEFA Europa Conference League,Rosenborg,Banga,5 - 0,1 - 0,1,5,Yok
2025-07-24,2025,UEFA Europa Conference League,FK Zalgiris Vilnius,Linfield,0 - 0,0 - 0,X,0,Yok
2025-07-24,2025,UEFA Europa Conference League,St Joseph S Fc,Shamrock Rovers,0 - 4,0 - 1,2,4,Yok
2025-07-24,2025,UEFA Europa Conference League,Pyunik Yerevan,Gyori ETO FC,2 - 1,1 - 0,1,3,Evet
2025-07-24,2025,UEFA Europa Conference League,Ilves,AZ Alkmaar,4 - 3,2 - 1,1,7,Evet
2025-07-24,2025,UEFA Europa Conference League,Arda Kardzhali,HJK Helsinki,0 - 0,0 - 0,X,0,Yok
2025-07-24,2025,UEFA Europa Conference League,Aris,Puskas Academy,3 - 2,2 - 0,1,5,Evet
2025-07-24,2025,UEFA Europa Conference League,Ararat-Armenia,Universitatea Cluj,0 - 0,0 - 0,X,0,Yok
2025-07-24,2025,UEFA Europa Conference League,Kauno Žalgiris,Valur Reykjavik,1 - 1,0 - 0,X,2,Evet
2025-07-24,2025,UEFA Europa Conference League,Hibernians,Spartak Trnava,1 - 2,0 - 1,2,3,Evet
2025-07-24,2025,UEFA Europa Conference League,Aktobe,Sparta Praha,2 - 1,1 - 0,1,3,Evet
2025-07-24,2025,UEFA Europa Conference League,Araz,Aris Thessalonikis,2 - 1,0 - 0,1,3,Evet
2025-07-24,2025,UEFA Europa Conference League,Hammarby FF,Charleroi,0 - 0,0 - 0,X,0,Yok
2025-07-24,2025,UEFA Europa Conference League,Viking,Koper,7 - 0,1 - 0,1,7,Yok
2025-07-24,2025,UEFA Europa Conference League,Cherno More Varna,Başakşehir,0 - 1,0 - 0,2,1,Yok
2025-07-24,2025,UEFA Europa Conference League,Petrocub,Sabah FA,0 - 2,0 - 0,2,2,Yok
2025-07-24,2025,UEFA Europa Conference League,Novi Pazar,Jagiellonia,1 - 2,1 - 1,2,3,Evet
2025-07-24,2025,UEFA Europa Conference League,Omonia Nicosia,Torpedo Kutaisi,1 - 0,1 - 0,1,1,Yok
2025-07-24,2025,UEFA Europa Conference League,Oleksandria,FK Partizan,0 - 2,0 - 1,2,2,Yok
2025-07-24,2025,UEFA Europa Conference League,Polessya,FC Santa Coloma,1 - 2,1 - 2,2,3,Evet
2025-07-24,2025,UEFA Europa Conference League,Riga,Dila,2 - 1,1 - 0,1,3,Evet
2025-07-24,2025,UEFA Europa Conference League,FC Vaduz,Dungannon Swifts,0 - 1,0 - 0,2,1,Yok
2025-07-24,2025,UEFA Europa Conference League,Torpedo Zhodino,Maccabi Haifa,1 - 1,0 - 1,X,2,Evet
2025-07-24,2025,UEFA Europa Conference League,AEK Athens FC,Hapoel Beer Sheva,1 - 0,0 - 0,1,1,Yok
2025-07-24,2025,UEFA Europa Conference League,NK Varazdin,Santa Clara,2 - 1,1 - 0,1,3,Evet
2025-07-24,2025,UEFA Europa Conference League,Paks,Maribor,1 - 0,0 - 0,1,1,Yok
2025-07-24,2025,UEFA Europa Conference League,Radnicki 1923,KI Klaksvik,0 - 0,0 - 0,X,0,Yok
2025-07-24,2025,UEFA Europa Conference League,FK Košice,Neman,2 - 3,2 - 0,2,5,Evet
2025-07-24,2025,UEFA Europa Conference League,Vardar Skopje,Lausanne,2 - 1,1 - 0,1,3,Evet
2025-07-24,2025,UEFA Europa Conference League,Austria Vienna,Spaeri,2 - 0,1 - 0,1,2,Yok
2025-07-24,2025,UEFA Europa Conference League,Sutjeska,Beitar Jerusalem,1 - 2,1 - 1,2,3,Evet
2025-07-24,2025,UEFA Europa Conference League,Vllaznia Shkodër,Vikingur Reykjavik,2 - 1,0 - 1,1,3,Evet
2025-07-24,2025,UEFA Europa Conference League,Dinamo Minsk,Egnatia Rrogozhinë,0 - 2,0 - 1,2,2,Yok
2025-07-24,2025,UEFA Europa Conference League,Dundee Utd,UNA Strassen,1 - 0,0 - 0,1,1,Yok
2025-07-24,2025,UEFA Europa Conference League,St Patrick's Athl.,Kalju Nomme,1 - 0,0 - 0,1,1,Yok
2025-07-24,2025,UEFA Europa Conference League,HB Torshavn,Brondby,1 - 1,0 - 0,X,2,Evet
2025-07-24,2025,UEFA Europa Conference League,FK Sarajevo,Universitatea Craiova,2 - 1,2 - 0,1,3,Evet
2025-07-24,2025,UEFA Europa Conference League,Raków Częstochowa,Žilina,3 - 0,0 - 0,1,3,Yok
2025-07-24,2025,UEFA Europa Conference League,Dečić,Rapid Vienna,0 - 2,0 - 2,2,2,Yok
2025-07-24,2025,UEFA Europa Conference League,Larne,Prishtina,0 - 0,0 - 0,X,0,Yok
2025-07-29,2025,UEFA Europa Conference League,FC Iberia 1999,FC Levadia Tallinn,2 - 2,1 - 0,X,4,Evet
2025-07-29,2025,UEFA Europa Conference League,FC Differdange 03,The New Saints,1 - 0,0 - 0,1,1,Yok
2025-07-29,2025,UEFA Europa Conference League,Inter Club d'Escaldes,Olimpija Ljubljana,1 - 1,0 - 1,X,2,Evet
2025-07-31,2025,UEFA Europa Conference League,Spartak Trnava,Hibernians,5 - 1,2 - 1,1,6,Evet
2025-07-31,2025,UEFA Europa Conference League,FC Santa Coloma,Polessya,1 - 4,0 - 1,2,5,Evet
2025-07-31,2025,UEFA Europa Conference League,HJK Helsinki,Arda Kardzhali,2 - 2,1 - 1,X,4,Evet
2025-07-31,2025,UEFA Europa Conference League,Gyori ETO FC,Pyunik Yerevan,3 - 1,1 - 0,1,4,Evet
2025-07-31,2025,UEFA Europa Conference League,Dila,Riga,3 - 3,1 - 1,X,6,Evet
2025-07-31,2025,UEFA Europa Conference League,Banga,Rosenborg,0 - 2,0 - 0,2,2,Yok
2025-07-31,2025,UEFA Europa Conference League,Sabah FA,Petrocub,4 - 1,4 - 1,1,5,Evet
2025-07-31,2025,UEFA Europa Conference League,Spaeri,Austria Vienna,0 - 5,0 - 3,2,5,Yok
2025-07-31,2025,UEFA Europa Conference League,AZ Alkmaar,Ilves,5 - 0,4 - 0,1,5,Yok
2025-07-31,2025,UEFA Europa Conference League,Kalju Nomme,St Patrick's Athl.,2 - 2,1 - 0,X,4,Evet
2025-07-31,2025,UEFA Europa Conference League,AIK Stockholm,Paide,6 - 0,3 - 0,1,6,Yok
2025-07-31,2025,UEFA Europa Conference League,Torpedo Kutaisi,Omonia Nicosia,0 - 4,0 - 1,2,4,Yok
2025-07-31,2025,UEFA Europa Conference League,Milsami Orhei,Buducnost Podgorica,2 - 1,0 - 0,1,3,Evet
2025-07-31,2025,UEFA Europa Conference League,UNA Strassen,Dundee Utd,0 - 1,0 - 0,2,1,Yok
2025-07-31,2025,UEFA Europa Conference League,Universitatea Cluj,Ararat-Armenia,1 - 2,1 - 0,2,3,Evet
2025-07-31,2025,UEFA Europa Conference League,Zimbru,FC Astana,0 - 2,0 - 2,2,2,Yok
2025-07-31,2025,UEFA Europa Conference League,Brondby,HB Torshavn,1 - 0,1 - 0,1,1,Yok
2025-07-31,2025,UEFA Europa Conference League,Universitatea Craiova,FK Sarajevo,4 - 0,0 - 0,1,4,Yok
2025-07-31,2025,UEFA Europa Conference League,Beitar Jerusalem,Sutjeska,5 - 2,2 - 2,1,7,Evet
2025-07-31,2025,UEFA Europa Conference League,Başakşehir,Cherno More Varna,4 - 0,3 - 0,1,4,Yok
2025-07-31,2025,UEFA Europa Conference League,Santa Clara,NK Varazdin,2 - 0,1 - 0,1,2,Yok
2025-07-31,2025,UEFA Europa Conference League,KA Akureyri,Silkeborg,2 - 3,1 - 0,2,5,Evet
2025-07-31,2025,UEFA Europa Conference League,Neman,FK Košice,1 - 1,0 - 0,X,2,Evet
2025-07-31,2025,UEFA Europa Conference League,Maribor,Paks,1 - 1,1 - 0,X,2,Evet
2025-07-31,2025,UEFA Europa Conference League,Hapoel Beer Sheva,AEK Athens FC,0 - 0,0 - 0,X,0,Yok
2025-07-31,2025,UEFA Europa Conference League,Sparta Praha,Aktobe,4 - 0,0 - 0,1,4,Yok
2025-07-31,2025,UEFA Europa Conference League,Prishtina,Larne,1 - 1,1 - 0,X,2,Evet
2025-07-31,2025,UEFA Europa Conference League,Charleroi,Hammarby FF,1 - 2,0 - 1,2,3,Evet
2025-07-31,2025,UEFA Europa Conference League,Puskas Academy,Aris,0 - 2,0 - 0,2,2,Yok
2025-07-31,2025,UEFA Europa Conference League,Maccabi Haifa,Torpedo Zhodino,3 - 0,2 - 0,1,3,Yok
2025-07-31,2025,UEFA Europa Conference League,Koper,Viking,3 - 5,2 - 1,2,8,Evet
2025-07-31,2025,UEFA Europa Conference League,Jagiellonia,Novi Pazar,3 - 1,0 - 0,1,4,Evet
2025-07-31,2025,UEFA Europa Conference League,Lausanne,Vardar Skopje,5 - 0,3 - 0,1,5,Yok
2025-07-31,2025,UEFA Europa Conference League,Aris Thessalonikis,Araz,2 - 2,0 - 2,X,4,Evet
2025-07-31,2025,UEFA Europa Conference League,Valur Reykjavik,Kauno Žalgiris,1 - 2,1 - 1,2,3,Evet
2025-07-31,2025,UEFA Europa Conference League,Rapid Vienna,Dečić,4 - 2,2 - 0,1,6,Evet
2025-07-31,2025,UEFA Europa Conference League,Žilina,Raków Częstochowa,1 - 3,1 - 1,2,4,Evet
2025-07-31,2025,UEFA Europa Conference League,Vikingur Reykjavik,Vllaznia Shkodër,4 - 2,1 - 1,1,6,Evet
2025-07-31,2025,UEFA Europa Conference League,Linfield,FK Zalgiris Vilnius,2 - 0,2 - 0,1,2,Yok
2025-07-31,2025,UEFA Europa Conference League,KI Klaksvik,Radnicki 1923,1 - 0,1 - 0,1,1,Yok
2025-07-31,2025,UEFA Europa Conference League,Dinamo Tirana,Atlètic Club d'Escaldes,1 - 1,1 - 0,X,2,Evet
2025-07-31,2025,UEFA Europa Conference League,Floriana,Ballkani,1 - 1,1 - 1,X,2,Evet
2025-07-31,2025,UEFA Europa Conference League,Dungannon Swifts,FC Vaduz,0 - 3,0 - 0,2,3,Yok
2025-07-31,2025,UEFA Europa Conference League,FK Partizan,Oleksandria,4 - 0,3 - 0,1,4,Yok
2025-07-31,2025,UEFA Europa Conference League,HNK Hajduk Split,Zira,2 - 1,1 - 0,1,3,Evet
2025-07-31,2025,UEFA Europa Conference League,Shamrock Rovers,St Joseph S Fc,0 - 0,0 - 0,X,0,Yok
2025-07-31,2025,UEFA Europa Conference League,Egnatia Rrogozhinë,Dinamo Minsk,1 - 0,0 - 0,1,1,Yok
2025-08-05,2025,UEFA Europa Conference League,KI Klaksvik,Neman,2 - 0,2 - 0,1,2,Yok
2025-08-07,2025,UEFA Europa Conference League,Rosenborg,Hammarby FF,0 - 0,0 - 0,X,0,Yok
2025-08-07,2025,UEFA Europa Conference League,Milsami Orhei,Virtus,3 - 2,1 - 0,1,5,Evet
2025-08-07,2025,UEFA Europa Conference League,Aris,AEK Athens FC,2 - 2,2 - 2,X,4,Evet
2025-08-07,2025,UEFA Europa Conference League,Kauno Žalgiris,Arda Kardzhali,0 - 1,0 - 0,2,1,Yok
2025-08-07,2025,UEFA Europa Conference League,Araz,Omonia Nicosia,0 - 4,0 - 2,2,4,Yok
2025-08-07,2025,UEFA Europa Conference League,Baník Ostrava,Austria Vienna,4 - 3,2 - 1,1,7,Evet
2025-08-07,2025,UEFA Europa Conference League,AIK Stockholm,Gyori ETO FC,2 - 1,2 - 0,1,3,Evet
2025-08-07,2025,UEFA Europa Conference League,Viking,Başakşehir,1 - 3,1 - 0,2,4,Evet
2025-08-07,2025,UEFA Europa Conference League,Silkeborg,Jagiellonia,0 - 1,0 - 1,2,1,Yok
2025-08-07,2025,UEFA Europa Conference League,Riga,Beitar Jerusalem,3 - 0,0 - 0,1,3,Yok
2025-08-07,2025,UEFA Europa Conference League,AZ Alkmaar,FC Vaduz,3 - 0,1 - 0,1,3,Yok
2025-08-07,2025,UEFA Europa Conference League,Anderlecht,Sheriff Tiraspol,3 - 0,1 - 0,1,3,Yok
2025-08-07,2025,UEFA Europa Conference League,Vikingur Gota,Linfield,2 - 1,1 - 1,1,3,Evet
2025-08-07,2025,UEFA Europa Conference League,Sparta Praha,Ararat-Armenia,4 - 1,2 - 1,1,5,Evet
2025-08-07,2025,UEFA Europa Conference League,Levski Sofia,Sabah FA,1 - 0,0 - 0,1,1,Yok
2025-08-07,2025,UEFA Europa Conference League,Olimpija Ljubljana,Egnatia Rrogozhinë,0 - 0,0 - 0,X,0,Yok
2025-08-07,2025,UEFA Europa Conference League,FC Differdange 03,FC Levadia Tallinn,2 - 3,1 - 2,2,5,Evet
2025-08-07,2025,UEFA Europa Conference League,Polessya,Paks,3 - 0,2 - 0,1,3,Yok
2025-08-07,2025,UEFA Europa Conference League,Lausanne,FC Astana,3 - 1,2 - 0,1,4,Evet
2025-08-07,2025,UEFA Europa Conference League,FC Lugano,Celje,0 - 5,0 - 2,2,5,Yok
2025-08-07,2025,UEFA Europa Conference League,Universitatea Craiova,Spartak Trnava,3 - 0,0 - 0,1,3,Yok
2025-08-07,2025,UEFA Europa Conference League,Ballkani,Shamrock Rovers,1 - 0,0 - 0,1,1,Yok
2025-08-07,2025,UEFA Europa Conference League,Vikingur Reykjavik,Brondby,3 - 0,1 - 0,1,3,Yok
2025-08-07,2025,UEFA Europa Conference League,St Patrick's Athl.,Beşiktaş,1 - 4,0 - 4,2,5,Evet
2025-08-07,2025,UEFA Europa Conference League,FK Partizan,Hibernian,0 - 2,0 - 1,2,2,Yok
2025-08-07,2025,UEFA Europa Conference League,HNK Hajduk Split,Dinamo Tirana,2 - 1,0 - 1,1,3,Evet
2025-08-07,2025,UEFA Europa Conference League,Rapid Vienna,Dundee Utd,2 - 2,2 - 1,X,4,Evet
2025-08-07,2025,UEFA Europa Conference League,Raków Częstochowa,Maccabi Haifa,0 - 1,0 - 0,2,1,Yok
2025-08-07,2025,UEFA Europa Conference League,Larne,Santa Clara,0 - 3,0 - 3,2,3,Yok
2025-08-13,2025,UEFA Europa Conference League,Başakşehir,Viking,1 - 1,1 - 1,X,2,Evet
2025-08-14,2025,UEFA Europa Conference League,FC Astana,Lausanne,0 - 2,0 - 0,2,2,Yok
2025-08-14,2025,UEFA Europa Conference League,Ararat-Armenia,Sparta Praha,1 - 2,1 - 1,2,3,Evet
2025-08-14,2025,UEFA Europa Conference League,Sabah FA,Levski Sofia,0 - 2,0 - 1,2,2,Yok
2025-08-14,2025,UEFA Europa Conference League,FC Levadia Tallinn,FC Differdange 03,1 - 3,0 - 0,2,4,Evet
2025-08-14,2025,UEFA Europa Conference League,Hammarby FF,Rosenborg,0 - 1,0 - 0,2,1,Yok
2025-08-14,2025,UEFA Europa Conference League,Sheriff Tiraspol,Anderlecht,1 - 1,0 - 0,X,2,Evet
2025-08-14,2025,UEFA Europa Conference League,Paks,Polessya,2 - 1,1 - 0,1,3,Evet
2025-08-14,2025,UEFA Europa Conference League,Gyori ETO FC,AIK Stockholm,2 - 0,1 - 0,1,2,Yok
2025-08-14,2025,UEFA Europa Conference League,Omonia Nicosia,Araz,5 - 0,4 - 0,1,5,Yok
2025-08-14,2025,UEFA Europa Conference League,Brondby,Vikingur Reykjavik,4 - 0,1 - 0,1,4,Yok
2025-08-14,2025,UEFA Europa Conference League,Beitar Jerusalem,Riga,3 - 1,2 - 0,1,4,Evet
2025-08-14,2025,UEFA Europa Conference League,FC Vaduz,AZ Alkmaar,0 - 1,0 - 0,2,1,Yok
2025-08-14,2025,UEFA Europa Conference League,Arda Kardzhali,Kauno Žalgiris,2 - 0,2 - 0,1,2,Yok
2025-08-14,2025,UEFA Europa Conference League,Neman,KI Klaksvik,2 - 0,0 - 0,1,2,Yok
2025-08-14,2025,UEFA Europa Conference League,Beşiktaş,St Patrick's Athl.,3 - 2,1 - 2,1,5,Evet
2025-08-14,2025,UEFA Europa Conference League,AEK Athens FC,Aris,3 - 1,0 - 0,1,4,Evet
2025-08-14,2025,UEFA Europa Conference League,Maccabi Haifa,Raków Częstochowa,0 - 2,0 - 1,2,2,Yok
2025-08-14,2025,UEFA Europa Conference League,Celje,FC Lugano,2 - 4,1 - 1,2,6,Evet
2025-08-14,2025,UEFA Europa Conference League,Jagiellonia,Silkeborg,2 - 2,2 - 0,X,4,Evet
2025-08-14,2025,UEFA Europa Conference League,Spartak Trnava,Universitatea Craiova,4 - 3,1 - 1,1,7,Evet
2025-08-14,2025,UEFA Europa Conference League,Linfield,Vikingur Gota,2 - 0,2 - 0,1,2,Yok
2025-08-14,2025,UEFA Europa Conference League,Dundee Utd,Rapid Vienna,2 - 2,2 - 0,X,4,Evet
2025-08-14,2025,UEFA Europa Conference League,Dinamo Tirana,HNK Hajduk Split,3 - 1,1 - 0,1,4,Evet
2025-08-14,2025,UEFA Europa Conference League,Santa Clara,Larne,0 - 0,0 - 0,X,0,Yok
2025-08-14,2025,UEFA Europa Conference League,Hibernian,FK Partizan,2 - 3,0 - 2,2,5,Evet
2025-08-14,2025,UEFA Europa Conference League,Austria Vienna,Baník Ostrava,1 - 1,0 - 1,X,2,Evet
2025-08-14,2025,UEFA Europa Conference League,Shamrock Rovers,Ballkani,4 - 0,1 - 0,1,4,Yok
2025-08-14,2025,UEFA Europa Conference League,Egnatia Rrogozhinë,Olimpija Ljubljana,2 - 4,1 - 1,2,6,Evet
2025-08-14,2025,UEFA Europa Conference League,Virtus,Milsami Orhei,3 - 0,0 - 0,1,3,Yok
2025-08-21,2025,UEFA Europa Conference League,Rosenborg,FSV Mainz 05,2 - 1,1 - 1,1,3,Evet
2025-08-21,2025,UEFA Europa Conference League,BK Hacken,CFR 1907 Cluj,7 - 2,4 - 1,1,9,Evet
2025-08-21,2025,UEFA Europa Conference League,Wolfsberger AC,Omonia Nicosia,2 - 1,1 - 1,1,3,Evet
2025-08-21,2025,UEFA Europa Conference League,Gyori ETO FC,Rapid Vienna,2 - 1,0 - 0,1,3,Evet
2025-08-21,2025,UEFA Europa Conference League,Hamrun Spartans,Rīgas FS,1 - 0,0 - 0,1,1,Yok
2025-08-21,2025,UEFA Europa Conference League,Başakşehir,Universitatea Craiova,1 - 2,0 - 1,2,3,Evet
2025-08-21,2025,UEFA Europa Conference League,Strasbourg,Brondby,0 - 0,0 - 0,X,0,Yok
2025-08-21,2025,UEFA Europa Conference League,Breidablik,Virtus,2 - 1,1 - 1,1,3,Evet
2025-08-21,2025,UEFA Europa Conference League,Neman,Rayo Vallecano,0 - 1,0 - 0,2,1,Yok
2025-08-21,2025,UEFA Europa Conference League,Shakhtar Donetsk,Servette FC,1 - 1,0 - 1,X,2,Evet
2025-08-21,2025,UEFA Europa Conference League,Anderlecht,AEK Athens FC,1 - 1,1 - 0,X,2,Evet
2025-08-21,2025,UEFA Europa Conference League,Sparta Praha,Riga,2 - 0,1 - 0,1,2,Yok
2025-08-21,2025,UEFA Europa Conference League,Levski Sofia,AZ Alkmaar,0 - 2,0 - 0,2,2,Yok
2025-08-21,2025,UEFA Europa Conference League,Olimpija Ljubljana,FC Noah,1 - 4,0 - 2,2,5,Evet
2025-08-21,2025,UEFA Europa Conference League,Celje,Baník Ostrava,1 - 0,1 - 0,1,1,Yok
2025-08-21,2025,UEFA Europa Conference League,Polessya,Fiorentina,0 - 3,0 - 2,2,3,Yok
2025-08-21,2025,UEFA Europa Conference League,Drita,FC Differdange 03,2 - 1,1 - 0,1,3,Evet
2025-08-21,2025,UEFA Europa Conference League,Jagiellonia,Dinamo Tirana,3 - 0,2 - 0,1,3,Yok
2025-08-21,2025,UEFA Europa Conference League,Lausanne,Beşiktaş,1 - 1,0 - 1,X,2,Evet
2025-08-21,2025,UEFA Europa Conference League,Shelbourne,Linfield,3 - 1,1 - 0,1,4,Evet
2025-08-21,2025,UEFA Europa Conference League,Crystal Palace,Fredrikstad,1 - 0,0 - 0,1,1,Yok
2025-08-21,2025,UEFA Europa Conference League,Santa Clara,Shamrock Rovers,1 - 2,1 - 1,2,3,Evet
2025-08-21,2025,UEFA Europa Conference League,Hibernian,Legia Warszawa,1 - 2,0 - 2,2,3,Evet
2025-08-21,2025,UEFA Europa Conference League,Raków Częstochowa,Arda Kardzhali,1 - 0,1 - 0,1,1,Yok
2025-08-27,2025,UEFA Europa Conference League,Riga,Sparta Praha,1 - 0,0 - 0,1,1,Yok
2025-08-28,2025,UEFA Europa Conference League,Fredrikstad,Crystal Palace,0 - 0,0 - 0,X,0,Yok
2025-08-28,2025,UEFA Europa Conference League,Omonia Nicosia,Wolfsberger AC,1 - 0,1 - 0,1,1,Yok
2025-08-28,2025,UEFA Europa Conference League,FC Noah,Olimpija Ljubljana,3 - 2,2 - 0,1,5,Evet
2025-08-28,2025,UEFA Europa Conference League,Beşiktaş,Lausanne,0 - 1,0 - 1,2,1,Yok
2025-08-28,2025,UEFA Europa Conference League,Rapid Vienna,Gyori ETO FC,2 - 0,1 - 0,1,2,Yok
2025-08-28,2025,UEFA Europa Conference League,Rīgas FS,Hamrun Spartans,2 - 2,1 - 1,X,4,Evet
2025-08-28,2025,UEFA Europa Conference League,AZ Alkmaar,Levski Sofia,4 - 1,3 - 0,1,5,Evet
2025-08-28,2025,UEFA Europa Conference League,Universitatea Craiova,Başakşehir,3 - 1,2 - 1,1,4,Evet
2025-08-28,2025,UEFA Europa Conference League,CFR 1907 Cluj,BK Hacken,1 - 0,0 - 0,1,1,Yok
2025-08-28,2025,UEFA Europa Conference League,Brondby,Strasbourg,2 - 3,1 - 2,2,5,Evet
2025-08-28,2025,UEFA Europa Conference League,Fiorentina,Polessya,3 - 2,0 - 2,1,5,Evet
2025-08-28,2025,UEFA Europa Conference League,AEK Athens FC,Anderlecht,2 - 0,1 - 0,1,2,Yok
2025-08-28,2025,UEFA Europa Conference League,FC Differdange 03,Drita,0 - 1,0 - 0,2,1,Yok
2025-08-28,2025,UEFA Europa Conference League,Rayo Vallecano,Neman,4 - 0,0 - 0,1,4,Yok
2025-08-28,2025,UEFA Europa Conference League,Arda Kardzhali,Raków Częstochowa,1 - 2,0 - 1,2,3,Evet
2025-08-28,2025,UEFA Europa Conference League,Baník Ostrava,Celje,0 - 2,0 - 2,2,2,Yok
2025-08-28,2025,UEFA Europa Conference League,Linfield,Shelbourne,0 - 2,0 - 2,2,2,Yok
2025-08-28,2025,UEFA Europa Conference League,Dinamo Tirana,Jagiellonia,1 - 1,0 - 0,X,2,Evet
2025-08-28,2025,UEFA Europa Conference League,FSV Mainz 05,Rosenborg,4 - 1,3 - 1,1,5,Evet
2025-08-28,2025,UEFA Europa Conference League,Legia Warszawa,Hibernian,3 - 3,1 - 0,X,6,Evet
2025-08-28,2025,UEFA Europa Conference League,Shamrock Rovers,Santa Clara,0 - 0,0 - 0,X,0,Yok
2025-08-28,2025,UEFA Europa Conference League,Servette FC,Shakhtar Donetsk,1 - 2,0 - 0,2,3,Evet
2025-08-28,2025,UEFA Europa Conference League,Virtus,Breidablik,1 - 3,1 - 1,2,4,Evet
2025-10-02,2025,UEFA Europa Conference League,Jagiellonia,Hamrun Spartans,1 - 0,0 - 0,1,1,Yok
2025-10-02,2025,UEFA Europa Conference League,Lech Poznan,Rapid Vienna,4 - 1,3 - 0,1,5,Evet
2025-10-02,2025,UEFA Europa Conference League,Dynamo Kyiv,Crystal Palace,0 - 2,0 - 1,2,2,Yok
2025-10-02,2025,UEFA Europa Conference League,Zrinjski,Lincoln Red Imps FC,5 - 0,3 - 0,1,5,Yok
2025-10-02,2025,UEFA Europa Conference League,Rayo Vallecano,Shkendija,2 - 0,2 - 0,1,2,Yok
2025-10-02,2025,UEFA Europa Conference League,Lausanne,Breidablik,3 - 0,3 - 0,1,3,Yok
2025-10-02,2025,UEFA Europa Conference League,KuPS,Drita,1 - 1,0 - 0,X,2,Evet
2025-10-02,2025,UEFA Europa Conference League,Omonia Nicosia,FSV Mainz 05,0 - 1,0 - 0,2,1,Yok
2025-10-02,2025,UEFA Europa Conference League,FC Noah,HNK Rijeka,1 - 0,1 - 0,1,1,Yok
2025-10-02,2025,UEFA Europa Conference League,Aberdeen,Shakhtar Donetsk,2 - 3,1 - 1,2,5,Evet
2025-10-02,2025,UEFA Europa Conference League,Legia Warszawa,Samsunspor,0 - 1,0 - 1,2,1,Yok
2025-10-02,2025,UEFA Europa Conference League,Fiorentina,Sigma Olomouc,2 - 0,1 - 0,1,2,Yok
2025-10-02,2025,UEFA Europa Conference League,AEK Larnaca,AZ Alkmaar,4 - 0,1 - 0,1,4,Yok
2025-10-02,2025,UEFA Europa Conference League,Sparta Praha,Shamrock Rovers,4 - 1,2 - 0,1,5,Evet
2025-10-02,2025,UEFA Europa Conference League,Slovan Bratislava,Strasbourg,1 - 2,0 - 2,2,3,Evet
2025-10-02,2025,UEFA Europa Conference League,Raków Częstochowa,Universitatea Craiova,2 - 0,0 - 0,1,2,Yok
2025-10-02,2025,UEFA Europa Conference League,Shelbourne,BK Hacken,0 - 0,0 - 0,X,0,Yok
2025-10-02,2025,UEFA Europa Conference League,Celje,AEK Athens FC,3 - 1,1 - 1,1,4,Evet
2025-10-23,2025,UEFA Europa Conference League,Strasbourg,Jagiellonia,1 - 1,0 - 0,X,2,Evet
2025-10-23,2025,UEFA Europa Conference League,AZ Alkmaar,Slovan Bratislava,1 - 0,1 - 0,1,1,Yok
2025-10-23,2025,UEFA Europa Conference League,Breidablik,KuPS,0 - 0,0 - 0,X,0,Yok
2025-10-23,2025,UEFA Europa Conference League,BK Hacken,Rayo Vallecano,2 - 2,1 - 1,X,4,Evet
2025-10-23,2025,UEFA Europa Conference League,Shakhtar Donetsk,Legia Warszawa,1 - 2,0 - 1,2,3,Evet
2025-10-23,2025,UEFA Europa Conference League,AEK Athens FC,Aberdeen,6 - 0,3 - 0,1,6,Yok
2025-10-23,2025,UEFA Europa Conference League,Shkendija,Shelbourne,1 - 0,0 - 0,1,1,Yok
2025-10-23,2025,UEFA Europa Conference League,Rapid Vienna,Fiorentina,0 - 3,0 - 1,2,3,Yok
2025-10-23,2025,UEFA Europa Conference League,Drita,Omonia Nicosia,1 - 1,1 - 1,X,2,Evet
2025-10-23,2025,UEFA Europa Conference League,Crystal Palace,AEK Larnaca,0 - 1,0 - 0,2,1,Yok
2025-10-23,2025,UEFA Europa Conference League,FSV Mainz 05,Zrinjski,1 - 0,1 - 0,1,1,Yok
2025-10-23,2025,UEFA Europa Conference League,Universitatea Craiova,FC Noah,1 - 1,1 - 0,X,2,Evet
2025-10-23,2025,UEFA Europa Conference League,Shamrock Rovers,Celje,0 - 2,0 - 2,2,2,Yok
2025-10-23,2025,UEFA Europa Conference League,Lincoln Red Imps FC,Lech Poznan,2 - 1,1 - 0,1,3,Evet
2025-10-23,2025,UEFA Europa Conference League,Sigma Olomouc,Raków Częstochowa,1 - 1,0 - 0,X,2,Evet
2025-10-23,2025,UEFA Europa Conference League,Samsunspor,Dynamo Kyiv,3 - 0,2 - 0,1,3,Yok
2025-10-23,2025,UEFA Europa Conference League,Hamrun Spartans,Lausanne,0 - 1,0 - 1,2,1,Yok
2025-10-24,2025,UEFA Europa Conference League,HNK Rijeka,Sparta Praha,1 - 0,0 - 0,1,1,Yok
2025-11-06,2025,UEFA Europa Conference League,FSV Mainz 05,Fiorentina,2 - 1,0 - 1,1,3,Evet
2025-11-06,2025,UEFA Europa Conference League,Shakhtar Donetsk,Breidablik,2 - 0,1 - 0,1,2,Yok
2025-11-06,2025,UEFA Europa Conference League,AEK Athens FC,Shamrock Rovers,1 - 1,0 - 1,X,2,Evet
2025-11-06,2025,UEFA Europa Conference League,AEK Larnaca,Aberdeen,0 - 0,0 - 0,X,0,Yok
2025-11-06,2025,UEFA Europa Conference League,Sparta Praha,Raków Częstochowa,0 - 0,0 - 0,X,0,Yok
2025-11-06,2025,UEFA Europa Conference League,KuPS,Slovan Bratislava,3 - 1,1 - 1,1,4,Evet
2025-11-06,2025,UEFA Europa Conference League,Samsunspor,Hamrun Spartans,3 - 0,1 - 0,1,3,Yok
2025-11-06,2025,UEFA Europa Conference League,FC Noah,Sigma Olomouc,1 - 2,1 - 2,2,3,Evet
2025-11-06,2025,UEFA Europa Conference League,Celje,Legia Warszawa,2 - 1,0 - 1,1,3,Evet
2025-11-06,2025,UEFA Europa Conference League,Crystal Palace,AZ Alkmaar,3 - 1,2 - 0,1,4,Evet
2025-11-06,2025,UEFA Europa Conference League,BK Hacken,Strasbourg,1 - 2,0 - 1,2,3,Evet
2025-11-06,2025,UEFA Europa Conference League,Dynamo Kyiv,Zrinjski,6 - 0,1 - 0,1,6,Yok
2025-11-06,2025,UEFA Europa Conference League,Shkendija,Jagiellonia,1 - 1,0 - 0,X,2,Evet
2025-11-06,2025,UEFA Europa Conference League,Lincoln Red Imps FC,HNK Rijeka,1 - 1,0 - 1,X,2,Evet
2025-11-06,2025,UEFA Europa Conference League,Rayo Vallecano,Lech Poznan,3 - 2,0 - 2,1,5,Evet
2025-11-06,2025,UEFA Europa Conference League,Rapid Vienna,Universitatea Craiova,0 - 1,0 - 1,2,1,Yok
2025-11-06,2025,UEFA Europa Conference League,Lausanne,Omonia Nicosia,1 - 1,1 - 1,X,2,Evet
2025-11-06,2025,UEFA Europa Conference League,Shelbourne,Drita,0 - 1,0 - 0,2,1,Yok
2025-11-27,2025,UEFA Europa Conference League,AZ Alkmaar,Shelbourne,2 - 0,0 - 0,1,2,Yok
2025-11-27,2025,UEFA Europa Conference League,Lech Poznan,Lausanne,2 - 0,0 - 0,1,2,Yok
2025-11-27,2025,UEFA Europa Conference League,Zrinjski,BK Hacken,2 - 1,0 - 1,1,3,Evet
2025-11-27,2025,UEFA Europa Conference League,Universitatea Craiova,FSV Mainz 05,1 - 0,0 - 0,1,1,Yok
2025-11-27,2025,UEFA Europa Conference League,Slovan Bratislava,Rayo Vallecano,2 - 1,0 - 1,1,3,Evet
2025-11-27,2025,UEFA Europa Conference League,Sigma Olomouc,Celje,2 - 1,2 - 1,1,3,Evet
2025-11-27,2025,UEFA Europa Conference League,Omonia Nicosia,Dynamo Kyiv,2 - 0,1 - 0,1,2,Yok
2025-11-27,2025,UEFA Europa Conference League,Raków Częstochowa,Rapid Vienna,4 - 1,2 - 0,1,5,Evet
2025-11-27,2025,UEFA Europa Conference League,Hamrun Spartans,Lincoln Red Imps FC,3 - 1,0 - 0,1,4,Evet
2025-11-27,2025,UEFA Europa Conference League,Strasbourg,Crystal Palace,2 - 1,0 - 1,1,3,Evet
2025-11-27,2025,UEFA Europa Conference League,Aberdeen,FC Noah,1 - 1,1 - 0,X,2,Evet
2025-11-27,2025,UEFA Europa Conference League,Breidablik,Samsunspor,2 - 2,1 - 1,X,4,Evet
2025-11-27,2025,UEFA Europa Conference League,Jagiellonia,KuPS,1 - 0,0 - 0,1,1,Yok
2025-11-27,2025,UEFA Europa Conference League,Legia Warszawa,Sparta Praha,0 - 1,0 - 1,2,1,Yok
2025-11-27,2025,UEFA Europa Conference League,Fiorentina,AEK Athens FC,0 - 1,0 - 1,2,1,Yok
2025-11-27,2025,UEFA Europa Conference League,HNK Rijeka,AEK Larnaca,0 - 0,0 - 0,X,0,Yok
2025-11-27,2025,UEFA Europa Conference League,Shamrock Rovers,Shakhtar Donetsk,1 - 2,0 - 1,2,3,Evet
2025-11-27,2025,UEFA Europa Conference League,Drita,Shkendija,1 - 0,1 - 0,1,1,Yok
2025-12-11,2025,UEFA Europa Conference League,Breidablik,Shamrock Rovers,3 - 1,1 - 1,1,4,Evet
2025-12-11,2025,UEFA Europa Conference League,Jagiellonia,Rayo Vallecano,1 - 2,1 - 1,2,3,Evet
2025-12-11,2025,UEFA Europa Conference League,BK Hacken,AEK Larnaca,1 - 1,0 - 0,X,2,Evet
2025-12-11,2025,UEFA Europa Conference League,Fiorentina,Dynamo Kyiv,2 - 1,1 - 0,1,3,Evet
2025-12-11,2025,UEFA Europa Conference League,Shkendija,Slovan Bratislava,2 - 0,2 - 0,1,2,Yok
2025-12-11,2025,UEFA Europa Conference League,Universitatea Craiova,Sparta Praha,1 - 2,0 - 0,2,3,Evet
2025-12-11,2025,UEFA Europa Conference League,Samsunspor,AEK Athens FC,1 - 2,1 - 0,2,3,Evet
2025-12-11,2025,UEFA Europa Conference League,FC Noah,Legia Warszawa,2 - 1,0 - 1,1,3,Evet
2025-12-11,2025,UEFA Europa Conference League,Drita,AZ Alkmaar,0 - 3,0 - 1,2,3,Yok
2025-12-11,2025,UEFA Europa Conference League,Aberdeen,Strasbourg,0 - 1,0 - 1,2,1,Yok
2025-12-11,2025,UEFA Europa Conference League,Lech Poznan,FSV Mainz 05,1 - 1,1 - 1,X,2,Evet
2025-12-11,2025,UEFA Europa Conference League,HNK Rijeka,Celje,3 - 0,0 - 0,1,3,Yok
2025-12-11,2025,UEFA Europa Conference League,Lincoln Red Imps FC,Sigma Olomouc,2 - 1,1 - 1,1,3,Evet
2025-12-11,2025,UEFA Europa Conference League,Rapid Vienna,Omonia Nicosia,0 - 1,0 - 1,2,1,Yok
2025-12-11,2025,UEFA Europa Conference League,KuPS,Lausanne,0 - 0,0 - 0,X,0,Yok
2025-12-11,2025,UEFA Europa Conference League,Raków Częstochowa,Zrinjski,1 - 0,1 - 0,1,1,Yok
2025-12-11,2025,UEFA Europa Conference League,Shelbourne,Crystal Palace,0 - 3,0 - 3,2,3,Yok
2025-12-11,2025,UEFA Europa Conference League,Hamrun Spartans,Shakhtar Donetsk,0 - 2,0 - 0,2,2,Yok
2025-12-18,2025,UEFA Europa Conference League,Crystal Palace,KuPS,2 - 2,1 - 0,X,4,Evet
2025-12-18,2025,UEFA Europa Conference League,Strasbourg,Breidablik,3 - 1,1 - 1,1,4,Evet
2025-12-18,2025,UEFA Europa Conference League,FSV Mainz 05,Samsunspor,2 - 0,1 - 0,1,2,Yok
2025-12-18,2025,UEFA Europa Conference League,AZ Alkmaar,Jagiellonia,0 - 0,0 - 0,X,0,Yok
2025-12-18,2025,UEFA Europa Conference League,Legia Warszawa,Lincoln Red Imps FC,4 - 1,1 - 0,1,5,Evet
2025-12-18,2025,UEFA Europa Conference League,Shakhtar Donetsk,HNK Rijeka,0 - 0,0 - 0,X,0,Yok
2025-12-18,2025,UEFA Europa Conference League,Dynamo Kyiv,FC Noah,2 - 0,1 - 0,1,2,Yok
2025-12-18,2025,UEFA Europa Conference League,AEK Athens FC,Universitatea Craiova,3 - 2,0 - 1,1,5,Evet
2025-12-18,2025,UEFA Europa Conference League,Zrinjski,Rapid Vienna,1 - 1,0 - 1,X,2,Evet
2025-12-18,2025,UEFA Europa Conference League,AEK Larnaca,Shkendija,1 - 0,0 - 0,1,1,Yok
2025-12-18,2025,UEFA Europa Conference League,Sparta Praha,Aberdeen,3 - 0,2 - 0,1,3,Yok
2025-12-18,2025,UEFA Europa Conference League,Shamrock Rovers,Hamrun Spartans,3 - 1,2 - 1,1,4,Evet
2025-12-18,2025,UEFA Europa Conference League,Slovan Bratislava,BK Hacken,1 - 0,0 - 0,1,1,Yok
2025-12-18,2025,UEFA Europa Conference League,Rayo Vallecano,Drita,3 - 0,1 - 0,1,3,Yok
2025-12-18,2025,UEFA Europa Conference League,Lausanne,Fiorentina,1 - 0,0 - 0,1,1,Yok
2025-12-18,2025,UEFA Europa Conference League,Sigma Olomouc,Lech Poznan,1 - 2,0 - 2,2,3,Evet
2025-12-18,2025,UEFA Europa Conference League,Omonia Nicosia,Raków Częstochowa,0 - 1,0 - 0,2,1,Yok
2025-12-18,2025,UEFA Europa Conference League,Celje,Shelbourne,0 - 0,0 - 0,X,0,Yok
2026-02-19,2025,UEFA Europa Conference League,Zrinjski,Crystal Palace,1 - 1,0 - 1,X,2,Evet
2026-02-19,2025,UEFA Europa Conference League,KuPS,Lech Poznan,0 - 2,0 - 2,2,2,Yok
2026-02-19,2025,UEFA Europa Conference League,Sigma Olomouc,Lausanne,1 - 1,0 - 1,X,2,Evet
2026-02-19,2025,UEFA Europa Conference League,FC Noah,AZ Alkmaar,1 - 0,0 - 0,1,1,Yok
2026-02-19,2025,UEFA Europa Conference League,Jagiellonia,Fiorentina,0 - 3,0 - 0,2,3,Yok
2026-02-19,2025,UEFA Europa Conference League,Shkendija,Samsunspor,0 - 1,0 - 0,2,1,Yok
2026-02-19,2025,UEFA Europa Conference League,Omonia Nicosia,HNK Rijeka,0 - 1,0 - 0,2,1,Yok
2026-02-19,2025,UEFA Europa Conference League,Drita,Celje,2 - 3,0 - 2,2,5,Evet
2026-02-26,2025,UEFA Europa Conference League,Fiorentina,Jagiellonia,2 - 4,0 - 2,2,6,Evet
2026-02-26,2025,UEFA Europa Conference League,HNK Rijeka,Omonia Nicosia,3 - 1,0 - 1,1,4,Evet
2026-02-26,2025,UEFA Europa Conference League,Samsunspor,Shkendija,4 - 0,0 - 0,1,4,Yok
2026-02-26,2025,UEFA Europa Conference League,Celje,Drita,3 - 2,3 - 1,1,5,Evet
2026-02-26,2025,UEFA Europa Conference League,Crystal Palace,Zrinjski,2 - 0,1 - 0,1,2,Yok
2026-02-26,2025,UEFA Europa Conference League,AZ Alkmaar,FC Noah,4 - 0,2 - 0,1,4,Yok
2026-02-26,2025,UEFA Europa Conference League,Lech Poznan,KuPS,1 - 0,0 - 0,1,1,Yok
2026-02-26,2025,UEFA Europa Conference League,Lausanne,Sigma Olomouc,1 - 2,1 - 2,2,3,Evet
2026-03-12,2025,UEFA Europa Conference League,AZ Alkmaar,Sparta Praha,2 - 1,1 - 0,1,3,Evet
2026-03-12,2025,UEFA Europa Conference League,Lech Poznan,Shakhtar Donetsk,1 - 3,0 - 1,2,4,Evet
2026-03-12,2025,UEFA Europa Conference League,HNK Rijeka,Strasbourg,1 - 2,0 - 1,2,3,Evet
2026-03-12,2025,UEFA Europa Conference League,Samsunspor,Rayo Vallecano,1 - 3,1 - 2,2,4,Evet
2026-03-12,2025,UEFA Europa Conference League,Crystal Palace,AEK Larnaca,0 - 0,0 - 0,X,0,Yok
2026-03-12,2025,UEFA Europa Conference League,Fiorentina,Raków Częstochowa,2 - 1,0 - 0,1,3,Evet
2026-03-12,2025,UEFA Europa Conference League,Sigma Olomouc,FSV Mainz 05,0 - 0,0 - 0,X,0,Yok
2026-03-12,2025,UEFA Europa Conference League,Celje,AEK Athens FC,0 - 4,0 - 3,2,4,Yok
2026-03-19,2025,UEFA Europa Conference League,FSV Mainz 05,Sigma Olomouc,2 - 0,0 - 0,1,2,Yok
2026-03-19,2025,UEFA Europa Conference League,AEK Athens FC,Celje,0 - 2,0 - 2,2,2,Yok
2026-03-19,2025,UEFA Europa Conference League,AEK Larnaca,Crystal Palace,1 - 2,0 - 1,2,3,Evet
2026-03-19,2025,UEFA Europa Conference League,Raków Częstochowa,Fiorentina,1 - 2,0 - 0,2,3,Evet
2026-03-19,2025,UEFA Europa Conference League,Strasbourg,HNK Rijeka,1 - 1,0 - 1,X,2,Evet
2026-03-19,2025,UEFA Europa Conference League,Shakhtar Donetsk,Lech Poznan,1 - 2,0 - 2,2,3,Evet
2026-03-19,2025,UEFA Europa Conference League,Sparta Praha,AZ Alkmaar,0 - 4,0 - 1,2,4,Yok
2026-03-19,2025,UEFA Europa Conference League,Rayo Vallecano,Samsunspor,0 - 1,0 - 0,2,1,Yok
2026-04-09,2025,UEFA Europa Conference League,Rayo Vallecano,AEK Athens FC,3 - 0,2 - 0,1,3,Yok
2026-04-09,2025,UEFA Europa Conference League,Crystal Palace,Fiorentina,3 - 0,2 - 0,1,3,Yok
2026-04-09,2025,UEFA Europa Conference League,FSV Mainz 05,Strasbourg,2 - 0,2 - 0,1,2,Yok
2026-04-09,2025,UEFA Europa Conference League,Shakhtar Donetsk,AZ Alkmaar,3 - 0,0 - 0,1,3,Yok
2026-04-16,2025,UEFA Europa Conference League,AZ Alkmaar,Shakhtar Donetsk,2 - 2,0 - 0,X,4,Evet
2026-04-16,2025,UEFA Europa Conference League,Strasbourg,FSV Mainz 05,4 - 0,2 - 0,1,4,Yok
2026-04-16,2025,UEFA Europa Conference League,Fiorentina,Crystal Palace,2 - 1,1 - 1,1,3,Evet
2026-04-16,2025,UEFA Europa Conference League,AEK Athens FC,Rayo Vallecano,3 - 1,2 - 0,1,4,Evet
2026-04-30,2025,UEFA Europa Conference League,Shakhtar Donetsk,Crystal Palace,1 - 3,0 - 1,2,4,Evet
2026-04-30,2025,UEFA Europa Conference League,Rayo Vallecano,Strasbourg,1 - 0,0 - 0,1,1,Yok
2026-05-07,2025,UEFA Europa Conference League,Crystal Palace,Shakhtar Donetsk,2 - 1,1 - 1,1,3,Evet
2026-05-07,2025,UEFA Europa Conference League,Strasbourg,Rayo Vallecano,0 - 1,0 - 1,2,1,Yok
2026-05-27,2025,UEFA Europa Conference League,Crystal Palace,Rayo Vallecano,1 - 0,0 - 0,1,1,Yok
2024-07-11,2024,UEFA Europa League,IF Elfsborg,Pafos,3 - 0,1 - 0,1,3,Yok
2024-07-11,2024,UEFA Europa League,Sheriff Tiraspol,Zira,0 - 1,0 - 0,2,1,Yok
2024-07-11,2024,UEFA Europa League,Paks,Corvinul Hunedoara,0 - 4,0 - 2,2,4,Yok
2024-07-11,2024,UEFA Europa League,Ružomberok,FK Tobol Kostanay,5 - 2,3 - 2,1,7,Evet
2024-07-11,2024,UEFA Europa League,Botev Plovdiv,Maribor,2 - 1,1 - 1,1,3,Evet
2024-07-11,2024,UEFA Europa League,Wisla Krakow,Llapi,2 - 0,1 - 0,1,2,Yok
2024-07-18,2024,UEFA Europa League,Llapi,Wisla Krakow,1 - 2,0 - 0,2,3,Evet
2024-07-18,2024,UEFA Europa League,FK Tobol Kostanay,Ružomberok,1 - 0,1 - 0,1,1,Yok
2024-07-18,2024,UEFA Europa League,Zira,Sheriff Tiraspol,1 - 2,1 - 0,2,3,Evet
2024-07-18,2024,UEFA Europa League,Pafos,IF Elfsborg,2 - 5,2 - 1,2,7,Evet
2024-07-18,2024,UEFA Europa League,Corvinul Hunedoara,Paks,0 - 2,0 - 0,2,2,Yok
2024-07-18,2024,UEFA Europa League,Maribor,Botev Plovdiv,2 - 2,1 - 0,X,4,Evet
2024-07-25,2024,UEFA Europa League,Wisla Krakow,Rapid Vienna,1 - 2,0 - 1,2,3,Evet
2024-07-25,2024,UEFA Europa League,Ružomberok,Trabzonspor,0 - 2,0 - 1,2,2,Yok
2024-07-25,2024,UEFA Europa League,Molde,Silkeborg,3 - 1,2 - 1,1,4,Evet
2024-07-25,2024,UEFA Europa League,Sheriff Tiraspol,IF Elfsborg,0 - 1,0 - 0,2,1,Yok
2024-07-25,2024,UEFA Europa League,Corvinul Hunedoara,HNK Rijeka,0 - 0,0 - 0,X,0,Yok
2024-07-25,2024,UEFA Europa League,Panathinaikos,Botev Plovdiv,2 - 1,2 - 0,1,3,Evet
2024-07-25,2024,UEFA Europa League,Ajax,Vojvodina,1 - 0,0 - 0,1,1,Yok
2024-07-25,2024,UEFA Europa League,Kilmarnock,Cercle Brugge,1 - 1,0 - 0,X,2,Evet
2024-07-25,2024,UEFA Europa League,SC Braga,Maccabi Petah Tikva,2 - 0,0 - 0,1,2,Yok
2024-08-01,2024,UEFA Europa League,IF Elfsborg,Sheriff Tiraspol,2 - 0,1 - 0,1,2,Yok
2024-08-01,2024,UEFA Europa League,Silkeborg,Molde,3 - 2,1 - 1,1,5,Evet
2024-08-01,2024,UEFA Europa League,Trabzonspor,Ružomberok,1 - 0,0 - 0,1,1,Yok
2024-08-01,2024,UEFA Europa League,Maccabi Petah Tikva,SC Braga,0 - 5,0 - 3,2,5,Yok
2024-08-01,2024,UEFA Europa League,HNK Rijeka,Corvinul Hunedoara,1 - 0,1 - 0,1,1,Yok
2024-08-01,2024,UEFA Europa League,Botev Plovdiv,Panathinaikos,0 - 4,0 - 3,2,4,Yok
2024-08-01,2024,UEFA Europa League,Vojvodina,Ajax,1 - 3,0 - 0,2,4,Evet
2024-08-01,2024,UEFA Europa League,Cercle Brugge,Kilmarnock,1 - 0,1 - 0,1,1,Yok
2024-08-01,2024,UEFA Europa League,Rapid Vienna,Wisla Krakow,6 - 1,5 - 0,1,7,Evet
2024-08-06,2024,UEFA Europa League,Panevėžys,Maccabi Tel Aviv,1 - 2,0 - 2,2,3,Evet
2024-08-06,2024,UEFA Europa League,Petrocub,The New Saints,1 - 0,1 - 0,1,1,Yok
2024-08-08,2024,UEFA Europa League,Molde,Cercle Brugge,3 - 0,3 - 0,1,3,Yok
2024-08-08,2024,UEFA Europa League,KI Klaksvik,Borac Banja Luka,2 - 1,2 - 1,1,3,Evet
2024-08-08,2024,UEFA Europa League,Trabzonspor,Rapid Vienna,0 - 1,0 - 0,2,1,Yok
2024-08-08,2024,UEFA Europa League,HNK Rijeka,IF Elfsborg,1 - 1,1 - 1,X,2,Evet
2024-08-08,2024,UEFA Europa League,FK Partizan,FC Lugano,0 - 1,0 - 0,2,1,Yok
2024-08-08,2024,UEFA Europa League,Panathinaikos,Ajax,0 - 1,0 - 1,2,1,Yok
2024-08-08,2024,UEFA Europa League,UE Santa Coloma,Rīgas FS,0 - 2,0 - 2,2,2,Yok
2024-08-08,2024,UEFA Europa League,Kryvbas KR,Plzen,1 - 2,1 - 0,2,3,Evet
2024-08-08,2024,UEFA Europa League,Celje,Shamrock Rovers,1 - 0,1 - 0,1,1,Yok
2024-08-08,2024,UEFA Europa League,Dinamo Minsk,Lincoln Red Imps FC,2 - 0,1 - 0,1,2,Yok
2024-08-08,2024,UEFA Europa League,SC Braga,Servette FC,0 - 0,0 - 0,X,0,Yok
2024-08-13,2024,UEFA Europa League,The New Saints,Petrocub,0 - 0,0 - 0,X,0,Yok
2024-08-14,2024,UEFA Europa League,Rīgas FS,UE Santa Coloma,7 - 0,5 - 0,1,7,Yok
2024-08-15,2024,UEFA Europa League,Lincoln Red Imps FC,Dinamo Minsk,2 - 1,1 - 0,1,3,Evet
2024-08-15,2024,UEFA Europa League,Rapid Vienna,Trabzonspor,2 - 0,0 - 0,1,2,Yok
2024-08-15,2024,UEFA Europa League,IF Elfsborg,HNK Rijeka,2 - 0,0 - 0,1,2,Yok
2024-08-15,2024,UEFA Europa League,Plzen,Kryvbas KR,1 - 0,0 - 0,1,1,Yok
2024-08-15,2024,UEFA Europa League,Cercle Brugge,Molde,1 - 0,1 - 0,1,1,Yok
2024-08-15,2024,UEFA Europa League,Ajax,Panathinaikos,0 - 1,0 - 0,2,1,Yok
2024-08-15,2024,UEFA Europa League,Maccabi Tel Aviv,Panevėžys,3 - 0,1 - 0,1,3,Yok
2024-08-15,2024,UEFA Europa League,FC Lugano,FK Partizan,2 - 2,0 - 1,X,4,Evet
2024-08-15,2024,UEFA Europa League,Servette FC,SC Braga,1 - 2,0 - 1,2,3,Evet
2024-08-15,2024,UEFA Europa League,Shamrock Rovers,Celje,3 - 1,2 - 0,1,4,Evet
2024-08-15,2024,UEFA Europa League,Borac Banja Luka,KI Klaksvik,3 - 1,1 - 0,1,4,Evet
2024-08-22,2024,UEFA Europa League,Molde,IF Elfsborg,0 - 1,0 - 1,2,1,Yok
2024-08-22,2024,UEFA Europa League,Plzen,Heart Of Midlothian,1 - 0,0 - 0,1,1,Yok
2024-08-22,2024,UEFA Europa League,Lask Linz,FCSB,1 - 1,1 - 1,X,2,Evet
2024-08-22,2024,UEFA Europa League,Rīgas FS,Apoel Nicosia,2 - 1,2 - 0,1,3,Evet
2024-08-22,2024,UEFA Europa League,PAOK,Shamrock Rovers,4 - 0,1 - 0,1,4,Yok
2024-08-22,2024,UEFA Europa League,Ludogorets,Petrocub,4 - 0,1 - 0,1,4,Yok
2024-08-22,2024,UEFA Europa League,Maccabi Tel Aviv,TSC Backa Topola,3 - 0,1 - 0,1,3,Yok
2024-08-22,2024,UEFA Europa League,FC Lugano,Beşiktaş,3 - 3,1 - 1,X,6,Evet
2024-08-22,2024,UEFA Europa League,Jagiellonia,Ajax,1 - 4,1 - 2,2,5,Evet
2024-08-22,2024,UEFA Europa League,Dinamo Minsk,Anderlecht,0 - 1,0 - 1,2,1,Yok
2024-08-22,2024,UEFA Europa League,Ferencvarosi TC,Borac Banja Luka,0 - 0,0 - 0,X,0,Yok
2024-08-22,2024,UEFA Europa League,SC Braga,Rapid Vienna,2 - 1,1 - 1,1,3,Evet
2024-08-29,2024,UEFA Europa League,IF Elfsborg,Molde,0 - 1,0 - 0,2,1,Yok
2024-08-29,2024,UEFA Europa League,Apoel Nicosia,Rīgas FS,2 - 1,0 - 1,1,3,Evet
2024-08-29,2024,UEFA Europa League,Petrocub,Ludogorets,1 - 2,1 - 0,2,3,Evet
2024-08-29,2024,UEFA Europa League,Ajax,Jagiellonia,3 - 0,1 - 0,1,3,Yok
2024-08-29,2024,UEFA Europa League,Beşiktaş,FC Lugano,5 - 1,1 - 0,1,6,Evet
2024-08-29,2024,UEFA Europa League,Anderlecht,Dinamo Minsk,1 - 0,0 - 0,1,1,Yok
2024-08-29,2024,UEFA Europa League,FCSB,Lask Linz,1 - 0,0 - 0,1,1,Yok
2024-08-29,2024,UEFA Europa League,Heart Of Midlothian,Plzen,0 - 1,0 - 0,2,1,Yok
2024-08-29,2024,UEFA Europa League,Shamrock Rovers,PAOK,0 - 2,0 - 0,2,2,Yok
2024-08-29,2024,UEFA Europa League,Rapid Vienna,SC Braga,2 - 2,1 - 0,X,4,Evet
2024-08-29,2024,UEFA Europa League,TSC Backa Topola,Maccabi Tel Aviv,1 - 5,0 - 3,2,6,Evet
2024-08-29,2024,UEFA Europa League,Borac Banja Luka,Ferencvarosi TC,1 - 1,0 - 0,X,2,Evet
2024-09-25,2024,UEFA Europa League,AZ Alkmaar,IF Elfsborg,3 - 2,1 - 1,1,5,Evet
2024-09-25,2024,UEFA Europa League,Bodo/Glimt,FC Porto,3 - 2,2 - 1,1,5,Evet
2024-09-25,2024,UEFA Europa League,Manchester United,Twente,1 - 1,1 - 0,X,2,Evet
2024-09-25,2024,UEFA Europa League,Nice,Real Sociedad,1 - 1,1 - 1,X,2,Evet
2024-09-25,2024,UEFA Europa League,FC Midtjylland,1899 Hoffenheim,1 - 1,1 - 0,X,2,Evet
2024-09-25,2024,UEFA Europa League,Anderlecht,Ferencvarosi TC,2 - 1,0 - 0,1,3,Evet
2024-09-25,2024,UEFA Europa League,Ludogorets,Slavia Praha,0 - 2,0 - 1,2,2,Yok
2024-09-25,2024,UEFA Europa League,Dynamo Kyiv,Lazio,0 - 3,0 - 3,2,3,Yok
2024-09-25,2024,UEFA Europa League,Galatasaray,PAOK,3 - 1,0 - 0,1,4,Evet
2024-09-26,2024,UEFA Europa League,Malmo FF,Rangers,0 - 2,0 - 1,2,2,Yok
2024-09-26,2024,UEFA Europa League,Fenerbahçe,Union St. Gilloise,2 - 1,1 - 0,1,3,Evet
2024-09-26,2024,UEFA Europa League,Tottenham,Qarabag,3 - 0,1 - 0,1,3,Yok
2024-09-26,2024,UEFA Europa League,Lyon,Olympiakos Piraeus,2 - 0,0 - 0,1,2,Yok
2024-09-26,2024,UEFA Europa League,Eintracht Frankfurt,Plzen,3 - 3,1 - 1,X,6,Evet
2024-09-26,2024,UEFA Europa League,Ajax,Beşiktaş,4 - 0,1 - 0,1,4,Yok
2024-09-26,2024,UEFA Europa League,SC Braga,Maccabi Tel Aviv,2 - 1,0 - 1,1,3,Evet
2024-09-26,2024,UEFA Europa League,AS Roma,Athletic Club,1 - 1,1 - 0,X,2,Evet
2024-09-26,2024,UEFA Europa League,FCSB,Rīgas FS,4 - 1,2 - 1,1,5,Evet
2024-10-03,2024,UEFA Europa League,1899 Hoffenheim,Dynamo Kyiv,2 - 0,1 - 0,1,2,Yok
2024-10-03,2024,UEFA Europa League,Lazio,Nice,4 - 1,2 - 1,1,5,Evet
2024-10-03,2024,UEFA Europa League,Real Sociedad,Anderlecht,1 - 2,1 - 2,2,3,Evet
2024-10-03,2024,UEFA Europa League,Olympiakos Piraeus,SC Braga,3 - 0,1 - 0,1,3,Yok
2024-10-03,2024,UEFA Europa League,Qarabag,Malmo FF,1 - 2,1 - 1,2,3,Evet
2024-10-03,2024,UEFA Europa League,Slavia Praha,Ajax,1 - 1,0 - 1,X,2,Evet
2024-10-03,2024,UEFA Europa League,Maccabi Tel Aviv,FC Midtjylland,0 - 2,0 - 1,2,2,Yok
2024-10-03,2024,UEFA Europa League,Ferencvarosi TC,Tottenham,1 - 2,0 - 1,2,3,Evet
2024-10-03,2024,UEFA Europa League,Rīgas FS,Galatasaray,2 - 2,1 - 2,X,4,Evet
2024-10-03,2024,UEFA Europa League,FC Porto,Manchester United,3 - 3,2 - 2,X,6,Evet
2024-10-03,2024,UEFA Europa League,Rangers,Lyon,1 - 4,1 - 3,2,5,Evet
2024-10-03,2024,UEFA Europa League,IF Elfsborg,AS Roma,1 - 0,1 - 0,1,1,Yok
2024-10-03,2024,UEFA Europa League,Twente,Fenerbahçe,1 - 1,1 - 0,X,2,Evet
2024-10-03,2024,UEFA Europa League,Athletic Club,AZ Alkmaar,2 - 0,0 - 0,1,2,Yok
2024-10-03,2024,UEFA Europa League,Beşiktaş,Eintracht Frankfurt,1 - 3,0 - 2,2,4,Evet
2024-10-03,2024,UEFA Europa League,Plzen,Ludogorets,0 - 0,0 - 0,X,0,Yok
2024-10-03,2024,UEFA Europa League,PAOK,FCSB,0 - 1,0 - 1,2,1,Yok
2024-10-03,2024,UEFA Europa League,Union St. Gilloise,Bodo/Glimt,0 - 0,0 - 0,X,0,Yok
2024-10-23,2024,UEFA Europa League,SC Braga,Bodo/Glimt,1 - 2,0 - 0,2,3,Evet
2024-10-23,2024,UEFA Europa League,Galatasaray,IF Elfsborg,4 - 3,3 - 0,1,7,Evet
2024-10-24,2024,UEFA Europa League,Eintracht Frankfurt,Rīgas FS,1 - 0,0 - 0,1,1,Yok
2024-10-24,2024,UEFA Europa League,FC Midtjylland,Union St. Gilloise,1 - 0,1 - 0,1,1,Yok
2024-10-24,2024,UEFA Europa League,AS Roma,Dynamo Kyiv,1 - 0,1 - 0,1,1,Yok
2024-10-24,2024,UEFA Europa League,Qarabag,Ajax,0 - 3,0 - 1,2,3,Yok
2024-10-24,2024,UEFA Europa League,Maccabi Tel Aviv,Real Sociedad,1 - 2,0 - 1,2,3,Evet
2024-10-24,2024,UEFA Europa League,PAOK,Plzen,2 - 2,0 - 2,X,4,Evet
2024-10-24,2024,UEFA Europa League,Ferencvarosi TC,Nice,1 - 0,1 - 0,1,1,Yok
2024-10-24,2024,UEFA Europa League,Tottenham,AZ Alkmaar,1 - 0,0 - 0,1,1,Yok
2024-10-24,2024,UEFA Europa League,Lyon,Beşiktaş,0 - 1,0 - 0,2,1,Yok
2024-10-24,2024,UEFA Europa League,FC Porto,1899 Hoffenheim,2 - 0,1 - 0,1,2,Yok
2024-10-24,2024,UEFA Europa League,Rangers,FCSB,4 - 0,2 - 0,1,4,Yok
2024-10-24,2024,UEFA Europa League,Malmo FF,Olympiakos Piraeus,0 - 1,0 - 1,2,1,Yok
2024-10-24,2024,UEFA Europa League,Twente,Lazio,0 - 2,0 - 1,2,2,Yok
2024-10-24,2024,UEFA Europa League,Athletic Club,Slavia Praha,1 - 0,1 - 0,1,1,Yok
2024-10-24,2024,UEFA Europa League,Anderlecht,Ludogorets,2 - 0,0 - 0,1,2,Yok
2024-10-24,2024,UEFA Europa League,Fenerbahçe,Manchester United,1 - 1,0 - 1,X,2,Evet
2024-11-06,2024,UEFA Europa League,Beşiktaş,Malmo FF,2 - 1,0 - 0,1,3,Evet
2024-11-07,2024,UEFA Europa League,Nice,Twente,2 - 2,0 - 1,X,4,Evet
2024-11-07,2024,UEFA Europa League,Eintracht Frankfurt,Slavia Praha,1 - 0,0 - 0,1,1,Yok
2024-11-07,2024,UEFA Europa League,Bodo/Glimt,Qarabag,1 - 2,1 - 1,2,3,Evet
2024-11-07,2024,UEFA Europa League,IF Elfsborg,SC Braga,1 - 1,0 - 0,X,2,Evet
2024-11-07,2024,UEFA Europa League,Olympiakos Piraeus,Rangers,1 - 1,0 - 0,X,2,Evet
2024-11-07,2024,UEFA Europa League,FCSB,FC Midtjylland,2 - 0,1 - 0,1,2,Yok
2024-11-07,2024,UEFA Europa League,Ludogorets,Athletic Club,1 - 2,1 - 0,2,3,Evet
2024-11-07,2024,UEFA Europa League,Galatasaray,Tottenham,3 - 2,3 - 1,1,5,Evet
2024-11-07,2024,UEFA Europa League,Union St. Gilloise,AS Roma,1 - 1,0 - 0,X,2,Evet
2024-11-07,2024,UEFA Europa League,Manchester United,PAOK,2 - 0,0 - 0,1,2,Yok
2024-11-07,2024,UEFA Europa League,1899 Hoffenheim,Lyon,2 - 2,0 - 0,X,4,Evet
2024-11-07,2024,UEFA Europa League,Ajax,Maccabi Tel Aviv,5 - 0,3 - 0,1,5,Yok
2024-11-07,2024,UEFA Europa League,AZ Alkmaar,Fenerbahçe,3 - 1,0 - 0,1,4,Evet
2024-11-07,2024,UEFA Europa League,Lazio,FC Porto,2 - 1,1 - 0,1,3,Evet
2024-11-07,2024,UEFA Europa League,Plzen,Real Sociedad,2 - 1,1 - 1,1,3,Evet
2024-11-07,2024,UEFA Europa League,Dynamo Kyiv,Ferencvarosi TC,0 - 4,0 - 0,2,4,Yok
2024-11-07,2024,UEFA Europa League,Rīgas FS,Anderlecht,1 - 1,0 - 0,X,2,Evet
2024-11-28,2024,UEFA Europa League,AZ Alkmaar,Galatasaray,1 - 1,1 - 1,X,2,Evet
2024-11-28,2024,UEFA Europa League,Lazio,Ludogorets,0 - 0,0 - 0,X,0,Yok
2024-11-28,2024,UEFA Europa League,Athletic Club,IF Elfsborg,3 - 0,2 - 0,1,3,Yok
2024-11-28,2024,UEFA Europa League,Beşiktaş,Maccabi Tel Aviv,1 - 3,1 - 2,2,4,Evet
2024-11-28,2024,UEFA Europa League,Anderlecht,FC Porto,2 - 2,0 - 1,X,4,Evet
2024-11-28,2024,UEFA Europa League,Qarabag,Lyon,1 - 4,0 - 1,2,5,Evet
2024-11-28,2024,UEFA Europa League,Dynamo Kyiv,Plzen,1 - 2,0 - 0,2,3,Evet
2024-11-28,2024,UEFA Europa League,Rīgas FS,PAOK,0 - 2,0 - 1,2,2,Yok
2024-11-28,2024,UEFA Europa League,Manchester United,Bodo/Glimt,3 - 2,2 - 2,1,5,Evet
2024-11-28,2024,UEFA Europa League,Tottenham,AS Roma,2 - 2,2 - 1,X,4,Evet
2024-11-28,2024,UEFA Europa League,Nice,Rangers,1 - 4,0 - 3,2,5,Evet
2024-11-28,2024,UEFA Europa League,SC Braga,1899 Hoffenheim,3 - 0,2 - 0,1,3,Yok
2024-11-28,2024,UEFA Europa League,FC Midtjylland,Eintracht Frankfurt,1 - 2,0 - 1,2,3,Evet
2024-11-28,2024,UEFA Europa League,Twente,Union St. Gilloise,0 - 1,0 - 1,2,1,Yok
2024-11-28,2024,UEFA Europa League,Real Sociedad,Ajax,2 - 0,0 - 0,1,2,Yok
2024-11-28,2024,UEFA Europa League,FCSB,Olympiakos Piraeus,0 - 0,0 - 0,X,0,Yok
2024-11-28,2024,UEFA Europa League,Slavia Praha,Fenerbahçe,1 - 2,1 - 1,2,3,Evet
2024-11-28,2024,UEFA Europa League,Ferencvarosi TC,Malmo FF,4 - 1,2 - 1,1,5,Evet
2024-12-11,2024,UEFA Europa League,Fenerbahçe,Athletic Club,0 - 2,0 - 2,2,2,Yok
2024-12-12,2024,UEFA Europa League,1899 Hoffenheim,FCSB,0 - 0,0 - 0,X,0,Yok
2024-12-12,2024,UEFA Europa League,Malmo FF,Galatasaray,2 - 2,1 - 1,X,4,Evet
2024-12-12,2024,UEFA Europa League,AS Roma,SC Braga,3 - 0,1 - 0,1,3,Yok
2024-12-12,2024,UEFA Europa League,Olympiakos Piraeus,Twente,0 - 0,0 - 0,X,0,Yok
2024-12-12,2024,UEFA Europa League,Ludogorets,AZ Alkmaar,2 - 2,0 - 2,X,4,Evet
2024-12-12,2024,UEFA Europa League,Plzen,Manchester United,1 - 2,0 - 0,2,3,Evet
2024-12-12,2024,UEFA Europa League,PAOK,Ferencvarosi TC,5 - 0,2 - 0,1,5,Yok
2024-12-12,2024,UEFA Europa League,Union St. Gilloise,Nice,2 - 1,1 - 1,1,3,Evet
2024-12-12,2024,UEFA Europa League,Lyon,Eintracht Frankfurt,3 - 2,1 - 1,1,5,Evet
2024-12-12,2024,UEFA Europa League,Ajax,Lazio,1 - 3,0 - 1,2,4,Evet
2024-12-12,2024,UEFA Europa League,FC Porto,FC Midtjylland,2 - 0,1 - 0,1,2,Yok
2024-12-12,2024,UEFA Europa League,Rangers,Tottenham,1 - 1,0 - 0,X,2,Evet
2024-12-12,2024,UEFA Europa League,Bodo/Glimt,Beşiktaş,2 - 1,2 - 1,1,3,Evet
2024-12-12,2024,UEFA Europa League,IF Elfsborg,Qarabag,1 - 0,0 - 0,1,1,Yok
2024-12-12,2024,UEFA Europa League,Real Sociedad,Dynamo Kyiv,3 - 0,3 - 0,1,3,Yok
2024-12-12,2024,UEFA Europa League,Slavia Praha,Anderlecht,1 - 2,0 - 2,2,3,Evet
2024-12-12,2024,UEFA Europa League,Maccabi Tel Aviv,Rīgas FS,2 - 1,1 - 0,1,3,Evet
2025-01-21,2024,UEFA Europa League,Galatasaray,Dynamo Kyiv,3 - 3,2 - 1,X,6,Evet
2025-01-22,2024,UEFA Europa League,Beşiktaş,Athletic Club,4 - 1,1 - 1,1,5,Evet
2025-01-23,2024,UEFA Europa League,1899 Hoffenheim,Tottenham,2 - 3,0 - 2,2,5,Evet
2025-01-23,2024,UEFA Europa League,AZ Alkmaar,AS Roma,1 - 0,0 - 0,1,1,Yok
2025-01-23,2024,UEFA Europa League,FC Porto,Olympiakos Piraeus,0 - 1,0 - 0,2,1,Yok
2025-01-23,2024,UEFA Europa League,Bodo/Glimt,Maccabi Tel Aviv,3 - 1,1 - 1,1,4,Evet
2025-01-23,2024,UEFA Europa League,Malmo FF,Twente,2 - 3,1 - 1,2,5,Evet
2025-01-23,2024,UEFA Europa League,Qarabag,FCSB,2 - 3,2 - 2,2,5,Evet
2025-01-23,2024,UEFA Europa League,Plzen,Anderlecht,2 - 0,2 - 0,1,2,Yok
2025-01-23,2024,UEFA Europa League,Fenerbahçe,Lyon,0 - 0,0 - 0,X,0,Yok
2025-01-23,2024,UEFA Europa League,Manchester United,Rangers,2 - 1,0 - 0,1,3,Evet
2025-01-23,2024,UEFA Europa League,Eintracht Frankfurt,Ferencvarosi TC,2 - 0,0 - 0,1,2,Yok
2025-01-23,2024,UEFA Europa League,IF Elfsborg,Nice,1 - 0,0 - 0,1,1,Yok
2025-01-23,2024,UEFA Europa League,Lazio,Real Sociedad,3 - 1,3 - 0,1,4,Evet
2025-01-23,2024,UEFA Europa League,Ludogorets,FC Midtjylland,0 - 2,0 - 1,2,2,Yok
2025-01-23,2024,UEFA Europa League,PAOK,Slavia Praha,2 - 0,1 - 0,1,2,Yok
2025-01-23,2024,UEFA Europa League,Union St. Gilloise,SC Braga,2 - 1,0 - 1,1,3,Evet
2025-01-23,2024,UEFA Europa League,Rīgas FS,Ajax,1 - 0,0 - 0,1,1,Yok
2025-01-30,2024,UEFA Europa League,Tottenham,IF Elfsborg,3 - 0,0 - 0,1,3,Yok
2025-01-30,2024,UEFA Europa League,Lyon,Ludogorets,1 - 1,0 - 0,X,2,Evet
2025-01-30,2024,UEFA Europa League,Nice,Bodo/Glimt,1 - 1,0 - 0,X,2,Evet
2025-01-30,2024,UEFA Europa League,Ajax,Galatasaray,2 - 1,1 - 0,1,3,Evet
2025-01-30,2024,UEFA Europa League,SC Braga,Lazio,1 - 0,1 - 0,1,1,Yok
2025-01-30,2024,UEFA Europa League,Rangers,Union St. Gilloise,2 - 1,1 - 0,1,3,Evet
2025-01-30,2024,UEFA Europa League,FC Midtjylland,Fenerbahçe,2 - 2,1 - 1,X,4,Evet
2025-01-30,2024,UEFA Europa League,Twente,Beşiktaş,1 - 0,0 - 0,1,1,Yok
2025-01-30,2024,UEFA Europa League,AS Roma,Eintracht Frankfurt,2 - 0,1 - 0,1,2,Yok
2025-01-30,2024,UEFA Europa League,Athletic Club,Plzen,3 - 1,1 - 0,1,4,Evet
2025-01-30,2024,UEFA Europa League,Real Sociedad,PAOK,2 - 0,1 - 0,1,2,Yok
2025-01-30,2024,UEFA Europa League,Olympiakos Piraeus,Qarabag,3 - 0,0 - 0,1,3,Yok
2025-01-30,2024,UEFA Europa League,Anderlecht,1899 Hoffenheim,3 - 4,1 - 1,2,7,Evet
2025-01-30,2024,UEFA Europa League,FCSB,Manchester United,0 - 2,0 - 0,2,2,Yok
2025-01-30,2024,UEFA Europa League,Slavia Praha,Malmo FF,2 - 2,0 - 0,X,4,Evet
2025-01-30,2024,UEFA Europa League,Dynamo Kyiv,Rīgas FS,1 - 0,0 - 0,1,1,Yok
2025-01-30,2024,UEFA Europa League,Maccabi Tel Aviv,FC Porto,0 - 1,0 - 0,2,1,Yok
2025-01-30,2024,UEFA Europa League,Ferencvarosi TC,AZ Alkmaar,4 - 3,3 - 0,1,7,Evet
2025-02-13,2024,UEFA Europa League,FC Midtjylland,Real Sociedad,1 - 2,1 - 2,2,3,Evet
2025-02-13,2024,UEFA Europa League,Fenerbahçe,Anderlecht,3 - 0,2 - 0,1,3,Yok
2025-02-13,2024,UEFA Europa League,Ferencvarosi TC,Plzen,1 - 0,1 - 0,1,1,Yok
2025-02-13,2024,UEFA Europa League,Union St. Gilloise,Ajax,0 - 2,0 - 0,2,2,Yok
2025-02-13,2024,UEFA Europa League,AZ Alkmaar,Galatasaray,4 - 1,2 - 1,1,5,Evet
2025-02-13,2024,UEFA Europa League,FC Porto,AS Roma,1 - 1,0 - 1,X,2,Evet
2025-02-13,2024,UEFA Europa League,Twente,Bodo/Glimt,2 - 1,1 - 0,1,3,Evet
2025-02-13,2024,UEFA Europa League,PAOK,FCSB,1 - 2,1 - 0,2,3,Evet
2025-02-20,2024,UEFA Europa League,Bodo/Glimt,Twente,5 - 2,0 - 1,1,7,Evet
2025-02-20,2024,UEFA Europa League,AS Roma,FC Porto,3 - 2,2 - 1,1,5,Evet
2025-02-20,2024,UEFA Europa League,FCSB,PAOK,2 - 0,1 - 0,1,2,Yok
2025-02-20,2024,UEFA Europa League,Galatasaray,AZ Alkmaar,2 - 2,0 - 1,X,4,Evet
2025-02-20,2024,UEFA Europa League,Ajax,Union St. Gilloise,1 - 2,0 - 2,2,3,Evet
2025-02-20,2024,UEFA Europa League,Real Sociedad,FC Midtjylland,5 - 2,3 - 2,1,7,Evet
2025-02-20,2024,UEFA Europa League,Anderlecht,Fenerbahçe,2 - 2,1 - 1,X,4,Evet
2025-02-20,2024,UEFA Europa League,Plzen,Ferencvarosi TC,3 - 0,3 - 0,1,3,Yok
2025-03-06,2024,UEFA Europa League,AZ Alkmaar,Tottenham,1 - 0,1 - 0,1,1,Yok
2025-03-06,2024,UEFA Europa League,Real Sociedad,Manchester United,1 - 1,0 - 0,X,2,Evet
2025-03-06,2024,UEFA Europa League,FCSB,Lyon,1 - 3,0 - 1,2,4,Evet
2025-03-06,2024,UEFA Europa League,Fenerbahçe,Rangers,1 - 3,1 - 2,2,4,Evet
2025-03-06,2024,UEFA Europa League,Ajax,Eintracht Frankfurt,1 - 2,1 - 1,2,3,Evet
2025-03-06,2024,UEFA Europa League,Bodo/Glimt,Olympiakos Piraeus,3 - 0,2 - 0,1,3,Yok
2025-03-06,2024,UEFA Europa League,AS Roma,Athletic Club,2 - 1,0 - 0,1,3,Evet
2025-03-06,2024,UEFA Europa League,Plzen,Lazio,1 - 2,0 - 1,2,3,Evet
2025-03-13,2024,UEFA Europa League,Eintracht Frankfurt,Ajax,4 - 1,2 - 0,1,5,Evet
2025-03-13,2024,UEFA Europa League,Lazio,Plzen,1 - 1,0 - 0,X,2,Evet
2025-03-13,2024,UEFA Europa League,Athletic Club,AS Roma,3 - 1,1 - 0,1,4,Evet
2025-03-13,2024,UEFA Europa League,Olympiakos Piraeus,Bodo/Glimt,2 - 1,0 - 1,1,3,Evet
2025-03-13,2024,UEFA Europa League,Manchester United,Real Sociedad,4 - 1,1 - 1,1,5,Evet
2025-03-13,2024,UEFA Europa League,Tottenham,AZ Alkmaar,3 - 1,1 - 0,1,4,Evet
2025-03-13,2024,UEFA Europa League,Lyon,FCSB,4 - 0,2 - 0,1,4,Yok
2025-03-13,2024,UEFA Europa League,Rangers,Fenerbahçe,0 - 2,0 - 1,2,2,Yok
2025-04-10,2024,UEFA Europa League,Bodo/Glimt,Lazio,2 - 0,0 - 0,1,2,Yok
2025-04-10,2024,UEFA Europa League,Tottenham,Eintracht Frankfurt,1 - 1,1 - 1,X,2,Evet
2025-04-10,2024,UEFA Europa League,Lyon,Manchester United,2 - 2,1 - 1,X,4,Evet
2025-04-10,2024,UEFA Europa League,Rangers,Athletic Club,0 - 0,0 - 0,X,0,Yok
2025-04-17,2024,UEFA Europa League,Manchester United,Lyon,5 - 4,2 - 0,1,9,Evet
2025-04-17,2024,UEFA Europa League,Eintracht Frankfurt,Tottenham,0 - 1,0 - 1,2,1,Yok
2025-04-17,2024,UEFA Europa League,Lazio,Bodo/Glimt,3 - 1,1 - 0,1,4,Evet
2025-04-17,2024,UEFA Europa League,Athletic Club,Rangers,2 - 0,1 - 0,1,2,Yok
2025-05-01,2024,UEFA Europa League,Tottenham,Bodo/Glimt,3 - 1,2 - 0,1,4,Evet
2025-05-01,2024,UEFA Europa League,Athletic Club,Manchester United,0 - 3,0 - 3,2,3,Yok
2025-05-08,2024,UEFA Europa League,Manchester United,Athletic Club,4 - 1,0 - 1,1,5,Evet
2025-05-08,2024,UEFA Europa League,Bodo/Glimt,Tottenham,0 - 2,0 - 0,2,2,Yok
2025-05-21,2024,UEFA Europa League,Tottenham,Manchester United,1 - 0,1 - 0,1,1,Yok
2024-07-10,2024,UEFA Europa Conference League,Velež,Inter Club d'Escaldes,1 - 1,0 - 1,X,2,Evet
2024-07-10,2024,UEFA Europa Conference League,Auda,B36 Torshavn,2 - 0,1 - 0,1,2,Yok
2024-07-11,2024,UEFA Europa Conference League,FK Liepaja,Vikingur Gota,1 - 1,0 - 1,X,2,Evet
2024-07-11,2024,UEFA Europa Conference League,Šiauliai,FC Levadia Tallinn,0 - 2,0 - 2,2,2,Yok
2024-07-11,2024,UEFA Europa Conference League,Aktobe,FK Sarajevo,0 - 1,0 - 0,2,1,Yok
2024-07-11,2024,UEFA Europa Conference League,Malisheva,Buducnost Podgorica,1 - 0,0 - 0,1,1,Yok
2024-07-11,2024,UEFA Europa Conference League,FC Noah,Shkendija,2 - 0,0 - 0,1,2,Yok
2024-07-11,2024,UEFA Europa Conference League,Bravo,GAP Connah S Quay FC,0 - 1,0 - 0,2,1,Yok
2024-07-11,2024,UEFA Europa Conference League,Magpies,Derry City,2 - 0,0 - 0,1,2,Yok
2024-07-11,2024,UEFA Europa Conference League,Atlètic Club d'Escaldes,F91 Dudelange,0 - 1,0 - 1,2,1,Yok
2024-07-11,2024,UEFA Europa Conference League,Tallinna Kalev,FC Urartu,1 - 2,1 - 1,2,3,Evet
2024-07-11,2024,UEFA Europa Conference League,Torpedo Zhodino,Milsami Orhei,2 - 4,1 - 2,2,6,Evet
2024-07-11,2024,UEFA Europa Conference League,VPS,FK Zalgiris Vilnius,1 - 2,0 - 1,2,3,Evet
2024-07-11,2024,UEFA Europa Conference League,Torpedo Kutaisi,Tirana,1 - 1,1 - 0,X,2,Evet
2024-07-11,2024,UEFA Europa Conference League,UNA Strassen,KuPS,0 - 0,0 - 0,X,0,Yok
2024-07-11,2024,UEFA Europa Conference League,Floriana,Tre Penne,3 - 1,0 - 0,1,4,Evet
2024-07-11,2024,UEFA Europa Conference League,Caernarfon Town,Crusaders FC,2 - 0,2 - 0,1,2,Yok
2024-07-11,2024,UEFA Europa Conference League,Bala Town,Paide,1 - 2,0 - 0,2,3,Evet
2024-07-11,2024,UEFA Europa Conference League,Partizani,Marsaxlokk,1 - 1,1 - 1,X,2,Evet
2024-07-11,2024,UEFA Europa Conference League,Tikveš,Breidablik,3 - 2,0 - 2,1,5,Evet
2024-07-11,2024,UEFA Europa Conference League,La Fiorita,FC Isloch Minsk R.,0 - 1,0 - 1,2,1,Yok
2024-07-11,2024,UEFA Europa Conference League,Mornar,Dinamo Tbilisi,2 - 1,2 - 0,1,3,Evet
2024-07-11,2024,UEFA Europa Conference League,Shelbourne,St Joseph S Fc,2 - 1,1 - 1,1,3,Evet
2024-07-11,2024,UEFA Europa Conference League,Valur Reykjavik,Vllaznia Shkodër,2 - 2,1 - 1,X,4,Evet
2024-07-11,2024,UEFA Europa Conference League,Stjarnan,Linfield,2 - 0,1 - 0,1,2,Yok
2024-07-17,2024,UEFA Europa Conference League,B36 Torshavn,Auda,0 - 1,0 - 0,2,1,Yok
2024-07-17,2024,UEFA Europa Conference League,Crusaders FC,Caernarfon Town,3 - 1,0 - 1,1,4,Evet
2024-07-18,2024,UEFA Europa Conference League,KuPS,UNA Strassen,5 - 0,2 - 0,1,5,Yok
2024-07-18,2024,UEFA Europa Conference League,FC Urartu,Tallinna Kalev,2 - 0,1 - 0,1,2,Yok
2024-07-18,2024,UEFA Europa Conference League,FK Zalgiris Vilnius,VPS,1 - 0,1 - 0,1,1,Yok
2024-07-18,2024,UEFA Europa Conference League,Milsami Orhei,Torpedo Zhodino,0 - 0,0 - 0,X,0,Yok
2024-07-18,2024,UEFA Europa Conference League,St Joseph S Fc,Shelbourne,1 - 1,1 - 1,X,2,Evet
2024-07-18,2024,UEFA Europa Conference League,FC Levadia Tallinn,Šiauliai,0 - 0,0 - 0,X,0,Yok
2024-07-18,2024,UEFA Europa Conference League,Inter Club d'Escaldes,Velež,5 - 1,2 - 0,1,6,Evet
2024-07-18,2024,UEFA Europa Conference League,Paide,Bala Town,1 - 1,0 - 1,X,2,Evet
2024-07-18,2024,UEFA Europa Conference League,F91 Dudelange,Atlètic Club d'Escaldes,2 - 0,0 - 0,1,2,Yok
2024-07-18,2024,UEFA Europa Conference League,Dinamo Tbilisi,Mornar,1 - 1,1 - 0,X,2,Evet
2024-07-18,2024,UEFA Europa Conference League,Marsaxlokk,Partizani,1 - 2,0 - 0,2,3,Evet
2024-07-18,2024,UEFA Europa Conference League,GAP Connah S Quay FC,Bravo,0 - 2,0 - 0,2,2,Yok
2024-07-18,2024,UEFA Europa Conference League,FC Isloch Minsk R.,La Fiorita,0 - 1,0 - 0,2,1,Yok
2024-07-18,2024,UEFA Europa Conference League,Vikingur Gota,FK Liepaja,2 - 0,2 - 0,1,2,Yok
2024-07-18,2024,UEFA Europa Conference League,Shkendija,FC Noah,1 - 2,0 - 1,2,3,Evet
2024-07-18,2024,UEFA Europa Conference League,Tirana,Torpedo Kutaisi,0 - 1,0 - 1,2,1,Yok
2024-07-18,2024,UEFA Europa Conference League,Vllaznia Shkodër,Valur Reykjavik,0 - 4,0 - 3,2,4,Yok
2024-07-18,2024,UEFA Europa Conference League,Linfield,Stjarnan,3 - 2,1 - 0,1,5,Evet
2024-07-18,2024,UEFA Europa Conference League,Derry City,Magpies,2 - 1,1 - 0,1,3,Evet
2024-07-18,2024,UEFA Europa Conference League,Tre Penne,Floriana,1 - 1,0 - 0,X,2,Evet
2024-07-18,2024,UEFA Europa Conference League,Buducnost Podgorica,Malisheva,3 - 0,1 - 0,1,3,Yok
2024-07-18,2024,UEFA Europa Conference League,FK Sarajevo,Aktobe,2 - 3,0 - 1,2,5,Evet
2024-07-18,2024,UEFA Europa Conference League,Breidablik,Tikveš,3 - 1,1 - 1,1,4,Evet
2024-07-23,2024,UEFA Europa Conference League,Ballkani,Hamrun Spartans,0 - 0,0 - 0,X,0,Yok
2024-07-23,2024,UEFA Europa Conference League,FC Differdange 03,Ordabasy,1 - 0,1 - 0,1,1,Yok
2024-07-23,2024,UEFA Europa Conference League,Virtus,Flora Tallinn,0 - 0,0 - 0,X,0,Yok
2024-07-24,2024,UEFA Europa Conference League,Struga,Pyunik Yerevan,2 - 1,1 - 1,1,3,Evet
2024-07-24,2024,UEFA Europa Conference League,Riga,Slask Wroclaw,1 - 0,1 - 0,1,1,Yok
2024-07-24,2024,UEFA Europa Conference League,Dinamo Batumi,Dečić,0 - 2,0 - 0,2,2,Yok
2024-07-24,2024,UEFA Europa Conference League,AEK Athens FC,Inter Club d'Escaldes,4 - 3,3 - 0,1,7,Evet
2024-07-24,2024,UEFA Europa Conference League,Cliftonville FC,Auda,1 - 2,1 - 1,2,3,Evet
2024-07-25,2024,UEFA Europa Conference League,KuPS,Tromso,0 - 1,0 - 0,2,1,Yok
2024-07-25,2024,UEFA Europa Conference League,FK Zalgiris Vilnius,Pafos,2 - 1,2 - 0,1,3,Evet
2024-07-25,2024,UEFA Europa Conference League,Mlada Boleslav,TransINVEST Vilnius,2 - 0,2 - 0,1,2,Yok
2024-07-25,2024,UEFA Europa Conference League,Milsami Orhei,FC Astana,1 - 1,0 - 0,X,2,Evet
2024-07-25,2024,UEFA Europa Conference League,Ilves,Austria Vienna,2 - 1,0 - 0,1,3,Evet
2024-07-25,2024,UEFA Europa Conference League,FC Iberia 1999,Partizani,2 - 0,1 - 0,1,2,Yok
2024-07-25,2024,UEFA Europa Conference League,FC Noah,Sliema Wanderers,7 - 0,3 - 0,1,7,Yok
2024-07-25,2024,UEFA Europa Conference League,Sumqayıt,Fehérvár FC,1 - 2,1 - 1,2,3,Evet
2024-07-25,2024,UEFA Europa Conference League,Magpies,FC Copenhagen,0 - 3,0 - 1,2,3,Yok
2024-07-25,2024,UEFA Europa Conference League,GO Ahead Eagles,Brann,0 - 0,0 - 0,X,0,Yok
2024-07-25,2024,UEFA Europa Conference League,Zira,Dunajska Streda,4 - 0,2 - 0,1,4,Yok
2024-07-25,2024,UEFA Europa Conference League,Omonia Nicosia,Torpedo Kutaisi,3 - 1,1 - 0,1,4,Evet
2024-07-25,2024,UEFA Europa Conference League,Zimbru,Ararat-Armenia,0 - 3,0 - 1,2,3,Yok
2024-07-25,2024,UEFA Europa Conference League,Djurgardens IF,Progres Niederkorn,3 - 0,2 - 0,1,3,Yok
2024-07-25,2024,UEFA Europa Conference League,Brondby,Llapi,6 - 0,4 - 0,1,6,Yok
2024-07-25,2024,UEFA Europa Conference League,Hapoel Beer Sheva,Cherno More Varna,0 - 0,0 - 0,X,0,Yok
2024-07-25,2024,UEFA Europa Conference League,F91 Dudelange,BK Hacken,2 - 6,2 - 4,2,8,Evet
2024-07-25,2024,UEFA Europa Conference League,Olimpija Ljubljana,Polessya,2 - 0,0 - 0,1,2,Yok
2024-07-25,2024,UEFA Europa Conference League,FC Zurich,Shelbourne,3 - 0,2 - 0,1,3,Yok
2024-07-25,2024,UEFA Europa Conference League,Dnipro-1,Puskas Academy,0 - 3,0 - 0,2,3,Yok
2024-07-25,2024,UEFA Europa Conference League,Baník Ostrava,FC Urartu,5 - 1,3 - 0,1,6,Evet
2024-07-25,2024,UEFA Europa Conference League,Floriana,Vitória SC,0 - 1,0 - 0,2,1,Yok
2024-07-25,2024,UEFA Europa Conference League,Maccabi Haifa,Sabah FA,0 - 3,0 - 0,2,3,Yok
2024-07-25,2024,UEFA Europa Conference League,CSKA 1948,Buducnost Podgorica,1 - 0,1 - 0,1,1,Yok
2024-07-25,2024,UEFA Europa Conference League,CFR 1907 Cluj,Neman,0 - 0,0 - 0,X,0,Yok
2024-07-25,2024,UEFA Europa Conference League,Başakşehir,La Fiorita,6 - 1,4 - 0,1,7,Evet
2024-07-25,2024,UEFA Europa Conference League,NK Osijek,FC Levadia Tallinn,5 - 1,4 - 1,1,6,Evet
2024-07-25,2024,UEFA Europa Conference League,Gent,Vikingur Gota,4 - 1,1 - 1,1,5,Evet
2024-07-25,2024,UEFA Europa Conference League,FC ST. Gallen,FK Tobol Kostanay,4 - 1,2 - 1,1,5,Evet
2024-07-25,2024,UEFA Europa Conference League,Paks,AEK Larnaca,3 - 0,1 - 0,1,3,Yok
2024-07-25,2024,UEFA Europa Conference League,Radnicki 1923,Mornar,1 - 0,0 - 0,1,1,Yok
2024-07-25,2024,UEFA Europa Conference League,Maribor,Universitatea Craiova,2 - 0,0 - 0,1,2,Yok
2024-07-25,2024,UEFA Europa Conference League,Valur Reykjavik,ST Mirren,0 - 0,0 - 0,X,0,Yok
2024-07-25,2024,UEFA Europa Conference League,Vikingur Reykjavik,Egnatia Rrogozhinë,0 - 1,0 - 1,2,1,Yok
2024-07-25,2024,UEFA Europa Conference League,Legia Warszawa,Caernarfon Town,6 - 0,2 - 0,1,6,Yok
2024-07-25,2024,UEFA Europa Conference League,St Patrick's Athl.,FC Vaduz,3 - 1,2 - 0,1,4,Evet
2024-07-25,2024,UEFA Europa Conference League,Stjarnan,Paide,2 - 1,1 - 0,1,3,Evet
2024-07-25,2024,UEFA Europa Conference League,Zrinjski,Bravo,0 - 1,0 - 1,2,1,Yok
2024-07-25,2024,UEFA Europa Conference League,HNK Hajduk Split,HB Torshavn,2 - 0,2 - 0,1,2,Yok
2024-07-25,2024,UEFA Europa Conference League,FK Sarajevo,Spartak Trnava,0 - 0,0 - 0,X,0,Yok
2024-07-25,2024,UEFA Europa Conference League,Breidablik,Drita,1 - 2,0 - 2,2,3,Evet
2024-07-30,2024,UEFA Europa Conference League,Drita,Breidablik,1 - 0,0 - 0,1,1,Yok
2024-07-30,2024,UEFA Europa Conference League,Flora Tallinn,Virtus,5 - 2,1 - 0,1,7,Evet
2024-07-30,2024,UEFA Europa Conference League,Pyunik Yerevan,Struga,3 - 1,2 - 1,1,4,Evet
2024-07-30,2024,UEFA Europa Conference League,Hamrun Spartans,Ballkani,0 - 2,0 - 0,2,2,Yok
2024-07-30,2024,UEFA Europa Conference League,Dečić,Dinamo Batumi,0 - 0,0 - 0,X,0,Yok
2024-07-31,2024,UEFA Europa Conference League,Auda,Cliftonville FC,2 - 0,0 - 0,1,2,Yok
2024-07-31,2024,UEFA Europa Conference League,BK Hacken,F91 Dudelange,6 - 1,3 - 1,1,7,Evet
2024-07-31,2024,UEFA Europa Conference League,Fehérvár FC,Sumqayıt,0 - 0,0 - 0,X,0,Yok
2024-07-31,2024,UEFA Europa Conference League,Austria Vienna,Ilves,4 - 3,2 - 1,1,7,Evet
2024-07-31,2024,UEFA Europa Conference League,Spartak Trnava,FK Sarajevo,3 - 0,2 - 0,1,3,Yok
2024-07-31,2024,UEFA Europa Conference League,Mornar,Radnicki 1923,2 - 1,1 - 0,1,3,Evet
2024-08-01,2024,UEFA Europa Conference League,FC Astana,Milsami Orhei,1 - 0,0 - 0,1,1,Yok
2024-08-01,2024,UEFA Europa Conference League,Ordabasy,FC Differdange 03,4 - 3,1 - 1,1,7,Evet
2024-08-01,2024,UEFA Europa Conference League,FC Urartu,Baník Ostrava,0 - 2,0 - 1,2,2,Yok
2024-08-01,2024,UEFA Europa Conference League,Ararat-Armenia,Zimbru,3 - 1,1 - 0,1,4,Evet
2024-08-01,2024,UEFA Europa Conference League,Bravo,Zrinjski,1 - 3,1 - 1,2,4,Evet
2024-08-01,2024,UEFA Europa Conference League,Llapi,Brondby,2 - 2,1 - 0,X,4,Evet
2024-08-01,2024,UEFA Europa Conference League,AEK Larnaca,Paks,0 - 2,0 - 2,2,2,Yok
2024-08-01,2024,UEFA Europa Conference League,FK Tobol Kostanay,FC ST. Gallen,0 - 1,0 - 0,2,1,Yok
2024-08-01,2024,UEFA Europa Conference League,FC Levadia Tallinn,NK Osijek,0 - 1,0 - 0,2,1,Yok
2024-08-01,2024,UEFA Europa Conference League,Pafos,FK Zalgiris Vilnius,3 - 0,1 - 0,1,3,Yok
2024-08-01,2024,UEFA Europa Conference League,Polessya,Olimpija Ljubljana,1 - 2,1 - 1,2,3,Evet
2024-08-01,2024,UEFA Europa Conference League,Sabah FA,Maccabi Haifa,3 - 6,0 - 1,2,9,Evet
2024-08-01,2024,UEFA Europa Conference League,TransINVEST Vilnius,Mlada Boleslav,0 - 1,0 - 0,2,1,Yok
2024-08-01,2024,UEFA Europa Conference League,Inter Club d'Escaldes,AEK Athens FC,0 - 4,0 - 1,2,4,Yok
2024-08-01,2024,UEFA Europa Conference League,Paide,Stjarnan,4 - 0,1 - 0,1,4,Yok
2024-08-01,2024,UEFA Europa Conference League,Brann,GO Ahead Eagles,2 - 1,1 - 1,1,3,Evet
2024-08-01,2024,UEFA Europa Conference League,Tromso,KuPS,1 - 0,1 - 0,1,1,Yok
2024-08-01,2024,UEFA Europa Conference League,Caernarfon Town,Legia Warszawa,0 - 5,0 - 0,2,5,Yok
2024-08-01,2024,UEFA Europa Conference League,FC Copenhagen,Magpies,5 - 1,1 - 1,1,6,Evet
2024-08-01,2024,UEFA Europa Conference League,Universitatea Craiova,Maribor,3 - 2,0 - 0,1,5,Evet
2024-08-01,2024,UEFA Europa Conference League,Progres Niederkorn,Djurgardens IF,1 - 0,1 - 0,1,1,Yok
2024-08-01,2024,UEFA Europa Conference League,Torpedo Kutaisi,Omonia Nicosia,1 - 2,0 - 1,2,3,Evet
2024-08-01,2024,UEFA Europa Conference League,Sliema Wanderers,FC Noah,0 - 0,0 - 0,X,0,Yok
2024-08-01,2024,UEFA Europa Conference League,FC Vaduz,St Patrick's Athl.,2 - 2,1 - 1,X,4,Evet
2024-08-01,2024,UEFA Europa Conference League,Cherno More Varna,Hapoel Beer Sheva,1 - 2,1 - 1,2,3,Evet
2024-08-01,2024,UEFA Europa Conference League,Neman,CFR 1907 Cluj,0 - 5,0 - 2,2,5,Yok
2024-08-01,2024,UEFA Europa Conference League,Vikingur Gota,Gent,0 - 3,0 - 0,2,3,Yok
2024-08-01,2024,UEFA Europa Conference League,Partizani,FC Iberia 1999,0 - 0,0 - 0,X,0,Yok
2024-08-01,2024,UEFA Europa Conference League,Egnatia Rrogozhinë,Vikingur Reykjavik,0 - 2,0 - 1,2,2,Yok
2024-08-01,2024,UEFA Europa Conference League,Slask Wroclaw,Riga,3 - 1,1 - 1,1,4,Evet
2024-08-01,2024,UEFA Europa Conference League,Dunajska Streda,Zira,1 - 2,1 - 1,2,3,Evet
2024-08-01,2024,UEFA Europa Conference League,ST Mirren,Valur Reykjavik,4 - 1,1 - 0,1,5,Evet
2024-08-01,2024,UEFA Europa Conference League,La Fiorita,Başakşehir,0 - 4,0 - 3,2,4,Yok
2024-08-01,2024,UEFA Europa Conference League,Shelbourne,FC Zurich,0 - 0,0 - 0,X,0,Yok
2024-08-01,2024,UEFA Europa Conference League,Buducnost Podgorica,CSKA 1948,1 - 1,0 - 0,X,2,Evet
2024-08-01,2024,UEFA Europa Conference League,Puskas Academy,Dnipro-1,3 - 0,0 - 0,1,3,Yok
2024-08-01,2024,UEFA Europa Conference League,HB Torshavn,HNK Hajduk Split,0 - 0,0 - 0,X,0,Yok
2024-08-01,2024,UEFA Europa Conference League,Vitória SC,Floriana,4 - 0,4 - 0,1,4,Yok
2024-08-06,2024,UEFA Europa Conference League,FC Noah,AEK Athens FC,3 - 1,1 - 1,1,4,Evet
2024-08-07,2024,UEFA Europa Conference League,BK Hacken,Paide,6 - 1,3 - 1,1,7,Evet
2024-08-07,2024,UEFA Europa Conference League,FC Copenhagen,Baník Ostrava,1 - 0,0 - 0,1,1,Yok
2024-08-07,2024,UEFA Europa Conference League,Paks,Mornar,3 - 0,0 - 0,1,3,Yok
2024-08-07,2024,UEFA Europa Conference League,FC ST. Gallen,Slask Wroclaw,2 - 0,2 - 0,1,2,Yok
2024-08-08,2024,UEFA Europa Conference League,Ordabasy,Pyunik Yerevan,0 - 1,0 - 0,2,1,Yok
2024-08-08,2024,UEFA Europa Conference League,Ararat-Armenia,Puskas Academy,0 - 1,0 - 0,2,1,Yok
2024-08-08,2024,UEFA Europa Conference League,Auda,Drita,1 - 0,1 - 0,1,1,Yok
2024-08-08,2024,UEFA Europa Conference League,Mlada Boleslav,Hapoel Beer Sheva,1 - 1,1 - 0,X,2,Evet
2024-08-08,2024,UEFA Europa Conference League,HJK Helsinki,Dečić,1 - 0,0 - 0,1,1,Yok
2024-08-08,2024,UEFA Europa Conference League,Ilves,Djurgardens IF,1 - 1,0 - 0,X,2,Evet
2024-08-08,2024,UEFA Europa Conference League,FC Iberia 1999,Başakşehir,0 - 1,0 - 0,2,1,Yok
2024-08-08,2024,UEFA Europa Conference League,Silkeborg,Gent,2 - 2,0 - 0,X,4,Evet
2024-08-08,2024,UEFA Europa Conference League,Ružomberok,HNK Hajduk Split,0 - 0,0 - 0,X,0,Yok
2024-08-08,2024,UEFA Europa Conference League,Brondby,Legia Warszawa,2 - 3,2 - 1,2,5,Evet
2024-08-08,2024,UEFA Europa Conference League,Olimpija Ljubljana,Sheriff Tiraspol,3 - 0,1 - 0,1,3,Yok
2024-08-08,2024,UEFA Europa Conference League,FC Zurich,Vitória SC,0 - 3,0 - 0,2,3,Yok
2024-08-08,2024,UEFA Europa Conference League,Omonia Nicosia,Fehérvár FC,1 - 0,0 - 0,1,1,Yok
2024-08-08,2024,UEFA Europa Conference League,CSKA 1948,Pafos,2 - 1,1 - 1,1,3,Evet
2024-08-08,2024,UEFA Europa Conference League,Kilmarnock,Tromso,2 - 2,1 - 0,X,4,Evet
2024-08-08,2024,UEFA Europa Conference League,NK Osijek,Zira,1 - 1,1 - 0,X,2,Evet
2024-08-08,2024,UEFA Europa Conference League,Botev Plovdiv,Zrinjski,2 - 1,1 - 0,1,3,Evet
2024-08-08,2024,UEFA Europa Conference League,Maccabi Petah Tikva,CFR 1907 Cluj,0 - 1,0 - 1,2,1,Yok
2024-08-08,2024,UEFA Europa Conference League,Ballkani,Larne,0 - 1,0 - 0,2,1,Yok
2024-08-08,2024,UEFA Europa Conference League,Corvinul Hunedoara,FC Astana,1 - 2,1 - 0,2,3,Evet
2024-08-08,2024,UEFA Europa Conference League,Vikingur Reykjavik,Flora Tallinn,1 - 1,1 - 1,X,2,Evet
2024-08-08,2024,UEFA Europa Conference League,Maribor,Vojvodina,2 - 1,0 - 0,1,3,Evet
2024-08-08,2024,UEFA Europa Conference League,Spartak Trnava,Wisla Krakow,3 - 1,0 - 1,1,4,Evet
2024-08-08,2024,UEFA Europa Conference League,ST Mirren,Brann,1 - 1,0 - 0,X,2,Evet
2024-08-08,2024,UEFA Europa Conference League,St Patrick's Athl.,Sabah FA,1 - 0,1 - 0,1,1,Yok
2024-08-13,2024,UEFA Europa Conference League,Paide,BK Hacken,1 - 1,1 - 1,X,2,Evet
2024-08-13,2024,UEFA Europa Conference League,Mornar,Paks,2 - 2,1 - 1,X,4,Evet
2024-08-14,2024,UEFA Europa Conference League,FC Astana,Corvinul Hunedoara,6 - 1,1 - 0,1,7,Evet
2024-08-14,2024,UEFA Europa Conference League,Fehérvár FC,Omonia Nicosia,0 - 2,0 - 1,2,2,Yok
2024-08-15,2024,UEFA Europa Conference League,Legia Warszawa,Brondby,1 - 1,1 - 1,X,2,Evet
2024-08-15,2024,UEFA Europa Conference League,Flora Tallinn,Vikingur Reykjavik,1 - 2,0 - 2,2,3,Evet
2024-08-15,2024,UEFA Europa Conference League,Pyunik Yerevan,Ordabasy,1 - 0,0 - 0,1,1,Yok
2024-08-15,2024,UEFA Europa Conference League,Sabah FA,St Patrick's Athl.,0 - 1,0 - 0,2,1,Yok
2024-08-15,2024,UEFA Europa Conference League,Zira,NK Osijek,2 - 2,0 - 1,X,4,Evet
2024-08-15,2024,UEFA Europa Conference League,Brann,ST Mirren,3 - 1,1 - 0,1,4,Evet
2024-08-15,2024,UEFA Europa Conference League,Tromso,Kilmarnock,0 - 1,0 - 1,2,1,Yok
2024-08-15,2024,UEFA Europa Conference League,Djurgardens IF,Ilves,3 - 1,2 - 1,1,4,Evet
2024-08-15,2024,UEFA Europa Conference League,Hapoel Beer Sheva,Mlada Boleslav,2 - 4,2 - 0,2,6,Evet
2024-08-15,2024,UEFA Europa Conference League,Sheriff Tiraspol,Olimpija Ljubljana,0 - 1,0 - 0,2,1,Yok
2024-08-15,2024,UEFA Europa Conference League,CFR 1907 Cluj,Maccabi Petah Tikva,1 - 0,0 - 0,1,1,Yok
2024-08-15,2024,UEFA Europa Conference League,Pafos,CSKA 1948,4 - 0,0 - 0,1,4,Yok
2024-08-15,2024,UEFA Europa Conference League,Baník Ostrava,FC Copenhagen,1 - 0,1 - 0,1,1,Yok
2024-08-15,2024,UEFA Europa Conference League,AEK Athens FC,FC Noah,1 - 0,0 - 0,1,1,Yok
2024-08-15,2024,UEFA Europa Conference League,Başakşehir,FC Iberia 1999,2 - 0,0 - 0,1,2,Yok
2024-08-15,2024,UEFA Europa Conference League,Zrinjski,Botev Plovdiv,2 - 0,1 - 0,1,2,Yok
2024-08-15,2024,UEFA Europa Conference League,Vojvodina,Maribor,1 - 0,1 - 0,1,1,Yok
2024-08-15,2024,UEFA Europa Conference League,Drita,Auda,3 - 1,0 - 0,1,4,Evet
2024-08-15,2024,UEFA Europa Conference League,Slask Wroclaw,FC ST. Gallen,3 - 2,3 - 1,1,5,Evet
2024-08-15,2024,UEFA Europa Conference League,Wisla Krakow,Spartak Trnava,3 - 1,1 - 0,1,4,Evet
2024-08-15,2024,UEFA Europa Conference League,Gent,Silkeborg,3 - 2,1 - 1,1,5,Evet
2024-08-15,2024,UEFA Europa Conference League,HNK Hajduk Split,Ružomberok,0 - 1,0 - 1,2,1,Yok
2024-08-15,2024,UEFA Europa Conference League,Puskas Academy,Ararat-Armenia,3 - 3,1 - 2,X,6,Evet
2024-08-15,2024,UEFA Europa Conference League,Dečić,HJK Helsinki,2 - 1,1 - 1,1,3,Evet
2024-08-15,2024,UEFA Europa Conference League,Larne,Ballkani,0 - 1,0 - 1,2,1,Yok
2024-08-15,2024,UEFA Europa Conference League,Vitória SC,FC Zurich,2 - 0,0 - 0,1,2,Yok
2024-08-20,2024,UEFA Europa Conference League,FC Noah,Ružomberok,3 - 0,1 - 0,1,3,Yok
2024-08-21,2024,UEFA Europa Conference League,Vitória SC,Zrinjski,3 - 0,0 - 0,1,3,Yok
2024-08-22,2024,UEFA Europa Conference League,Legia Warszawa,Drita,2 - 0,0 - 0,1,2,Yok
2024-08-22,2024,UEFA Europa Conference League,Mlada Boleslav,Paks,2 - 2,0 - 0,X,4,Evet
2024-08-22,2024,UEFA Europa Conference League,Pyunik Yerevan,Celje,1 - 0,0 - 0,1,1,Yok
2024-08-22,2024,UEFA Europa Conference League,Panevėžys,The New Saints,0 - 3,0 - 0,2,3,Yok
2024-08-22,2024,UEFA Europa Conference League,Brann,FC Astana,2 - 0,1 - 0,1,2,Yok
2024-08-22,2024,UEFA Europa Conference League,Djurgardens IF,Maribor,1 - 0,0 - 0,1,1,Yok
2024-08-22,2024,UEFA Europa Conference League,BK Hacken,1. FC Heidenheim,1 - 2,1 - 1,2,3,Evet
2024-08-22,2024,UEFA Europa Conference League,FC Copenhagen,Kilmarnock,2 - 0,0 - 0,1,2,Yok
2024-08-22,2024,UEFA Europa Conference League,Omonia Nicosia,Zira,6 - 0,3 - 0,1,6,Yok
2024-08-22,2024,UEFA Europa Conference League,CFR 1907 Cluj,Pafos,1 - 0,1 - 0,1,1,Yok
2024-08-22,2024,UEFA Europa Conference League,Vikingur Reykjavik,UE Santa Coloma,5 - 0,1 - 0,1,5,Yok
2024-08-22,2024,UEFA Europa Conference League,Fiorentina,Puskas Academy,3 - 3,1 - 2,X,6,Evet
2024-08-22,2024,UEFA Europa Conference League,HNK Rijeka,Olimpija Ljubljana,1 - 1,1 - 0,X,2,Evet
2024-08-22,2024,UEFA Europa Conference League,Kryvbas KR,Real Betis,0 - 2,0 - 1,2,2,Yok
2024-08-22,2024,UEFA Europa Conference League,FK Partizan,Gent,0 - 1,0 - 1,2,1,Yok
2024-08-22,2024,UEFA Europa Conference League,Wisla Krakow,Cercle Brugge,1 - 6,0 - 3,2,7,Evet
2024-08-22,2024,UEFA Europa Conference League,KI Klaksvik,HJK Helsinki,2 - 2,0 - 1,X,4,Evet
2024-08-22,2024,UEFA Europa Conference League,St Patrick's Athl.,Başakşehir,0 - 0,0 - 0,X,0,Yok
2024-08-22,2024,UEFA Europa Conference League,Chelsea,Servette FC,2 - 0,0 - 0,1,2,Yok
2024-08-22,2024,UEFA Europa Conference League,Lens,Panathinaikos,2 - 1,2 - 0,1,3,Evet
2024-08-22,2024,UEFA Europa Conference League,Lincoln Red Imps FC,Larne,2 - 1,2 - 1,1,3,Evet
2024-08-22,2024,UEFA Europa Conference League,FC ST. Gallen,Trabzonspor,0 - 0,0 - 0,X,0,Yok
2024-08-28,2024,UEFA Europa Conference League,Başakşehir,St Patrick's Athl.,2 - 0,0 - 0,1,2,Yok
2024-08-28,2024,UEFA Europa Conference League,Gent,FK Partizan,1 - 0,0 - 0,1,1,Yok
2024-08-29,2024,UEFA Europa Conference League,FC Astana,Brann,3 - 0,0 - 0,1,3,Yok
2024-08-29,2024,UEFA Europa Conference League,Zira,Omonia Nicosia,1 - 0,0 - 0,1,1,Yok
2024-08-29,2024,UEFA Europa Conference League,HJK Helsinki,KI Klaksvik,2 - 1,0 - 0,1,3,Evet
2024-08-29,2024,UEFA Europa Conference League,Ružomberok,FC Noah,3 - 1,2 - 0,1,4,Evet
2024-08-29,2024,UEFA Europa Conference League,Olimpija Ljubljana,HNK Rijeka,5 - 0,4 - 0,1,5,Yok
2024-08-29,2024,UEFA Europa Conference League,Trabzonspor,FC ST. Gallen,1 - 1,0 - 1,X,2,Evet
2024-08-29,2024,UEFA Europa Conference League,Paks,Mlada Boleslav,0 - 3,0 - 0,2,3,Yok
2024-08-29,2024,UEFA Europa Conference League,Pafos,CFR 1907 Cluj,3 - 0,2 - 0,1,3,Yok
2024-08-29,2024,UEFA Europa Conference League,The New Saints,Panevėžys,0 - 0,0 - 0,X,0,Yok
2024-08-29,2024,UEFA Europa Conference League,Kilmarnock,FC Copenhagen,1 - 1,1 - 0,X,2,Evet
2024-08-29,2024,UEFA Europa Conference League,Zrinjski,Vitória SC,0 - 4,0 - 3,2,4,Yok
2024-08-29,2024,UEFA Europa Conference League,Panathinaikos,Lens,2 - 0,0 - 0,1,2,Yok
2024-08-29,2024,UEFA Europa Conference League,UE Santa Coloma,Vikingur Reykjavik,0 - 0,0 - 0,X,0,Yok
2024-08-29,2024,UEFA Europa Conference League,Cercle Brugge,Wisla Krakow,1 - 4,0 - 2,2,5,Evet
2024-08-29,2024,UEFA Europa Conference League,Drita,Legia Warszawa,0 - 1,0 - 0,2,1,Yok
2024-08-29,2024,UEFA Europa Conference League,Maribor,Djurgardens IF,0 - 1,0 - 1,2,1,Yok
2024-08-29,2024,UEFA Europa Conference League,Celje,Pyunik Yerevan,4 - 1,2 - 0,1,5,Evet
2024-08-29,2024,UEFA Europa Conference League,1. FC Heidenheim,BK Hacken,3 - 2,1 - 0,1,5,Evet
2024-08-29,2024,UEFA Europa Conference League,Servette FC,Chelsea,2 - 1,1 - 1,1,3,Evet
2024-08-29,2024,UEFA Europa Conference League,Real Betis,Kryvbas KR,3 - 0,3 - 0,1,3,Yok
2024-08-29,2024,UEFA Europa Conference League,Puskas Academy,Fiorentina,1 - 1,0 - 0,X,2,Evet
2024-08-29,2024,UEFA Europa Conference League,Larne,Lincoln Red Imps FC,3 - 1,2 - 1,1,4,Evet
2024-10-02,2024,UEFA Europa Conference League,Vitória SC,Celje,3 - 1,2 - 0,1,4,Evet
2024-10-02,2024,UEFA Europa Conference League,Başakşehir,Rapid Vienna,1 - 2,1 - 1,2,3,Evet
2024-10-03,2024,UEFA Europa Conference League,1. FC Heidenheim,Olimpija Ljubljana,2 - 1,1 - 0,1,3,Evet
2024-10-03,2024,UEFA Europa Conference League,Molde,Larne,3 - 0,0 - 0,1,3,Yok
2024-10-03,2024,UEFA Europa Conference League,Legia Warszawa,Real Betis,1 - 0,1 - 0,1,1,Yok
2024-10-03,2024,UEFA Europa Conference League,Dinamo Minsk,Heart Of Midlothian,1 - 2,1 - 1,2,3,Evet
2024-10-03,2024,UEFA Europa Conference League,FC Astana,TSC Backa Topola,1 - 0,1 - 0,1,1,Yok
2024-10-03,2024,UEFA Europa Conference League,Cercle Brugge,FC ST. Gallen,6 - 2,3 - 0,1,8,Evet
2024-10-03,2024,UEFA Europa Conference League,Omonia Nicosia,Vikingur Reykjavik,4 - 0,0 - 0,1,4,Yok
2024-10-03,2024,UEFA Europa Conference League,FC Noah,Mlada Boleslav,2 - 0,0 - 0,1,2,Yok
2024-10-03,2024,UEFA Europa Conference League,Chelsea,Gent,4 - 2,1 - 0,1,6,Evet
2024-10-03,2024,UEFA Europa Conference League,FC Copenhagen,Jagiellonia,1 - 2,1 - 0,2,3,Evet
2024-10-03,2024,UEFA Europa Conference League,Fiorentina,The New Saints,2 - 0,0 - 0,1,2,Yok
2024-10-03,2024,UEFA Europa Conference League,FC Lugano,HJK Helsinki,3 - 0,1 - 0,1,3,Yok
2024-10-03,2024,UEFA Europa Conference League,Shamrock Rovers,Apoel Nicosia,1 - 1,0 - 0,X,2,Evet
2024-10-03,2024,UEFA Europa Conference League,Lask Linz,Djurgardens IF,2 - 2,1 - 0,X,4,Evet
2024-10-03,2024,UEFA Europa Conference League,Petrocub,Pafos,1 - 4,1 - 2,2,5,Evet
2024-10-03,2024,UEFA Europa Conference League,Borac Banja Luka,Panathinaikos,1 - 1,0 - 1,X,2,Evet
2024-10-24,2024,UEFA Europa Conference League,Vikingur Reykjavik,Cercle Brugge,3 - 1,1 - 1,1,4,Evet
2024-10-24,2024,UEFA Europa Conference League,Heart Of Midlothian,Omonia Nicosia,2 - 0,2 - 0,1,2,Yok
2024-10-24,2024,UEFA Europa Conference League,Jagiellonia,Petrocub,2 - 0,0 - 0,1,2,Yok
2024-10-24,2024,UEFA Europa Conference League,Djurgardens IF,Vitória SC,1 - 2,0 - 0,2,3,Evet
2024-10-24,2024,UEFA Europa Conference League,Panathinaikos,Chelsea,1 - 4,0 - 1,2,5,Evet
2024-10-24,2024,UEFA Europa Conference League,Gent,Molde,2 - 1,1 - 0,1,3,Evet
2024-10-24,2024,UEFA Europa Conference League,Rapid Vienna,FC Noah,1 - 0,1 - 0,1,1,Yok
2024-10-24,2024,UEFA Europa Conference League,FC ST. Gallen,Fiorentina,2 - 4,1 - 0,2,6,Evet
2024-10-24,2024,UEFA Europa Conference League,Apoel Nicosia,Borac Banja Luka,0 - 1,0 - 0,2,1,Yok
2024-10-24,2024,UEFA Europa Conference League,Celje,Başakşehir,5 - 1,3 - 0,1,6,Evet
2024-10-24,2024,UEFA Europa Conference League,Larne,Shamrock Rovers,1 - 4,0 - 3,2,5,Evet
2024-10-24,2024,UEFA Europa Conference League,The New Saints,FC Astana,2 - 0,1 - 0,1,2,Yok
2024-10-24,2024,UEFA Europa Conference League,Real Betis,FC Copenhagen,1 - 1,1 - 0,X,2,Evet
2024-10-24,2024,UEFA Europa Conference League,Mlada Boleslav,FC Lugano,0 - 1,0 - 1,2,1,Yok
2024-10-24,2024,UEFA Europa Conference League,HJK Helsinki,Dinamo Minsk,1 - 0,0 - 0,1,1,Yok
2024-10-24,2024,UEFA Europa Conference League,Olimpija Ljubljana,Lask Linz,2 - 0,1 - 0,1,2,Yok
2024-10-24,2024,UEFA Europa Conference League,TSC Backa Topola,Legia Warszawa,0 - 3,0 - 1,2,3,Yok
2024-10-24,2024,UEFA Europa Conference League,Pafos,1. FC Heidenheim,0 - 1,0 - 1,2,1,Yok
2024-11-07,2024,UEFA Europa Conference League,Vikingur Reykjavik,Borac Banja Luka,2 - 0,2 - 0,1,2,Yok
2024-11-07,2024,UEFA Europa Conference League,Legia Warszawa,Dinamo Minsk,4 - 0,1 - 0,1,4,Yok
2024-11-07,2024,UEFA Europa Conference League,Gent,Omonia Nicosia,1 - 0,1 - 0,1,1,Yok
2024-11-07,2024,UEFA Europa Conference League,HJK Helsinki,Olimpija Ljubljana,0 - 2,0 - 0,2,2,Yok
2024-11-07,2024,UEFA Europa Conference League,Shamrock Rovers,The New Saints,2 - 1,2 - 1,1,3,Evet
2024-11-07,2024,UEFA Europa Conference League,Petrocub,Rapid Vienna,0 - 3,0 - 1,2,3,Yok
2024-11-07,2024,UEFA Europa Conference League,TSC Backa Topola,FC Lugano,4 - 1,1 - 0,1,5,Evet
2024-11-07,2024,UEFA Europa Conference League,Pafos,FC Astana,1 - 0,0 - 0,1,1,Yok
2024-11-07,2024,UEFA Europa Conference League,Chelsea,FC Noah,8 - 0,6 - 0,1,8,Yok
2024-11-07,2024,UEFA Europa Conference League,Vitória SC,Mlada Boleslav,2 - 1,1 - 0,1,3,Evet
2024-11-07,2024,UEFA Europa Conference League,Heart Of Midlothian,1. FC Heidenheim,0 - 2,0 - 0,2,2,Yok
2024-11-07,2024,UEFA Europa Conference League,Jagiellonia,Molde,3 - 0,1 - 0,1,3,Yok
2024-11-07,2024,UEFA Europa Conference League,Djurgardens IF,Panathinaikos,2 - 1,0 - 1,1,3,Evet
2024-11-07,2024,UEFA Europa Conference League,FC Copenhagen,Başakşehir,2 - 2,0 - 1,X,4,Evet
2024-11-07,2024,UEFA Europa Conference League,Real Betis,Celje,2 - 1,0 - 0,1,3,Evet
2024-11-07,2024,UEFA Europa Conference League,Lask Linz,Cercle Brugge,0 - 0,0 - 0,X,0,Yok
2024-11-07,2024,UEFA Europa Conference League,Apoel Nicosia,Fiorentina,2 - 1,2 - 0,1,3,Evet
2024-11-07,2024,UEFA Europa Conference League,Larne,FC ST. Gallen,1 - 2,1 - 1,2,3,Evet
2024-11-27,2024,UEFA Europa Conference League,Başakşehir,Petrocub,1 - 1,1 - 0,X,2,Evet
2024-11-28,2024,UEFA Europa Conference League,FC Astana,Vitória SC,1 - 1,1 - 0,X,2,Evet
2024-11-28,2024,UEFA Europa Conference League,1. FC Heidenheim,Chelsea,0 - 2,0 - 0,2,2,Yok
2024-11-28,2024,UEFA Europa Conference League,Molde,Apoel Nicosia,0 - 1,0 - 1,2,1,Yok
2024-11-28,2024,UEFA Europa Conference League,The New Saints,Djurgardens IF,0 - 1,0 - 1,2,1,Yok
2024-11-28,2024,UEFA Europa Conference League,Dinamo Minsk,FC Copenhagen,1 - 2,1 - 1,2,3,Evet
2024-11-28,2024,UEFA Europa Conference League,Panathinaikos,HJK Helsinki,1 - 0,1 - 0,1,1,Yok
2024-11-28,2024,UEFA Europa Conference League,Cercle Brugge,Heart Of Midlothian,2 - 0,1 - 0,1,2,Yok
2024-11-28,2024,UEFA Europa Conference League,FC ST. Gallen,TSC Backa Topola,2 - 2,1 - 1,X,4,Evet
2024-11-28,2024,UEFA Europa Conference League,Borac Banja Luka,Lask Linz,2 - 1,0 - 0,1,3,Evet
2024-11-28,2024,UEFA Europa Conference League,FC Noah,Vikingur Reykjavik,0 - 0,0 - 0,X,0,Yok
2024-11-28,2024,UEFA Europa Conference League,Celje,Jagiellonia,3 - 3,1 - 1,X,6,Evet
2024-11-28,2024,UEFA Europa Conference League,Fiorentina,Pafos,3 - 2,1 - 0,1,5,Evet
2024-11-28,2024,UEFA Europa Conference League,FC Lugano,Gent,2 - 0,1 - 0,1,2,Yok
2024-11-28,2024,UEFA Europa Conference League,Mlada Boleslav,Real Betis,2 - 1,0 - 1,1,3,Evet
2024-11-28,2024,UEFA Europa Conference League,Olimpija Ljubljana,Larne,1 - 0,0 - 0,1,1,Yok
2024-11-28,2024,UEFA Europa Conference League,Rapid Vienna,Shamrock Rovers,1 - 1,1 - 0,X,2,Evet
2024-11-28,2024,UEFA Europa Conference League,Omonia Nicosia,Legia Warszawa,0 - 3,0 - 1,2,3,Yok
2024-12-12,2024,UEFA Europa Conference League,Vikingur Reykjavik,Djurgardens IF,1 - 2,0 - 0,2,3,Evet
2024-12-12,2024,UEFA Europa Conference League,FC Astana,Chelsea,1 - 3,1 - 3,2,4,Evet
2024-12-12,2024,UEFA Europa Conference League,Legia Warszawa,FC Lugano,1 - 2,1 - 1,2,3,Evet
2024-12-12,2024,UEFA Europa Conference League,Dinamo Minsk,Larne,2 - 0,0 - 0,1,2,Yok
2024-12-12,2024,UEFA Europa Conference League,FC Copenhagen,Heart Of Midlothian,2 - 0,0 - 0,1,2,Yok
2024-12-12,2024,UEFA Europa Conference League,Fiorentina,Lask Linz,7 - 0,3 - 0,1,7,Yok
2024-12-12,2024,UEFA Europa Conference League,Başakşehir,1. FC Heidenheim,3 - 1,2 - 0,1,4,Evet
2024-12-12,2024,UEFA Europa Conference League,HJK Helsinki,Molde,2 - 2,1 - 2,X,4,Evet
2024-12-12,2024,UEFA Europa Conference League,Olimpija Ljubljana,Cercle Brugge,1 - 4,1 - 2,2,5,Evet
2024-12-12,2024,UEFA Europa Conference League,Petrocub,Real Betis,0 - 1,0 - 0,2,1,Yok
2024-12-12,2024,UEFA Europa Conference League,FC Noah,Apoel Nicosia,1 - 3,1 - 1,2,4,Evet
2024-12-12,2024,UEFA Europa Conference League,The New Saints,Panathinaikos,0 - 2,0 - 1,2,2,Yok
2024-12-12,2024,UEFA Europa Conference League,Gent,TSC Backa Topola,3 - 0,3 - 0,1,3,Yok
2024-12-12,2024,UEFA Europa Conference League,Mlada Boleslav,Jagiellonia,1 - 0,0 - 0,1,1,Yok
2024-12-12,2024,UEFA Europa Conference League,Shamrock Rovers,Borac Banja Luka,3 - 0,1 - 0,1,3,Yok
2024-12-12,2024,UEFA Europa Conference League,FC ST. Gallen,Vitória SC,1 - 4,0 - 1,2,5,Evet
2024-12-12,2024,UEFA Europa Conference League,Omonia Nicosia,Rapid Vienna,3 - 1,0 - 0,1,4,Evet
2024-12-12,2024,UEFA Europa Conference League,Pafos,Celje,2 - 0,0 - 0,1,2,Yok
2024-12-19,2024,UEFA Europa Conference League,Chelsea,Shamrock Rovers,5 - 1,4 - 1,1,6,Evet
2024-12-19,2024,UEFA Europa Conference League,1. FC Heidenheim,FC ST. Gallen,1 - 1,1 - 0,X,2,Evet
2024-12-19,2024,UEFA Europa Conference League,Vitória SC,Fiorentina,1 - 1,1 - 0,X,2,Evet
2024-12-19,2024,UEFA Europa Conference League,Heart Of Midlothian,Petrocub,2 - 2,0 - 1,X,4,Evet
2024-12-19,2024,UEFA Europa Conference League,Molde,Mlada Boleslav,4 - 3,2 - 1,1,7,Evet
2024-12-19,2024,UEFA Europa Conference League,Jagiellonia,Olimpija Ljubljana,0 - 0,0 - 0,X,0,Yok
2024-12-19,2024,UEFA Europa Conference League,Djurgardens IF,Legia Warszawa,3 - 1,2 - 0,1,4,Evet
2024-12-19,2024,UEFA Europa Conference League,Real Betis,HJK Helsinki,1 - 0,1 - 0,1,1,Yok
2024-12-19,2024,UEFA Europa Conference League,FC Lugano,Pafos,2 - 2,2 - 1,X,4,Evet
2024-12-19,2024,UEFA Europa Conference League,Panathinaikos,Dinamo Minsk,4 - 0,1 - 0,1,4,Yok
2024-12-19,2024,UEFA Europa Conference League,Cercle Brugge,Başakşehir,1 - 1,0 - 0,X,2,Evet
2024-12-19,2024,UEFA Europa Conference League,Rapid Vienna,FC Copenhagen,3 - 0,1 - 0,1,3,Yok
2024-12-19,2024,UEFA Europa Conference League,Lask Linz,Vikingur Reykjavik,1 - 1,1 - 1,X,2,Evet
2024-12-19,2024,UEFA Europa Conference League,Apoel Nicosia,FC Astana,1 - 1,0 - 0,X,2,Evet
2024-12-19,2024,UEFA Europa Conference League,TSC Backa Topola,FC Noah,4 - 3,1 - 2,1,7,Evet
2024-12-19,2024,UEFA Europa Conference League,Borac Banja Luka,Omonia Nicosia,0 - 0,0 - 0,X,0,Yok
2024-12-19,2024,UEFA Europa Conference League,Celje,The New Saints,3 - 2,2 - 2,1,5,Evet
2024-12-19,2024,UEFA Europa Conference League,Larne,Gent,1 - 0,0 - 0,1,1,Yok
2025-02-13,2024,UEFA Europa Conference League,Vikingur Reykjavik,Panathinaikos,2 - 1,1 - 0,1,3,Evet
2025-02-13,2024,UEFA Europa Conference League,Molde,Shamrock Rovers,0 - 1,0 - 0,2,1,Yok
2025-02-13,2024,UEFA Europa Conference League,TSC Backa Topola,Jagiellonia,1 - 3,1 - 1,2,4,Evet
2025-02-13,2024,UEFA Europa Conference League,Celje,Apoel Nicosia,2 - 2,1 - 1,X,4,Evet
2025-02-13,2024,UEFA Europa Conference League,FC Copenhagen,1. FC Heidenheim,1 - 2,1 - 0,2,3,Evet
2025-02-13,2024,UEFA Europa Conference League,Gent,Real Betis,0 - 3,0 - 0,2,3,Yok
2025-02-13,2024,UEFA Europa Conference League,Borac Banja Luka,Olimpija Ljubljana,1 - 0,0 - 0,1,1,Yok
2025-02-13,2024,UEFA Europa Conference League,Omonia Nicosia,Pafos,1 - 1,0 - 0,X,2,Evet
2025-02-20,2024,UEFA Europa Conference League,1. FC Heidenheim,FC Copenhagen,1 - 3,0 - 1,2,4,Evet
2025-02-20,2024,UEFA Europa Conference League,Real Betis,Gent,0 - 1,0 - 0,2,1,Yok
2025-02-20,2024,UEFA Europa Conference League,Olimpija Ljubljana,Borac Banja Luka,0 - 0,0 - 0,X,0,Yok
2025-02-20,2024,UEFA Europa Conference League,Pafos,Omonia Nicosia,2 - 1,1 - 0,1,3,Evet
2025-02-20,2024,UEFA Europa Conference League,Jagiellonia,TSC Backa Topola,3 - 1,1 - 1,1,4,Evet
2025-02-20,2024,UEFA Europa Conference League,Panathinaikos,Vikingur Reykjavik,2 - 0,0 - 0,1,2,Yok
2025-02-20,2024,UEFA Europa Conference League,Shamrock Rovers,Molde,0 - 1,0 - 1,2,1,Yok
2025-02-20,2024,UEFA Europa Conference League,Apoel Nicosia,Celje,0 - 2,0 - 1,2,2,Yok
2025-03-06,2024,UEFA Europa Conference League,Molde,Legia Warszawa,3 - 2,3 - 0,1,5,Evet
2025-03-06,2024,UEFA Europa Conference League,FC Copenhagen,Chelsea,1 - 2,0 - 0,2,3,Evet
2025-03-06,2024,UEFA Europa Conference League,Real Betis,Vitória SC,2 - 2,0 - 0,X,4,Evet
2025-03-06,2024,UEFA Europa Conference League,Panathinaikos,Fiorentina,3 - 2,2 - 2,1,5,Evet
2025-03-06,2024,UEFA Europa Conference League,Jagiellonia,Cercle Brugge,3 - 0,0 - 0,1,3,Yok
2025-03-06,2024,UEFA Europa Conference League,Borac Banja Luka,Rapid Vienna,1 - 1,0 - 1,X,2,Evet
2025-03-06,2024,UEFA Europa Conference League,Pafos,Djurgardens IF,1 - 0,0 - 0,1,1,Yok
2025-03-06,2024,UEFA Europa Conference League,Celje,FC Lugano,1 - 0,1 - 0,1,1,Yok
2025-03-13,2024,UEFA Europa Conference League,Djurgardens IF,Pafos,3 - 0,1 - 0,1,3,Yok
2025-03-13,2024,UEFA Europa Conference League,FC Lugano,Celje,5 - 4,3 - 1,1,9,Evet
2025-03-13,2024,UEFA Europa Conference League,Cercle Brugge,Jagiellonia,2 - 0,1 - 0,1,2,Yok
2025-03-13,2024,UEFA Europa Conference League,Rapid Vienna,Borac Banja Luka,2 - 1,0 - 0,1,3,Evet
2025-03-13,2024,UEFA Europa Conference League,Chelsea,FC Copenhagen,1 - 0,0 - 0,1,1,Yok
2025-03-13,2024,UEFA Europa Conference League,Vitória SC,Real Betis,0 - 4,0 - 2,2,4,Yok
2025-03-13,2024,UEFA Europa Conference League,Legia Warszawa,Molde,2 - 0,1 - 0,1,2,Yok
2025-03-13,2024,UEFA Europa Conference League,Fiorentina,Panathinaikos,3 - 1,2 - 0,1,4,Evet
2025-04-10,2024,UEFA Europa Conference League,Legia Warszawa,Chelsea,0 - 3,0 - 0,2,3,Yok
2025-04-10,2024,UEFA Europa Conference League,Djurgardens IF,Rapid Vienna,0 - 1,0 - 0,2,1,Yok
2025-04-10,2024,UEFA Europa Conference League,Real Betis,Jagiellonia,2 - 0,2 - 0,1,2,Yok
2025-04-10,2024,UEFA Europa Conference League,Celje,Fiorentina,1 - 2,0 - 1,2,3,Evet
2025-04-17,2024,UEFA Europa Conference League,Jagiellonia,Real Betis,1 - 1,0 - 0,X,2,Evet
2025-04-17,2024,UEFA Europa Conference League,Fiorentina,Celje,2 - 2,1 - 0,X,4,Evet
2025-04-17,2024,UEFA Europa Conference League,Chelsea,Legia Warszawa,1 - 2,1 - 1,2,3,Evet
2025-04-17,2024,UEFA Europa Conference League,Rapid Vienna,Djurgardens IF,1 - 4,1 - 1,2,5,Evet
2025-05-01,2024,UEFA Europa Conference League,Djurgardens IF,Chelsea,1 - 4,0 - 2,2,5,Evet
2025-05-01,2024,UEFA Europa Conference League,Real Betis,Fiorentina,2 - 1,1 - 0,1,3,Evet
2025-05-08,2024,UEFA Europa Conference League,Chelsea,Djurgardens IF,1 - 0,1 - 0,1,1,Yok
2025-05-08,2024,UEFA Europa Conference League,Fiorentina,Real Betis,2 - 2,2 - 1,X,4,Evet
2025-05-28,2024,UEFA Europa Conference League,Real Betis,Chelsea,1 - 4,1 - 0,2,5,Evet
2023-08-08,2023,UEFA Europa League,FC Astana,Ludogorets,2 - 1,1 - 1,1,3,Evet
2023-08-10,2023,UEFA Europa League,Qarabag,HJK Helsinki,2 - 1,0 - 0,1,3,Evet
2023-08-10,2023,UEFA Europa League,FK Zalgiris Vilnius,BK Hacken,1 - 3,0 - 1,2,4,Evet
2023-08-10,2023,UEFA Europa League,Slavia Praha,Dnipro-1,3 - 0,2 - 0,1,3,Yok
2023-08-10,2023,UEFA Europa League,Sheriff Tiraspol,Bate Borisov,5 - 1,2 - 0,1,6,Evet
2023-08-10,2023,UEFA Europa League,Olympiakos Piraeus,Genk,1 - 0,1 - 0,1,1,Yok
2023-08-10,2023,UEFA Europa League,Zrinjski,Breidablik,6 - 2,5 - 0,1,8,Evet
2023-08-17,2023,UEFA Europa League,HJK Helsinki,Qarabag,1 - 2,1 - 1,2,3,Evet
2023-08-17,2023,UEFA Europa League,BK Hacken,FK Zalgiris Vilnius,5 - 0,1 - 0,1,5,Yok
2023-08-17,2023,UEFA Europa League,Breidablik,Zrinjski,1 - 0,0 - 0,1,1,Yok
2023-08-17,2023,UEFA Europa League,Bate Borisov,Sheriff Tiraspol,2 - 2,1 - 2,X,4,Evet
2023-08-17,2023,UEFA Europa League,Ludogorets,FC Astana,5 - 1,1 - 1,1,6,Evet
2023-08-17,2023,UEFA Europa League,Genk,Olympiakos Piraeus,1 - 1,1 - 0,X,2,Evet
2023-08-17,2023,UEFA Europa League,Dnipro-1,Slavia Praha,1 - 1,1 - 0,X,2,Evet
2023-08-24,2023,UEFA Europa League,BK Hacken,Aberdeen,2 - 2,1 - 0,X,4,Evet
2023-08-24,2023,UEFA Europa League,Slavia Praha,Zorya Luhansk,2 - 0,0 - 0,1,2,Yok
2023-08-24,2023,UEFA Europa League,Ludogorets,Ajax,1 - 4,0 - 3,2,5,Evet
2023-08-24,2023,UEFA Europa League,Dinamo Zagreb,Sparta Praha,3 - 1,1 - 1,1,4,Evet
2023-08-24,2023,UEFA Europa League,Olimpija Ljubljana,Qarabag,0 - 2,0 - 2,2,2,Yok
2023-08-24,2023,UEFA Europa League,Slovan Bratislava,Aris,2 - 1,1 - 0,1,3,Evet
2023-08-24,2023,UEFA Europa League,Union St. Gilloise,FC Lugano,2 - 0,1 - 0,1,2,Yok
2023-08-24,2023,UEFA Europa League,KI Klaksvik,Sheriff Tiraspol,1 - 1,0 - 0,X,2,Evet
2023-08-24,2023,UEFA Europa League,Olympiakos Piraeus,Cukaricki,3 - 1,3 - 0,1,4,Evet
2023-08-24,2023,UEFA Europa League,Lask Linz,Zrinjski,2 - 1,2 - 0,1,3,Evet
2023-08-31,2023,UEFA Europa League,Qarabag,Olimpija Ljubljana,1 - 1,1 - 1,X,2,Evet
2023-08-31,2023,UEFA Europa League,Sheriff Tiraspol,KI Klaksvik,2 - 1,1 - 1,1,3,Evet
2023-08-31,2023,UEFA Europa League,Zorya Luhansk,Slavia Praha,2 - 1,2 - 0,1,3,Evet
2023-08-31,2023,UEFA Europa League,Sparta Praha,Dinamo Zagreb,4 - 1,2 - 0,1,5,Evet
2023-08-31,2023,UEFA Europa League,Aris,Slovan Bratislava,6 - 2,3 - 1,1,8,Evet
2023-08-31,2023,UEFA Europa League,Ajax,Ludogorets,0 - 1,0 - 0,2,1,Yok
2023-08-31,2023,UEFA Europa League,Cukaricki,Olympiakos Piraeus,0 - 3,0 - 2,2,3,Yok
2023-08-31,2023,UEFA Europa League,FC Lugano,Union St. Gilloise,0 - 1,0 - 1,2,1,Yok
2023-08-31,2023,UEFA Europa League,Aberdeen,BK Hacken,1 - 3,0 - 2,2,4,Evet
2023-08-31,2023,UEFA Europa League,Zrinjski,Lask Linz,1 - 1,1 - 0,X,2,Evet
2023-09-21,2023,UEFA Europa League,Rennes,Maccabi Haifa,3 - 0,2 - 0,1,3,Yok
2023-09-21,2023,UEFA Europa League,Bayer Leverkusen,BK Hacken,4 - 0,2 - 0,1,4,Yok
2023-09-21,2023,UEFA Europa League,Qarabag,Molde,1 - 0,0 - 0,1,1,Yok
2023-09-21,2023,UEFA Europa League,Sheriff Tiraspol,AS Roma,1 - 2,0 - 1,2,3,Evet
2023-09-21,2023,UEFA Europa League,Panathinaikos,Villarreal,2 - 0,1 - 0,1,2,Yok
2023-09-21,2023,UEFA Europa League,Lask Linz,Liverpool,1 - 3,1 - 0,2,4,Evet
2023-09-21,2023,UEFA Europa League,Union St. Gilloise,Toulouse,1 - 1,0 - 1,X,2,Evet
2023-09-21,2023,UEFA Europa League,Servette FC,Slavia Praha,0 - 2,0 - 1,2,2,Yok
2023-09-21,2023,UEFA Europa League,West Ham,TSC Backa Topola,3 - 1,0 - 0,1,4,Evet
2023-09-21,2023,UEFA Europa League,Brighton,AEK Athens FC,2 - 3,1 - 2,2,5,Evet
2023-09-21,2023,UEFA Europa League,Ajax,Marseille,3 - 3,2 - 2,X,6,Evet
2023-09-21,2023,UEFA Europa League,Rangers,Real Betis,1 - 0,0 - 0,1,1,Yok
2023-09-21,2023,UEFA Europa League,Atalanta,Raków Częstochowa,2 - 0,0 - 0,1,2,Yok
2023-09-21,2023,UEFA Europa League,Olympiakos Piraeus,SC Freiburg,2 - 3,1 - 2,2,5,Evet
2023-09-21,2023,UEFA Europa League,Sparta Praha,Aris,3 - 2,2 - 1,1,5,Evet
2023-09-21,2023,UEFA Europa League,Sturm Graz,Sporting CP,1 - 2,0 - 0,2,3,Evet
2023-10-05,2023,UEFA Europa League,Marseille,Brighton,2 - 2,2 - 0,X,4,Evet
2023-10-05,2023,UEFA Europa League,SC Freiburg,West Ham,1 - 2,0 - 1,2,3,Evet
2023-10-05,2023,UEFA Europa League,Sporting CP,Atalanta,1 - 2,0 - 2,2,3,Evet
2023-10-05,2023,UEFA Europa League,Real Betis,Sparta Praha,2 - 1,1 - 1,1,3,Evet
2023-10-05,2023,UEFA Europa League,AEK Athens FC,Ajax,1 - 1,0 - 1,X,2,Evet
2023-10-05,2023,UEFA Europa League,TSC Backa Topola,Olympiakos Piraeus,2 - 2,0 - 1,X,4,Evet
2023-10-05,2023,UEFA Europa League,Aris,Rangers,2 - 1,1 - 0,1,3,Evet
2023-10-05,2023,UEFA Europa League,Raków Częstochowa,Sturm Graz,0 - 1,0 - 1,2,1,Yok
2023-10-05,2023,UEFA Europa League,Liverpool,Union St. Gilloise,2 - 0,1 - 0,1,2,Yok
2023-10-05,2023,UEFA Europa League,Toulouse,Lask Linz,1 - 0,1 - 0,1,1,Yok
2023-10-05,2023,UEFA Europa League,Molde,Bayer Leverkusen,1 - 2,0 - 2,2,3,Evet
2023-10-05,2023,UEFA Europa League,BK Hacken,Qarabag,0 - 1,0 - 0,2,1,Yok
2023-10-05,2023,UEFA Europa League,AS Roma,Servette FC,4 - 0,1 - 0,1,4,Yok
2023-10-05,2023,UEFA Europa League,Villarreal,Rennes,1 - 0,1 - 0,1,1,Yok
2023-10-05,2023,UEFA Europa League,Slavia Praha,Sheriff Tiraspol,6 - 0,3 - 0,1,6,Yok
2023-10-05,2023,UEFA Europa League,Maccabi Haifa,Panathinaikos,0 - 0,0 - 0,X,0,Yok
2023-10-26,2023,UEFA Europa League,Marseille,AEK Athens FC,3 - 1,1 - 0,1,4,Evet
2023-10-26,2023,UEFA Europa League,Molde,BK Hacken,5 - 1,3 - 1,1,6,Evet
2023-10-26,2023,UEFA Europa League,Olympiakos Piraeus,West Ham,2 - 1,2 - 0,1,3,Evet
2023-10-26,2023,UEFA Europa League,Sparta Praha,Rangers,0 - 0,0 - 0,X,0,Yok
2023-10-26,2023,UEFA Europa League,Sturm Graz,Atalanta,2 - 2,1 - 2,X,4,Evet
2023-10-26,2023,UEFA Europa League,TSC Backa Topola,SC Freiburg,1 - 3,1 - 0,2,4,Evet
2023-10-26,2023,UEFA Europa League,Aris,Real Betis,0 - 1,0 - 0,2,1,Yok
2023-10-26,2023,UEFA Europa League,Raków Częstochowa,Sporting CP,1 - 1,0 - 1,X,2,Evet
2023-10-26,2023,UEFA Europa League,Liverpool,Toulouse,5 - 1,3 - 1,1,6,Evet
2023-10-26,2023,UEFA Europa League,Brighton,Ajax,2 - 0,1 - 0,1,2,Yok
2023-10-26,2023,UEFA Europa League,Bayer Leverkusen,Qarabag,5 - 1,3 - 1,1,6,Evet
2023-10-26,2023,UEFA Europa League,AS Roma,Slavia Praha,2 - 0,2 - 0,1,2,Yok
2023-10-26,2023,UEFA Europa League,Sheriff Tiraspol,Servette FC,1 - 1,0 - 1,X,2,Evet
2023-10-26,2023,UEFA Europa League,Panathinaikos,Rennes,1 - 2,0 - 1,2,3,Evet
2023-10-26,2023,UEFA Europa League,Union St. Gilloise,Lask Linz,2 - 1,0 - 1,1,3,Evet
2023-11-09,2023,UEFA Europa League,Rennes,Panathinaikos,3 - 1,1 - 1,1,4,Evet
2023-11-09,2023,UEFA Europa League,Toulouse,Liverpool,3 - 2,1 - 0,1,5,Evet
2023-11-09,2023,UEFA Europa League,Ajax,Brighton,0 - 2,0 - 1,2,2,Yok
2023-11-09,2023,UEFA Europa League,Qarabag,Bayer Leverkusen,0 - 1,0 - 0,2,1,Yok
2023-11-09,2023,UEFA Europa League,Slavia Praha,AS Roma,2 - 0,0 - 0,1,2,Yok
2023-11-09,2023,UEFA Europa League,Lask Linz,Union St. Gilloise,3 - 0,2 - 0,1,3,Yok
2023-11-09,2023,UEFA Europa League,Servette FC,Sheriff Tiraspol,2 - 1,0 - 1,1,3,Evet
2023-11-09,2023,UEFA Europa League,Maccabi Haifa,Villarreal,1 - 2,1 - 0,2,3,Evet
2023-11-09,2023,UEFA Europa League,West Ham,Olympiakos Piraeus,1 - 0,0 - 0,1,1,Yok
2023-11-09,2023,UEFA Europa League,SC Freiburg,TSC Backa Topola,5 - 0,1 - 0,1,5,Yok
2023-11-09,2023,UEFA Europa League,Sporting CP,Raków Częstochowa,2 - 1,1 - 0,1,3,Evet
2023-11-09,2023,UEFA Europa League,Rangers,Sparta Praha,2 - 1,2 - 0,1,3,Evet
2023-11-09,2023,UEFA Europa League,BK Hacken,Molde,1 - 3,0 - 2,2,4,Evet
2023-11-09,2023,UEFA Europa League,Atalanta,Sturm Graz,1 - 0,0 - 0,1,1,Yok
2023-11-09,2023,UEFA Europa League,Real Betis,Aris,4 - 1,1 - 0,1,5,Evet
2023-11-09,2023,UEFA Europa League,AEK Athens FC,Marseille,0 - 2,0 - 1,2,2,Yok
2023-11-30,2023,UEFA Europa League,SC Freiburg,Olympiakos Piraeus,5 - 0,4 - 0,1,5,Yok
2023-11-30,2023,UEFA Europa League,Atalanta,Sporting CP,1 - 1,1 - 0,X,2,Evet
2023-11-30,2023,UEFA Europa League,AEK Athens FC,Brighton,0 - 1,0 - 0,2,1,Yok
2023-11-30,2023,UEFA Europa League,Sparta Praha,Real Betis,1 - 0,0 - 0,1,1,Yok
2023-11-30,2023,UEFA Europa League,Sturm Graz,Raków Częstochowa,0 - 1,0 - 0,2,1,Yok
2023-11-30,2023,UEFA Europa League,TSC Backa Topola,West Ham,0 - 1,0 - 0,2,1,Yok
2023-11-30,2023,UEFA Europa League,Maccabi Haifa,Rennes,0 - 3,0 - 1,2,3,Yok
2023-11-30,2023,UEFA Europa League,Liverpool,Lask Linz,4 - 0,2 - 0,1,4,Yok
2023-11-30,2023,UEFA Europa League,Marseille,Ajax,4 - 3,2 - 2,1,7,Evet
2023-11-30,2023,UEFA Europa League,Toulouse,Union St. Gilloise,0 - 0,0 - 0,X,0,Yok
2023-11-30,2023,UEFA Europa League,Rangers,Aris,1 - 1,0 - 1,X,2,Evet
2023-11-30,2023,UEFA Europa League,Molde,Qarabag,2 - 2,0 - 1,X,4,Evet
2023-11-30,2023,UEFA Europa League,BK Hacken,Bayer Leverkusen,0 - 2,0 - 1,2,2,Yok
2023-11-30,2023,UEFA Europa League,Villarreal,Panathinaikos,3 - 2,2 - 0,1,5,Evet
2023-11-30,2023,UEFA Europa League,Sheriff Tiraspol,Slavia Praha,2 - 3,1 - 1,2,5,Evet
2023-11-30,2023,UEFA Europa League,Servette FC,AS Roma,1 - 1,0 - 1,X,2,Evet
2023-12-06,2023,UEFA Europa League,Villarreal,Maccabi Haifa,0 - 0,0 - 0,X,0,Yok
2023-12-14,2023,UEFA Europa League,Rennes,Villarreal,2 - 3,1 - 1,2,5,Evet
2023-12-14,2023,UEFA Europa League,Bayer Leverkusen,Molde,5 - 1,3 - 0,1,6,Evet
2023-12-14,2023,UEFA Europa League,AS Roma,Sheriff Tiraspol,3 - 0,2 - 0,1,3,Yok
2023-12-14,2023,UEFA Europa League,Qarabag,BK Hacken,2 - 1,2 - 0,1,3,Evet
2023-12-14,2023,UEFA Europa League,Slavia Praha,Servette FC,4 - 0,4 - 0,1,4,Yok
2023-12-14,2023,UEFA Europa League,Panathinaikos,Maccabi Haifa,1 - 2,0 - 1,2,3,Evet
2023-12-14,2023,UEFA Europa League,Lask Linz,Toulouse,1 - 2,0 - 0,2,3,Evet
2023-12-14,2023,UEFA Europa League,Union St. Gilloise,Liverpool,2 - 1,2 - 1,1,3,Evet
2023-12-14,2023,UEFA Europa League,West Ham,SC Freiburg,2 - 0,2 - 0,1,2,Yok
2023-12-14,2023,UEFA Europa League,Brighton,Marseille,1 - 0,0 - 0,1,1,Yok
2023-12-14,2023,UEFA Europa League,Ajax,AEK Athens FC,3 - 1,2 - 1,1,4,Evet
2023-12-14,2023,UEFA Europa League,Sporting CP,Sturm Graz,3 - 0,1 - 0,1,3,Yok
2023-12-14,2023,UEFA Europa League,Real Betis,Rangers,2 - 3,2 - 2,2,5,Evet
2023-12-14,2023,UEFA Europa League,Olympiakos Piraeus,TSC Backa Topola,5 - 2,3 - 0,1,7,Evet
2023-12-14,2023,UEFA Europa League,Aris,Sparta Praha,1 - 3,0 - 3,2,4,Evet
2023-12-14,2023,UEFA Europa League,Raków Częstochowa,Atalanta,0 - 4,0 - 2,2,4,Yok
2024-02-15,2023,UEFA Europa League,Feyenoord,AS Roma,1 - 1,1 - 0,X,2,Evet
2024-02-15,2023,UEFA Europa League,Shakhtar Donetsk,Marseille,2 - 2,0 - 0,X,4,Evet
2024-02-15,2023,UEFA Europa League,BSC Young Boys,Sporting CP,1 - 3,1 - 2,2,4,Evet
2024-02-15,2023,UEFA Europa League,Galatasaray,Sparta Praha,3 - 2,1 - 0,1,5,Evet
2024-02-15,2023,UEFA Europa League,Lens,SC Freiburg,0 - 0,0 - 0,X,0,Yok
2024-02-15,2023,UEFA Europa League,Benfica,Toulouse,2 - 1,0 - 0,1,3,Evet
2024-02-15,2023,UEFA Europa League,SC Braga,Qarabag,2 - 4,1 - 1,2,6,Evet
2024-02-15,2023,UEFA Europa League,AC Milan,Rennes,3 - 0,1 - 0,1,3,Yok
2024-02-22,2023,UEFA Europa League,Rennes,AC Milan,3 - 2,1 - 1,1,5,Evet
2024-02-22,2023,UEFA Europa League,Toulouse,Benfica,0 - 0,0 - 0,X,0,Yok
2024-02-22,2023,UEFA Europa League,SC Freiburg,Lens,3 - 2,0 - 2,1,5,Evet
2024-02-22,2023,UEFA Europa League,Qarabag,SC Braga,2 - 3,0 - 0,2,5,Evet
2024-02-22,2023,UEFA Europa League,Marseille,Shakhtar Donetsk,3 - 1,1 - 1,1,4,Evet
2024-02-22,2023,UEFA Europa League,Sporting CP,BSC Young Boys,1 - 1,1 - 0,X,2,Evet
2024-02-22,2023,UEFA Europa League,AS Roma,Feyenoord,1 - 1,1 - 1,X,2,Evet
2024-02-22,2023,UEFA Europa League,Sparta Praha,Galatasaray,4 - 1,1 - 1,1,5,Evet
2024-03-06,2023,UEFA Europa League,Sporting CP,Atalanta,1 - 1,1 - 1,X,2,Evet
2024-03-07,2023,UEFA Europa League,AS Roma,Brighton,4 - 0,2 - 0,1,4,Yok
2024-03-07,2023,UEFA Europa League,Qarabag,Bayer Leverkusen,2 - 2,2 - 0,X,4,Evet
2024-03-07,2023,UEFA Europa League,Sparta Praha,Liverpool,1 - 5,0 - 3,2,6,Evet
2024-03-07,2023,UEFA Europa League,Marseille,Villarreal,4 - 0,3 - 0,1,4,Yok
2024-03-07,2023,UEFA Europa League,SC Freiburg,West Ham,1 - 0,0 - 0,1,1,Yok
2024-03-07,2023,UEFA Europa League,Benfica,Rangers,2 - 2,1 - 2,X,4,Evet
2024-03-07,2023,UEFA Europa League,AC Milan,Slavia Praha,4 - 2,3 - 1,1,6,Evet
2024-03-14,2023,UEFA Europa League,West Ham,SC Freiburg,5 - 0,2 - 0,1,5,Yok
2024-03-14,2023,UEFA Europa League,Rangers,Benfica,0 - 1,0 - 0,2,1,Yok
2024-03-14,2023,UEFA Europa League,Villarreal,Marseille,3 - 1,1 - 0,1,4,Evet
2024-03-14,2023,UEFA Europa League,Slavia Praha,AC Milan,1 - 3,0 - 3,2,4,Evet
2024-03-14,2023,UEFA Europa League,Liverpool,Sparta Praha,6 - 1,4 - 1,1,7,Evet
2024-03-14,2023,UEFA Europa League,Brighton,AS Roma,1 - 0,1 - 0,1,1,Yok
2024-03-14,2023,UEFA Europa League,Bayer Leverkusen,Qarabag,3 - 2,0 - 0,1,5,Evet
2024-03-14,2023,UEFA Europa League,Atalanta,Sporting CP,2 - 1,0 - 1,1,3,Evet
2024-04-11,2023,UEFA Europa League,Liverpool,Atalanta,0 - 3,0 - 1,2,3,Yok
2024-04-11,2023,UEFA Europa League,Bayer Leverkusen,West Ham,2 - 0,0 - 0,1,2,Yok
2024-04-11,2023,UEFA Europa League,Benfica,Marseille,2 - 1,1 - 0,1,3,Evet
2024-04-11,2023,UEFA Europa League,AC Milan,AS Roma,0 - 1,0 - 1,2,1,Yok
2024-04-18,2023,UEFA Europa League,West Ham,Bayer Leverkusen,1 - 1,1 - 0,X,2,Evet
2024-04-18,2023,UEFA Europa League,Marseille,Benfica,1 - 0,0 - 0,1,1,Yok
2024-04-18,2023,UEFA Europa League,AS Roma,AC Milan,2 - 1,2 - 0,1,3,Evet
2024-04-18,2023,UEFA Europa League,Atalanta,Liverpool,0 - 1,0 - 1,2,1,Yok
2024-05-02,2023,UEFA Europa League,Marseille,Atalanta,1 - 1,1 - 1,X,2,Evet
2024-05-02,2023,UEFA Europa League,AS Roma,Bayer Leverkusen,0 - 2,0 - 1,2,2,Yok
2024-05-09,2023,UEFA Europa League,Bayer Leverkusen,AS Roma,2 - 2,0 - 1,X,4,Evet
2024-05-09,2023,UEFA Europa League,Atalanta,Marseille,3 - 0,1 - 0,1,3,Yok
2024-05-22,2023,UEFA Europa League,Atalanta,Bayer Leverkusen,3 - 0,2 - 0,1,3,Yok
2023-07-12,2023,UEFA Europa Conference League,F91 Dudelange,St Patrick's Athl.,2 - 1,1 - 0,1,3,Evet
2023-07-12,2023,UEFA Europa Conference League,B36 Torshavn,Paide,0 - 0,0 - 0,X,0,Yok
2023-07-13,2023,UEFA Europa Conference League,Pyunik Yerevan,Trans Narva,2 - 0,0 - 0,1,2,Yok
2023-07-13,2023,UEFA Europa Conference League,FK Tobol Kostanay,Honka,2 - 1,0 - 1,1,3,Evet
2023-07-13,2023,UEFA Europa Conference League,Inter Club d'Escaldes,Vikingur Gota,2 - 1,2 - 0,1,3,Evet
2023-07-13,2023,UEFA Europa Conference League,Ararat-Armenia,Egnatia Rrogozhinë,1 - 1,1 - 0,X,2,Evet
2023-07-13,2023,UEFA Europa Conference League,Žilina,FC Levadia Tallinn,2 - 1,1 - 0,1,3,Evet
2023-07-13,2023,UEFA Europa Conference League,Makedonija GjP,Rīgas FS,0 - 1,0 - 1,2,1,Yok
2023-07-13,2023,UEFA Europa Conference League,Haka,Crusaders FC,2 - 2,2 - 1,X,4,Evet
2023-07-13,2023,UEFA Europa Conference League,Panevėžys,Milsami Orhei,2 - 2,1 - 0,X,4,Evet
2023-07-13,2023,UEFA Europa Conference League,Magpies,Dundalk,0 - 0,0 - 0,X,0,Yok
2023-07-13,2023,UEFA Europa Conference League,Alashkert,Arsenal Tivat,1 - 1,0 - 1,X,2,Evet
2023-07-13,2023,UEFA Europa Conference League,NK Domzale,Balzan FC,1 - 4,0 - 2,2,5,Evet
2023-07-13,2023,UEFA Europa Conference League,Torpedo Kutaisi,FK Sarajevo,2 - 2,1 - 0,X,4,Evet
2023-07-13,2023,UEFA Europa Conference League,Gzira United,Glentoran,2 - 2,2 - 1,X,4,Evet
2023-07-13,2023,UEFA Europa Conference League,Hegelmann Litauen,Shkupi 1927,0 - 5,0 - 3,2,5,Yok
2023-07-13,2023,UEFA Europa Conference League,Riga,Vikingur Reykjavik,2 - 0,1 - 0,1,2,Yok
2023-07-13,2023,UEFA Europa Conference League,Dukagjini,Europa,2 - 1,1 - 1,1,3,Evet
2023-07-13,2023,UEFA Europa Conference League,Progres Niederkorn,Gjilani,2 - 2,1 - 0,X,4,Evet
2023-07-13,2023,UEFA Europa Conference League,Penybont,FC Santa Coloma,1 - 1,0 - 1,X,2,Evet
2023-07-13,2023,UEFA Europa Conference League,Dunajska Streda,Dila,2 - 1,2 - 1,1,3,Evet
2023-07-13,2023,UEFA Europa Conference League,KA Akureyri,GAP Connah S Quay FC,2 - 0,0 - 0,1,2,Yok
2023-07-13,2023,UEFA Europa Conference League,Shkendija,Haverfordwest County AFC,1 - 0,0 - 0,1,1,Yok
2023-07-13,2023,UEFA Europa Conference League,FC Vaduz,Neman,1 - 2,1 - 1,2,3,Evet
2023-07-13,2023,UEFA Europa Conference League,Tirana,Dinamo Batumi,1 - 1,0 - 0,X,2,Evet
2023-07-13,2023,UEFA Europa Conference League,HB Torshavn,Derry City,0 - 0,0 - 0,X,0,Yok
2023-07-13,2023,UEFA Europa Conference League,Zeljeznicar Sarajevo,Dinamo Minsk,2 - 2,0 - 1,X,4,Evet
2023-07-13,2023,UEFA Europa Conference League,Sutjeska,Cosmos,1 - 0,0 - 0,1,1,Yok
2023-07-13,2023,UEFA Europa Conference League,Linfield,Vllaznia Shkodër,3 - 1,0 - 0,1,4,Evet
2023-07-13,2023,UEFA Europa Conference League,La Fiorita,Zimbru,1 - 1,1 - 0,X,2,Evet
2023-07-13,2023,UEFA Europa Conference League,Maribor,Birkirkara,1 - 1,0 - 1,X,2,Evet
2023-07-18,2023,UEFA Europa Conference League,Balzan FC,NK Domzale,1 - 3,0 - 1,2,4,Evet
2023-07-20,2023,UEFA Europa Conference League,FC Santa Coloma,Penybont,2 - 0,0 - 0,1,2,Yok
2023-07-20,2023,UEFA Europa Conference League,Birkirkara,Maribor,1 - 2,1 - 0,2,3,Evet
2023-07-20,2023,UEFA Europa Conference League,Europa,Dukagjini,2 - 3,1 - 1,2,5,Evet
2023-07-20,2023,UEFA Europa Conference League,Trans Narva,Pyunik Yerevan,0 - 3,0 - 2,2,3,Yok
2023-07-20,2023,UEFA Europa Conference League,Paide,B36 Torshavn,0 - 2,0 - 0,2,2,Yok
2023-07-20,2023,UEFA Europa Conference League,Rīgas FS,Makedonija GjP,4 - 1,1 - 0,1,5,Evet
2023-07-20,2023,UEFA Europa Conference League,Milsami Orhei,Panevėžys,0 - 1,0 - 0,2,1,Yok
2023-07-20,2023,UEFA Europa Conference League,Honka,FK Tobol Kostanay,0 - 0,0 - 0,X,0,Yok
2023-07-20,2023,UEFA Europa Conference League,FC Levadia Tallinn,Žilina,1 - 2,1 - 2,2,3,Evet
2023-07-20,2023,UEFA Europa Conference League,Dinamo Minsk,Zeljeznicar Sarajevo,1 - 2,0 - 1,2,3,Evet
2023-07-20,2023,UEFA Europa Conference League,Dinamo Batumi,Tirana,1 - 2,0 - 1,2,3,Evet
2023-07-20,2023,UEFA Europa Conference League,Dila,Dunajska Streda,2 - 0,1 - 0,1,2,Yok
2023-07-20,2023,UEFA Europa Conference League,Zimbru,La Fiorita,1 - 0,1 - 0,1,1,Yok
2023-07-20,2023,UEFA Europa Conference League,GAP Connah S Quay FC,KA Akureyri,0 - 2,0 - 1,2,2,Yok
2023-07-20,2023,UEFA Europa Conference League,Neman,FC Vaduz,1 - 1,1 - 0,X,2,Evet
2023-07-20,2023,UEFA Europa Conference League,Vikingur Gota,Inter Club d'Escaldes,1 - 1,0 - 0,X,2,Evet
2023-07-20,2023,UEFA Europa Conference League,Egnatia Rrogozhinë,Ararat-Armenia,4 - 4,2 - 1,X,8,Evet
2023-07-20,2023,UEFA Europa Conference League,Gjilani,Progres Niederkorn,0 - 2,0 - 0,2,2,Yok
2023-07-20,2023,UEFA Europa Conference League,Arsenal Tivat,Alashkert,1 - 6,0 - 2,2,7,Evet
2023-07-20,2023,UEFA Europa Conference League,Glentoran,Gzira United,1 - 1,0 - 0,X,2,Evet
2023-07-20,2023,UEFA Europa Conference League,Vikingur Reykjavik,Riga,1 - 0,0 - 0,1,1,Yok
2023-07-20,2023,UEFA Europa Conference League,Dundalk,Magpies,3 - 1,1 - 1,1,4,Evet
2023-07-20,2023,UEFA Europa Conference League,Derry City,HB Torshavn,1 - 0,1 - 0,1,1,Yok
2023-07-20,2023,UEFA Europa Conference League,Haverfordwest County AFC,Shkendija,1 - 0,0 - 0,1,1,Yok
2023-07-20,2023,UEFA Europa Conference League,Vllaznia Shkodër,Linfield,1 - 0,0 - 0,1,1,Yok
2023-07-20,2023,UEFA Europa Conference League,St Patrick's Athl.,F91 Dudelange,2 - 3,1 - 1,2,5,Evet
2023-07-20,2023,UEFA Europa Conference League,Cosmos,Sutjeska,1 - 1,1 - 0,X,2,Evet
2023-07-20,2023,UEFA Europa Conference League,FK Sarajevo,Torpedo Kutaisi,1 - 1,1 - 0,X,2,Evet
2023-07-20,2023,UEFA Europa Conference League,Crusaders FC,Haka,1 - 0,0 - 0,1,1,Yok
2023-07-20,2023,UEFA Europa Conference League,Shkupi 1927,Hegelmann Litauen,0 - 0,0 - 0,X,0,Yok
2023-07-25,2023,UEFA Europa Conference League,Atlètic Club d'Escaldes,Partizani,0 - 1,0 - 0,2,1,Yok
2023-07-25,2023,UEFA Europa Conference League,The New Saints,Swift Hesperange,1 - 1,0 - 1,X,2,Evet
2023-07-25,2023,UEFA Europa Conference League,Hamrun Spartans,Dinamo Tbilisi,2 - 1,0 - 0,1,3,Evet
2023-07-25,2023,UEFA Europa Conference League,Tre Penne,Valmiera / BSS,0 - 3,0 - 1,2,3,Yok
2023-07-25,2023,UEFA Europa Conference League,Ballkani,Larne,3 - 0,2 - 0,1,3,Yok
2023-07-26,2023,UEFA Europa Conference League,Struga,Buducnost Podgorica,1 - 0,1 - 0,1,1,Yok
2023-07-26,2023,UEFA Europa Conference League,Rīgas FS,Sabah FA,0 - 2,0 - 1,2,2,Yok
2023-07-26,2023,UEFA Europa Conference League,Midtjylland,Progres Niederkorn,2 - 0,1 - 0,1,2,Yok
2023-07-26,2023,UEFA Europa Conference League,CSKA 1948,FCSB,0 - 1,0 - 1,2,1,Yok
2023-07-26,2023,UEFA Europa Conference League,Neman,Balzan FC,2 - 0,0 - 0,1,2,Yok
2023-07-26,2023,UEFA Europa Conference League,Fenerbahçe,Zimbru,5 - 0,2 - 0,1,5,Yok
2023-07-27,2023,UEFA Europa Conference League,Alashkert,Debreceni VSC,0 - 1,0 - 0,2,1,Yok
2023-07-27,2023,UEFA Europa Conference League,Ordabasy,Legia Warszawa,2 - 2,1 - 0,X,4,Evet
2023-07-27,2023,UEFA Europa Conference League,Inter Club d'Escaldes,Hibernian,2 - 1,1 - 0,1,3,Evet
2023-07-27,2023,UEFA Europa Conference League,Ararat-Armenia,Aris Thessalonikis,1 - 1,1 - 1,X,2,Evet
2023-07-27,2023,UEFA Europa Conference League,Bodo/Glimt,Bohemians 1905,3 - 0,1 - 0,1,3,Yok
2023-07-27,2023,UEFA Europa Conference League,Qabala,Omonia Nicosia,2 - 3,1 - 1,2,5,Evet
2023-07-27,2023,UEFA Europa Conference League,Djurgardens IF,FC Luzern,1 - 2,1 - 1,2,3,Evet
2023-07-27,2023,UEFA Europa Conference League,Kalmar FF,Pyunik Yerevan,1 - 2,1 - 0,2,3,Evet
2023-07-27,2023,UEFA Europa Conference League,Plzen,Drita,0 - 0,0 - 0,X,0,Yok
2023-07-27,2023,UEFA Europa Conference League,Ferencvarosi TC,Shamrock Rovers,4 - 0,2 - 0,1,4,Yok
2023-07-27,2023,UEFA Europa Conference League,Torpedo Kutaisi,Aktobe,1 - 4,0 - 2,2,5,Evet
2023-07-27,2023,UEFA Europa Conference League,CSKA Sofia,Sepsi OSK Sfantu Gheorghe,0 - 2,0 - 0,2,2,Yok
2023-07-27,2023,UEFA Europa Conference League,Apoel Nicosia,Vojvodina,2 - 1,1 - 0,1,3,Evet
2023-07-27,2023,UEFA Europa Conference League,Gzira United,F91 Dudelange,2 - 0,0 - 0,1,2,Yok
2023-07-27,2023,UEFA Europa Conference League,Auda,Spartak Trnava,1 - 1,0 - 1,X,2,Evet
2023-07-27,2023,UEFA Europa Conference League,Kecskeméti TE,Riga,2 - 1,0 - 0,1,3,Evet
2023-07-27,2023,UEFA Europa Conference League,FC Basel 1893,FK Tobol Kostanay,1 - 3,1 - 0,2,4,Evet
2023-07-27,2023,UEFA Europa Conference League,Maccabi Tel Aviv,Petrocub,3 - 0,1 - 0,1,3,Yok
2023-07-27,2023,UEFA Europa Conference League,PAOK,Beitar Jerusalem,0 - 0,0 - 0,X,0,Yok
2023-07-27,2023,UEFA Europa Conference League,FC Differdange 03,Maribor,1 - 1,1 - 0,X,2,Evet
2023-07-27,2023,UEFA Europa Conference League,Vorskla Poltava,Dila,2 - 1,0 - 0,1,3,Evet
2023-07-27,2023,UEFA Europa Conference League,CFR 1907 Cluj,Adana Demirspor,1 - 1,1 - 0,X,2,Evet
2023-07-27,2023,UEFA Europa Conference League,Farul Constanta,FC Urartu,3 - 2,2 - 2,1,5,Evet
2023-07-27,2023,UEFA Europa Conference League,KA Akureyri,Dundalk,3 - 1,3 - 1,1,4,Evet
2023-07-27,2023,UEFA Europa Conference League,Torpedo Zhodino,AEK Larnaca,2 - 3,0 - 3,2,5,Evet
2023-07-27,2023,UEFA Europa Conference League,Twente,Hammarby FF,1 - 0,0 - 0,1,1,Yok
2023-07-27,2023,UEFA Europa Conference League,Beşiktaş,Tirana,3 - 1,2 - 0,1,4,Evet
2023-07-27,2023,UEFA Europa Conference League,Hapoel Beer Sheva,Panevėžys,1 - 0,1 - 0,1,1,Yok
2023-07-27,2023,UEFA Europa Conference League,Club Brugge KV,Aarhus,3 - 0,1 - 0,1,3,Yok
2023-07-27,2023,UEFA Europa Conference League,NK Osijek,Zalaegerszegi TE,1 - 0,0 - 0,1,1,Yok
2023-07-27,2023,UEFA Europa Conference League,Gent,Žilina,5 - 1,1 - 0,1,6,Evet
2023-07-27,2023,UEFA Europa Conference League,B36 Torshavn,Haverfordwest County AFC,2 - 1,1 - 0,1,3,Evet
2023-07-27,2023,UEFA Europa Conference League,Celje,Vitória SC,3 - 4,1 - 2,2,7,Evet
2023-07-27,2023,UEFA Europa Conference League,Dukagjini,HNK Rijeka,0 - 1,0 - 1,2,1,Yok
2023-07-27,2023,UEFA Europa Conference League,Lech Poznan,Kauno Žalgiris,3 - 1,3 - 0,1,4,Evet
2023-07-27,2023,UEFA Europa Conference League,Austria Vienna,Borac Banja Luka,1 - 0,0 - 0,1,1,Yok
2023-07-27,2023,UEFA Europa Conference League,Linfield,Pogon Szczecin,2 - 5,0 - 2,2,7,Evet
2023-07-27,2023,UEFA Europa Conference League,Derry City,KuPS,2 - 1,0 - 1,1,3,Evet
2023-07-27,2023,UEFA Europa Conference League,Zeljeznicar Sarajevo,Neftchi Baku,2 - 2,2 - 1,X,4,Evet
2023-07-27,2023,UEFA Europa Conference League,Sutjeska,FC Santa Coloma,2 - 0,1 - 0,1,2,Yok
2023-07-27,2023,UEFA Europa Conference League,Crusaders FC,Rosenborg,2 - 2,1 - 2,X,4,Evet
2023-07-27,2023,UEFA Europa Conference League,Shkupi 1927,Levski Sofia,0 - 2,0 - 1,2,2,Yok
2023-08-01,2023,UEFA Europa Conference League,Valmiera / BSS,Tre Penne,7 - 0,4 - 0,1,7,Yok
2023-08-01,2023,UEFA Europa Conference League,Balzan FC,Neman,0 - 0,0 - 0,X,0,Yok
2023-08-01,2023,UEFA Europa Conference League,Zimbru,Fenerbahçe,0 - 4,0 - 0,2,4,Yok
2023-08-01,2023,UEFA Europa Conference League,Swift Hesperange,The New Saints,3 - 2,1 - 1,1,5,Evet
2023-08-01,2023,UEFA Europa Conference League,Partizani,Atlètic Club d'Escaldes,4 - 1,2 - 0,1,5,Evet
2023-08-01,2023,UEFA Europa Conference League,Buducnost Podgorica,Struga,3 - 4,2 - 2,2,7,Evet
2023-08-02,2023,UEFA Europa Conference League,AEK Larnaca,Torpedo Zhodino,1 - 1,0 - 0,X,2,Evet
2023-08-02,2023,UEFA Europa Conference League,F91 Dudelange,Gzira United,2 - 1,1 - 0,1,3,Evet
2023-08-03,2023,UEFA Europa Conference League,FK Tobol Kostanay,FC Basel 1893,1 - 2,1 - 2,2,3,Evet
2023-08-03,2023,UEFA Europa Conference League,FC Santa Coloma,Sutjeska,3 - 0,1 - 0,1,3,Yok
2023-08-03,2023,UEFA Europa Conference League,Pyunik Yerevan,Kalmar FF,2 - 1,0 - 0,1,3,Evet
2023-08-03,2023,UEFA Europa Conference League,Spartak Trnava,Auda,4 - 1,3 - 0,1,5,Evet
2023-08-03,2023,UEFA Europa Conference League,Pogon Szczecin,Linfield,3 - 2,0 - 1,1,5,Evet
2023-08-03,2023,UEFA Europa Conference League,KuPS,Derry City,3 - 3,2 - 1,X,6,Evet
2023-08-03,2023,UEFA Europa Conference League,Dinamo Tbilisi,Hamrun Spartans,0 - 1,0 - 1,2,1,Yok
2023-08-03,2023,UEFA Europa Conference League,FC Urartu,Farul Constanta,2 - 3,1 - 0,2,5,Evet
2023-08-03,2023,UEFA Europa Conference League,Kauno Žalgiris,Lech Poznan,1 - 2,0 - 1,2,3,Evet
2023-08-03,2023,UEFA Europa Conference League,Panevėžys,Hapoel Beer Sheva,1 - 1,0 - 0,X,2,Evet
2023-08-03,2023,UEFA Europa Conference League,Aktobe,Torpedo Kutaisi,1 - 2,1 - 0,2,3,Evet
2023-08-03,2023,UEFA Europa Conference League,Sabah FA,Rīgas FS,2 - 1,0 - 0,1,3,Evet
2023-08-03,2023,UEFA Europa Conference League,Zalaegerszegi TE,NK Osijek,1 - 2,0 - 1,2,3,Evet
2023-08-03,2023,UEFA Europa Conference League,Rosenborg,Crusaders FC,3 - 2,1 - 1,1,5,Evet
2023-08-03,2023,UEFA Europa Conference League,Levski Sofia,Shkupi 1927,1 - 0,0 - 0,1,1,Yok
2023-08-03,2023,UEFA Europa Conference League,Neftchi Baku,Zeljeznicar Sarajevo,2 - 0,1 - 0,1,2,Yok
2023-08-03,2023,UEFA Europa Conference League,Petrocub,Maccabi Tel Aviv,0 - 2,0 - 0,2,2,Yok
2023-08-03,2023,UEFA Europa Conference League,Sepsi OSK Sfantu Gheorghe,CSKA Sofia,4 - 0,1 - 0,1,4,Yok
2023-08-03,2023,UEFA Europa Conference League,Omonia Nicosia,Qabala,4 - 1,3 - 0,1,5,Evet
2023-08-03,2023,UEFA Europa Conference League,Dila,Vorskla Poltava,3 - 1,1 - 0,1,4,Evet
2023-08-03,2023,UEFA Europa Conference League,Riga,Kecskeméti TE,3 - 1,0 - 1,1,4,Evet
2023-08-03,2023,UEFA Europa Conference League,Bohemians 1905,Bodo/Glimt,2 - 4,1 - 2,2,6,Evet
2023-08-03,2023,UEFA Europa Conference League,Beitar Jerusalem,PAOK,1 - 4,1 - 2,2,5,Evet
2023-08-03,2023,UEFA Europa Conference League,Progres Niederkorn,Midtjylland,2 - 1,1 - 0,1,3,Evet
2023-08-03,2023,UEFA Europa Conference League,Hammarby FF,Twente,1 - 1,1 - 0,X,2,Evet
2023-08-03,2023,UEFA Europa Conference League,Aarhus,Club Brugge KV,1 - 0,1 - 0,1,1,Yok
2023-08-03,2023,UEFA Europa Conference League,Tirana,Beşiktaş,0 - 2,0 - 0,2,2,Yok
2023-08-03,2023,UEFA Europa Conference League,Vojvodina,Apoel Nicosia,1 - 2,1 - 1,2,3,Evet
2023-08-03,2023,UEFA Europa Conference League,Žilina,Gent,2 - 5,0 - 1,2,7,Evet
2023-08-03,2023,UEFA Europa Conference League,Adana Demirspor,CFR 1907 Cluj,2 - 1,1 - 0,1,3,Evet
2023-08-03,2023,UEFA Europa Conference League,Drita,Plzen,1 - 2,0 - 0,2,3,Evet
2023-08-03,2023,UEFA Europa Conference League,Hibernian,Inter Club d'Escaldes,6 - 1,3 - 0,1,7,Evet
2023-08-03,2023,UEFA Europa Conference League,HNK Rijeka,Dukagjini,6 - 1,3 - 1,1,7,Evet
2023-08-03,2023,UEFA Europa Conference League,Aris Thessalonikis,Ararat-Armenia,1 - 0,0 - 0,1,1,Yok
2023-08-03,2023,UEFA Europa Conference League,Maribor,FC Differdange 03,4 - 3,1 - 2,1,7,Evet
2023-08-03,2023,UEFA Europa Conference League,FCSB,CSKA 1948,3 - 2,1 - 0,1,5,Evet
2023-08-03,2023,UEFA Europa Conference League,Borac Banja Luka,Austria Vienna,1 - 2,0 - 0,2,3,Evet
2023-08-03,2023,UEFA Europa Conference League,Larne,Ballkani,1 - 4,0 - 2,2,5,Evet
2023-08-03,2023,UEFA Europa Conference League,Dundalk,KA Akureyri,2 - 2,1 - 1,X,4,Evet
2023-08-03,2023,UEFA Europa Conference League,FC Luzern,Djurgardens IF,1 - 1,1 - 1,X,2,Evet
2023-08-03,2023,UEFA Europa Conference League,Haverfordwest County AFC,B36 Torshavn,1 - 1,0 - 0,X,2,Evet
2023-08-03,2023,UEFA Europa Conference League,Legia Warszawa,Ordabasy,3 - 2,2 - 0,1,5,Evet
2023-08-03,2023,UEFA Europa Conference League,Shamrock Rovers,Ferencvarosi TC,0 - 2,0 - 1,2,2,Yok
2023-08-03,2023,UEFA Europa Conference League,Debreceni VSC,Alashkert,1 - 2,0 - 1,2,3,Evet
2023-08-03,2023,UEFA Europa Conference League,Vitória SC,Celje,0 - 1,0 - 0,2,1,Yok
2023-08-09,2023,UEFA Europa Conference League,AEK Larnaca,Maccabi Tel Aviv,1 - 1,0 - 0,X,2,Evet
2023-08-09,2023,UEFA Europa Conference League,Gent,Pogon Szczecin,5 - 0,4 - 0,1,5,Yok
2023-08-10,2023,UEFA Europa Conference League,FK Tobol Kostanay,Derry City,1 - 0,0 - 0,1,1,Yok
2023-08-10,2023,UEFA Europa Conference League,Struga,Swift Hesperange,3 - 1,2 - 0,1,4,Evet
2023-08-10,2023,UEFA Europa Conference League,Bodo/Glimt,Pyunik Yerevan,3 - 0,2 - 0,1,3,Yok
2023-08-10,2023,UEFA Europa Conference League,Sabah FA,FK Partizan,2 - 0,0 - 0,1,2,Yok
2023-08-10,2023,UEFA Europa Conference League,Rosenborg,Heart Of Midlothian,2 - 1,2 - 0,1,3,Evet
2023-08-10,2023,UEFA Europa Conference League,Legia Warszawa,Austria Vienna,1 - 2,0 - 1,2,3,Evet
2023-08-10,2023,UEFA Europa Conference League,Plzen,Gzira United,4 - 0,2 - 0,1,4,Yok
2023-08-10,2023,UEFA Europa Conference League,FC Santa Coloma,AZ Alkmaar,0 - 1,0 - 0,2,1,Yok
2023-08-10,2023,UEFA Europa Conference League,Neftchi Baku,Beşiktaş,1 - 3,0 - 2,2,4,Evet
2023-08-10,2023,UEFA Europa Conference League,Sepsi OSK Sfantu Gheorghe,Aktobe,1 - 1,0 - 0,X,2,Evet
2023-08-10,2023,UEFA Europa Conference League,Omonia Nicosia,Midtjylland,1 - 0,1 - 0,1,1,Yok
2023-08-10,2023,UEFA Europa Conference League,Dila,Apoel Nicosia,0 - 2,0 - 1,2,2,Yok
2023-08-10,2023,UEFA Europa Conference League,Valmiera / BSS,Partizani,1 - 2,1 - 0,2,3,Evet
2023-08-10,2023,UEFA Europa Conference League,Hapoel Beer Sheva,Levski Sofia,0 - 0,0 - 0,X,0,Yok
2023-08-10,2023,UEFA Europa Conference League,Farul Constanta,Flora Tallinn,3 - 0,0 - 0,1,3,Yok
2023-08-10,2023,UEFA Europa Conference League,Hamrun Spartans,Ferencvarosi TC,1 - 6,0 - 1,2,7,Evet
2023-08-10,2023,UEFA Europa Conference League,Arouca,Brann,2 - 1,1 - 0,1,3,Evet
2023-08-10,2023,UEFA Europa Conference League,Lech Poznan,Spartak Trnava,2 - 1,0 - 0,1,3,Evet
2023-08-10,2023,UEFA Europa Conference League,Twente,Riga,2 - 0,1 - 0,1,2,Yok
2023-08-10,2023,UEFA Europa Conference League,Club Brugge KV,KA Akureyri,5 - 1,4 - 0,1,6,Evet
2023-08-10,2023,UEFA Europa Conference League,Fenerbahçe,Maribor,3 - 1,0 - 0,1,4,Evet
2023-08-10,2023,UEFA Europa Conference League,B36 Torshavn,HNK Rijeka,1 - 3,1 - 1,2,4,Evet
2023-08-10,2023,UEFA Europa Conference League,Adana Demirspor,NK Osijek,5 - 1,2 - 0,1,6,Evet
2023-08-10,2023,UEFA Europa Conference League,Celje,Neman,1 - 0,0 - 0,1,1,Yok
2023-08-10,2023,UEFA Europa Conference League,Aris Thessalonikis,Dynamo Kyiv,1 - 0,0 - 0,1,1,Yok
2023-08-10,2023,UEFA Europa Conference League,Hibernian,FC Luzern,3 - 1,0 - 0,1,4,Evet
2023-08-10,2023,UEFA Europa Conference League,FCSB,FC Nordsjaelland,0 - 0,0 - 0,X,0,Yok
2023-08-10,2023,UEFA Europa Conference League,Ballkani,Lincoln Red Imps FC,2 - 0,0 - 0,1,2,Yok
2023-08-10,2023,UEFA Europa Conference League,HNK Hajduk Split,PAOK,0 - 0,0 - 0,X,0,Yok
2023-08-10,2023,UEFA Europa Conference League,Rapid Vienna,Debreceni VSC,0 - 0,0 - 0,X,0,Yok
2023-08-16,2023,UEFA Europa Conference League,Flora Tallinn,Farul Constanta,0 - 2,0 - 2,2,2,Yok
2023-08-17,2023,UEFA Europa Conference League,Pogon Szczecin,Gent,2 - 1,0 - 0,1,3,Evet
2023-08-17,2023,UEFA Europa Conference League,Lincoln Red Imps FC,Ballkani,1 - 3,0 - 0,2,4,Evet
2023-08-17,2023,UEFA Europa Conference League,Pyunik Yerevan,Bodo/Glimt,0 - 3,0 - 1,2,3,Yok
2023-08-17,2023,UEFA Europa Conference League,Aktobe,Sepsi OSK Sfantu Gheorghe,0 - 1,0 - 0,2,1,Yok
2023-08-17,2023,UEFA Europa Conference League,Brann,Arouca,3 - 1,3 - 0,1,4,Evet
2023-08-17,2023,UEFA Europa Conference League,FC Nordsjaelland,FCSB,2 - 0,1 - 0,1,2,Yok
2023-08-17,2023,UEFA Europa Conference League,Dynamo Kyiv,Aris Thessalonikis,2 - 1,1 - 1,1,3,Evet
2023-08-17,2023,UEFA Europa Conference League,Austria Vienna,Legia Warszawa,3 - 5,0 - 2,2,8,Evet
2023-08-17,2023,UEFA Europa Conference League,Maccabi Tel Aviv,AEK Larnaca,1 - 0,0 - 0,1,1,Yok
2023-08-17,2023,UEFA Europa Conference League,Levski Sofia,Hapoel Beer Sheva,2 - 1,1 - 0,1,3,Evet
2023-08-17,2023,UEFA Europa Conference League,Ferencvarosi TC,Hamrun Spartans,2 - 1,1 - 1,1,3,Evet
2023-08-17,2023,UEFA Europa Conference League,Apoel Nicosia,Dila,1 - 0,0 - 0,1,1,Yok
2023-08-17,2023,UEFA Europa Conference League,Gzira United,Plzen,0 - 2,0 - 0,2,2,Yok
2023-08-17,2023,UEFA Europa Conference League,Riga,Twente,0 - 3,0 - 0,2,3,Yok
2023-08-17,2023,UEFA Europa Conference League,PAOK,HNK Hajduk Split,3 - 0,1 - 0,1,3,Yok
2023-08-17,2023,UEFA Europa Conference League,Midtjylland,Omonia Nicosia,5 - 1,3 - 1,1,6,Evet
2023-08-17,2023,UEFA Europa Conference League,KA Akureyri,Club Brugge KV,1 - 5,0 - 2,2,6,Evet
2023-08-17,2023,UEFA Europa Conference League,Neman,Celje,1 - 4,0 - 2,2,5,Evet
2023-08-17,2023,UEFA Europa Conference League,Beşiktaş,Neftchi Baku,2 - 1,0 - 1,1,3,Evet
2023-08-17,2023,UEFA Europa Conference League,NK Osijek,Adana Demirspor,3 - 2,1 - 1,1,5,Evet
2023-08-17,2023,UEFA Europa Conference League,Partizani,Valmiera / BSS,1 - 0,1 - 0,1,1,Yok
2023-08-17,2023,UEFA Europa Conference League,Spartak Trnava,Lech Poznan,3 - 1,1 - 0,1,4,Evet
2023-08-17,2023,UEFA Europa Conference League,Swift Hesperange,Struga,2 - 1,0 - 1,1,3,Evet
2023-08-17,2023,UEFA Europa Conference League,Maribor,Fenerbahçe,0 - 3,0 - 1,2,3,Yok
2023-08-17,2023,UEFA Europa Conference League,HNK Rijeka,B36 Torshavn,2 - 0,1 - 0,1,2,Yok
2023-08-17,2023,UEFA Europa Conference League,AZ Alkmaar,FC Santa Coloma,2 - 0,1 - 0,1,2,Yok
2023-08-17,2023,UEFA Europa Conference League,Heart Of Midlothian,Rosenborg,3 - 1,1 - 1,1,4,Evet
2023-08-17,2023,UEFA Europa Conference League,FC Luzern,Hibernian,2 - 2,1 - 1,X,4,Evet
2023-08-17,2023,UEFA Europa Conference League,Derry City,FK Tobol Kostanay,1 - 0,1 - 0,1,1,Yok
2023-08-17,2023,UEFA Europa Conference League,FK Partizan,Sabah FA,2 - 0,1 - 0,1,2,Yok
2023-08-17,2023,UEFA Europa Conference League,Debreceni VSC,Rapid Vienna,0 - 5,0 - 2,2,5,Yok
2023-08-23,2023,UEFA Europa Conference League,Spartak Trnava,Dnipro-1,1 - 1,0 - 0,X,2,Evet
2023-08-23,2023,UEFA Europa Conference League,Hibernian,Aston Villa,0 - 5,0 - 3,2,5,Yok
2023-08-24,2023,UEFA Europa Conference League,FC Astana,Partizani,1 - 0,1 - 0,1,1,Yok
2023-08-24,2023,UEFA Europa Conference League,FK Tobol Kostanay,Plzen,1 - 2,0 - 0,2,3,Evet
2023-08-24,2023,UEFA Europa Conference League,Struga,Breidablik,0 - 1,0 - 1,2,1,Yok
2023-08-24,2023,UEFA Europa Conference League,FK Zalgiris Vilnius,Ferencvarosi TC,0 - 4,0 - 1,2,4,Yok
2023-08-24,2023,UEFA Europa Conference League,FC Nordsjaelland,FK Partizan,5 - 0,2 - 0,1,5,Yok
2023-08-24,2023,UEFA Europa Conference League,Dynamo Kyiv,Beşiktaş,2 - 3,0 - 1,2,5,Evet
2023-08-24,2023,UEFA Europa Conference League,Maccabi Tel Aviv,Celje,4 - 1,1 - 1,1,5,Evet
2023-08-24,2023,UEFA Europa Conference League,Fenerbahçe,Twente,5 - 1,1 - 1,1,6,Evet
2023-08-24,2023,UEFA Europa Conference League,Levski Sofia,Eintracht Frankfurt,1 - 1,0 - 1,X,2,Evet
2023-08-24,2023,UEFA Europa Conference League,Rapid Vienna,Fiorentina,1 - 0,1 - 0,1,1,Yok
2023-08-24,2023,UEFA Europa Conference League,Sepsi OSK Sfantu Gheorghe,Bodo/Glimt,2 - 2,0 - 1,X,4,Evet
2023-08-24,2023,UEFA Europa Conference League,Farul Constanta,HJK Helsinki,2 - 1,0 - 0,1,3,Evet
2023-08-24,2023,UEFA Europa Conference League,Lille,HNK Rijeka,2 - 1,1 - 1,1,3,Evet
2023-08-24,2023,UEFA Europa Conference League,FC Midtjylland,Legia Warszawa,3 - 3,2 - 1,X,6,Evet
2023-08-24,2023,UEFA Europa Conference League,Gent,Apoel Nicosia,2 - 0,0 - 0,1,2,Yok
2023-08-24,2023,UEFA Europa Conference League,Genk,Adana Demirspor,2 - 1,0 - 0,1,3,Evet
2023-08-24,2023,UEFA Europa Conference League,Osasuna,Club Brugge KV,1 - 2,0 - 0,2,3,Evet
2023-08-24,2023,UEFA Europa Conference League,AZ Alkmaar,Brann,1 - 1,0 - 0,X,2,Evet
2023-08-24,2023,UEFA Europa Conference League,Heart Of Midlothian,PAOK,1 - 2,1 - 1,2,3,Evet
2023-08-24,2023,UEFA Europa Conference League,Ballkani,Bate Borisov,4 - 1,1 - 1,1,5,Evet
2023-08-31,2023,UEFA Europa Conference League,Bodo/Glimt,Sepsi OSK Sfantu Gheorghe,3 - 2,2 - 1,1,5,Evet
2023-08-31,2023,UEFA Europa Conference League,HJK Helsinki,Farul Constanta,2 - 0,1 - 0,1,2,Yok
2023-08-31,2023,UEFA Europa Conference League,Breidablik,Struga,1 - 0,1 - 0,1,1,Yok
2023-08-31,2023,UEFA Europa Conference League,Brann,AZ Alkmaar,3 - 3,1 - 2,X,6,Evet
2023-08-31,2023,UEFA Europa Conference League,Twente,Fenerbahçe,0 - 1,0 - 0,2,1,Yok
2023-08-31,2023,UEFA Europa Conference League,Plzen,FK Tobol Kostanay,3 - 0,1 - 0,1,3,Yok
2023-08-31,2023,UEFA Europa Conference League,Apoel Nicosia,Gent,1 - 2,0 - 1,2,3,Evet
2023-08-31,2023,UEFA Europa Conference League,PAOK,Heart Of Midlothian,4 - 0,2 - 0,1,4,Yok
2023-08-31,2023,UEFA Europa Conference League,Bate Borisov,Ballkani,1 - 0,1 - 0,1,1,Yok
2023-08-31,2023,UEFA Europa Conference League,Fiorentina,Rapid Vienna,2 - 0,0 - 0,1,2,Yok
2023-08-31,2023,UEFA Europa Conference League,Beşiktaş,Dynamo Kyiv,1 - 0,0 - 0,1,1,Yok
2023-08-31,2023,UEFA Europa Conference League,Ferencvarosi TC,FK Zalgiris Vilnius,3 - 0,2 - 0,1,3,Yok
2023-08-31,2023,UEFA Europa Conference League,Partizani,FC Astana,1 - 1,1 - 0,X,2,Evet
2023-08-31,2023,UEFA Europa Conference League,Adana Demirspor,Genk,1 - 0,1 - 0,1,1,Yok
2023-08-31,2023,UEFA Europa Conference League,Dnipro-1,Spartak Trnava,1 - 2,0 - 1,2,3,Evet
2023-08-31,2023,UEFA Europa Conference League,Celje,Maccabi Tel Aviv,1 - 1,1 - 0,X,2,Evet
2023-08-31,2023,UEFA Europa Conference League,HNK Rijeka,Lille,1 - 1,0 - 0,X,2,Evet
2023-08-31,2023,UEFA Europa Conference League,Eintracht Frankfurt,Levski Sofia,2 - 0,0 - 0,1,2,Yok
2023-08-31,2023,UEFA Europa Conference League,Club Brugge KV,Osasuna,2 - 2,0 - 1,X,4,Evet
2023-08-31,2023,UEFA Europa Conference League,Aston Villa,Hibernian,3 - 0,2 - 0,1,3,Yok
2023-08-31,2023,UEFA Europa Conference League,Legia Warszawa,FC Midtjylland,1 - 1,0 - 0,X,2,Evet
2023-08-31,2023,UEFA Europa Conference League,FK Partizan,FC Nordsjaelland,0 - 1,0 - 1,2,1,Yok
2023-09-20,2023,UEFA Europa Conference League,Lille,Olimpija Ljubljana,2 - 0,1 - 0,1,2,Yok
2023-09-21,2023,UEFA Europa Conference League,Eintracht Frankfurt,Aberdeen,2 - 1,1 - 1,1,3,Evet
2023-09-21,2023,UEFA Europa Conference League,Legia Warszawa,Aston Villa,3 - 2,2 - 2,1,5,Evet
2023-09-21,2023,UEFA Europa Conference League,Ludogorets,Spartak Trnava,4 - 0,0 - 0,1,4,Yok
2023-09-21,2023,UEFA Europa Conference League,Zrinjski,AZ Alkmaar,4 - 3,0 - 3,1,7,Evet
2023-09-21,2023,UEFA Europa Conference League,Fenerbahçe,FC Nordsjaelland,3 - 1,2 - 0,1,4,Evet
2023-09-21,2023,UEFA Europa Conference League,HJK Helsinki,PAOK,2 - 3,1 - 0,2,5,Evet
2023-09-21,2023,UEFA Europa Conference League,Ferencvarosi TC,Cukaricki,3 - 1,2 - 1,1,4,Evet
2023-09-21,2023,UEFA Europa Conference League,Genk,Fiorentina,2 - 2,1 - 2,X,4,Evet
2023-09-21,2023,UEFA Europa Conference League,Plzen,Ballkani,1 - 0,0 - 0,1,1,Yok
2023-09-21,2023,UEFA Europa Conference League,Club Brugge KV,Beşiktaş,1 - 1,0 - 0,X,2,Evet
2023-09-21,2023,UEFA Europa Conference League,Zorya Luhansk,Gent,1 - 1,0 - 0,X,2,Evet
2023-09-21,2023,UEFA Europa Conference League,Maccabi Tel Aviv,Breidablik,3 - 2,3 - 1,1,5,Evet
2023-09-21,2023,UEFA Europa Conference League,FC Lugano,Bodo/Glimt,0 - 0,0 - 0,X,0,Yok
2023-09-21,2023,UEFA Europa Conference League,Dinamo Zagreb,FC Astana,5 - 1,1 - 0,1,6,Evet
2023-09-21,2023,UEFA Europa Conference League,Slovan Bratislava,KI Klaksvik,2 - 1,0 - 0,1,3,Evet
2023-10-05,2023,UEFA Europa Conference League,FC Astana,Plzen,1 - 2,0 - 0,2,3,Evet
2023-10-05,2023,UEFA Europa Conference League,Breidablik,Zorya Luhansk,0 - 1,0 - 1,2,1,Yok
2023-10-05,2023,UEFA Europa Conference League,Bodo/Glimt,Club Brugge KV,0 - 1,0 - 1,2,1,Yok
2023-10-05,2023,UEFA Europa Conference League,Beşiktaş,FC Lugano,2 - 3,1 - 0,2,5,Evet
2023-10-05,2023,UEFA Europa Conference League,Gent,Maccabi Tel Aviv,2 - 0,1 - 0,1,2,Yok
2023-10-05,2023,UEFA Europa Conference League,Olimpija Ljubljana,Slovan Bratislava,0 - 1,0 - 0,2,1,Yok
2023-10-05,2023,UEFA Europa Conference League,KI Klaksvik,Lille,0 - 0,0 - 0,X,0,Yok
2023-10-05,2023,UEFA Europa Conference League,Ballkani,Dinamo Zagreb,2 - 0,1 - 0,1,2,Yok
2023-10-05,2023,UEFA Europa Conference League,Aston Villa,Zrinjski,1 - 0,0 - 0,1,1,Yok
2023-10-05,2023,UEFA Europa Conference League,AZ Alkmaar,Legia Warszawa,1 - 0,0 - 0,1,1,Yok
2023-10-05,2023,UEFA Europa Conference League,Aberdeen,HJK Helsinki,1 - 1,0 - 0,X,2,Evet
2023-10-05,2023,UEFA Europa Conference League,FC Nordsjaelland,Ludogorets,7 - 1,4 - 1,1,8,Evet
2023-10-05,2023,UEFA Europa Conference League,Fiorentina,Ferencvarosi TC,2 - 2,0 - 1,X,4,Evet
2023-10-05,2023,UEFA Europa Conference League,PAOK,Eintracht Frankfurt,2 - 1,1 - 0,1,3,Evet
2023-10-05,2023,UEFA Europa Conference League,Spartak Trnava,Fenerbahçe,1 - 2,0 - 0,2,3,Evet
2023-10-05,2023,UEFA Europa Conference League,Cukaricki,Genk,0 - 2,0 - 2,2,2,Yok
2023-10-26,2023,UEFA Europa Conference League,Lille,Slovan Bratislava,2 - 1,0 - 1,1,3,Evet
2023-10-26,2023,UEFA Europa Conference League,AZ Alkmaar,Aston Villa,1 - 4,0 - 2,2,5,Evet
2023-10-26,2023,UEFA Europa Conference League,FC Lugano,Club Brugge KV,1 - 3,0 - 1,2,4,Evet
2023-10-26,2023,UEFA Europa Conference League,Fenerbahçe,Ludogorets,3 - 1,1 - 0,1,4,Evet
2023-10-26,2023,UEFA Europa Conference League,Gent,Breidablik,5 - 0,4 - 0,1,5,Yok
2023-10-26,2023,UEFA Europa Conference League,KI Klaksvik,Olimpija Ljubljana,3 - 0,2 - 0,1,3,Yok
2023-10-26,2023,UEFA Europa Conference League,Ballkani,FC Astana,1 - 2,1 - 2,2,3,Evet
2023-10-26,2023,UEFA Europa Conference League,Eintracht Frankfurt,HJK Helsinki,6 - 0,4 - 0,1,6,Yok
2023-10-26,2023,UEFA Europa Conference League,Aberdeen,PAOK,2 - 3,0 - 0,2,5,Evet
2023-10-26,2023,UEFA Europa Conference League,Bodo/Glimt,Beşiktaş,3 - 1,1 - 0,1,4,Evet
2023-10-26,2023,UEFA Europa Conference League,Fiorentina,Cukaricki,6 - 0,3 - 0,1,6,Yok
2023-10-26,2023,UEFA Europa Conference League,Zrinjski,Legia Warszawa,1 - 2,1 - 1,2,3,Evet
2023-10-26,2023,UEFA Europa Conference League,Dinamo Zagreb,Plzen,0 - 1,0 - 0,2,1,Yok
2023-10-26,2023,UEFA Europa Conference League,Genk,Ferencvarosi TC,0 - 0,0 - 0,X,0,Yok
2023-10-26,2023,UEFA Europa Conference League,Spartak Trnava,FC Nordsjaelland,0 - 2,0 - 1,2,2,Yok
2023-11-09,2023,UEFA Europa Conference League,FC Astana,Ballkani,0 - 0,0 - 0,X,0,Yok
2023-11-09,2023,UEFA Europa Conference League,Legia Warszawa,Zrinjski,2 - 0,2 - 0,1,2,Yok
2023-11-09,2023,UEFA Europa Conference League,FC Nordsjaelland,Spartak Trnava,1 - 1,1 - 0,X,2,Evet
2023-11-09,2023,UEFA Europa Conference League,Beşiktaş,Bodo/Glimt,1 - 2,0 - 1,2,3,Evet
2023-11-09,2023,UEFA Europa Conference League,Plzen,Dinamo Zagreb,1 - 0,1 - 0,1,1,Yok
2023-11-09,2023,UEFA Europa Conference League,PAOK,Aberdeen,2 - 2,1 - 1,X,4,Evet
2023-11-09,2023,UEFA Europa Conference League,HJK Helsinki,Eintracht Frankfurt,0 - 1,0 - 1,2,1,Yok
2023-11-09,2023,UEFA Europa Conference League,Ferencvarosi TC,Genk,1 - 1,0 - 0,X,2,Evet
2023-11-09,2023,UEFA Europa Conference League,Cukaricki,Fiorentina,0 - 1,0 - 1,2,1,Yok
2023-11-09,2023,UEFA Europa Conference League,Aston Villa,AZ Alkmaar,2 - 1,0 - 0,1,3,Evet
2023-11-09,2023,UEFA Europa Conference League,Breidablik,Gent,2 - 3,2 - 1,2,5,Evet
2023-11-09,2023,UEFA Europa Conference League,Ludogorets,Fenerbahçe,2 - 0,1 - 0,1,2,Yok
2023-11-09,2023,UEFA Europa Conference League,Club Brugge KV,FC Lugano,2 - 0,0 - 0,1,2,Yok
2023-11-09,2023,UEFA Europa Conference League,Zorya Luhansk,Maccabi Tel Aviv,1 - 3,0 - 3,2,4,Evet
2023-11-09,2023,UEFA Europa Conference League,Slovan Bratislava,Lille,1 - 1,0 - 0,X,2,Evet
2023-11-09,2023,UEFA Europa Conference League,Olimpija Ljubljana,KI Klaksvik,2 - 0,0 - 0,1,2,Yok
2023-11-25,2023,UEFA Europa Conference League,Maccabi Tel Aviv,Zorya Luhansk,3 - 2,1 - 0,1,5,Evet
2023-11-30,2023,UEFA Europa Conference League,Breidablik,Maccabi Tel Aviv,1 - 2,0 - 1,2,3,Evet
2023-11-30,2023,UEFA Europa Conference League,FC Astana,Dinamo Zagreb,0 - 2,0 - 0,2,2,Yok
2023-11-30,2023,UEFA Europa Conference League,AZ Alkmaar,Zrinjski,1 - 0,0 - 0,1,1,Yok
2023-11-30,2023,UEFA Europa Conference League,Bodo/Glimt,FC Lugano,5 - 2,1 - 0,1,7,Evet
2023-11-30,2023,UEFA Europa Conference League,Beşiktaş,Club Brugge KV,0 - 5,0 - 2,2,5,Yok
2023-11-30,2023,UEFA Europa Conference League,Gent,Zorya Luhansk,4 - 1,1 - 0,1,5,Evet
2023-11-30,2023,UEFA Europa Conference League,HJK Helsinki,Aberdeen,2 - 2,2 - 1,X,4,Evet
2023-11-30,2023,UEFA Europa Conference League,Olimpija Ljubljana,Lille,0 - 2,0 - 1,2,2,Yok
2023-11-30,2023,UEFA Europa Conference League,KI Klaksvik,Slovan Bratislava,1 - 2,1 - 1,2,3,Evet
2023-11-30,2023,UEFA Europa Conference League,Ballkani,Plzen,0 - 1,0 - 0,2,1,Yok
2023-11-30,2023,UEFA Europa Conference League,Aston Villa,Legia Warszawa,2 - 1,1 - 1,1,3,Evet
2023-11-30,2023,UEFA Europa Conference League,Eintracht Frankfurt,PAOK,1 - 2,0 - 0,2,3,Evet
2023-11-30,2023,UEFA Europa Conference League,FC Nordsjaelland,Fenerbahçe,6 - 1,2 - 1,1,7,Evet
2023-11-30,2023,UEFA Europa Conference League,Fiorentina,Genk,2 - 1,1 - 1,1,3,Evet
2023-11-30,2023,UEFA Europa Conference League,Spartak Trnava,Ludogorets,1 - 2,0 - 0,2,3,Evet
2023-11-30,2023,UEFA Europa Conference League,Cukaricki,Ferencvarosi TC,1 - 2,1 - 0,2,3,Evet
2023-12-14,2023,UEFA Europa Conference League,Aberdeen,Eintracht Frankfurt,2 - 0,1 - 0,1,2,Yok
2023-12-14,2023,UEFA Europa Conference League,Legia Warszawa,AZ Alkmaar,2 - 0,1 - 0,1,2,Yok
2023-12-14,2023,UEFA Europa Conference League,Ludogorets,FC Nordsjaelland,1 - 0,0 - 0,1,1,Yok
2023-12-14,2023,UEFA Europa Conference League,Zrinjski,Aston Villa,1 - 1,0 - 0,X,2,Evet
2023-12-14,2023,UEFA Europa Conference League,Fenerbahçe,Spartak Trnava,4 - 0,1 - 0,1,4,Yok
2023-12-14,2023,UEFA Europa Conference League,PAOK,HJK Helsinki,4 - 2,1 - 1,1,6,Evet
2023-12-14,2023,UEFA Europa Conference League,Ferencvarosi TC,Fiorentina,1 - 1,0 - 0,X,2,Evet
2023-12-14,2023,UEFA Europa Conference League,Genk,Cukaricki,2 - 0,1 - 0,1,2,Yok
2023-12-14,2023,UEFA Europa Conference League,Lille,KI Klaksvik,3 - 0,1 - 0,1,3,Yok
2023-12-14,2023,UEFA Europa Conference League,Plzen,FC Astana,3 - 0,0 - 0,1,3,Yok
2023-12-14,2023,UEFA Europa Conference League,Club Brugge KV,Bodo/Glimt,3 - 1,1 - 0,1,4,Evet
2023-12-14,2023,UEFA Europa Conference League,Zorya Luhansk,Breidablik,4 - 0,3 - 0,1,4,Yok
2023-12-14,2023,UEFA Europa Conference League,Maccabi Tel Aviv,Gent,3 - 1,2 - 0,1,4,Evet
2023-12-14,2023,UEFA Europa Conference League,FC Lugano,Beşiktaş,0 - 2,0 - 1,2,2,Yok
2023-12-14,2023,UEFA Europa Conference League,Dinamo Zagreb,Ballkani,3 - 0,0 - 0,1,3,Yok
2023-12-14,2023,UEFA Europa Conference League,Slovan Bratislava,Olimpija Ljubljana,1 - 2,1 - 1,2,3,Evet
2024-02-15,2023,UEFA Europa Conference League,Molde,Legia Warszawa,3 - 2,3 - 0,1,5,Evet
2024-02-15,2023,UEFA Europa Conference League,Olympiakos Piraeus,Ferencvarosi TC,1 - 0,0 - 0,1,1,Yok
2024-02-15,2023,UEFA Europa Conference League,Sturm Graz,Slovan Bratislava,4 - 1,2 - 1,1,5,Evet
2024-02-15,2023,UEFA Europa Conference League,Union St. Gilloise,Eintracht Frankfurt,2 - 2,1 - 2,X,4,Evet
2024-02-15,2023,UEFA Europa Conference League,Ajax,Bodo/Glimt,2 - 2,0 - 1,X,4,Evet
2024-02-15,2023,UEFA Europa Conference League,Real Betis,Dinamo Zagreb,0 - 1,0 - 0,2,1,Yok
2024-02-15,2023,UEFA Europa Conference League,Servette FC,Ludogorets,0 - 0,0 - 0,X,0,Yok
2024-02-15,2023,UEFA Europa Conference League,Maccabi Haifa,Gent,1 - 0,0 - 0,1,1,Yok
2024-02-21,2023,UEFA Europa Conference League,Gent,Maccabi Haifa,1 - 1,0 - 1,X,2,Evet
2024-02-22,2023,UEFA Europa Conference League,Bodo/Glimt,Ajax,1 - 2,0 - 1,2,3,Evet
2024-02-22,2023,UEFA Europa Conference League,Ludogorets,Servette FC,0 - 1,0 - 1,2,1,Yok
2024-02-22,2023,UEFA Europa Conference League,Dinamo Zagreb,Real Betis,1 - 1,0 - 1,X,2,Evet
2024-02-22,2023,UEFA Europa Conference League,Eintracht Frankfurt,Union St. Gilloise,1 - 2,0 - 0,2,3,Evet
2024-02-22,2023,UEFA Europa Conference League,Legia Warszawa,Molde,0 - 3,0 - 2,2,3,Yok
2024-02-22,2023,UEFA Europa Conference League,Ferencvarosi TC,Olympiakos Piraeus,0 - 1,0 - 1,2,1,Yok
2024-02-22,2023,UEFA Europa Conference League,Slovan Bratislava,Sturm Graz,0 - 1,0 - 0,2,1,Yok
2024-03-07,2023,UEFA Europa Conference League,Ajax,Aston Villa,0 - 0,0 - 0,X,0,Yok
2024-03-07,2023,UEFA Europa Conference League,Molde,Club Brugge KV,2 - 1,1 - 0,1,3,Evet
2024-03-07,2023,UEFA Europa Conference League,Olympiakos Piraeus,Maccabi Tel Aviv,1 - 4,1 - 3,2,5,Evet
2024-03-07,2023,UEFA Europa Conference League,Sturm Graz,Lille,0 - 3,0 - 1,2,3,Yok
2024-03-07,2023,UEFA Europa Conference League,Dinamo Zagreb,PAOK,2 - 0,1 - 0,1,2,Yok
2024-03-07,2023,UEFA Europa Conference League,Union St. Gilloise,Fenerbahçe,0 - 3,0 - 1,2,3,Yok
2024-03-07,2023,UEFA Europa Conference League,Servette FC,Plzen,0 - 0,0 - 0,X,0,Yok
2024-03-07,2023,UEFA Europa Conference League,Maccabi Haifa,Fiorentina,3 - 4,2 - 1,2,7,Evet
2024-03-14,2023,UEFA Europa Conference League,Fiorentina,Maccabi Haifa,1 - 1,0 - 0,X,2,Evet
2024-03-14,2023,UEFA Europa Conference League,Plzen,Servette FC,0 - 0,0 - 0,X,0,Yok
2024-03-14,2023,UEFA Europa Conference League,Fenerbahçe,Union St. Gilloise,0 - 1,0 - 0,2,1,Yok
2024-03-14,2023,UEFA Europa Conference League,PAOK,Dinamo Zagreb,5 - 1,3 - 0,1,6,Evet
2024-03-14,2023,UEFA Europa Conference League,Aston Villa,Ajax,4 - 0,1 - 0,1,4,Yok
2024-03-14,2023,UEFA Europa Conference League,Lille,Sturm Graz,1 - 1,1 - 1,X,2,Evet
2024-03-14,2023,UEFA Europa Conference League,Club Brugge KV,Molde,3 - 0,1 - 0,1,3,Yok
2024-03-14,2023,UEFA Europa Conference League,Maccabi Tel Aviv,Olympiakos Piraeus,1 - 6,0 - 3,2,7,Evet
2024-04-11,2023,UEFA Europa Conference League,Olympiakos Piraeus,Fenerbahçe,3 - 2,2 - 0,1,5,Evet
2024-04-11,2023,UEFA Europa Conference League,Plzen,Fiorentina,0 - 0,0 - 0,X,0,Yok
2024-04-11,2023,UEFA Europa Conference League,Aston Villa,Lille,2 - 1,1 - 0,1,3,Evet
2024-04-11,2023,UEFA Europa Conference League,Club Brugge KV,PAOK,1 - 0,1 - 0,1,1,Yok
2024-04-18,2023,UEFA Europa Conference League,Lille,Aston Villa,2 - 1,1 - 0,1,3,Evet
2024-04-18,2023,UEFA Europa Conference League,Fiorentina,Plzen,2 - 0,0 - 0,1,2,Yok
2024-04-18,2023,UEFA Europa Conference League,Fenerbahçe,Olympiakos Piraeus,1 - 0,1 - 0,1,1,Yok
2024-04-18,2023,UEFA Europa Conference League,PAOK,Club Brugge KV,0 - 2,0 - 2,2,2,Yok
2024-05-02,2023,UEFA Europa Conference League,Aston Villa,Olympiakos Piraeus,2 - 4,1 - 2,2,6,Evet
2024-05-02,2023,UEFA Europa Conference League,Fiorentina,Club Brugge KV,3 - 2,2 - 1,1,5,Evet
2024-05-08,2023,UEFA Europa Conference League,Club Brugge KV,Fiorentina,1 - 1,1 - 0,X,2,Evet
2024-05-09,2023,UEFA Europa Conference League,Olympiakos Piraeus,Aston Villa,2 - 0,1 - 0,1,2,Yok
2024-05-29,2023,UEFA Europa Conference League,Olympiakos Piraeus,Fiorentina,1 - 0,0 - 0,1,1,Yok
2022-08-04,2022,UEFA Europa League,AEK Larnaca,FK Partizan,2 - 1,1 - 1,1,3,Evet
2022-08-04,2022,UEFA Europa League,Malmo FF,F91 Dudelange,3 - 0,0 - 0,1,3,Yok
2022-08-04,2022,UEFA Europa League,Fenerbahçe,Slovácko,3 - 0,2 - 0,1,3,Yok
2022-08-04,2022,UEFA Europa League,Maribor,HJK Helsinki,0 - 2,0 - 0,2,2,Yok
2022-08-04,2022,UEFA Europa League,Linfield,FC Zurich,0 - 2,0 - 1,2,2,Yok
2022-08-04,2022,UEFA Europa League,Olympiakos Piraeus,Slovan Bratislava,1 - 1,0 - 0,X,2,Evet
2022-08-04,2022,UEFA Europa League,Shamrock Rovers,Shkupi 1927,3 - 1,2 - 0,1,4,Evet
2022-08-09,2022,UEFA Europa League,Shkupi 1927,Shamrock Rovers,1 - 2,0 - 0,2,3,Evet
2022-08-11,2022,UEFA Europa League,HJK Helsinki,Maribor,1 - 0,0 - 0,1,1,Yok
2022-08-11,2022,UEFA Europa League,FC Zurich,Linfield,3 - 0,2 - 0,1,3,Yok
2022-08-11,2022,UEFA Europa League,Slovácko,Fenerbahçe,1 - 1,0 - 0,X,2,Evet
2022-08-11,2022,UEFA Europa League,F91 Dudelange,Malmo FF,2 - 2,0 - 0,X,4,Evet
2022-08-11,2022,UEFA Europa League,Slovan Bratislava,Olympiakos Piraeus,2 - 2,0 - 0,X,4,Evet
2022-08-11,2022,UEFA Europa League,FK Partizan,AEK Larnaca,2 - 2,1 - 0,X,4,Evet
2022-08-18,2022,UEFA Europa League,HJK Helsinki,Silkeborg,1 - 0,0 - 0,1,1,Yok
2022-08-18,2022,UEFA Europa League,Ferencvarosi TC,Shamrock Rovers,4 - 0,2 - 0,1,4,Yok
2022-08-18,2022,UEFA Europa League,Malmo FF,Sivasspor,3 - 1,2 - 1,1,4,Evet
2022-08-18,2022,UEFA Europa League,Apollon Limassol,Olympiakos Piraeus,1 - 1,1 - 1,X,2,Evet
2022-08-18,2022,UEFA Europa League,Pyunik Yerevan,Sheriff Tiraspol,0 - 0,0 - 0,X,0,Yok
2022-08-18,2022,UEFA Europa League,FC Zurich,Heart Of Midlothian,2 - 1,2 - 1,1,3,Evet
2022-08-18,2022,UEFA Europa League,Ludogorets,FK Zalgiris Vilnius,1 - 0,1 - 0,1,1,Yok
2022-08-18,2022,UEFA Europa League,Dnipro-1,AEK Larnaca,1 - 2,0 - 2,2,3,Evet
2022-08-18,2022,UEFA Europa League,Gent,Omonia Nicosia,0 - 2,0 - 1,2,2,Yok
2022-08-18,2022,UEFA Europa League,Austria Vienna,Fenerbahçe,0 - 2,0 - 1,2,2,Yok
2022-08-25,2022,UEFA Europa League,FK Zalgiris Vilnius,Ludogorets,3 - 3,2 - 1,X,6,Evet
2022-08-25,2022,UEFA Europa League,AEK Larnaca,Dnipro-1,3 - 0,2 - 0,1,3,Yok
2022-08-25,2022,UEFA Europa League,Silkeborg,HJK Helsinki,1 - 1,0 - 1,X,2,Evet
2022-08-25,2022,UEFA Europa League,Sheriff Tiraspol,Pyunik Yerevan,0 - 0,0 - 0,X,0,Yok
2022-08-25,2022,UEFA Europa League,Fenerbahçe,Austria Vienna,4 - 1,2 - 1,1,5,Evet
2022-08-25,2022,UEFA Europa League,Sivasspor,Malmo FF,0 - 2,0 - 0,2,2,Yok
2022-08-25,2022,UEFA Europa League,Omonia Nicosia,Gent,2 - 0,2 - 0,1,2,Yok
2022-08-25,2022,UEFA Europa League,Heart Of Midlothian,FC Zurich,0 - 1,0 - 0,2,1,Yok
2022-08-25,2022,UEFA Europa League,Olympiakos Piraeus,Apollon Limassol,1 - 1,1 - 0,X,2,Evet
2022-08-25,2022,UEFA Europa League,Shamrock Rovers,Ferencvarosi TC,1 - 0,0 - 0,1,1,Yok
2022-09-08,2022,UEFA Europa League,Union Berlin,Union St. Gilloise,0 - 1,0 - 1,2,1,Yok
2022-09-08,2022,UEFA Europa League,PSV Eindhoven,Bodo/Glimt,1 - 1,0 - 1,X,2,Evet
2022-09-08,2022,UEFA Europa League,Malmo FF,SC Braga,0 - 2,0 - 1,2,2,Yok
2022-09-08,2022,UEFA Europa League,Ludogorets,AS Roma,2 - 1,0 - 0,1,3,Evet
2022-09-08,2022,UEFA Europa League,Fenerbahçe,Dynamo Kyiv,2 - 1,1 - 0,1,3,Evet
2022-09-08,2022,UEFA Europa League,AEK Larnaca,Rennes,1 - 2,1 - 1,2,3,Evet
2022-09-08,2022,UEFA Europa League,HJK Helsinki,Real Betis,0 - 2,0 - 1,2,2,Yok
2022-09-08,2022,UEFA Europa League,FC Zurich,Arsenal,1 - 2,1 - 1,2,3,Evet
2022-09-08,2022,UEFA Europa League,Manchester United,Real Sociedad,0 - 1,0 - 0,2,1,Yok
2022-09-08,2022,UEFA Europa League,Nantes,Olympiakos Piraeus,2 - 1,1 - 0,1,3,Evet
2022-09-08,2022,UEFA Europa League,SC Freiburg,Qarabag,2 - 1,2 - 1,1,3,Evet
2022-09-08,2022,UEFA Europa League,Lazio,Feyenoord,4 - 2,3 - 0,1,6,Evet
2022-09-08,2022,UEFA Europa League,FK Crvena Zvezda,Monaco,0 - 1,0 - 0,2,1,Yok
2022-09-08,2022,UEFA Europa League,Sturm Graz,FC Midtjylland,1 - 0,1 - 0,1,1,Yok
2022-09-08,2022,UEFA Europa League,Ferencvarosi TC,Trabzonspor,3 - 2,3 - 1,1,5,Evet
2022-09-08,2022,UEFA Europa League,Omonia Nicosia,Sheriff Tiraspol,0 - 3,0 - 1,2,3,Yok
2022-09-15,2022,UEFA Europa League,Monaco,Ferencvarosi TC,0 - 1,0 - 0,2,1,Yok
2022-09-15,2022,UEFA Europa League,Feyenoord,Sturm Graz,6 - 0,4 - 0,1,6,Yok
2022-09-15,2022,UEFA Europa League,FC Midtjylland,Lazio,5 - 1,2 - 0,1,6,Evet
2022-09-15,2022,UEFA Europa League,Real Sociedad,Omonia Nicosia,2 - 1,1 - 0,1,3,Evet
2022-09-15,2022,UEFA Europa League,Olympiakos Piraeus,SC Freiburg,0 - 3,0 - 2,2,3,Yok
2022-09-15,2022,UEFA Europa League,Qarabag,Nantes,3 - 0,0 - 0,1,3,Yok
2022-09-15,2022,UEFA Europa League,Sheriff Tiraspol,Manchester United,0 - 2,0 - 2,2,2,Yok
2022-09-15,2022,UEFA Europa League,Trabzonspor,FK Crvena Zvezda,2 - 1,1 - 0,1,3,Evet
2022-09-15,2022,UEFA Europa League,Rennes,Fenerbahçe,2 - 2,0 - 0,X,4,Evet
2022-09-15,2022,UEFA Europa League,SC Braga,Union Berlin,1 - 0,0 - 0,1,1,Yok
2022-09-15,2022,UEFA Europa League,Bodo/Glimt,FC Zurich,2 - 1,0 - 0,1,3,Evet
2022-09-15,2022,UEFA Europa League,AS Roma,HJK Helsinki,3 - 0,0 - 0,1,3,Yok
2022-09-15,2022,UEFA Europa League,Real Betis,Ludogorets,3 - 2,2 - 1,1,5,Evet
2022-09-15,2022,UEFA Europa League,Dynamo Kyiv,AEK Larnaca,0 - 1,0 - 1,2,1,Yok
2022-09-15,2022,UEFA Europa League,Union St. Gilloise,Malmo FF,3 - 2,1 - 1,1,5,Evet
2022-10-06,2022,UEFA Europa League,Monaco,Trabzonspor,3 - 1,2 - 0,1,4,Evet
2022-10-06,2022,UEFA Europa League,Malmo FF,Union Berlin,0 - 1,0 - 0,2,1,Yok
2022-10-06,2022,UEFA Europa League,Sheriff Tiraspol,Real Sociedad,0 - 2,0 - 0,2,2,Yok
2022-10-06,2022,UEFA Europa League,FK Crvena Zvezda,Ferencvarosi TC,4 - 1,2 - 0,1,5,Evet
2022-10-06,2022,UEFA Europa League,Sturm Graz,Lazio,0 - 0,0 - 0,X,0,Yok
2022-10-06,2022,UEFA Europa League,HJK Helsinki,Ludogorets,1 - 1,0 - 1,X,2,Evet
2022-10-06,2022,UEFA Europa League,FC Zurich,PSV Eindhoven,1 - 5,0 - 4,2,6,Evet
2022-10-06,2022,UEFA Europa League,Omonia Nicosia,Manchester United,2 - 3,1 - 0,2,5,Evet
2022-10-06,2022,UEFA Europa League,Arsenal,Bodo/Glimt,3 - 0,2 - 0,1,3,Yok
2022-10-06,2022,UEFA Europa League,Rennes,Dynamo Kyiv,2 - 1,1 - 1,1,3,Evet
2022-10-06,2022,UEFA Europa League,SC Freiburg,Nantes,2 - 0,0 - 0,1,2,Yok
2022-10-06,2022,UEFA Europa League,SC Braga,Union St. Gilloise,1 - 2,0 - 0,2,3,Evet
2022-10-06,2022,UEFA Europa League,FC Midtjylland,Feyenoord,2 - 2,0 - 2,X,4,Evet
2022-10-06,2022,UEFA Europa League,AS Roma,Real Betis,1 - 2,1 - 1,2,3,Evet
2022-10-06,2022,UEFA Europa League,Olympiakos Piraeus,Qarabag,0 - 3,0 - 0,2,3,Yok
2022-10-06,2022,UEFA Europa League,Fenerbahçe,AEK Larnaca,2 - 0,1 - 0,1,2,Yok
2022-10-13,2022,UEFA Europa League,Nantes,SC Freiburg,0 - 4,0 - 1,2,4,Yok
2022-10-13,2022,UEFA Europa League,Feyenoord,FC Midtjylland,2 - 2,1 - 1,X,4,Evet
2022-10-13,2022,UEFA Europa League,Bodo/Glimt,Arsenal,0 - 1,0 - 1,2,1,Yok
2022-10-13,2022,UEFA Europa League,Real Betis,AS Roma,1 - 1,1 - 0,X,2,Evet
2022-10-13,2022,UEFA Europa League,Qarabag,Olympiakos Piraeus,0 - 0,0 - 0,X,0,Yok
2022-10-13,2022,UEFA Europa League,Dynamo Kyiv,Rennes,0 - 1,0 - 0,2,1,Yok
2022-10-13,2022,UEFA Europa League,AEK Larnaca,Fenerbahçe,1 - 2,0 - 1,2,3,Evet
2022-10-13,2022,UEFA Europa League,Union St. Gilloise,SC Braga,3 - 3,1 - 3,X,6,Evet
2022-10-13,2022,UEFA Europa League,Manchester United,Omonia Nicosia,1 - 0,0 - 0,1,1,Yok
2022-10-13,2022,UEFA Europa League,Union Berlin,Malmo FF,1 - 0,0 - 0,1,1,Yok
2022-10-13,2022,UEFA Europa League,PSV Eindhoven,FC Zurich,5 - 0,3 - 0,1,5,Yok
2022-10-13,2022,UEFA Europa League,Lazio,Sturm Graz,2 - 2,1 - 0,X,4,Evet
2022-10-13,2022,UEFA Europa League,Real Sociedad,Sheriff Tiraspol,3 - 0,1 - 0,1,3,Yok
2022-10-13,2022,UEFA Europa League,Ludogorets,HJK Helsinki,2 - 0,1 - 0,1,2,Yok
2022-10-13,2022,UEFA Europa League,Ferencvarosi TC,FK Crvena Zvezda,2 - 1,1 - 0,1,3,Evet
2022-10-13,2022,UEFA Europa League,Trabzonspor,Monaco,4 - 0,1 - 0,1,4,Yok
2022-10-20,2022,UEFA Europa League,Arsenal,PSV Eindhoven,1 - 0,0 - 0,1,1,Yok
2022-10-27,2022,UEFA Europa League,Union Berlin,SC Braga,1 - 0,0 - 0,1,1,Yok
2022-10-27,2022,UEFA Europa League,PSV Eindhoven,Arsenal,2 - 0,0 - 0,1,2,Yok
2022-10-27,2022,UEFA Europa League,Malmo FF,Union St. Gilloise,0 - 2,0 - 2,2,2,Yok
2022-10-27,2022,UEFA Europa League,Lazio,FC Midtjylland,2 - 1,1 - 1,1,3,Evet
2022-10-27,2022,UEFA Europa League,Ludogorets,Real Betis,0 - 1,0 - 0,2,1,Yok
2022-10-27,2022,UEFA Europa League,Fenerbahçe,Rennes,3 - 3,1 - 3,X,6,Evet
2022-10-27,2022,UEFA Europa League,AEK Larnaca,Dynamo Kyiv,3 - 3,1 - 1,X,6,Evet
2022-10-27,2022,UEFA Europa League,FC Zurich,Bodo/Glimt,2 - 1,0 - 1,1,3,Evet
2022-10-27,2022,UEFA Europa League,Manchester United,Sheriff Tiraspol,3 - 0,1 - 0,1,3,Yok
2022-10-27,2022,UEFA Europa League,Nantes,Qarabag,2 - 1,1 - 0,1,3,Evet
2022-10-27,2022,UEFA Europa League,SC Freiburg,Olympiakos Piraeus,1 - 1,0 - 1,X,2,Evet
2022-10-27,2022,UEFA Europa League,FK Crvena Zvezda,Trabzonspor,2 - 1,1 - 1,1,3,Evet
2022-10-27,2022,UEFA Europa League,Sturm Graz,Feyenoord,1 - 0,0 - 0,1,1,Yok
2022-10-27,2022,UEFA Europa League,HJK Helsinki,AS Roma,1 - 2,0 - 1,2,3,Evet
2022-10-27,2022,UEFA Europa League,Ferencvarosi TC,Monaco,1 - 1,0 - 1,X,2,Evet
2022-10-27,2022,UEFA Europa League,Omonia Nicosia,Real Sociedad,0 - 2,0 - 1,2,2,Yok
2022-11-03,2022,UEFA Europa League,Monaco,FK Crvena Zvezda,4 - 1,2 - 0,1,5,Evet
2022-11-03,2022,UEFA Europa League,Feyenoord,Lazio,1 - 0,0 - 0,1,1,Yok
2022-11-03,2022,UEFA Europa League,FC Midtjylland,Sturm Graz,2 - 0,1 - 0,1,2,Yok
2022-11-03,2022,UEFA Europa League,Real Sociedad,Manchester United,0 - 1,0 - 1,2,1,Yok
2022-11-03,2022,UEFA Europa League,Olympiakos Piraeus,Nantes,0 - 2,0 - 0,2,2,Yok
2022-11-03,2022,UEFA Europa League,Qarabag,SC Freiburg,1 - 1,0 - 1,X,2,Evet
2022-11-03,2022,UEFA Europa League,Sheriff Tiraspol,Omonia Nicosia,1 - 0,0 - 0,1,1,Yok
2022-11-03,2022,UEFA Europa League,Trabzonspor,Ferencvarosi TC,1 - 0,1 - 0,1,1,Yok
2022-11-03,2022,UEFA Europa League,Arsenal,FC Zurich,1 - 0,1 - 0,1,1,Yok
2022-11-03,2022,UEFA Europa League,Rennes,AEK Larnaca,1 - 1,1 - 0,X,2,Evet
2022-11-03,2022,UEFA Europa League,SC Braga,Malmo FF,2 - 1,1 - 0,1,3,Evet
2022-11-03,2022,UEFA Europa League,Bodo/Glimt,PSV Eindhoven,1 - 2,0 - 1,2,3,Evet
2022-11-03,2022,UEFA Europa League,AS Roma,Ludogorets,3 - 1,0 - 1,1,4,Evet
2022-11-03,2022,UEFA Europa League,Real Betis,HJK Helsinki,3 - 0,2 - 0,1,3,Yok
2022-11-03,2022,UEFA Europa League,Dynamo Kyiv,Fenerbahçe,0 - 2,0 - 2,2,2,Yok
2022-11-03,2022,UEFA Europa League,Union St. Gilloise,Union Berlin,0 - 1,0 - 1,2,1,Yok
2023-02-16,2022,UEFA Europa League,Ajax,Union Berlin,0 - 0,0 - 0,X,0,Yok
2023-02-16,2022,UEFA Europa League,Barcelona,Manchester United,2 - 2,0 - 0,X,4,Evet
2023-02-16,2022,UEFA Europa League,Shakhtar Donetsk,Rennes,2 - 1,2 - 0,1,3,Evet
2023-02-16,2022,UEFA Europa League,Red Bull Salzburg,AS Roma,1 - 0,0 - 0,1,1,Yok
2023-02-16,2022,UEFA Europa League,Bayer Leverkusen,Monaco,2 - 3,0 - 1,2,5,Evet
2023-02-16,2022,UEFA Europa League,Sporting CP,FC Midtjylland,1 - 1,0 - 0,X,2,Evet
2023-02-16,2022,UEFA Europa League,Juventus,Nantes,1 - 1,1 - 0,X,2,Evet
2023-02-16,2022,UEFA Europa League,Sevilla,PSV Eindhoven,3 - 0,1 - 0,1,3,Yok
2023-02-23,2022,UEFA Europa League,Nantes,Juventus,0 - 3,0 - 2,2,3,Yok
2023-02-23,2022,UEFA Europa League,Monaco,Bayer Leverkusen,2 - 3,1 - 2,2,5,Evet
2023-02-23,2022,UEFA Europa League,PSV Eindhoven,Sevilla,2 - 0,0 - 0,1,2,Yok
2023-02-23,2022,UEFA Europa League,FC Midtjylland,Sporting CP,0 - 4,0 - 1,2,4,Yok
2023-02-23,2022,UEFA Europa League,Manchester United,Barcelona,2 - 1,0 - 1,1,3,Evet
2023-02-23,2022,UEFA Europa League,Rennes,Shakhtar Donetsk,2 - 1,0 - 0,1,3,Evet
2023-02-23,2022,UEFA Europa League,Union Berlin,Ajax,3 - 1,2 - 0,1,4,Evet
2023-02-23,2022,UEFA Europa League,AS Roma,Red Bull Salzburg,2 - 0,2 - 0,1,2,Yok
2023-03-09,2022,UEFA Europa League,Bayer Leverkusen,Ferencvarosi TC,2 - 0,1 - 0,1,2,Yok
2023-03-09,2022,UEFA Europa League,Union Berlin,Union St. Gilloise,3 - 3,1 - 1,X,6,Evet
2023-03-09,2022,UEFA Europa League,Sporting CP,Arsenal,2 - 2,1 - 1,X,4,Evet
2023-03-09,2022,UEFA Europa League,AS Roma,Real Sociedad,2 - 0,1 - 0,1,2,Yok
2023-03-09,2022,UEFA Europa League,Manchester United,Real Betis,4 - 1,1 - 1,1,5,Evet
2023-03-09,2022,UEFA Europa League,Juventus,SC Freiburg,1 - 0,0 - 0,1,1,Yok
2023-03-09,2022,UEFA Europa League,Sevilla,Fenerbahçe,2 - 0,0 - 0,1,2,Yok
2023-03-09,2022,UEFA Europa League,Shakhtar Donetsk,Feyenoord,1 - 1,0 - 0,X,2,Evet
2023-03-16,2022,UEFA Europa League,SC Freiburg,Juventus,0 - 2,0 - 1,2,2,Yok
2023-03-16,2022,UEFA Europa League,Feyenoord,Shakhtar Donetsk,7 - 1,3 - 0,1,8,Evet
2023-03-16,2022,UEFA Europa League,Real Betis,Manchester United,0 - 1,0 - 0,2,1,Yok
2023-03-16,2022,UEFA Europa League,Fenerbahçe,Sevilla,1 - 0,1 - 0,1,1,Yok
2023-03-16,2022,UEFA Europa League,Arsenal,Sporting CP,1 - 1,1 - 0,X,2,Evet
2023-03-16,2022,UEFA Europa League,Real Sociedad,AS Roma,0 - 0,0 - 0,X,0,Yok
2023-03-16,2022,UEFA Europa League,Ferencvarosi TC,Bayer Leverkusen,0 - 2,0 - 1,2,2,Yok
2023-03-16,2022,UEFA Europa League,Union St. Gilloise,Union Berlin,3 - 0,1 - 0,1,3,Yok
2023-04-13,2022,UEFA Europa League,Feyenoord,AS Roma,1 - 0,0 - 0,1,1,Yok
2023-04-13,2022,UEFA Europa League,Manchester United,Sevilla,2 - 2,2 - 0,X,4,Evet
2023-04-13,2022,UEFA Europa League,Bayer Leverkusen,Union St. Gilloise,1 - 1,0 - 0,X,2,Evet
2023-04-13,2022,UEFA Europa League,Juventus,Sporting CP,1 - 0,0 - 0,1,1,Yok
2023-04-20,2022,UEFA Europa League,Sporting CP,Juventus,1 - 1,1 - 1,X,2,Evet
2023-04-20,2022,UEFA Europa League,AS Roma,Feyenoord,4 - 1,0 - 0,1,5,Evet
2023-04-20,2022,UEFA Europa League,Sevilla,Manchester United,3 - 0,1 - 0,1,3,Yok
2023-04-20,2022,UEFA Europa League,Union St. Gilloise,Bayer Leverkusen,1 - 4,0 - 2,2,5,Evet
2023-05-11,2022,UEFA Europa League,Juventus,Sevilla,1 - 1,0 - 1,X,2,Evet
2023-05-11,2022,UEFA Europa League,AS Roma,Bayer Leverkusen,1 - 0,0 - 0,1,1,Yok
2023-05-18,2022,UEFA Europa League,Bayer Leverkusen,AS Roma,0 - 0,0 - 0,X,0,Yok
2023-05-18,2022,UEFA Europa League,Sevilla,Juventus,2 - 1,0 - 0,1,3,Evet
2023-05-31,2022,UEFA Europa League,Sevilla,AS Roma,1 - 1,0 - 1,X,2,Evet
2022-07-05,2022,UEFA Europa Conference League,St Joseph S Fc,Larne,0 - 0,0 - 0,X,0,Yok
2022-07-05,2022,UEFA Europa Conference League,Gzira United,Atlètic Club d'Escaldes,1 - 1,0 - 0,X,2,Evet
2022-07-06,2022,UEFA Europa Conference League,Inter Turku,Drita,1 - 0,0 - 0,1,1,Yok
2022-07-06,2022,UEFA Europa Conference League,Vikingur Gota,Europa,1 - 0,0 - 0,1,1,Yok
2022-07-07,2022,UEFA Europa Conference League,Alashkert,Hamrun Spartans,1 - 0,1 - 0,1,1,Yok
2022-07-07,2022,UEFA Europa Conference League,UE Santa Coloma,Breidablik,0 - 1,0 - 1,2,1,Yok
2022-07-07,2022,UEFA Europa Conference League,Pogon Szczecin,KR Reykjavik,4 - 1,3 - 0,1,5,Evet
2022-07-07,2022,UEFA Europa Conference League,Flora Tallinn,SJK,1 - 0,1 - 0,1,1,Yok
2022-07-07,2022,UEFA Europa Conference League,KuPS,Dila,2 - 0,1 - 0,1,2,Yok
2022-07-07,2022,UEFA Europa Conference League,Borac Banja Luka,B36 Torshavn,2 - 0,1 - 0,1,2,Yok
2022-07-07,2022,UEFA Europa Conference League,FC Iberia 1999,Partizani,0 - 1,0 - 0,2,1,Yok
2022-07-07,2022,UEFA Europa Conference League,Panevėžys,Milsami Orhei,0 - 0,0 - 0,X,0,Yok
2022-07-07,2022,UEFA Europa Conference League,Magpies,Crusaders FC,2 - 1,1 - 0,1,3,Evet
2022-07-07,2022,UEFA Europa Conference League,Ružomberok,Kauno Žalgiris,2 - 0,1 - 0,1,2,Yok
2022-07-07,2022,UEFA Europa Conference League,Olimpija Ljubljana,FC Differdange 03,1 - 1,0 - 1,X,2,Evet
2022-07-07,2022,UEFA Europa Conference League,Dinamo Tbilisi,Paide,2 - 3,1 - 0,2,5,Evet
2022-07-07,2022,UEFA Europa Conference League,Floriana,Petrocub,0 - 0,0 - 0,X,0,Yok
2022-07-07,2022,UEFA Europa Conference League,Sfîntul Gheorghe,Mura,1 - 2,0 - 0,2,3,Evet
2022-07-07,2022,UEFA Europa Conference League,Bala Town,Sligo Rovers,1 - 2,1 - 1,2,3,Evet
2022-07-07,2022,UEFA Europa Conference League,Dinamo Minsk,Dečić,1 - 1,1 - 1,X,2,Evet
2022-07-07,2022,UEFA Europa Conference League,Shkendija,Ararat,2 - 0,2 - 0,1,2,Yok
2022-07-07,2022,UEFA Europa Conference League,Fola Esch,Tre Fiori,0 - 1,0 - 0,2,1,Yok
2022-07-07,2022,UEFA Europa Conference League,Laci,Iskra,0 - 0,0 - 0,X,0,Yok
2022-07-07,2022,UEFA Europa Conference League,HB Torshavn,Newtown AFC,1 - 0,0 - 0,1,1,Yok
2022-07-07,2022,UEFA Europa Conference League,Gjilani,FK Liepaja,1 - 0,1 - 0,1,1,Yok
2022-07-07,2022,UEFA Europa Conference League,Lechia Gdansk,Akademija Pandev,4 - 1,3 - 0,1,5,Evet
2022-07-07,2022,UEFA Europa Conference League,Buducnost Podgorica,Llapi,2 - 0,2 - 0,1,2,Yok
2022-07-07,2022,UEFA Europa Conference League,Dunajska Streda,Cliftonville FC,2 - 1,1 - 1,1,3,Evet
2022-07-07,2022,UEFA Europa Conference League,Derry City,Riga,0 - 2,0 - 1,2,2,Yok
2022-07-07,2022,UEFA Europa Conference League,Tre Penne,Tuzla City,0 - 2,0 - 0,2,2,Yok
2022-07-12,2022,UEFA Europa Conference League,Drita,Inter Turku,3 - 0,1 - 0,1,3,Yok
2022-07-14,2022,UEFA Europa Conference League,FK Liepaja,Gjilani,3 - 1,0 - 0,1,4,Evet
2022-07-14,2022,UEFA Europa Conference League,Ararat,Shkendija,2 - 2,0 - 2,X,4,Evet
2022-07-14,2022,UEFA Europa Conference League,Akademija Pandev,Lechia Gdansk,1 - 2,0 - 1,2,3,Evet
2022-07-14,2022,UEFA Europa Conference League,Europa,Vikingur Gota,1 - 2,0 - 2,2,3,Evet
2022-07-14,2022,UEFA Europa Conference League,SJK,Flora Tallinn,4 - 2,0 - 1,1,6,Evet
2022-07-14,2022,UEFA Europa Conference League,Milsami Orhei,Panevėžys,2 - 0,1 - 0,1,2,Yok
2022-07-14,2022,UEFA Europa Conference League,Tuzla City,Tre Penne,6 - 0,1 - 0,1,6,Yok
2022-07-14,2022,UEFA Europa Conference League,Paide,Dinamo Tbilisi,1 - 2,0 - 0,2,3,Evet
2022-07-14,2022,UEFA Europa Conference League,Kauno Žalgiris,Ružomberok,0 - 0,0 - 0,X,0,Yok
2022-07-14,2022,UEFA Europa Conference League,B36 Torshavn,Borac Banja Luka,3 - 1,1 - 0,1,4,Evet
2022-07-14,2022,UEFA Europa Conference League,Petrocub,Floriana,1 - 0,1 - 0,1,1,Yok
2022-07-14,2022,UEFA Europa Conference League,Atlètic Club d'Escaldes,Gzira United,0 - 1,0 - 0,2,1,Yok
2022-07-14,2022,UEFA Europa Conference League,Dila,KuPS,0 - 0,0 - 0,X,0,Yok
2022-07-14,2022,UEFA Europa Conference League,Riga,Derry City,2 - 0,1 - 0,1,2,Yok
2022-07-14,2022,UEFA Europa Conference League,Newtown AFC,HB Torshavn,2 - 1,2 - 0,1,3,Evet
2022-07-14,2022,UEFA Europa Conference League,FC Differdange 03,Olimpija Ljubljana,1 - 2,1 - 0,2,3,Evet
2022-07-14,2022,UEFA Europa Conference League,Partizani,FC Iberia 1999,0 - 1,0 - 0,2,1,Yok
2022-07-14,2022,UEFA Europa Conference League,Sligo Rovers,Bala Town,0 - 1,0 - 1,2,1,Yok
2022-07-14,2022,UEFA Europa Conference League,Mura,Sfîntul Gheorghe,2 - 1,0 - 0,1,3,Evet
2022-07-14,2022,UEFA Europa Conference League,Hamrun Spartans,Alashkert,4 - 1,0 - 0,1,5,Evet
2022-07-14,2022,UEFA Europa Conference League,Llapi,Buducnost Podgorica,2 - 2,1 - 1,X,4,Evet
2022-07-14,2022,UEFA Europa Conference League,KR Reykjavik,Pogon Szczecin,1 - 0,1 - 0,1,1,Yok
2022-07-14,2022,UEFA Europa Conference League,Tre Fiori,Fola Esch,3 - 1,2 - 1,1,4,Evet
2022-07-14,2022,UEFA Europa Conference League,Dečić,Dinamo Minsk,1 - 2,0 - 1,2,3,Evet
2022-07-14,2022,UEFA Europa Conference League,Larne,St Joseph S Fc,0 - 1,0 - 0,2,1,Yok
2022-07-14,2022,UEFA Europa Conference League,Crusaders FC,Magpies,3 - 1,1 - 1,1,4,Evet
2022-07-14,2022,UEFA Europa Conference League,Cliftonville FC,Dunajska Streda,0 - 3,0 - 1,2,3,Yok
2022-07-14,2022,UEFA Europa Conference League,Iskra,Laci,0 - 1,0 - 1,2,1,Yok
2022-07-14,2022,UEFA Europa Conference League,Breidablik,UE Santa Coloma,4 - 1,1 - 1,1,5,Evet
2022-07-19,2022,UEFA Europa Conference League,Tirana,Zrinjski,0 - 1,0 - 1,2,1,Yok
2022-07-19,2022,UEFA Europa Conference League,Hibernians,FC Levadia Tallinn,3 - 2,2 - 0,1,5,Evet
2022-07-19,2022,UEFA Europa Conference League,La Fiorita,Ballkani,0 - 4,0 - 2,2,4,Yok
2022-07-20,2022,UEFA Europa Conference League,Vikingur Gota,Dunajska Streda,0 - 2,0 - 1,2,2,Yok
2022-07-20,2022,UEFA Europa Conference League,Botev Plovdiv,Apoel Nicosia,0 - 0,0 - 0,X,0,Yok
2022-07-20,2022,UEFA Europa Conference League,Sutjeska,KI Klaksvik,0 - 0,0 - 0,X,0,Yok
2022-07-21,2022,UEFA Europa Conference League,Kyzyl-Zhar,NK Osijek,1 - 2,0 - 0,2,3,Evet
2022-07-21,2022,UEFA Europa Conference League,FK Liepaja,BSC Young Boys,0 - 1,0 - 0,2,1,Yok
2022-07-21,2022,UEFA Europa Conference League,Kairat Almaty,Kisvarda FC,0 - 1,0 - 0,2,1,Yok
2022-07-21,2022,UEFA Europa Conference League,FK Tobol Kostanay,Lincoln Red Imps FC,2 - 0,0 - 0,1,2,Yok
2022-07-21,2022,UEFA Europa Conference League,Ararat-Armenia,Paide,0 - 0,0 - 0,X,0,Yok
2022-07-21,2022,UEFA Europa Conference League,Valmiera / BSS,Shkendija,1 - 2,1 - 1,2,3,Evet
2022-07-21,2022,UEFA Europa Conference League,Makedonija GjP,CSKA Sofia,0 - 0,0 - 0,X,0,Yok
2022-07-21,2022,UEFA Europa Conference League,Molde,IF Elfsborg,4 - 1,0 - 1,1,5,Evet
2022-07-21,2022,UEFA Europa Conference League,Lech Poznan,Dinamo Batumi,5 - 0,3 - 0,1,5,Yok
2022-07-21,2022,UEFA Europa Conference League,Zira,Maccabi Tel Aviv,0 - 3,0 - 2,2,3,Yok
2022-07-21,2022,UEFA Europa Conference League,SJK,Lillestrom,0 - 1,0 - 0,2,1,Yok
2022-07-21,2022,UEFA Europa Conference League,KuPS,Milsami Orhei,2 - 2,0 - 0,X,4,Evet
2022-07-21,2022,UEFA Europa Conference League,FC Iberia 1999,FCSB,1 - 0,1 - 0,1,1,Yok
2022-07-21,2022,UEFA Europa Conference League,Koper,FC Vaduz,0 - 1,0 - 0,2,1,Yok
2022-07-21,2022,UEFA Europa Conference League,Pogon Szczecin,Brondby,1 - 1,0 - 1,X,2,Evet
2022-07-21,2022,UEFA Europa Conference League,Suduva Marijampole,Viborg,0 - 1,0 - 0,2,1,Yok
2022-07-21,2022,UEFA Europa Conference League,Ružomberok,Riga,0 - 3,0 - 2,2,3,Yok
2022-07-21,2022,UEFA Europa Conference League,FC Basel 1893,Crusaders FC,2 - 0,1 - 0,1,2,Yok
2022-07-21,2022,UEFA Europa Conference League,Fehérvár FC,Qabala,4 - 1,1 - 1,1,5,Evet
2022-07-21,2022,UEFA Europa Conference League,Sparta Praha,Viking,0 - 0,0 - 0,X,0,Yok
2022-07-21,2022,UEFA Europa Conference League,Levski Sofia,PAOK,2 - 0,2 - 0,1,2,Yok
2022-07-21,2022,UEFA Europa Conference League,B36 Torshavn,Tre Fiori,1 - 0,0 - 0,1,1,Yok
2022-07-21,2022,UEFA Europa Conference League,St Joseph S Fc,Slavia Praha,0 - 4,0 - 3,2,4,Yok
2022-07-21,2022,UEFA Europa Conference League,Antwerp,Drita,0 - 0,0 - 0,X,0,Yok
2022-07-21,2022,UEFA Europa Conference League,Rapid Vienna,Lechia Gdansk,0 - 0,0 - 0,X,0,Yok
2022-07-21,2022,UEFA Europa Conference League,Vorskla Poltava,AIK Stockholm,3 - 2,2 - 2,1,5,Evet
2022-07-21,2022,UEFA Europa Conference League,Gzira United,Radnicki NIS,2 - 2,0 - 1,X,4,Evet
2022-07-21,2022,UEFA Europa Conference League,Petrocub,Laci,0 - 0,0 - 0,X,0,Yok
2022-07-21,2022,UEFA Europa Conference League,Hapoel Beer Sheva,Dinamo Minsk,2 - 1,1 - 0,1,3,Evet
2022-07-21,2022,UEFA Europa Conference League,CFR 1907 Cluj,Inter Club d'Escaldes,3 - 0,2 - 0,1,3,Yok
2022-07-21,2022,UEFA Europa Conference League,Aris,Neftchi Baku,2 - 0,0 - 0,1,2,Yok
2022-07-21,2022,UEFA Europa Conference League,Başakşehir,Maccabi Netanya,1 - 1,0 - 1,X,2,Evet
2022-07-21,2022,UEFA Europa Conference League,Aris Thessalonikis,FC Gomel,5 - 1,3 - 1,1,6,Evet
2022-07-21,2022,UEFA Europa Conference League,Racing FC Union Luxembourg,Cukaricki,1 - 4,1 - 2,2,5,Evet
2022-07-21,2022,UEFA Europa Conference League,Sepsi OSK Sfantu Gheorghe,Olimpija Ljubljana,3 - 1,1 - 1,1,4,Evet
2022-07-21,2022,UEFA Europa Conference League,AZ Alkmaar,Tuzla City,1 - 0,1 - 0,1,1,Yok
2022-07-21,2022,UEFA Europa Conference League,HNK Rijeka,Djurgardens IF,1 - 2,1 - 1,2,3,Evet
2022-07-21,2022,UEFA Europa Conference League,Spartak Trnava,Newtown AFC,4 - 1,3 - 1,1,5,Evet
2022-07-21,2022,UEFA Europa Conference League,Velež,Hamrun Spartans,0 - 1,0 - 1,2,1,Yok
2022-07-21,2022,UEFA Europa Conference League,Motherwell,Sligo Rovers,0 - 1,0 - 1,2,1,Yok
2022-07-21,2022,UEFA Europa Conference League,St Patrick's Athl.,Mura,1 - 1,0 - 1,X,2,Evet
2022-07-21,2022,UEFA Europa Conference League,Bate Borisov,Konyaspor,0 - 3,0 - 1,2,3,Yok
2022-07-21,2022,UEFA Europa Conference League,Vllaznia Shkodër,CS Universitatea Craiova,1 - 1,0 - 1,X,2,Evet
2022-07-21,2022,UEFA Europa Conference League,Raków Częstochowa,FC Astana,5 - 0,2 - 0,1,5,Yok
2022-07-21,2022,UEFA Europa Conference League,Breidablik,Buducnost Podgorica,2 - 0,0 - 0,1,2,Yok
2022-07-21,2022,UEFA Europa Conference League,Vitória SC,Puskas Academy,3 - 0,2 - 0,1,3,Yok
2022-07-21,2022,UEFA Europa Conference League,Vikingur Reykjavik,The New Saints,2 - 0,1 - 0,1,2,Yok
2022-07-26,2022,UEFA Europa Conference League,Lincoln Red Imps FC,FK Tobol Kostanay,0 - 1,0 - 1,2,1,Yok
2022-07-26,2022,UEFA Europa Conference League,The New Saints,Vikingur Reykjavik,0 - 0,0 - 0,X,0,Yok
2022-07-26,2022,UEFA Europa Conference League,Ballkani,La Fiorita,6 - 0,2 - 0,1,6,Yok
2022-07-27,2022,UEFA Europa Conference League,Inter Club d'Escaldes,CFR 1907 Cluj,1 - 1,1 - 0,X,2,Evet
2022-07-27,2022,UEFA Europa Conference League,AIK Stockholm,Vorskla Poltava,2 - 0,1 - 0,1,2,Yok
2022-07-27,2022,UEFA Europa Conference League,FC Gomel,Aris Thessalonikis,1 - 2,0 - 1,2,3,Evet
2022-07-27,2022,UEFA Europa Conference League,KI Klaksvik,Sutjeska,1 - 0,0 - 0,1,1,Yok
2022-07-28,2022,UEFA Europa Conference League,FC Astana,Raków Częstochowa,0 - 1,0 - 1,2,1,Yok
2022-07-28,2022,UEFA Europa Conference League,Qabala,Fehérvár FC,2 - 1,1 - 1,1,3,Evet
2022-07-28,2022,UEFA Europa Conference League,Milsami Orhei,KuPS,1 - 4,1 - 1,2,5,Evet
2022-07-28,2022,UEFA Europa Conference League,Kisvarda FC,Kairat Almaty,1 - 0,1 - 0,1,1,Yok
2022-07-28,2022,UEFA Europa Conference League,Paide,Ararat-Armenia,0 - 0,0 - 0,X,0,Yok
2022-07-28,2022,UEFA Europa Conference League,IF Elfsborg,Molde,1 - 2,1 - 0,2,3,Evet
2022-07-28,2022,UEFA Europa Conference League,Maccabi Netanya,Başakşehir,0 - 1,0 - 1,2,1,Yok
2022-07-28,2022,UEFA Europa Conference League,Lillestrom,SJK,5 - 2,2 - 1,1,7,Evet
2022-07-28,2022,UEFA Europa Conference League,Newtown AFC,Spartak Trnava,1 - 2,1 - 0,2,3,Evet
2022-07-28,2022,UEFA Europa Conference League,Djurgardens IF,HNK Rijeka,2 - 0,0 - 0,1,2,Yok
2022-07-28,2022,UEFA Europa Conference League,Slavia Praha,St Joseph S Fc,7 - 0,4 - 0,1,7,Yok
2022-07-28,2022,UEFA Europa Conference League,Olimpija Ljubljana,Sepsi OSK Sfantu Gheorghe,2 - 0,0 - 0,1,2,Yok
2022-07-28,2022,UEFA Europa Conference League,Dinamo Batumi,Lech Poznan,1 - 1,0 - 0,X,2,Evet
2022-07-28,2022,UEFA Europa Conference League,Viking,Sparta Praha,2 - 1,1 - 1,1,3,Evet
2022-07-28,2022,UEFA Europa Conference League,CSKA Sofia,Makedonija GjP,4 - 0,1 - 0,1,4,Yok
2022-07-28,2022,UEFA Europa Conference League,Viborg,Suduva Marijampole,1 - 0,1 - 0,1,1,Yok
2022-07-28,2022,UEFA Europa Conference League,Apoel Nicosia,Botev Plovdiv,2 - 0,1 - 0,1,2,Yok
2022-07-28,2022,UEFA Europa Conference League,Radnicki NIS,Gzira United,3 - 3,1 - 1,X,6,Evet
2022-07-28,2022,UEFA Europa Conference League,Neftchi Baku,Aris,3 - 0,1 - 0,1,3,Yok
2022-07-28,2022,UEFA Europa Conference League,FC Levadia Tallinn,Hibernians,1 - 1,0 - 0,X,2,Evet
2022-07-28,2022,UEFA Europa Conference League,Riga,Ružomberok,2 - 1,1 - 0,1,3,Evet
2022-07-28,2022,UEFA Europa Conference League,FCSB,FC Iberia 1999,4 - 2,1 - 0,1,6,Evet
2022-07-28,2022,UEFA Europa Conference League,Maccabi Tel Aviv,Zira,0 - 0,0 - 0,X,0,Yok
2022-07-28,2022,UEFA Europa Conference League,PAOK,Levski Sofia,1 - 1,0 - 1,X,2,Evet
2022-07-28,2022,UEFA Europa Conference League,CS Universitatea Craiova,Vllaznia Shkodër,3 - 0,0 - 0,1,3,Yok
2022-07-28,2022,UEFA Europa Conference League,Lechia Gdansk,Rapid Vienna,1 - 2,0 - 2,2,3,Evet
2022-07-28,2022,UEFA Europa Conference League,Dinamo Minsk,Hapoel Beer Sheva,0 - 1,0 - 0,2,1,Yok
2022-07-28,2022,UEFA Europa Conference League,Brondby,Pogon Szczecin,4 - 0,2 - 0,1,4,Yok
2022-07-28,2022,UEFA Europa Conference League,BSC Young Boys,FK Liepaja,3 - 0,2 - 0,1,3,Yok
2022-07-28,2022,UEFA Europa Conference League,Konyaspor,Bate Borisov,2 - 0,2 - 0,1,2,Yok
2022-07-28,2022,UEFA Europa Conference League,Shkendija,Valmiera / BSS,3 - 1,2 - 1,1,4,Evet
2022-07-28,2022,UEFA Europa Conference League,FC Vaduz,Koper,1 - 1,0 - 0,X,2,Evet
2022-07-28,2022,UEFA Europa Conference League,Laci,Petrocub,1 - 4,1 - 0,2,5,Evet
2022-07-28,2022,UEFA Europa Conference League,Cukaricki,Racing FC Union Luxembourg,4 - 0,2 - 0,1,4,Yok
2022-07-28,2022,UEFA Europa Conference League,Sligo Rovers,Motherwell,2 - 0,1 - 0,1,2,Yok
2022-07-28,2022,UEFA Europa Conference League,Mura,St Patrick's Athl.,0 - 0,0 - 0,X,0,Yok
2022-07-28,2022,UEFA Europa Conference League,Hamrun Spartans,Velež,1 - 0,1 - 0,1,1,Yok
2022-07-28,2022,UEFA Europa Conference League,Drita,Antwerp,0 - 2,0 - 0,2,2,Yok
2022-07-28,2022,UEFA Europa Conference League,Buducnost Podgorica,Breidablik,2 - 1,1 - 0,1,3,Evet
2022-07-28,2022,UEFA Europa Conference League,NK Osijek,Kyzyl-Zhar,0 - 2,0 - 0,2,2,Yok
2022-07-28,2022,UEFA Europa Conference League,Tre Fiori,B36 Torshavn,0 - 0,0 - 0,X,0,Yok
2022-07-28,2022,UEFA Europa Conference League,Tuzla City,AZ Alkmaar,0 - 4,0 - 1,2,4,Yok
2022-07-28,2022,UEFA Europa Conference League,Zrinjski,Tirana,3 - 2,2 - 0,1,5,Evet
2022-07-28,2022,UEFA Europa Conference League,Crusaders FC,FC Basel 1893,1 - 1,0 - 1,X,2,Evet
2022-07-28,2022,UEFA Europa Conference League,Dunajska Streda,Vikingur Gota,2 - 0,2 - 0,1,2,Yok
2022-07-28,2022,UEFA Europa Conference League,Puskas Academy,Vitória SC,0 - 0,0 - 0,X,0,Yok
2022-08-03,2022,UEFA Europa Conference League,Viborg,B36 Torshavn,3 - 0,1 - 0,1,3,Yok
2022-08-03,2022,UEFA Europa Conference League,Riga,GIL Vicente,1 - 1,1 - 0,X,2,Evet
2022-08-03,2022,UEFA Europa Conference League,Wolfsberger AC,Gzira United,0 - 0,0 - 0,X,0,Yok
2022-08-03,2022,UEFA Europa Conference League,Dunajska Streda,FCSB,0 - 1,0 - 0,2,1,Yok
2022-08-04,2022,UEFA Europa Conference League,KuPS,BSC Young Boys,0 - 2,0 - 2,2,2,Yok
2022-08-04,2022,UEFA Europa Conference League,Rīgas FS,Hibernians,1 - 1,0 - 1,X,2,Evet
2022-08-04,2022,UEFA Europa Conference League,Spartak Trnava,Raków Częstochowa,0 - 2,0 - 2,2,2,Yok
2022-08-04,2022,UEFA Europa Conference League,Paide,Anderlecht,0 - 2,0 - 2,2,2,Yok
2022-08-04,2022,UEFA Europa Conference League,Lillestrom,Antwerp,1 - 3,1 - 1,2,4,Evet
2022-08-04,2022,UEFA Europa Conference League,Molde,Kisvarda FC,3 - 0,0 - 0,1,3,Yok
2022-08-04,2022,UEFA Europa Conference League,AIK Stockholm,Shkendija,1 - 1,1 - 1,X,2,Evet
2022-08-04,2022,UEFA Europa Conference League,Shakhter Soligorsk,CFR 1907 Cluj,0 - 0,0 - 0,X,0,Yok
2022-08-04,2022,UEFA Europa Conference League,Slavia Praha,Panathinaikos,2 - 0,1 - 0,1,2,Yok
2022-08-04,2022,UEFA Europa Conference League,Maccabi Tel Aviv,Aris Thessalonikis,2 - 0,1 - 0,1,2,Yok
2022-08-04,2022,UEFA Europa Conference League,Viking,Sligo Rovers,5 - 1,2 - 0,1,6,Evet
2022-08-04,2022,UEFA Europa Conference League,CSKA Sofia,St Patrick's Athl.,0 - 1,0 - 0,2,1,Yok
2022-08-04,2022,UEFA Europa Conference League,Apoel Nicosia,Kyzyl-Zhar,1 - 0,1 - 0,1,1,Yok
2022-08-04,2022,UEFA Europa Conference League,Neftchi Baku,Rapid Vienna,2 - 1,1 - 0,1,3,Evet
2022-08-04,2022,UEFA Europa Conference League,Zorya Luhansk,Universitatea Craiova,1 - 0,0 - 0,1,1,Yok
2022-08-04,2022,UEFA Europa Conference League,Hamrun Spartans,Levski Sofia,0 - 1,0 - 0,2,1,Yok
2022-08-04,2022,UEFA Europa Conference League,FC Lugano,Hapoel Beer Sheva,0 - 2,0 - 1,2,2,Yok
2022-08-04,2022,UEFA Europa Conference League,FC Vaduz,Konyaspor,1 - 1,0 - 0,X,2,Evet
2022-08-04,2022,UEFA Europa Conference League,Sepsi OSK Sfantu Gheorghe,Djurgardens IF,1 - 3,0 - 2,2,4,Evet
2022-08-04,2022,UEFA Europa Conference League,Cukaricki,Twente,1 - 3,0 - 3,2,4,Evet
2022-08-04,2022,UEFA Europa Conference League,Ballkani,KI Klaksvik,3 - 2,2 - 0,1,5,Evet
2022-08-04,2022,UEFA Europa Conference League,Brondby,FC Basel 1893,1 - 0,0 - 0,1,1,Yok
2022-08-04,2022,UEFA Europa Conference League,Breidablik,Başakşehir,1 - 3,0 - 1,2,4,Evet
2022-08-04,2022,UEFA Europa Conference League,Vikingur Reykjavik,Lech Poznan,1 - 0,1 - 0,1,1,Yok
2022-08-04,2022,UEFA Europa Conference League,Fehérvár FC,Petrocub,5 - 0,3 - 0,1,5,Yok
2022-08-04,2022,UEFA Europa Conference League,Zrinjski,FK Tobol Kostanay,1 - 0,0 - 0,1,1,Yok
2022-08-04,2022,UEFA Europa Conference League,HNK Hajduk Split,Vitória SC,3 - 1,0 - 0,1,4,Evet
2022-08-04,2022,UEFA Europa Conference League,Dundee Utd,AZ Alkmaar,1 - 0,0 - 0,1,1,Yok
2022-08-09,2022,UEFA Europa Conference League,Gzira United,Wolfsberger AC,0 - 4,0 - 2,2,4,Yok
2022-08-09,2022,UEFA Europa Conference League,B36 Torshavn,Viborg,1 - 2,0 - 0,2,3,Evet
2022-08-10,2022,UEFA Europa Conference League,Vitória SC,HNK Hajduk Split,1 - 0,1 - 0,1,1,Yok
2022-08-11,2022,UEFA Europa Conference League,Kyzyl-Zhar,Apoel Nicosia,0 - 0,0 - 0,X,0,Yok
2022-08-11,2022,UEFA Europa Conference League,FK Tobol Kostanay,Zrinjski,1 - 1,0 - 1,X,2,Evet
2022-08-11,2022,UEFA Europa Conference League,Raków Częstochowa,Spartak Trnava,1 - 0,0 - 0,1,1,Yok
2022-08-11,2022,UEFA Europa Conference League,Djurgardens IF,Sepsi OSK Sfantu Gheorghe,3 - 1,2 - 1,1,4,Evet
2022-08-11,2022,UEFA Europa Conference League,Twente,Cukaricki,4 - 1,2 - 1,1,5,Evet
2022-08-11,2022,UEFA Europa Conference League,FC Basel 1893,Brondby,2 - 1,2 - 1,1,3,Evet
2022-08-11,2022,UEFA Europa Conference League,Hapoel Beer Sheva,FC Lugano,3 - 1,0 - 0,1,4,Evet
2022-08-11,2022,UEFA Europa Conference League,Konyaspor,FC Vaduz,2 - 4,1 - 2,2,6,Evet
2022-08-11,2022,UEFA Europa Conference League,CFR 1907 Cluj,Shakhter Soligorsk,1 - 0,1 - 0,1,1,Yok
2022-08-11,2022,UEFA Europa Conference League,Petrocub,Fehérvár FC,1 - 2,1 - 2,2,3,Evet
2022-08-11,2022,UEFA Europa Conference League,FCSB,Dunajska Streda,1 - 0,1 - 0,1,1,Yok
2022-08-11,2022,UEFA Europa Conference League,Panathinaikos,Slavia Praha,1 - 1,0 - 0,X,2,Evet
2022-08-11,2022,UEFA Europa Conference League,Universitatea Craiova,Zorya Luhansk,3 - 0,1 - 0,1,3,Yok
2022-08-11,2022,UEFA Europa Conference League,Antwerp,Lillestrom,2 - 0,1 - 0,1,2,Yok
2022-08-11,2022,UEFA Europa Conference League,Başakşehir,Breidablik,3 - 0,1 - 0,1,3,Yok
2022-08-11,2022,UEFA Europa Conference League,Anderlecht,Paide,3 - 0,0 - 0,1,3,Yok
2022-08-11,2022,UEFA Europa Conference League,Shkendija,AIK Stockholm,1 - 1,1 - 0,X,2,Evet
2022-08-11,2022,UEFA Europa Conference League,Levski Sofia,Hamrun Spartans,1 - 2,0 - 0,2,3,Evet
2022-08-11,2022,UEFA Europa Conference League,KI Klaksvik,Ballkani,2 - 1,0 - 0,1,3,Evet
2022-08-11,2022,UEFA Europa Conference League,Aris Thessalonikis,Maccabi Tel Aviv,2 - 1,0 - 0,1,3,Evet
2022-08-11,2022,UEFA Europa Conference League,Sligo Rovers,Viking,1 - 0,1 - 0,1,1,Yok
2022-08-11,2022,UEFA Europa Conference League,Hibernians,Rīgas FS,1 - 3,0 - 1,2,4,Evet
2022-08-11,2022,UEFA Europa Conference League,Lech Poznan,Vikingur Reykjavik,4 - 1,2 - 0,1,5,Evet
2022-08-11,2022,UEFA Europa Conference League,Rapid Vienna,Neftchi Baku,2 - 0,0 - 0,1,2,Yok
2022-08-11,2022,UEFA Europa Conference League,St Patrick's Athl.,CSKA Sofia,0 - 2,0 - 1,2,2,Yok
2022-08-11,2022,UEFA Europa Conference League,AZ Alkmaar,Dundee Utd,7 - 0,5 - 0,1,7,Yok
2022-08-11,2022,UEFA Europa Conference League,BSC Young Boys,KuPS,3 - 0,2 - 0,1,3,Yok
2022-08-11,2022,UEFA Europa Conference League,GIL Vicente,Riga,4 - 0,3 - 0,1,4,Yok
2022-08-11,2022,UEFA Europa Conference League,Kisvarda FC,Molde,2 - 1,2 - 0,1,3,Evet
2022-08-17,2022,UEFA Europa Conference League,Djurgardens IF,Apoel Nicosia,3 - 0,1 - 0,1,3,Yok
2022-08-18,2022,UEFA Europa Conference League,Raków Częstochowa,Slavia Praha,2 - 1,1 - 0,1,3,Evet
2022-08-18,2022,UEFA Europa Conference League,Molde,Wolfsberger AC,0 - 1,0 - 1,2,1,Yok
2022-08-18,2022,UEFA Europa Conference League,BSC Young Boys,Anderlecht,0 - 1,0 - 0,2,1,Yok
2022-08-18,2022,UEFA Europa Conference League,Maccabi Tel Aviv,Nice,1 - 0,0 - 0,1,1,Yok
2022-08-18,2022,UEFA Europa Conference League,CSKA Sofia,FC Basel 1893,1 - 0,0 - 0,1,1,Yok
2022-08-18,2022,UEFA Europa Conference League,Slovácko,AIK Stockholm,3 - 0,1 - 0,1,3,Yok
2022-08-18,2022,UEFA Europa Conference League,Rīgas FS,Linfield,2 - 2,0 - 1,X,4,Evet
2022-08-18,2022,UEFA Europa Conference League,Universitatea Craiova,Hapoel Beer Sheva,1 - 1,0 - 0,X,2,Evet
2022-08-18,2022,UEFA Europa Conference League,Başakşehir,Antwerp,1 - 1,0 - 0,X,2,Evet
2022-08-18,2022,UEFA Europa Conference League,Zrinjski,Slovan Bratislava,1 - 0,0 - 0,1,1,Yok
2022-08-18,2022,UEFA Europa Conference League,FC Vaduz,Rapid Vienna,1 - 1,1 - 0,X,2,Evet
2022-08-18,2022,UEFA Europa Conference League,Maribor,CFR 1907 Cluj,0 - 0,0 - 0,X,0,Yok
2022-08-18,2022,UEFA Europa Conference League,1. FC Köln,Fehérvár FC,1 - 2,1 - 2,2,3,Evet
2022-08-18,2022,UEFA Europa Conference League,Lech Poznan,F91 Dudelange,2 - 0,1 - 0,1,2,Yok
2022-08-18,2022,UEFA Europa Conference League,FCSB,Viking,1 - 2,1 - 2,2,3,Evet
2022-08-18,2022,UEFA Europa Conference League,West Ham,Viborg,3 - 1,1 - 0,1,4,Evet
2022-08-18,2022,UEFA Europa Conference League,Villarreal,HNK Hajduk Split,4 - 2,4 - 1,1,6,Evet
2022-08-18,2022,UEFA Europa Conference League,AZ Alkmaar,GIL Vicente,4 - 0,1 - 0,1,4,Yok
2022-08-18,2022,UEFA Europa Conference League,Fiorentina,Twente,2 - 1,2 - 0,1,3,Evet
2022-08-18,2022,UEFA Europa Conference League,FK Partizan,Hamrun Spartans,4 - 1,3 - 0,1,5,Evet
2022-08-18,2022,UEFA Europa Conference League,Shkupi 1927,Ballkani,1 - 2,1 - 1,2,3,Evet
2022-08-23,2022,UEFA Europa Conference League,Apoel Nicosia,Djurgardens IF,3 - 2,2 - 0,1,5,Evet
2022-08-25,2022,UEFA Europa Conference League,AIK Stockholm,Slovácko,0 - 1,0 - 0,2,1,Yok
2022-08-25,2022,UEFA Europa Conference League,Twente,Fiorentina,0 - 0,0 - 0,X,0,Yok
2022-08-25,2022,UEFA Europa Conference League,FC Basel 1893,CSKA Sofia,2 - 0,0 - 0,1,2,Yok
2022-08-25,2022,UEFA Europa Conference League,Slavia Praha,Raków Częstochowa,2 - 0,0 - 0,1,2,Yok
2022-08-25,2022,UEFA Europa Conference League,Hapoel Beer Sheva,Universitatea Craiova,1 - 1,0 - 0,X,2,Evet
2022-08-25,2022,UEFA Europa Conference League,Fehérvár FC,1. FC Köln,0 - 3,0 - 1,2,3,Yok
2022-08-25,2022,UEFA Europa Conference League,Viking,FCSB,1 - 3,1 - 1,2,4,Evet
2022-08-25,2022,UEFA Europa Conference League,Wolfsberger AC,Molde,0 - 4,0 - 2,2,4,Yok
2022-08-25,2022,UEFA Europa Conference League,Viborg,West Ham,0 - 3,0 - 1,2,3,Yok
2022-08-25,2022,UEFA Europa Conference League,CFR 1907 Cluj,Maribor,1 - 0,0 - 0,1,1,Yok
2022-08-25,2022,UEFA Europa Conference League,Nice,Maccabi Tel Aviv,2 - 0,1 - 0,1,2,Yok
2022-08-25,2022,UEFA Europa Conference League,Anderlecht,BSC Young Boys,0 - 1,0 - 1,2,1,Yok
2022-08-25,2022,UEFA Europa Conference League,Hamrun Spartans,FK Partizan,3 - 3,1 - 1,X,6,Evet
2022-08-25,2022,UEFA Europa Conference League,Ballkani,Shkupi 1927,1 - 0,0 - 0,1,1,Yok
2022-08-25,2022,UEFA Europa Conference League,F91 Dudelange,Lech Poznan,1 - 1,1 - 0,X,2,Evet
2022-08-25,2022,UEFA Europa Conference League,Slovan Bratislava,Zrinjski,2 - 1,0 - 0,1,3,Evet
2022-08-25,2022,UEFA Europa Conference League,Linfield,Rīgas FS,1 - 1,0 - 0,X,2,Evet
2022-08-25,2022,UEFA Europa Conference League,Antwerp,Başakşehir,1 - 3,0 - 1,2,4,Evet
2022-08-25,2022,UEFA Europa Conference League,HNK Hajduk Split,Villarreal,0 - 2,0 - 1,2,2,Yok
2022-08-25,2022,UEFA Europa Conference League,GIL Vicente,AZ Alkmaar,1 - 2,0 - 0,2,3,Evet
2022-08-25,2022,UEFA Europa Conference League,Rapid Vienna,FC Vaduz,0 - 1,0 - 1,2,1,Yok
2022-09-08,2022,UEFA Europa Conference League,Nice,1. FC Köln,1 - 1,0 - 1,X,2,Evet
2022-09-08,2022,UEFA Europa Conference League,Heart Of Midlothian,Başakşehir,0 - 4,0 - 1,2,4,Yok
2022-09-08,2022,UEFA Europa Conference League,Fiorentina,Rīgas FS,1 - 1,0 - 0,X,2,Evet
2022-09-08,2022,UEFA Europa Conference League,Villarreal,Lech Poznan,4 - 3,3 - 1,1,7,Evet
2022-09-08,2022,UEFA Europa Conference League,Anderlecht,Silkeborg,1 - 0,0 - 0,1,1,Yok
2022-09-08,2022,UEFA Europa Conference League,Austria Vienna,Hapoel Beer Sheva,0 - 0,0 - 0,X,0,Yok
2022-09-08,2022,UEFA Europa Conference League,Slovácko,FK Partizan,3 - 3,2 - 0,X,6,Evet
2022-09-08,2022,UEFA Europa Conference League,Ballkani,CFR 1907 Cluj,1 - 1,0 - 0,X,2,Evet
2022-09-08,2022,UEFA Europa Conference League,West Ham,FCSB,3 - 1,0 - 1,1,4,Evet
2022-09-08,2022,UEFA Europa Conference League,Molde,Gent,0 - 0,0 - 0,X,0,Yok
2022-09-08,2022,UEFA Europa Conference League,FC Basel 1893,Pyunik Yerevan,3 - 1,1 - 1,1,4,Evet
2022-09-08,2022,UEFA Europa Conference League,Shamrock Rovers,Djurgardens IF,0 - 0,0 - 0,X,0,Yok
2022-09-08,2022,UEFA Europa Conference League,Slovan Bratislava,FK Zalgiris Vilnius,0 - 0,0 - 0,X,0,Yok
2022-09-08,2022,UEFA Europa Conference League,FC Vaduz,Apollon Limassol,0 - 0,0 - 0,X,0,Yok
2022-09-08,2022,UEFA Europa Conference League,Sivasspor,Slavia Praha,1 - 1,1 - 1,X,2,Evet
2022-09-08,2022,UEFA Europa Conference League,Dnipro-1,AZ Alkmaar,0 - 1,0 - 0,2,1,Yok
2022-09-15,2022,UEFA Europa Conference League,AZ Alkmaar,FC Vaduz,4 - 1,1 - 1,1,5,Evet
2022-09-15,2022,UEFA Europa Conference League,Djurgardens IF,Molde,3 - 2,0 - 1,1,5,Evet
2022-09-15,2022,UEFA Europa Conference League,Slavia Praha,Ballkani,3 - 2,3 - 2,1,5,Evet
2022-09-15,2022,UEFA Europa Conference League,FK Zalgiris Vilnius,FC Basel 1893,0 - 1,0 - 0,2,1,Yok
2022-09-15,2022,UEFA Europa Conference League,Apollon Limassol,Dnipro-1,1 - 3,0 - 3,2,4,Evet
2022-09-15,2022,UEFA Europa Conference League,Gent,Shamrock Rovers,3 - 0,2 - 0,1,3,Yok
2022-09-15,2022,UEFA Europa Conference League,Pyunik Yerevan,Slovan Bratislava,2 - 0,2 - 0,1,2,Yok
2022-09-15,2022,UEFA Europa Conference League,CFR 1907 Cluj,Sivasspor,0 - 1,0 - 1,2,1,Yok
2022-09-15,2022,UEFA Europa Conference League,1. FC Köln,Slovácko,4 - 2,2 - 0,1,6,Evet
2022-09-15,2022,UEFA Europa Conference League,Lech Poznan,Austria Vienna,4 - 1,1 - 1,1,5,Evet
2022-09-15,2022,UEFA Europa Conference League,FCSB,Anderlecht,0 - 0,0 - 0,X,0,Yok
2022-09-15,2022,UEFA Europa Conference League,Hapoel Beer Sheva,Villarreal,1 - 2,0 - 1,2,3,Evet
2022-09-15,2022,UEFA Europa Conference League,Başakşehir,Fiorentina,3 - 0,0 - 0,1,3,Yok
2022-09-15,2022,UEFA Europa Conference League,FK Partizan,Nice,1 - 1,0 - 1,X,2,Evet
2022-09-15,2022,UEFA Europa Conference League,Silkeborg,West Ham,2 - 3,1 - 3,2,5,Evet
2022-09-15,2022,UEFA Europa Conference League,Rīgas FS,Heart Of Midlothian,0 - 2,0 - 1,2,2,Yok
2022-10-06,2022,UEFA Europa Conference League,Molde,Shamrock Rovers,3 - 0,1 - 0,1,3,Yok
2022-10-06,2022,UEFA Europa Conference League,Lech Poznan,Hapoel Beer Sheva,0 - 0,0 - 0,X,0,Yok
2022-10-06,2022,UEFA Europa Conference League,Anderlecht,West Ham,0 - 1,0 - 0,2,1,Yok
2022-10-06,2022,UEFA Europa Conference League,Pyunik Yerevan,FK Zalgiris Vilnius,2 - 0,1 - 0,1,2,Yok
2022-10-06,2022,UEFA Europa Conference League,Sivasspor,Ballkani,3 - 4,1 - 2,2,7,Evet
2022-10-06,2022,UEFA Europa Conference League,Silkeborg,FCSB,5 - 0,3 - 0,1,5,Yok
2022-10-06,2022,UEFA Europa Conference League,Dnipro-1,FC Vaduz,2 - 2,1 - 1,X,4,Evet
2022-10-06,2022,UEFA Europa Conference League,Slovácko,Nice,0 - 1,0 - 0,2,1,Yok
2022-10-06,2022,UEFA Europa Conference League,1. FC Köln,FK Partizan,0 - 1,0 - 1,2,1,Yok
2022-10-06,2022,UEFA Europa Conference League,AZ Alkmaar,Apollon Limassol,3 - 2,1 - 1,1,5,Evet
2022-10-06,2022,UEFA Europa Conference League,Heart Of Midlothian,Fiorentina,0 - 3,0 - 2,2,3,Yok
2022-10-06,2022,UEFA Europa Conference League,Villarreal,Austria Vienna,5 - 0,2 - 0,1,5,Yok
2022-10-06,2022,UEFA Europa Conference League,FC Basel 1893,Slovan Bratislava,0 - 2,0 - 2,2,2,Yok
2022-10-06,2022,UEFA Europa Conference League,Slavia Praha,CFR 1907 Cluj,0 - 1,0 - 1,2,1,Yok
2022-10-06,2022,UEFA Europa Conference League,Gent,Djurgardens IF,0 - 1,0 - 1,2,1,Yok
2022-10-06,2022,UEFA Europa Conference League,Rīgas FS,Başakşehir,0 - 0,0 - 0,X,0,Yok
2022-10-13,2022,UEFA Europa Conference League,Djurgardens IF,Gent,4 - 2,3 - 0,1,6,Evet
2022-10-13,2022,UEFA Europa Conference League,Fiorentina,Heart Of Midlothian,5 - 1,4 - 0,1,6,Evet
2022-10-13,2022,UEFA Europa Conference League,Başakşehir,Rīgas FS,3 - 0,2 - 0,1,3,Yok
2022-10-13,2022,UEFA Europa Conference League,FK Partizan,1. FC Köln,2 - 0,1 - 0,1,2,Yok
2022-10-13,2022,UEFA Europa Conference League,Austria Vienna,Villarreal,0 - 1,0 - 0,2,1,Yok
2022-10-13,2022,UEFA Europa Conference League,Apollon Limassol,AZ Alkmaar,1 - 0,1 - 0,1,1,Yok
2022-10-13,2022,UEFA Europa Conference League,Slovan Bratislava,FC Basel 1893,3 - 3,1 - 1,X,6,Evet
2022-10-13,2022,UEFA Europa Conference League,CFR 1907 Cluj,Slavia Praha,2 - 0,1 - 0,1,2,Yok
2022-10-13,2022,UEFA Europa Conference League,West Ham,Anderlecht,2 - 1,2 - 0,1,3,Evet
2022-10-13,2022,UEFA Europa Conference League,Nice,Slovácko,1 - 2,1 - 0,2,3,Evet
2022-10-13,2022,UEFA Europa Conference League,FCSB,Silkeborg,0 - 5,0 - 2,2,5,Yok
2022-10-13,2022,UEFA Europa Conference League,Hapoel Beer Sheva,Lech Poznan,1 - 1,1 - 1,X,2,Evet
2022-10-13,2022,UEFA Europa Conference League,FK Zalgiris Vilnius,Pyunik Yerevan,2 - 1,2 - 0,1,3,Evet
2022-10-13,2022,UEFA Europa Conference League,Shamrock Rovers,Molde,0 - 2,0 - 1,2,2,Yok
2022-10-13,2022,UEFA Europa Conference League,FC Vaduz,Dnipro-1,1 - 2,1 - 1,2,3,Evet
2022-10-13,2022,UEFA Europa Conference League,Ballkani,Sivasspor,1 - 2,1 - 0,2,3,Evet
2022-10-27,2022,UEFA Europa Conference League,Nice,FK Partizan,2 - 1,1 - 0,1,3,Evet
2022-10-27,2022,UEFA Europa Conference League,Fiorentina,Başakşehir,2 - 1,1 - 1,1,3,Evet
2022-10-27,2022,UEFA Europa Conference League,Villarreal,Hapoel Beer Sheva,2 - 2,0 - 0,X,4,Evet
2022-10-27,2022,UEFA Europa Conference League,Anderlecht,FCSB,2 - 2,1 - 0,X,4,Evet
2022-10-27,2022,UEFA Europa Conference League,Austria Vienna,Lech Poznan,1 - 1,0 - 0,X,2,Evet
2022-10-27,2022,UEFA Europa Conference League,FC Vaduz,AZ Alkmaar,1 - 2,0 - 0,2,3,Evet
2022-10-27,2022,UEFA Europa Conference League,West Ham,Silkeborg,1 - 0,1 - 0,1,1,Yok
2022-10-27,2022,UEFA Europa Conference League,Heart Of Midlothian,Rīgas FS,2 - 1,2 - 1,1,3,Evet
2022-10-27,2022,UEFA Europa Conference League,Molde,Djurgardens IF,2 - 3,2 - 1,2,5,Evet
2022-10-27,2022,UEFA Europa Conference League,FC Basel 1893,FK Zalgiris Vilnius,2 - 2,2 - 1,X,4,Evet
2022-10-27,2022,UEFA Europa Conference League,Shamrock Rovers,Gent,1 - 1,1 - 0,X,2,Evet
2022-10-27,2022,UEFA Europa Conference League,Slovan Bratislava,Pyunik Yerevan,2 - 1,0 - 0,1,3,Evet
2022-10-27,2022,UEFA Europa Conference League,Sivasspor,CFR 1907 Cluj,3 - 0,1 - 0,1,3,Yok
2022-10-27,2022,UEFA Europa Conference League,Dnipro-1,Apollon Limassol,1 - 0,1 - 0,1,1,Yok
2022-10-27,2022,UEFA Europa Conference League,Ballkani,Slavia Praha,0 - 1,0 - 0,2,1,Yok
2022-10-28,2022,UEFA Europa Conference League,Slovácko,1. FC Köln,0 - 1,0 - 0,2,1,Yok
2022-11-03,2022,UEFA Europa Conference League,Başakşehir,Heart Of Midlothian,3 - 1,2 - 0,1,4,Evet
2022-11-03,2022,UEFA Europa Conference League,Rīgas FS,Fiorentina,0 - 3,0 - 3,2,3,Yok
2022-11-03,2022,UEFA Europa Conference League,AZ Alkmaar,Dnipro-1,2 - 1,1 - 1,1,3,Evet
2022-11-03,2022,UEFA Europa Conference League,Djurgardens IF,Shamrock Rovers,1 - 0,1 - 0,1,1,Yok
2022-11-03,2022,UEFA Europa Conference League,Slavia Praha,Sivasspor,1 - 1,0 - 1,X,2,Evet
2022-11-03,2022,UEFA Europa Conference League,FK Zalgiris Vilnius,Slovan Bratislava,1 - 2,0 - 2,2,3,Evet
2022-11-03,2022,UEFA Europa Conference League,Apollon Limassol,FC Vaduz,1 - 0,1 - 0,1,1,Yok
2022-11-03,2022,UEFA Europa Conference League,Gent,Molde,4 - 0,0 - 0,1,4,Yok
2022-11-03,2022,UEFA Europa Conference League,Pyunik Yerevan,FC Basel 1893,1 - 2,0 - 2,2,3,Evet
2022-11-03,2022,UEFA Europa Conference League,CFR 1907 Cluj,Ballkani,1 - 0,1 - 0,1,1,Yok
2022-11-03,2022,UEFA Europa Conference League,1. FC Köln,Nice,2 - 2,0 - 2,X,4,Evet
2022-11-03,2022,UEFA Europa Conference League,Lech Poznan,Villarreal,3 - 0,1 - 0,1,3,Yok
2022-11-03,2022,UEFA Europa Conference League,FCSB,West Ham,0 - 3,0 - 1,2,3,Yok
2022-11-03,2022,UEFA Europa Conference League,Hapoel Beer Sheva,Austria Vienna,4 - 0,2 - 0,1,4,Yok
2022-11-03,2022,UEFA Europa Conference League,FK Partizan,Slovácko,1 - 1,1 - 0,X,2,Evet
2022-11-03,2022,UEFA Europa Conference League,Silkeborg,Anderlecht,0 - 2,0 - 1,2,2,Yok
2023-02-16,2022,UEFA Europa Conference League,SC Braga,Fiorentina,0 - 4,0 - 1,2,4,Yok
2023-02-16,2022,UEFA Europa Conference League,Bodo/Glimt,Lech Poznan,0 - 0,0 - 0,X,0,Yok
2023-02-16,2022,UEFA Europa Conference League,Qarabag,Gent,1 - 0,0 - 0,1,1,Yok
2023-02-16,2022,UEFA Europa Conference League,Trabzonspor,FC Basel 1893,1 - 0,0 - 0,1,1,Yok
2023-02-16,2022,UEFA Europa Conference League,Lazio,CFR 1907 Cluj,1 - 0,1 - 0,1,1,Yok
2023-02-16,2022,UEFA Europa Conference League,Ludogorets,Anderlecht,1 - 0,1 - 0,1,1,Yok
2023-02-16,2022,UEFA Europa Conference League,Sheriff Tiraspol,FK Partizan,0 - 1,0 - 1,2,1,Yok
2023-02-16,2022,UEFA Europa Conference League,AEK Larnaca,Dnipro-1,1 - 0,0 - 0,1,1,Yok
2023-02-23,2022,UEFA Europa Conference League,Anderlecht,Ludogorets,2 - 1,1 - 0,1,3,Evet
2023-02-23,2022,UEFA Europa Conference League,FK Partizan,Sheriff Tiraspol,1 - 3,1 - 2,2,4,Evet
2023-02-23,2022,UEFA Europa Conference League,CFR 1907 Cluj,Lazio,0 - 0,0 - 0,X,0,Yok
2023-02-23,2022,UEFA Europa Conference League,Dnipro-1,AEK Larnaca,0 - 0,0 - 0,X,0,Yok
2023-02-23,2022,UEFA Europa Conference League,Lech Poznan,Bodo/Glimt,1 - 0,0 - 0,1,1,Yok
2023-02-23,2022,UEFA Europa Conference League,Fiorentina,SC Braga,3 - 2,1 - 2,1,5,Evet
2023-02-23,2022,UEFA Europa Conference League,FC Basel 1893,Trabzonspor,2 - 0,1 - 0,1,2,Yok
2023-02-23,2022,UEFA Europa Conference League,Gent,Qarabag,1 - 0,0 - 0,1,1,Yok
2023-03-07,2022,UEFA Europa Conference League,Lazio,AZ Alkmaar,1 - 2,1 - 1,2,3,Evet
2023-03-09,2022,UEFA Europa Conference League,Anderlecht,Villarreal,1 - 1,0 - 1,X,2,Evet
2023-03-09,2022,UEFA Europa Conference League,Sheriff Tiraspol,Nice,0 - 1,0 - 1,2,1,Yok
2023-03-09,2022,UEFA Europa Conference League,AEK Larnaca,West Ham,0 - 2,0 - 2,2,2,Yok
2023-03-09,2022,UEFA Europa Conference League,Lech Poznan,Djurgardens IF,2 - 0,1 - 0,1,2,Yok
2023-03-09,2022,UEFA Europa Conference League,Fiorentina,Sivasspor,1 - 0,0 - 0,1,1,Yok
2023-03-09,2022,UEFA Europa Conference League,FC Basel 1893,Slovan Bratislava,2 - 2,2 - 1,X,4,Evet
2023-03-09,2022,UEFA Europa Conference League,Gent,Başakşehir,1 - 1,1 - 1,X,2,Evet
2023-03-15,2022,UEFA Europa Conference League,Başakşehir,Gent,1 - 4,0 - 4,2,5,Evet
2023-03-16,2022,UEFA Europa Conference League,Djurgardens IF,Lech Poznan,0 - 3,0 - 0,2,3,Yok
2023-03-16,2022,UEFA Europa Conference League,Slovan Bratislava,FC Basel 1893,2 - 2,2 - 0,X,4,Evet
2023-03-16,2022,UEFA Europa Conference League,Sivasspor,Fiorentina,1 - 4,1 - 1,2,5,Evet
2023-03-16,2022,UEFA Europa Conference League,West Ham,AEK Larnaca,4 - 0,1 - 0,1,4,Yok
2023-03-16,2022,UEFA Europa Conference League,Nice,Sheriff Tiraspol,3 - 1,1 - 0,1,4,Evet
2023-03-16,2022,UEFA Europa Conference League,AZ Alkmaar,Lazio,2 - 1,1 - 1,1,3,Evet
2023-03-16,2022,UEFA Europa Conference League,Villarreal,Anderlecht,0 - 1,0 - 0,2,1,Yok
2023-04-13,2022,UEFA Europa Conference League,Gent,West Ham,1 - 1,0 - 1,X,2,Evet
2023-04-13,2022,UEFA Europa Conference League,Lech Poznan,Fiorentina,1 - 4,1 - 2,2,5,Evet
2023-04-13,2022,UEFA Europa Conference League,FC Basel 1893,Nice,2 - 2,1 - 2,X,4,Evet
2023-04-13,2022,UEFA Europa Conference League,Anderlecht,AZ Alkmaar,2 - 0,1 - 0,1,2,Yok
2023-04-20,2022,UEFA Europa Conference League,AZ Alkmaar,Anderlecht,2 - 0,2 - 0,1,2,Yok
2023-04-20,2022,UEFA Europa Conference League,Fiorentina,Lech Poznan,2 - 3,0 - 1,2,5,Evet
2023-04-20,2022,UEFA Europa Conference League,West Ham,Gent,4 - 1,1 - 1,1,5,Evet
2023-04-20,2022,UEFA Europa Conference League,Nice,FC Basel 1893,1 - 2,1 - 0,2,3,Evet
2023-05-11,2022,UEFA Europa Conference League,West Ham,AZ Alkmaar,2 - 1,0 - 1,1,3,Evet
2023-05-11,2022,UEFA Europa Conference League,Fiorentina,FC Basel 1893,1 - 2,1 - 0,2,3,Evet
2023-05-18,2022,UEFA Europa Conference League,AZ Alkmaar,West Ham,0 - 1,0 - 0,2,1,Yok
2023-05-18,2022,UEFA Europa Conference League,FC Basel 1893,Fiorentina,1 - 3,0 - 1,2,4,Evet
2023-06-07,2022,UEFA Europa Conference League,Fiorentina,West Ham,1 - 2,0 - 0,2,3,Evet
2021-08-03,2021,UEFA Europa League,Neftchi Baku,HJK Helsinki,2 - 2,0 - 0,X,4,Evet
2021-08-05,2021,UEFA Europa League,Kairat Almaty,Alashkert,0 - 0,0 - 0,X,0,Yok
2021-08-05,2021,UEFA Europa League,FK Jablonec,Celtic,2 - 4,1 - 2,2,6,Evet
2021-08-05,2021,UEFA Europa League,Lincoln Red Imps FC,Slovan Bratislava,1 - 3,0 - 1,2,4,Evet
2021-08-05,2021,UEFA Europa League,Omonia Nicosia,Flora Tallinn,1 - 0,1 - 0,1,1,Yok
2021-08-05,2021,UEFA Europa League,Galatasaray,ST Johnstone,1 - 1,0 - 0,X,2,Evet
2021-08-05,2021,UEFA Europa League,Mura,FK Zalgiris Vilnius,0 - 0,0 - 0,X,0,Yok
2021-08-05,2021,UEFA Europa League,Rapid Vienna,Anorthosis,3 - 0,1 - 0,1,3,Yok
2021-08-10,2021,UEFA Europa League,Flora Tallinn,Omonia Nicosia,2 - 1,0 - 1,1,3,Evet
2021-08-10,2021,UEFA Europa League,Slovan Bratislava,Lincoln Red Imps FC,1 - 1,1 - 0,X,2,Evet
2021-08-12,2021,UEFA Europa League,Alashkert,Kairat Almaty,3 - 2,1 - 1,1,5,Evet
2021-08-12,2021,UEFA Europa League,HJK Helsinki,Neftchi Baku,3 - 0,0 - 0,1,3,Yok
2021-08-12,2021,UEFA Europa League,FK Zalgiris Vilnius,Mura,0 - 1,0 - 1,2,1,Yok
2021-08-12,2021,UEFA Europa League,Anorthosis,Rapid Vienna,2 - 1,1 - 0,1,3,Evet
2021-08-12,2021,UEFA Europa League,ST Johnstone,Galatasaray,2 - 4,1 - 1,2,6,Evet
2021-08-12,2021,UEFA Europa League,Celtic,FK Jablonec,3 - 0,1 - 0,1,3,Yok
2021-08-17,2021,UEFA Europa League,FK Crvena Zvezda,CFR 1907 Cluj,4 - 0,2 - 0,1,4,Yok
2021-08-18,2021,UEFA Europa League,Celtic,AZ Alkmaar,2 - 0,1 - 0,1,2,Yok
2021-08-19,2021,UEFA Europa League,Randers FC,Galatasaray,1 - 1,0 - 1,X,2,Evet
2021-08-19,2021,UEFA Europa League,Slavia Praha,Legia Warszawa,2 - 2,2 - 2,X,4,Evet
2021-08-19,2021,UEFA Europa League,Omonia Nicosia,Antwerp,4 - 2,1 - 1,1,6,Evet
2021-08-19,2021,UEFA Europa League,Mura,Sturm Graz,1 - 3,1 - 1,2,4,Evet
2021-08-19,2021,UEFA Europa League,Fenerbahçe,HJK Helsinki,1 - 0,0 - 0,1,1,Yok
2021-08-19,2021,UEFA Europa League,Rangers,Alashkert,1 - 0,0 - 0,1,1,Yok
2021-08-19,2021,UEFA Europa League,Olympiakos Piraeus,Slovan Bratislava,3 - 0,1 - 0,1,3,Yok
2021-08-19,2021,UEFA Europa League,Rapid Vienna,Zorya Luhansk,3 - 0,1 - 0,1,3,Yok
2021-08-26,2021,UEFA Europa League,Alashkert,Rangers,0 - 0,0 - 0,X,0,Yok
2021-08-26,2021,UEFA Europa League,HJK Helsinki,Fenerbahçe,2 - 5,1 - 2,2,7,Evet
2021-08-26,2021,UEFA Europa League,Zorya Luhansk,Rapid Vienna,2 - 3,1 - 2,2,5,Evet
2021-08-26,2021,UEFA Europa League,Galatasaray,Randers FC,2 - 1,0 - 1,1,3,Evet
2021-08-26,2021,UEFA Europa League,AZ Alkmaar,Celtic,2 - 1,2 - 1,1,3,Evet
2021-08-26,2021,UEFA Europa League,CFR 1907 Cluj,FK Crvena Zvezda,1 - 2,1 - 1,2,3,Evet
2021-08-26,2021,UEFA Europa League,Slovan Bratislava,Olympiakos Piraeus,2 - 2,1 - 1,X,4,Evet
2021-08-26,2021,UEFA Europa League,Legia Warszawa,Slavia Praha,2 - 1,0 - 1,1,3,Evet
2021-08-26,2021,UEFA Europa League,Sturm Graz,Mura,2 - 0,1 - 0,1,2,Yok
2021-08-26,2021,UEFA Europa League,Antwerp,Omonia Nicosia,2 - 0,1 - 0,1,2,Yok
2021-09-15,2021,UEFA Europa League,Spartak Moscow,Legia Warszawa,0 - 1,0 - 0,2,1,Yok
2021-09-16,2021,UEFA Europa League,Bayer Leverkusen,Ferencvarosi TC,2 - 1,1 - 1,1,3,Evet
2021-09-16,2021,UEFA Europa League,FC Midtjylland,Ludogorets,1 - 1,1 - 1,X,2,Evet
2021-09-16,2021,UEFA Europa League,Real Betis,Celtic,4 - 3,2 - 2,1,7,Evet
2021-09-16,2021,UEFA Europa League,Lokomotiv Moscow,Marseille,1 - 1,0 - 0,X,2,Evet
2021-09-16,2021,UEFA Europa League,FK Crvena Zvezda,SC Braga,2 - 1,0 - 0,1,3,Evet
2021-09-16,2021,UEFA Europa League,Dinamo Zagreb,West Ham,0 - 2,0 - 1,2,2,Yok
2021-09-16,2021,UEFA Europa League,Galatasaray,Lazio,1 - 0,0 - 0,1,1,Yok
2021-09-16,2021,UEFA Europa League,Rapid Vienna,Genk,0 - 1,0 - 0,2,1,Yok
2021-09-16,2021,UEFA Europa League,Leicester,Napoli,2 - 2,1 - 0,X,4,Evet
2021-09-16,2021,UEFA Europa League,Monaco,Sturm Graz,1 - 0,0 - 0,1,1,Yok
2021-09-16,2021,UEFA Europa League,Eintracht Frankfurt,Fenerbahçe,1 - 1,1 - 1,X,2,Evet
2021-09-16,2021,UEFA Europa League,PSV Eindhoven,Real Sociedad,2 - 2,1 - 2,X,4,Evet
2021-09-16,2021,UEFA Europa League,Rangers,Lyon,0 - 2,0 - 1,2,2,Yok
2021-09-16,2021,UEFA Europa League,Brondby,Sparta Praha,0 - 0,0 - 0,X,0,Yok
2021-09-16,2021,UEFA Europa League,Olympiakos Piraeus,Antwerp,2 - 1,0 - 0,1,3,Evet
2021-09-30,2021,UEFA Europa League,Lyon,Brondby,3 - 0,0 - 0,1,3,Yok
2021-09-30,2021,UEFA Europa League,Legia Warszawa,Leicester,1 - 0,1 - 0,1,1,Yok
2021-09-30,2021,UEFA Europa League,Napoli,Spartak Moscow,2 - 3,1 - 0,2,5,Evet
2021-09-30,2021,UEFA Europa League,Real Sociedad,Monaco,1 - 1,0 - 1,X,2,Evet
2021-09-30,2021,UEFA Europa League,Fenerbahçe,Olympiakos Piraeus,0 - 3,0 - 1,2,3,Yok
2021-09-30,2021,UEFA Europa League,Sparta Praha,Rangers,1 - 0,1 - 0,1,1,Yok
2021-09-30,2021,UEFA Europa League,Sturm Graz,PSV Eindhoven,1 - 4,0 - 1,2,5,Evet
2021-09-30,2021,UEFA Europa League,Antwerp,Eintracht Frankfurt,0 - 1,0 - 0,2,1,Yok
2021-09-30,2021,UEFA Europa League,West Ham,Rapid Vienna,2 - 0,1 - 0,1,2,Yok
2021-09-30,2021,UEFA Europa League,Marseille,Galatasaray,0 - 0,0 - 0,X,0,Yok
2021-09-30,2021,UEFA Europa League,SC Braga,FC Midtjylland,3 - 1,0 - 1,1,4,Evet
2021-09-30,2021,UEFA Europa League,Celtic,Bayer Leverkusen,0 - 4,0 - 2,2,4,Yok
2021-09-30,2021,UEFA Europa League,Lazio,Lokomotiv Moscow,2 - 0,2 - 0,1,2,Yok
2021-09-30,2021,UEFA Europa League,Ludogorets,FK Crvena Zvezda,0 - 1,0 - 0,2,1,Yok
2021-09-30,2021,UEFA Europa League,Ferencvarosi TC,Real Betis,1 - 3,1 - 1,2,4,Evet
2021-09-30,2021,UEFA Europa League,Genk,Dinamo Zagreb,0 - 3,0 - 2,2,3,Yok
2021-10-19,2021,UEFA Europa League,Celtic,Ferencvarosi TC,2 - 0,0 - 0,1,2,Yok
2021-10-20,2021,UEFA Europa League,Spartak Moscow,Leicester,3 - 4,2 - 1,2,7,Evet
2021-10-21,2021,UEFA Europa League,FC Midtjylland,FK Crvena Zvezda,1 - 1,0 - 0,X,2,Evet
2021-10-21,2021,UEFA Europa League,Lazio,Marseille,0 - 0,0 - 0,X,0,Yok
2021-10-21,2021,UEFA Europa League,Real Betis,Bayer Leverkusen,1 - 1,0 - 0,X,2,Evet
2021-10-21,2021,UEFA Europa League,Ludogorets,SC Braga,0 - 1,0 - 1,2,1,Yok
2021-10-21,2021,UEFA Europa League,Fenerbahçe,Antwerp,2 - 2,2 - 1,X,4,Evet
2021-10-21,2021,UEFA Europa League,Rapid Vienna,Dinamo Zagreb,2 - 1,2 - 1,1,3,Evet
2021-10-21,2021,UEFA Europa League,West Ham,Genk,3 - 0,1 - 0,1,3,Yok
2021-10-21,2021,UEFA Europa League,Eintracht Frankfurt,Olympiakos Piraeus,3 - 1,2 - 1,1,4,Evet
2021-10-21,2021,UEFA Europa League,PSV Eindhoven,Monaco,1 - 2,0 - 1,2,3,Evet
2021-10-21,2021,UEFA Europa League,Rangers,Brondby,2 - 0,2 - 0,1,2,Yok
2021-10-21,2021,UEFA Europa League,Napoli,Legia Warszawa,3 - 0,0 - 0,1,3,Yok
2021-10-21,2021,UEFA Europa League,Lokomotiv Moscow,Galatasaray,0 - 1,0 - 0,2,1,Yok
2021-10-21,2021,UEFA Europa League,Sparta Praha,Lyon,3 - 4,2 - 1,2,7,Evet
2021-10-21,2021,UEFA Europa League,Sturm Graz,Real Sociedad,0 - 1,0 - 0,2,1,Yok
2021-11-04,2021,UEFA Europa League,Lyon,Sparta Praha,3 - 0,0 - 0,1,3,Yok
2021-11-04,2021,UEFA Europa League,Monaco,PSV Eindhoven,0 - 0,0 - 0,X,0,Yok
2021-11-04,2021,UEFA Europa League,Legia Warszawa,Napoli,1 - 4,1 - 0,2,5,Evet
2021-11-04,2021,UEFA Europa League,Brondby,Rangers,1 - 1,1 - 0,X,2,Evet
2021-11-04,2021,UEFA Europa League,Real Sociedad,Sturm Graz,1 - 1,0 - 1,X,2,Evet
2021-11-04,2021,UEFA Europa League,Olympiakos Piraeus,Eintracht Frankfurt,1 - 2,1 - 1,2,3,Evet
2021-11-04,2021,UEFA Europa League,Galatasaray,Lokomotiv Moscow,1 - 1,1 - 0,X,2,Evet
2021-11-04,2021,UEFA Europa League,Genk,West Ham,2 - 2,1 - 0,X,4,Evet
2021-11-04,2021,UEFA Europa League,Leicester,Spartak Moscow,1 - 1,0 - 0,X,2,Evet
2021-11-04,2021,UEFA Europa League,Marseille,Lazio,2 - 2,1 - 1,X,4,Evet
2021-11-04,2021,UEFA Europa League,Bayer Leverkusen,Real Betis,4 - 0,1 - 0,1,4,Yok
2021-11-04,2021,UEFA Europa League,SC Braga,Ludogorets,4 - 2,3 - 1,1,6,Evet
2021-11-04,2021,UEFA Europa League,FK Crvena Zvezda,FC Midtjylland,0 - 1,0 - 0,2,1,Yok
2021-11-04,2021,UEFA Europa League,Dinamo Zagreb,Rapid Vienna,3 - 1,2 - 1,1,4,Evet
2021-11-04,2021,UEFA Europa League,Ferencvarosi TC,Celtic,2 - 3,1 - 2,2,5,Evet
2021-11-04,2021,UEFA Europa League,Antwerp,Fenerbahçe,0 - 3,0 - 3,2,3,Yok
2021-11-24,2021,UEFA Europa League,Spartak Moscow,Napoli,2 - 1,2 - 0,1,3,Evet
2021-11-25,2021,UEFA Europa League,Bayer Leverkusen,Celtic,3 - 2,1 - 1,1,5,Evet
2021-11-25,2021,UEFA Europa League,FC Midtjylland,SC Braga,3 - 2,1 - 1,1,5,Evet
2021-11-25,2021,UEFA Europa League,Real Betis,Ferencvarosi TC,2 - 0,1 - 0,1,2,Yok
2021-11-25,2021,UEFA Europa League,Lokomotiv Moscow,Lazio,0 - 3,0 - 0,2,3,Yok
2021-11-25,2021,UEFA Europa League,FK Crvena Zvezda,Ludogorets,1 - 0,0 - 0,1,1,Yok
2021-11-25,2021,UEFA Europa League,Dinamo Zagreb,Genk,1 - 1,1 - 1,X,2,Evet
2021-11-25,2021,UEFA Europa League,Galatasaray,Marseille,4 - 2,2 - 0,1,6,Evet
2021-11-25,2021,UEFA Europa League,Rapid Vienna,West Ham,0 - 2,0 - 2,2,2,Yok
2021-11-25,2021,UEFA Europa League,Leicester,Legia Warszawa,3 - 1,3 - 1,1,4,Evet
2021-11-25,2021,UEFA Europa League,Monaco,Real Sociedad,2 - 1,2 - 1,1,3,Evet
2021-11-25,2021,UEFA Europa League,Eintracht Frankfurt,Antwerp,2 - 2,1 - 1,X,4,Evet
2021-11-25,2021,UEFA Europa League,PSV Eindhoven,Sturm Graz,2 - 0,1 - 0,1,2,Yok
2021-11-25,2021,UEFA Europa League,Rangers,Sparta Praha,2 - 0,1 - 0,1,2,Yok
2021-11-25,2021,UEFA Europa League,Brondby,Lyon,1 - 3,0 - 0,2,4,Evet
2021-11-25,2021,UEFA Europa League,Olympiakos Piraeus,Fenerbahçe,1 - 0,0 - 0,1,1,Yok
2021-12-09,2021,UEFA Europa League,Lyon,Rangers,1 - 1,0 - 1,X,2,Evet
2021-12-09,2021,UEFA Europa League,Legia Warszawa,Spartak Moscow,0 - 1,0 - 1,2,1,Yok
2021-12-09,2021,UEFA Europa League,Napoli,Leicester,3 - 2,2 - 2,1,5,Evet
2021-12-09,2021,UEFA Europa League,Real Sociedad,PSV Eindhoven,3 - 0,1 - 0,1,3,Yok
2021-12-09,2021,UEFA Europa League,Fenerbahçe,Eintracht Frankfurt,1 - 1,1 - 1,X,2,Evet
2021-12-09,2021,UEFA Europa League,Sparta Praha,Brondby,2 - 0,1 - 0,1,2,Yok
2021-12-09,2021,UEFA Europa League,Sturm Graz,Monaco,1 - 1,1 - 1,X,2,Evet
2021-12-09,2021,UEFA Europa League,Antwerp,Olympiakos Piraeus,1 - 0,1 - 0,1,1,Yok
2021-12-09,2021,UEFA Europa League,West Ham,Dinamo Zagreb,0 - 1,0 - 1,2,1,Yok
2021-12-09,2021,UEFA Europa League,Marseille,Lokomotiv Moscow,1 - 0,1 - 0,1,1,Yok
2021-12-09,2021,UEFA Europa League,SC Braga,FK Crvena Zvezda,1 - 1,0 - 0,X,2,Evet
2021-12-09,2021,UEFA Europa League,Celtic,Real Betis,3 - 2,1 - 0,1,5,Evet
2021-12-09,2021,UEFA Europa League,Lazio,Galatasaray,0 - 0,0 - 0,X,0,Yok
2021-12-09,2021,UEFA Europa League,Ludogorets,FC Midtjylland,0 - 0,0 - 0,X,0,Yok
2021-12-09,2021,UEFA Europa League,Ferencvarosi TC,Bayer Leverkusen,1 - 0,0 - 0,1,1,Yok
2021-12-09,2021,UEFA Europa League,Genk,Rapid Vienna,0 - 1,0 - 1,2,1,Yok
2022-02-17,2021,UEFA Europa League,Borussia Dortmund,Rangers,2 - 4,0 - 2,2,6,Evet
2022-02-17,2021,UEFA Europa League,Barcelona,Napoli,1 - 1,0 - 1,X,2,Evet
2022-02-17,2021,UEFA Europa League,Sheriff Tiraspol,SC Braga,2 - 0,1 - 0,1,2,Yok
2022-02-17,2021,UEFA Europa League,Zenit Saint Petersburg,Real Betis,2 - 3,2 - 3,2,5,Evet
2022-02-17,2021,UEFA Europa League,RB Leipzig,Real Sociedad,2 - 2,1 - 1,X,4,Evet
2022-02-17,2021,UEFA Europa League,FC Porto,Lazio,2 - 1,1 - 1,1,3,Evet
2022-02-17,2021,UEFA Europa League,Atalanta,Olympiakos Piraeus,2 - 1,0 - 1,1,3,Evet
2022-02-17,2021,UEFA Europa League,Sevilla,Dinamo Zagreb,3 - 1,3 - 1,1,4,Evet
2022-02-24,2021,UEFA Europa League,Lazio,FC Porto,2 - 2,1 - 1,X,4,Evet
2022-02-24,2021,UEFA Europa League,Real Sociedad,RB Leipzig,1 - 3,0 - 1,2,4,Evet
2022-02-24,2021,UEFA Europa League,Olympiakos Piraeus,Atalanta,0 - 3,0 - 1,2,3,Yok
2022-02-24,2021,UEFA Europa League,Dinamo Zagreb,Sevilla,1 - 0,0 - 0,1,1,Yok
2022-02-24,2021,UEFA Europa League,SC Braga,Sheriff Tiraspol,2 - 0,2 - 0,1,2,Yok
2022-02-24,2021,UEFA Europa League,Rangers,Borussia Dortmund,2 - 2,1 - 2,X,4,Evet
2022-02-24,2021,UEFA Europa League,Napoli,Barcelona,2 - 4,1 - 3,2,6,Evet
2022-02-24,2021,UEFA Europa League,Real Betis,Zenit Saint Petersburg,0 - 0,0 - 0,X,0,Yok
2022-03-09,2021,UEFA Europa League,FC Porto,Lyon,0 - 1,0 - 0,2,1,Yok
2022-03-09,2021,UEFA Europa League,Real Betis,Eintracht Frankfurt,1 - 2,1 - 2,2,3,Evet
2022-03-10,2021,UEFA Europa League,Sevilla,West Ham,1 - 0,0 - 0,1,1,Yok
2022-03-10,2021,UEFA Europa League,SC Braga,Monaco,2 - 0,1 - 0,1,2,Yok
2022-03-10,2021,UEFA Europa League,Rangers,FK Crvena Zvezda,3 - 0,2 - 0,1,3,Yok
2022-03-10,2021,UEFA Europa League,Atalanta,Bayer Leverkusen,3 - 2,2 - 1,1,5,Evet
2022-03-10,2021,UEFA Europa League,Barcelona,Galatasaray,0 - 0,0 - 0,X,0,Yok
2022-03-17,2021,UEFA Europa League,Monaco,SC Braga,1 - 1,0 - 1,X,2,Evet
2022-03-17,2021,UEFA Europa League,Bayer Leverkusen,Atalanta,0 - 1,0 - 0,2,1,Yok
2022-03-17,2021,UEFA Europa League,FK Crvena Zvezda,Rangers,2 - 1,1 - 0,1,3,Evet
2022-03-17,2021,UEFA Europa League,Galatasaray,Barcelona,1 - 2,1 - 1,2,3,Evet
2022-03-17,2021,UEFA Europa League,West Ham,Sevilla,2 - 0,1 - 0,1,2,Yok
2022-03-17,2021,UEFA Europa League,Lyon,FC Porto,1 - 1,1 - 1,X,2,Evet
2022-03-17,2021,UEFA Europa League,Eintracht Frankfurt,Real Betis,1 - 1,0 - 0,X,2,Evet
2022-04-07,2021,UEFA Europa League,RB Leipzig,Atalanta,1 - 1,0 - 1,X,2,Evet
2022-04-07,2021,UEFA Europa League,West Ham,Lyon,1 - 1,0 - 0,X,2,Evet
2022-04-07,2021,UEFA Europa League,Eintracht Frankfurt,Barcelona,1 - 1,0 - 0,X,2,Evet
2022-04-07,2021,UEFA Europa League,SC Braga,Rangers,1 - 0,1 - 0,1,1,Yok
2022-04-14,2021,UEFA Europa League,Atalanta,RB Leipzig,0 - 2,0 - 1,2,2,Yok
2022-04-14,2021,UEFA Europa League,Lyon,West Ham,0 - 3,0 - 2,2,3,Yok
2022-04-14,2021,UEFA Europa League,Rangers,SC Braga,3 - 1,2 - 0,1,4,Evet
2022-04-14,2021,UEFA Europa League,Barcelona,Eintracht Frankfurt,2 - 3,0 - 2,2,5,Evet
2022-04-28,2021,UEFA Europa League,West Ham,Eintracht Frankfurt,1 - 2,1 - 1,2,3,Evet
2022-04-28,2021,UEFA Europa League,RB Leipzig,Rangers,1 - 0,0 - 0,1,1,Yok
2022-05-05,2021,UEFA Europa League,Eintracht Frankfurt,West Ham,1 - 0,1 - 0,1,1,Yok
2022-05-05,2021,UEFA Europa League,Rangers,RB Leipzig,3 - 1,2 - 0,1,4,Evet
2022-05-18,2021,UEFA Europa League,Eintracht Frankfurt,Rangers,1 - 1,0 - 0,X,2,Evet
2021-07-06,2021,UEFA Europa Conference League,Mosta,Spartak Trnava,3 - 2,3 - 1,1,5,Evet
2021-07-06,2021,UEFA Europa Conference League,Mons Calpe,FC Santa Coloma,1 - 1,0 - 1,X,2,Evet
2021-07-06,2021,UEFA Europa Conference League,Mladost Lješkopolje,Laci,1 - 0,0 - 0,1,1,Yok
2021-07-08,2021,UEFA Europa Conference League,FK Liepaja,Struga,1 - 1,1 - 0,X,2,Evet
2021-07-08,2021,UEFA Europa Conference League,FC Noah,KuPS,1 - 0,0 - 0,1,1,Yok
2021-07-08,2021,UEFA Europa Conference League,Sileks,Petrocub,1 - 1,1 - 1,X,2,Evet
2021-07-08,2021,UEFA Europa Conference League,Inter Turku,Puskas Academy,1 - 1,0 - 0,X,2,Evet
2021-07-08,2021,UEFA Europa Conference League,Suduva Marijampole,Valmiera / BSS,2 - 1,1 - 1,1,3,Evet
2021-07-08,2021,UEFA Europa Conference League,UE Sant Julia,Gzira United,0 - 0,0 - 0,X,0,Yok
2021-07-08,2021,UEFA Europa Conference League,Honka,NSI Runavik,0 - 0,0 - 0,X,0,Yok
2021-07-08,2021,UEFA Europa Conference League,Rīgas FS,KI Klaksvik,2 - 3,0 - 2,2,5,Evet
2021-07-08,2021,UEFA Europa Conference League,FC Levadia Tallinn,St Joseph S Fc,3 - 1,2 - 0,1,4,Evet
2021-07-08,2021,UEFA Europa Conference League,Dundalk,Newtown AFC,4 - 0,2 - 0,1,4,Yok
2021-07-08,2021,UEFA Europa Conference League,Žilina,Dila,5 - 1,2 - 0,1,6,Evet
2021-07-08,2021,UEFA Europa Conference League,Milsami Orhei,FK Sarajevo,0 - 0,0 - 0,X,0,Yok
2021-07-08,2021,UEFA Europa Conference League,Racing FC Union Luxembourg,Breidablik,2 - 3,2 - 1,2,5,Evet
2021-07-08,2021,UEFA Europa Conference League,Glentoran,The New Saints,1 - 1,0 - 1,X,2,Evet
2021-07-08,2021,UEFA Europa Conference League,FH hafnarfjordur,Sligo Rovers,1 - 0,0 - 0,1,1,Yok
2021-07-08,2021,UEFA Europa Conference League,Bala Town,Larne,0 - 1,0 - 1,2,1,Yok
2021-07-08,2021,UEFA Europa Conference League,Fehérvár FC,Ararat,1 - 1,0 - 0,X,2,Evet
2021-07-08,2021,UEFA Europa Conference League,NK Domzale,Swift Hesperange,1 - 0,0 - 0,1,1,Yok
2021-07-08,2021,UEFA Europa Conference League,Partizani,Sfîntul Gheorghe,5 - 2,2 - 1,1,7,Evet
2021-07-08,2021,UEFA Europa Conference League,Shkupi 1927,Llapi,2 - 0,1 - 0,1,2,Yok
2021-07-08,2021,UEFA Europa Conference League,Birkirkara,La Fiorita,1 - 0,1 - 0,1,1,Yok
2021-07-08,2021,UEFA Europa Conference League,Paide,Slask Wroclaw,1 - 2,0 - 0,2,3,Evet
2021-07-08,2021,UEFA Europa Conference League,Europa,Kauno Žalgiris,0 - 0,0 - 0,X,0,Yok
2021-07-08,2021,UEFA Europa Conference League,Drita,Dečić,2 - 1,1 - 1,1,3,Evet
2021-07-08,2021,UEFA Europa Conference League,Sutjeska,Gagra,1 - 0,1 - 0,1,1,Yok
2021-07-08,2021,UEFA Europa Conference League,Velež,Coleraine FC,2 - 1,1 - 1,1,3,Evet
2021-07-08,2021,UEFA Europa Conference League,Maribor,FC Urartu,1 - 0,0 - 0,1,1,Yok
2021-07-08,2021,UEFA Europa Conference League,Tre Penne,Dinamo Batumi,0 - 4,0 - 3,2,4,Yok
2021-07-08,2021,UEFA Europa Conference League,Siroki Brijeg,Vllaznia Shkodër,3 - 1,1 - 0,1,4,Evet
2021-07-08,2021,UEFA Europa Conference League,Stjarnan,Bohemians,1 - 1,1 - 0,X,2,Evet
2021-07-13,2021,UEFA Europa Conference League,Newtown AFC,Dundalk,0 - 1,0 - 0,2,1,Yok
2021-07-15,2021,UEFA Europa Conference League,Ararat,Fehérvár FC,2 - 0,1 - 0,1,2,Yok
2021-07-15,2021,UEFA Europa Conference League,Struga,FK Liepaja,1 - 4,0 - 1,2,5,Evet
2021-07-15,2021,UEFA Europa Conference League,KuPS,FC Noah,5 - 0,4 - 0,1,5,Yok
2021-07-15,2021,UEFA Europa Conference League,FC Urartu,Maribor,0 - 1,0 - 0,2,1,Yok
2021-07-15,2021,UEFA Europa Conference League,Gagra,Sutjeska,1 - 1,0 - 0,X,2,Evet
2021-07-15,2021,UEFA Europa Conference League,Kauno Žalgiris,Europa,2 - 0,1 - 0,1,2,Yok
2021-07-15,2021,UEFA Europa Conference League,Valmiera / BSS,Suduva Marijampole,0 - 0,0 - 0,X,0,Yok
2021-07-15,2021,UEFA Europa Conference League,FC Santa Coloma,Mons Calpe,4 - 0,3 - 0,1,4,Yok
2021-07-15,2021,UEFA Europa Conference League,St Joseph S Fc,FC Levadia Tallinn,1 - 1,1 - 0,X,2,Evet
2021-07-15,2021,UEFA Europa Conference League,Dinamo Batumi,Tre Penne,3 - 0,1 - 0,1,3,Yok
2021-07-15,2021,UEFA Europa Conference League,NSI Runavik,Honka,1 - 3,0 - 1,2,4,Evet
2021-07-15,2021,UEFA Europa Conference League,Petrocub,Sileks,1 - 0,0 - 0,1,1,Yok
2021-07-15,2021,UEFA Europa Conference League,Dila,Žilina,2 - 1,0 - 1,1,3,Evet
2021-07-15,2021,UEFA Europa Conference League,Sligo Rovers,FH hafnarfjordur,1 - 2,0 - 1,2,3,Evet
2021-07-15,2021,UEFA Europa Conference League,Sfîntul Gheorghe,Partizani,2 - 3,2 - 2,2,5,Evet
2021-07-15,2021,UEFA Europa Conference League,The New Saints,Glentoran,2 - 0,2 - 0,1,2,Yok
2021-07-15,2021,UEFA Europa Conference League,Laci,Mladost Lješkopolje,3 - 0,0 - 0,1,3,Yok
2021-07-15,2021,UEFA Europa Conference League,Gzira United,UE Sant Julia,1 - 1,0 - 1,X,2,Evet
2021-07-15,2021,UEFA Europa Conference League,Puskas Academy,Inter Turku,2 - 0,1 - 0,1,2,Yok
2021-07-15,2021,UEFA Europa Conference League,Swift Hesperange,NK Domzale,1 - 1,1 - 0,X,2,Evet
2021-07-15,2021,UEFA Europa Conference League,Llapi,Shkupi 1927,1 - 1,0 - 0,X,2,Evet
2021-07-15,2021,UEFA Europa Conference League,Larne,Bala Town,1 - 0,0 - 0,1,1,Yok
2021-07-15,2021,UEFA Europa Conference League,Spartak Trnava,Mosta,2 - 0,2 - 0,1,2,Yok
2021-07-15,2021,UEFA Europa Conference League,La Fiorita,Birkirkara,1 - 1,0 - 0,X,2,Evet
2021-07-15,2021,UEFA Europa Conference League,Dečić,Drita,0 - 1,0 - 0,2,1,Yok
2021-07-15,2021,UEFA Europa Conference League,Bohemians,Stjarnan,3 - 0,1 - 0,1,3,Yok
2021-07-15,2021,UEFA Europa Conference League,Breidablik,Racing FC Union Luxembourg,2 - 0,0 - 0,1,2,Yok
2021-07-15,2021,UEFA Europa Conference League,Slask Wroclaw,Paide,2 - 0,1 - 0,1,2,Yok
2021-07-15,2021,UEFA Europa Conference League,Coleraine FC,Velež,1 - 2,1 - 0,2,3,Evet
2021-07-15,2021,UEFA Europa Conference League,FK Sarajevo,Milsami Orhei,0 - 1,0 - 1,2,1,Yok
2021-07-15,2021,UEFA Europa Conference League,KI Klaksvik,Rīgas FS,2 - 4,2 - 3,2,6,Evet
2021-07-15,2021,UEFA Europa Conference League,Vllaznia Shkodër,Siroki Brijeg,3 - 0,0 - 0,1,3,Yok
2021-07-20,2021,UEFA Europa Conference League,NK Domzale,Honka,1 - 1,0 - 0,X,2,Evet
2021-07-20,2021,UEFA Europa Conference League,Prishtina,GAP Connah S Quay FC,4 - 1,1 - 0,1,5,Evet
2021-07-20,2021,UEFA Europa Conference League,Kauno Žalgiris,The New Saints,0 - 5,0 - 4,2,5,Yok
2021-07-20,2021,UEFA Europa Conference League,Folgore,Hibernians,1 - 3,1 - 2,2,4,Evet
2021-07-21,2021,UEFA Europa Conference League,Cukaricki,Sumqayıt,0 - 0,0 - 0,X,0,Yok
2021-07-22,2021,UEFA Europa Conference League,FC Astana,Aris Thessalonikis,2 - 0,1 - 0,1,2,Yok
2021-07-22,2021,UEFA Europa Conference League,Ararat,Slask Wroclaw,2 - 4,0 - 1,2,6,Evet
2021-07-22,2021,UEFA Europa Conference League,Panevėžys,Vojvodina,0 - 1,0 - 0,2,1,Yok
2021-07-22,2021,UEFA Europa Conference League,Molde,Servette FC,3 - 0,2 - 0,1,3,Yok
2021-07-22,2021,UEFA Europa Conference League,Qarabag,Ashdod,0 - 0,0 - 0,X,0,Yok
2021-07-22,2021,UEFA Europa Conference League,Austria Vienna,Breidablik,1 - 1,1 - 0,X,2,Evet
2021-07-22,2021,UEFA Europa Conference League,Olimpija Ljubljana,Birkirkara,1 - 0,0 - 0,1,1,Yok
2021-07-22,2021,UEFA Europa Conference League,KuPS,Vorskla Poltava,2 - 2,1 - 1,X,4,Evet
2021-07-22,2021,UEFA Europa Conference League,PFC Sochi,Şamaxı FK,3 - 0,1 - 0,1,3,Yok
2021-07-22,2021,UEFA Europa Conference League,Rīgas FS,Puskas Academy,3 - 0,3 - 0,1,3,Yok
2021-07-22,2021,UEFA Europa Conference League,F91 Dudelange,Bohemians,0 - 1,0 - 1,2,1,Yok
2021-07-22,2021,UEFA Europa Conference League,Dinamo Tbilisi,Maccabi Haifa,1 - 2,0 - 1,2,3,Evet
2021-07-22,2021,UEFA Europa Conference League,Hammarby FF,Maribor,3 - 1,0 - 0,1,4,Evet
2021-07-22,2021,UEFA Europa Conference League,IF Elfsborg,Milsami Orhei,4 - 0,3 - 0,1,4,Yok
2021-07-22,2021,UEFA Europa Conference League,FC Copenhagen,Torpedo Zhodino,4 - 1,1 - 0,1,5,Evet
2021-07-22,2021,UEFA Europa Conference League,Plzen,Dinamo Brest,2 - 1,2 - 0,1,3,Evet
2021-07-22,2021,UEFA Europa Conference League,Apollon Limassol,Žilina,1 - 3,1 - 2,2,4,Evet
2021-07-22,2021,UEFA Europa Conference League,Suduva Marijampole,Raków Częstochowa,0 - 0,0 - 0,X,0,Yok
2021-07-22,2021,UEFA Europa Conference League,Dinamo Batumi,Bate Borisov,0 - 1,0 - 0,2,1,Yok
2021-07-22,2021,UEFA Europa Conference League,CSKA Sofia,FK Liepaja,0 - 0,0 - 0,X,0,Yok
2021-07-22,2021,UEFA Europa Conference League,Lokomotiv Plovdiv,Slovácko,1 - 0,0 - 0,1,1,Yok
2021-07-22,2021,UEFA Europa Conference League,Spartak Trnava,Sepsi OSK Sfantu Gheorghe,0 - 0,0 - 0,X,0,Yok
2021-07-22,2021,UEFA Europa Conference League,Laci,CS Universitatea Craiova,1 - 0,1 - 0,1,1,Yok
2021-07-22,2021,UEFA Europa Conference League,Gzira United,HNK Rijeka,0 - 2,0 - 0,2,2,Yok
2021-07-22,2021,UEFA Europa Conference League,Petrocub,Sivasspor,0 - 1,0 - 1,2,1,Yok
2021-07-22,2021,UEFA Europa Conference League,Teuta Durrës,Inter Club d'Escaldes,0 - 2,0 - 1,2,2,Yok
2021-07-22,2021,UEFA Europa Conference League,AEL,Vllaznia Shkodër,1 - 0,1 - 0,1,1,Yok
2021-07-22,2021,UEFA Europa Conference League,Riga,Shkendija,2 - 0,1 - 0,1,2,Yok
2021-07-22,2021,UEFA Europa Conference League,Arda Kardzhali,Hapoel Beer Sheva,0 - 2,0 - 0,2,2,Yok
2021-07-22,2021,UEFA Europa Conference League,Shkupi 1927,Santa Clara,0 - 3,0 - 1,2,3,Yok
2021-07-22,2021,UEFA Europa Conference League,HB Torshavn,Buducnost Podgorica,4 - 0,1 - 0,1,4,Yok
2021-07-22,2021,UEFA Europa Conference League,FC Basel 1893,Partizani,3 - 0,1 - 0,1,3,Yok
2021-07-22,2021,UEFA Europa Conference League,FCSB,Shakhter Karagandy,1 - 0,1 - 0,1,1,Yok
2021-07-22,2021,UEFA Europa Conference League,Gent,Valerenga,4 - 0,2 - 0,1,4,Yok
2021-07-22,2021,UEFA Europa Conference League,Sutjeska,Maccabi Tel Aviv,0 - 0,0 - 0,X,0,Yok
2021-07-22,2021,UEFA Europa Conference League,Velež,AEK Athens FC,2 - 1,1 - 1,1,3,Evet
2021-07-22,2021,UEFA Europa Conference League,Larne,Aarhus,2 - 1,2 - 0,1,3,Evet
2021-07-22,2021,UEFA Europa Conference League,Hibernian,FC Santa Coloma,3 - 0,1 - 0,1,3,Yok
2021-07-22,2021,UEFA Europa Conference League,Aberdeen,BK Hacken,5 - 1,2 - 0,1,6,Evet
2021-07-22,2021,UEFA Europa Conference League,Linfield,Borac Banja Luka,4 - 0,2 - 0,1,4,Yok
2021-07-22,2021,UEFA Europa Conference League,FH hafnarfjordur,Rosenborg,0 - 2,0 - 0,2,2,Yok
2021-07-22,2021,UEFA Europa Conference League,Valur Reykjavik,Bodo/Glimt,0 - 3,0 - 1,2,3,Yok
2021-07-22,2021,UEFA Europa Conference League,Pogon Szczecin,NK Osijek,0 - 0,0 - 0,X,0,Yok
2021-07-22,2021,UEFA Europa Conference League,FK Partizan,Dunajska Streda,1 - 0,1 - 0,1,1,Yok
2021-07-22,2021,UEFA Europa Conference League,Dundalk,FC Levadia Tallinn,2 - 2,2 - 2,X,4,Evet
2021-07-22,2021,UEFA Europa Conference League,HNK Hajduk Split,FK Tobol Kostanay,2 - 0,1 - 0,1,2,Yok
2021-07-22,2021,UEFA Europa Conference League,Ujpest,FC Vaduz,2 - 1,1 - 0,1,3,Evet
2021-07-22,2021,UEFA Europa Conference League,Drita,Feyenoord,0 - 0,0 - 0,X,0,Yok
2021-07-22,2021,UEFA Europa Conference League,Shakhter Soligorsk,Fola Esch,1 - 2,0 - 2,2,3,Evet
2021-07-27,2021,UEFA Europa Conference League,Inter Club d'Escaldes,Teuta Durrës,0 - 3,0 - 1,2,3,Yok
2021-07-27,2021,UEFA Europa Conference League,Buducnost Podgorica,HB Torshavn,0 - 2,0 - 1,2,2,Yok
2021-07-27,2021,UEFA Europa Conference League,Hibernians,Folgore,4 - 2,1 - 2,1,6,Evet
2021-07-29,2021,UEFA Europa Conference League,Shakhter Karagandy,FCSB,2 - 1,1 - 0,1,3,Evet
2021-07-29,2021,UEFA Europa Conference League,FK Liepaja,CSKA Sofia,0 - 0,0 - 0,X,0,Yok
2021-07-29,2021,UEFA Europa Conference League,FK Tobol Kostanay,HNK Hajduk Split,4 - 1,0 - 0,1,5,Evet
2021-07-29,2021,UEFA Europa Conference League,Bodo/Glimt,Valur Reykjavik,3 - 0,1 - 0,1,3,Yok
2021-07-29,2021,UEFA Europa Conference League,Dinamo Brest,Plzen,1 - 2,0 - 1,2,3,Evet
2021-07-29,2021,UEFA Europa Conference League,FC Vaduz,Ujpest,1 - 3,1 - 1,2,4,Evet
2021-07-29,2021,UEFA Europa Conference League,Şamaxı FK,PFC Sochi,2 - 4,1 - 2,2,6,Evet
2021-07-29,2021,UEFA Europa Conference League,Vorskla Poltava,KuPS,2 - 3,0 - 0,2,5,Evet
2021-07-29,2021,UEFA Europa Conference League,Honka,NK Domzale,0 - 1,0 - 1,2,1,Yok
2021-07-29,2021,UEFA Europa Conference League,Birkirkara,Olimpija Ljubljana,1 - 0,1 - 0,1,1,Yok
2021-07-29,2021,UEFA Europa Conference League,Sumqayıt,Cukaricki,0 - 2,0 - 2,2,2,Yok
2021-07-29,2021,UEFA Europa Conference League,BK Hacken,Aberdeen,2 - 0,0 - 0,1,2,Yok
2021-07-29,2021,UEFA Europa Conference League,FC Santa Coloma,Hibernian,1 - 2,0 - 0,2,3,Evet
2021-07-29,2021,UEFA Europa Conference League,FC Levadia Tallinn,Dundalk,1 - 2,1 - 1,2,3,Evet
2021-07-29,2021,UEFA Europa Conference League,Sepsi OSK Sfantu Gheorghe,Spartak Trnava,1 - 1,1 - 0,X,2,Evet
2021-07-29,2021,UEFA Europa Conference League,Žilina,Apollon Limassol,2 - 2,1 - 1,X,4,Evet
2021-07-29,2021,UEFA Europa Conference League,Valerenga,Gent,2 - 0,1 - 0,1,2,Yok
2021-07-29,2021,UEFA Europa Conference League,Rosenborg,FH hafnarfjordur,4 - 1,0 - 0,1,5,Evet
2021-07-29,2021,UEFA Europa Conference League,Torpedo Zhodino,FC Copenhagen,0 - 5,0 - 1,2,5,Yok
2021-07-29,2021,UEFA Europa Conference League,Bate Borisov,Dinamo Batumi,1 - 4,1 - 0,2,5,Evet
2021-07-29,2021,UEFA Europa Conference League,Aarhus,Larne,1 - 1,0 - 1,X,2,Evet
2021-07-29,2021,UEFA Europa Conference League,Hapoel Beer Sheva,Arda Kardzhali,4 - 0,2 - 0,1,4,Yok
2021-07-29,2021,UEFA Europa Conference League,Milsami Orhei,IF Elfsborg,0 - 5,0 - 3,2,5,Yok
2021-07-29,2021,UEFA Europa Conference League,Sivasspor,Petrocub,1 - 0,0 - 0,1,1,Yok
2021-07-29,2021,UEFA Europa Conference League,Raków Częstochowa,Suduva Marijampole,0 - 0,0 - 0,X,0,Yok
2021-07-29,2021,UEFA Europa Conference League,Slovácko,Lokomotiv Plovdiv,1 - 0,1 - 0,1,1,Yok
2021-07-29,2021,UEFA Europa Conference League,Maccabi Haifa,Dinamo Tbilisi,5 - 1,2 - 1,1,6,Evet
2021-07-29,2021,UEFA Europa Conference League,Ashdod,Qarabag,0 - 1,0 - 1,2,1,Yok
2021-07-29,2021,UEFA Europa Conference League,The New Saints,Kauno Žalgiris,5 - 1,3 - 0,1,6,Evet
2021-07-29,2021,UEFA Europa Conference League,Breidablik,Austria Vienna,2 - 1,2 - 0,1,3,Evet
2021-07-29,2021,UEFA Europa Conference League,Maccabi Tel Aviv,Sutjeska,3 - 1,2 - 0,1,4,Evet
2021-07-29,2021,UEFA Europa Conference League,Fola Esch,Shakhter Soligorsk,1 - 0,0 - 0,1,1,Yok
2021-07-29,2021,UEFA Europa Conference League,Feyenoord,Drita,3 - 2,1 - 2,1,5,Evet
2021-07-29,2021,UEFA Europa Conference League,Slask Wroclaw,Ararat,3 - 3,1 - 2,X,6,Evet
2021-07-29,2021,UEFA Europa Conference League,GAP Connah S Quay FC,Prishtina,4 - 2,1 - 2,1,6,Evet
2021-07-29,2021,UEFA Europa Conference League,HNK Rijeka,Gzira United,1 - 0,1 - 0,1,1,Yok
2021-07-29,2021,UEFA Europa Conference League,AEK Athens FC,Velež,1 - 0,0 - 0,1,1,Yok
2021-07-29,2021,UEFA Europa Conference League,Shkendija,Riga,0 - 1,0 - 0,2,1,Yok
2021-07-29,2021,UEFA Europa Conference League,Vojvodina,Panevėžys,1 - 0,0 - 0,1,1,Yok
2021-07-29,2021,UEFA Europa Conference League,Partizani,FC Basel 1893,0 - 2,0 - 1,2,2,Yok
2021-07-29,2021,UEFA Europa Conference League,Puskas Academy,Rīgas FS,0 - 2,0 - 0,2,2,Yok
2021-07-29,2021,UEFA Europa Conference League,Borac Banja Luka,Linfield,0 - 0,0 - 0,X,0,Yok
2021-07-29,2021,UEFA Europa Conference League,CS Universitatea Craiova,Laci,0 - 0,0 - 0,X,0,Yok
2021-07-29,2021,UEFA Europa Conference League,Aris Thessalonikis,FC Astana,2 - 1,1 - 0,1,3,Evet
2021-07-29,2021,UEFA Europa Conference League,Servette FC,Molde,2 - 0,1 - 0,1,2,Yok
2021-07-29,2021,UEFA Europa Conference League,Maribor,Hammarby FF,0 - 1,0 - 1,2,1,Yok
2021-07-29,2021,UEFA Europa Conference League,Dunajska Streda,FK Partizan,0 - 2,0 - 1,2,2,Yok
2021-07-29,2021,UEFA Europa Conference League,Bohemians,F91 Dudelange,3 - 0,1 - 0,1,3,Yok
2021-07-29,2021,UEFA Europa Conference League,NK Osijek,Pogon Szczecin,1 - 0,1 - 0,1,1,Yok
2021-07-29,2021,UEFA Europa Conference League,Vllaznia Shkodër,AEL,0 - 1,0 - 1,2,1,Yok
2021-07-29,2021,UEFA Europa Conference League,Santa Clara,Shkupi 1927,2 - 0,2 - 0,1,2,Yok
2021-08-03,2021,UEFA Europa Conference League,Linfield,Fola Esch,1 - 2,1 - 0,2,3,Evet
2021-08-03,2021,UEFA Europa Conference League,Bohemians,PAOK,2 - 1,1 - 0,1,3,Evet
2021-08-05,2021,UEFA Europa Conference League,Lokomotiv Plovdiv,FC Copenhagen,1 - 1,0 - 0,X,2,Evet
2021-08-05,2021,UEFA Europa Conference League,KuPS,FC Astana,1 - 1,0 - 0,X,2,Evet
2021-08-05,2021,UEFA Europa Conference League,PFC Sochi,FK Partizan,1 - 1,0 - 0,X,2,Evet
2021-08-05,2021,UEFA Europa Conference League,FK Tobol Kostanay,Žilina,0 - 1,0 - 1,2,1,Yok
2021-08-05,2021,UEFA Europa Conference League,IF Elfsborg,Velež,1 - 1,1 - 1,X,2,Evet
2021-08-05,2021,UEFA Europa Conference League,Vitesse,Dundalk,2 - 2,1 - 0,X,4,Evet
2021-08-05,2021,UEFA Europa Conference League,Rosenborg,NK Domzale,6 - 1,4 - 1,1,7,Evet
2021-08-05,2021,UEFA Europa Conference League,Vojvodina,Lask Linz,0 - 1,0 - 0,2,1,Yok
2021-08-05,2021,UEFA Europa Conference League,Dinamo Batumi,Sivasspor,1 - 2,0 - 0,2,3,Evet
2021-08-05,2021,UEFA Europa Conference League,CSKA Sofia,NK Osijek,4 - 2,3 - 1,1,6,Evet
2021-08-05,2021,UEFA Europa Conference League,Laci,Anderlecht,0 - 3,0 - 2,2,3,Yok
2021-08-05,2021,UEFA Europa Conference League,AEL,Qarabag,1 - 1,0 - 0,X,2,Evet
2021-08-05,2021,UEFA Europa Conference League,Maccabi Haifa,HB Torshavn,7 - 2,3 - 1,1,9,Evet
2021-08-05,2021,UEFA Europa Conference League,Riga,Hibernians,0 - 1,0 - 0,2,1,Yok
2021-08-05,2021,UEFA Europa Conference League,Trabzonspor,Molde,3 - 3,1 - 1,X,6,Evet
2021-08-05,2021,UEFA Europa Conference League,Pacos Ferreira,Larne,4 - 0,1 - 0,1,4,Yok
2021-08-05,2021,UEFA Europa Conference League,Slask Wroclaw,Hapoel Beer Sheva,2 - 1,2 - 1,1,3,Evet
2021-08-05,2021,UEFA Europa Conference League,Prishtina,Bodo/Glimt,2 - 1,1 - 1,1,3,Evet
2021-08-05,2021,UEFA Europa Conference League,Kolos Kovalivka,Shakhter Karagandy,0 - 0,0 - 0,X,0,Yok
2021-08-05,2021,UEFA Europa Conference League,Spartak Trnava,Maccabi Tel Aviv,0 - 0,0 - 0,X,0,Yok
2021-08-05,2021,UEFA Europa Conference League,Gent,Rīgas FS,2 - 2,0 - 2,X,4,Evet
2021-08-05,2021,UEFA Europa Conference League,FC Luzern,Feyenoord,0 - 3,0 - 2,2,3,Yok
2021-08-05,2021,UEFA Europa Conference League,Hibernian,HNK Rijeka,1 - 1,0 - 0,X,2,Evet
2021-08-05,2021,UEFA Europa Conference League,The New Saints,Plzen,4 - 2,2 - 0,1,6,Evet
2021-08-05,2021,UEFA Europa Conference League,Breidablik,Aberdeen,2 - 3,2 - 2,2,5,Evet
2021-08-05,2021,UEFA Europa Conference League,Shamrock Rovers,Teuta Durrës,1 - 0,0 - 0,1,1,Yok
2021-08-05,2021,UEFA Europa Conference League,Ujpest,FC Basel 1893,1 - 2,1 - 0,2,3,Evet
2021-08-05,2021,UEFA Europa Conference League,Cukaricki,Hammarby FF,3 - 1,2 - 1,1,4,Evet
2021-08-05,2021,UEFA Europa Conference League,Raków Częstochowa,Rubin,0 - 0,0 - 0,X,0,Yok
2021-08-05,2021,UEFA Europa Conference League,Santa Clara,Olimpija Ljubljana,2 - 0,2 - 0,1,2,Yok
2021-08-10,2021,UEFA Europa Conference League,Shakhter Karagandy,Kolos Kovalivka,0 - 0,0 - 0,X,0,Yok
2021-08-10,2021,UEFA Europa Conference League,NK Domzale,Rosenborg,1 - 2,1 - 0,2,3,Evet
2021-08-12,2021,UEFA Europa Conference League,FC Astana,KuPS,3 - 4,2 - 0,2,7,Evet
2021-08-12,2021,UEFA Europa Conference League,Bodo/Glimt,Prishtina,2 - 0,1 - 0,1,2,Yok
2021-08-12,2021,UEFA Europa Conference League,Molde,Trabzonspor,1 - 1,0 - 0,X,2,Evet
2021-08-12,2021,UEFA Europa Conference League,Qarabag,AEL,1 - 0,0 - 0,1,1,Yok
2021-08-12,2021,UEFA Europa Conference League,Rubin,Raków Częstochowa,0 - 1,0 - 0,2,1,Yok
2021-08-12,2021,UEFA Europa Conference League,Hammarby FF,Cukaricki,5 - 1,3 - 0,1,6,Evet
2021-08-12,2021,UEFA Europa Conference League,Žilina,FK Tobol Kostanay,5 - 0,2 - 0,1,5,Yok
2021-08-12,2021,UEFA Europa Conference League,Hapoel Beer Sheva,Slask Wroclaw,4 - 0,2 - 0,1,4,Yok
2021-08-12,2021,UEFA Europa Conference League,Plzen,The New Saints,3 - 1,0 - 1,1,4,Evet
2021-08-12,2021,UEFA Europa Conference League,PAOK,Bohemians,2 - 0,2 - 0,1,2,Yok
2021-08-12,2021,UEFA Europa Conference League,Rīgas FS,Gent,0 - 1,0 - 0,2,1,Yok
2021-08-12,2021,UEFA Europa Conference League,FC Basel 1893,Ujpest,4 - 0,2 - 0,1,4,Yok
2021-08-12,2021,UEFA Europa Conference League,Maccabi Tel Aviv,Spartak Trnava,1 - 0,1 - 0,1,1,Yok
2021-08-12,2021,UEFA Europa Conference League,Fola Esch,Linfield,2 - 1,0 - 0,1,3,Evet
2021-08-12,2021,UEFA Europa Conference League,Feyenoord,FC Luzern,3 - 0,2 - 0,1,3,Yok
2021-08-12,2021,UEFA Europa Conference League,FC Copenhagen,Lokomotiv Plovdiv,4 - 2,3 - 1,1,6,Evet
2021-08-12,2021,UEFA Europa Conference League,Anderlecht,Laci,2 - 1,1 - 0,1,3,Evet
2021-08-12,2021,UEFA Europa Conference League,HNK Rijeka,Hibernian,4 - 1,1 - 0,1,5,Evet
2021-08-12,2021,UEFA Europa Conference League,Olimpija Ljubljana,Santa Clara,0 - 1,0 - 0,2,1,Yok
2021-08-12,2021,UEFA Europa Conference League,Sivasspor,Dinamo Batumi,1 - 1,0 - 0,X,2,Evet
2021-08-12,2021,UEFA Europa Conference League,Teuta Durrës,Shamrock Rovers,0 - 2,0 - 1,2,2,Yok
2021-08-12,2021,UEFA Europa Conference League,Velež,IF Elfsborg,1 - 4,0 - 2,2,5,Evet
2021-08-12,2021,UEFA Europa Conference League,Hibernians,Riga,1 - 4,0 - 0,2,5,Evet
2021-08-12,2021,UEFA Europa Conference League,Larne,Pacos Ferreira,1 - 0,0 - 0,1,1,Yok
2021-08-12,2021,UEFA Europa Conference League,Aberdeen,Breidablik,2 - 1,0 - 0,1,3,Evet
2021-08-12,2021,UEFA Europa Conference League,HB Torshavn,Maccabi Haifa,1 - 0,1 - 0,1,1,Yok
2021-08-12,2021,UEFA Europa Conference League,FK Partizan,PFC Sochi,2 - 2,0 - 1,X,4,Evet
2021-08-12,2021,UEFA Europa Conference League,Dundalk,Vitesse,1 - 2,0 - 2,2,3,Evet
2021-08-12,2021,UEFA Europa Conference League,Lask Linz,Vojvodina,6 - 1,1 - 1,1,7,Evet
2021-08-12,2021,UEFA Europa Conference League,NK Osijek,CSKA Sofia,1 - 1,1 - 1,X,2,Evet
2021-08-19,2021,UEFA Europa Conference League,Shakhter Karagandy,Maccabi Tel Aviv,1 - 2,0 - 0,2,3,Evet
2021-08-19,2021,UEFA Europa Conference League,Qarabag,Aberdeen,1 - 0,1 - 0,1,1,Yok
2021-08-19,2021,UEFA Europa Conference League,Flora Tallinn,Shamrock Rovers,4 - 2,2 - 1,1,6,Evet
2021-08-19,2021,UEFA Europa Conference League,KuPS,Union Berlin,0 - 4,0 - 3,2,4,Yok
2021-08-19,2021,UEFA Europa Conference League,Raków Częstochowa,Gent,1 - 0,0 - 0,1,1,Yok
2021-08-19,2021,UEFA Europa Conference League,Hapoel Beer Sheva,Anorthosis,0 - 0,0 - 0,X,0,Yok
2021-08-19,2021,UEFA Europa Conference League,Plzen,CSKA Sofia,2 - 0,1 - 0,1,2,Yok
2021-08-19,2021,UEFA Europa Conference League,FK Zalgiris Vilnius,Bodo/Glimt,2 - 2,1 - 0,X,4,Evet
2021-08-19,2021,UEFA Europa Conference League,Lask Linz,ST Johnstone,1 - 1,0 - 1,X,2,Evet
2021-08-19,2021,UEFA Europa Conference League,Neftchi Baku,Maccabi Haifa,3 - 3,0 - 1,X,6,Evet
2021-08-19,2021,UEFA Europa Conference League,Riga,Lincoln Red Imps FC,1 - 1,0 - 0,X,2,Evet
2021-08-19,2021,UEFA Europa Conference League,FC Basel 1893,Hammarby FF,3 - 1,1 - 0,1,4,Evet
2021-08-19,2021,UEFA Europa Conference League,Fola Esch,Kairat Almaty,1 - 4,1 - 3,2,5,Evet
2021-08-19,2021,UEFA Europa Conference League,Trabzonspor,AS Roma,1 - 2,0 - 0,2,3,Evet
2021-08-19,2021,UEFA Europa Conference League,Rennes,Rosenborg,2 - 0,1 - 0,1,2,Yok
2021-08-19,2021,UEFA Europa Conference League,Feyenoord,IF Elfsborg,5 - 0,3 - 0,1,5,Yok
2021-08-19,2021,UEFA Europa Conference League,Anderlecht,Vitesse,3 - 3,2 - 1,X,6,Evet
2021-08-19,2021,UEFA Europa Conference League,PAOK,HNK Rijeka,1 - 1,0 - 1,X,2,Evet
2021-08-19,2021,UEFA Europa Conference League,Sivasspor,FC Copenhagen,1 - 2,0 - 0,2,3,Evet
2021-08-19,2021,UEFA Europa Conference League,FK Jablonec,Žilina,5 - 1,4 - 0,1,6,Evet
2021-08-19,2021,UEFA Europa Conference League,Pacos Ferreira,Tottenham,1 - 0,1 - 0,1,1,Yok
2021-08-19,2021,UEFA Europa Conference League,Santa Clara,FK Partizan,2 - 1,1 - 0,1,3,Evet
2021-08-26,2021,UEFA Europa Conference League,Kairat Almaty,Fola Esch,3 - 1,3 - 1,1,4,Evet
2021-08-26,2021,UEFA Europa Conference League,Bodo/Glimt,FK Zalgiris Vilnius,1 - 0,0 - 0,1,1,Yok
2021-08-26,2021,UEFA Europa Conference League,Lincoln Red Imps FC,Riga,3 - 1,1 - 1,1,4,Evet
2021-08-26,2021,UEFA Europa Conference League,Žilina,FK Jablonec,0 - 3,0 - 1,2,3,Yok
2021-08-26,2021,UEFA Europa Conference League,Vitesse,Anderlecht,2 - 1,1 - 0,1,3,Evet
2021-08-26,2021,UEFA Europa Conference League,Rosenborg,Rennes,1 - 3,0 - 2,2,4,Evet
2021-08-26,2021,UEFA Europa Conference League,Hammarby FF,FC Basel 1893,3 - 1,0 - 0,1,4,Evet
2021-08-26,2021,UEFA Europa Conference League,IF Elfsborg,Feyenoord,3 - 1,1 - 0,1,4,Evet
2021-08-26,2021,UEFA Europa Conference League,FC Copenhagen,Sivasspor,5 - 0,2 - 0,1,5,Yok
2021-08-26,2021,UEFA Europa Conference League,AS Roma,Trabzonspor,3 - 0,1 - 0,1,3,Yok
2021-08-26,2021,UEFA Europa Conference League,CSKA Sofia,Plzen,3 - 0,1 - 0,1,3,Yok
2021-08-26,2021,UEFA Europa Conference League,Anorthosis,Hapoel Beer Sheva,3 - 1,1 - 1,1,4,Evet
2021-08-26,2021,UEFA Europa Conference League,Maccabi Haifa,Neftchi Baku,4 - 0,2 - 0,1,4,Yok
2021-08-26,2021,UEFA Europa Conference League,Maccabi Tel Aviv,Shakhter Karagandy,2 - 0,2 - 0,1,2,Yok
2021-08-26,2021,UEFA Europa Conference League,ST Johnstone,Lask Linz,0 - 2,0 - 0,2,2,Yok
2021-08-26,2021,UEFA Europa Conference League,HNK Rijeka,PAOK,0 - 2,0 - 1,2,2,Yok
2021-08-26,2021,UEFA Europa Conference League,Gent,Raków Częstochowa,3 - 0,1 - 0,1,3,Yok
2021-08-26,2021,UEFA Europa Conference League,Union Berlin,KuPS,0 - 0,0 - 0,X,0,Yok
2021-08-26,2021,UEFA Europa Conference League,Tottenham,Pacos Ferreira,3 - 0,2 - 0,1,3,Yok
2021-08-26,2021,UEFA Europa Conference League,Aberdeen,Qarabag,1 - 3,0 - 2,2,4,Evet
2021-08-26,2021,UEFA Europa Conference League,Shamrock Rovers,Flora Tallinn,0 - 1,0 - 0,2,1,Yok
2021-08-26,2021,UEFA Europa Conference League,FK Partizan,Santa Clara,2 - 0,2 - 0,1,2,Yok
2021-09-14,2021,UEFA Europa Conference League,Maccabi Tel Aviv,Alashkert,4 - 1,3 - 1,1,5,Evet
2021-09-14,2021,UEFA Europa Conference League,Maccabi Haifa,Feyenoord,0 - 0,0 - 0,X,0,Yok
2021-09-16,2021,UEFA Europa Conference League,Kairat Almaty,Omonia Nicosia,0 - 0,0 - 0,X,0,Yok
2021-09-16,2021,UEFA Europa Conference League,Rennes,Tottenham,2 - 2,1 - 1,X,4,Evet
2021-09-16,2021,UEFA Europa Conference League,Qarabag,FC Basel 1893,0 - 0,0 - 0,X,0,Yok
2021-09-16,2021,UEFA Europa Conference League,Slavia Praha,Union Berlin,3 - 1,1 - 0,1,4,Evet
2021-09-16,2021,UEFA Europa Conference League,HJK Helsinki,Lask Linz,0 - 2,0 - 1,2,2,Yok
2021-09-16,2021,UEFA Europa Conference League,Slovan Bratislava,FC Copenhagen,1 - 3,1 - 2,2,4,Evet
2021-09-16,2021,UEFA Europa Conference League,Lincoln Red Imps FC,PAOK,0 - 2,0 - 1,2,2,Yok
2021-09-16,2021,UEFA Europa Conference League,Flora Tallinn,Gent,0 - 1,0 - 0,2,1,Yok
2021-09-16,2021,UEFA Europa Conference League,Mura,Vitesse,0 - 2,0 - 1,2,2,Yok
2021-09-16,2021,UEFA Europa Conference League,Bodo/Glimt,Zorya Luhansk,3 - 1,0 - 0,1,4,Evet
2021-09-16,2021,UEFA Europa Conference League,Randers FC,AZ Alkmaar,2 - 2,1 - 2,X,4,Evet
2021-09-16,2021,UEFA Europa Conference League,AS Roma,CSKA Sofia,5 - 1,2 - 1,1,6,Evet
2021-09-16,2021,UEFA Europa Conference League,FK Jablonec,CFR 1907 Cluj,1 - 0,0 - 0,1,1,Yok
2021-09-16,2021,UEFA Europa Conference League,Anorthosis,FK Partizan,0 - 2,0 - 1,2,2,Yok
2021-09-30,2021,UEFA Europa Conference League,AZ Alkmaar,FK Jablonec,1 - 0,0 - 0,1,1,Yok
2021-09-30,2021,UEFA Europa Conference League,FK Partizan,Flora Tallinn,2 - 0,2 - 0,1,2,Yok
2021-09-30,2021,UEFA Europa Conference League,Alashkert,HJK Helsinki,2 - 4,1 - 1,2,6,Evet
2021-09-30,2021,UEFA Europa Conference League,Zorya Luhansk,AS Roma,0 - 3,0 - 1,2,3,Yok
2021-09-30,2021,UEFA Europa Conference League,Gent,Anorthosis,2 - 0,1 - 0,1,2,Yok
2021-09-30,2021,UEFA Europa Conference League,CSKA Sofia,Bodo/Glimt,0 - 0,0 - 0,X,0,Yok
2021-09-30,2021,UEFA Europa Conference League,Lask Linz,Maccabi Tel Aviv,1 - 1,1 - 0,X,2,Evet
2021-09-30,2021,UEFA Europa Conference League,CFR 1907 Cluj,Randers FC,1 - 1,0 - 1,X,2,Evet
2021-09-30,2021,UEFA Europa Conference League,Tottenham,Mura,5 - 1,2 - 0,1,6,Evet
2021-09-30,2021,UEFA Europa Conference League,Union Berlin,Maccabi Haifa,3 - 0,1 - 0,1,3,Yok
2021-09-30,2021,UEFA Europa Conference League,Vitesse,Rennes,1 - 2,1 - 0,2,3,Evet
2021-09-30,2021,UEFA Europa Conference League,Feyenoord,Slavia Praha,2 - 1,2 - 0,1,3,Evet
2021-09-30,2021,UEFA Europa Conference League,FC Copenhagen,Lincoln Red Imps FC,3 - 1,2 - 1,1,4,Evet
2021-09-30,2021,UEFA Europa Conference League,FC Basel 1893,Kairat Almaty,4 - 2,3 - 0,1,6,Evet
2021-09-30,2021,UEFA Europa Conference League,PAOK,Slovan Bratislava,1 - 1,1 - 1,X,2,Evet
2021-09-30,2021,UEFA Europa Conference League,Omonia Nicosia,Qarabag,1 - 4,1 - 0,2,5,Evet
2021-10-21,2021,UEFA Europa Conference League,HJK Helsinki,Maccabi Tel Aviv,0 - 5,0 - 1,2,5,Yok
2021-10-21,2021,UEFA Europa Conference League,Vitesse,Tottenham,1 - 0,0 - 0,1,1,Yok
2021-10-21,2021,UEFA Europa Conference League,Feyenoord,Union Berlin,3 - 1,2 - 1,1,4,Evet
2021-10-21,2021,UEFA Europa Conference League,Bodo/Glimt,AS Roma,6 - 1,2 - 1,1,7,Evet
2021-10-21,2021,UEFA Europa Conference League,FC Copenhagen,PAOK,1 - 2,0 - 2,2,3,Evet
2021-10-21,2021,UEFA Europa Conference League,Qarabag,Kairat Almaty,2 - 1,0 - 1,1,3,Evet
2021-10-21,2021,UEFA Europa Conference League,Alashkert,Lask Linz,0 - 3,0 - 1,2,3,Yok
2021-10-21,2021,UEFA Europa Conference League,Anorthosis,Flora Tallinn,2 - 2,2 - 1,X,4,Evet
2021-10-21,2021,UEFA Europa Conference League,Maccabi Haifa,Slavia Praha,1 - 0,1 - 0,1,1,Yok
2021-10-21,2021,UEFA Europa Conference League,Mura,Rennes,1 - 2,1 - 2,2,3,Evet
2021-10-21,2021,UEFA Europa Conference League,FC Basel 1893,Omonia Nicosia,3 - 1,2 - 1,1,4,Evet
2021-10-21,2021,UEFA Europa Conference League,FK Partizan,Gent,0 - 1,0 - 0,2,1,Yok
2021-10-21,2021,UEFA Europa Conference League,Slovan Bratislava,Lincoln Red Imps FC,2 - 0,0 - 0,1,2,Yok
2021-10-21,2021,UEFA Europa Conference League,CSKA Sofia,Zorya Luhansk,0 - 1,0 - 0,2,1,Yok
2021-10-21,2021,UEFA Europa Conference League,FK Jablonec,Randers FC,2 - 2,1 - 1,X,4,Evet
2021-10-21,2021,UEFA Europa Conference League,CFR 1907 Cluj,AZ Alkmaar,0 - 1,0 - 1,2,1,Yok
2021-11-04,2021,UEFA Europa Conference League,Kairat Almaty,Qarabag,1 - 2,0 - 0,2,3,Evet
2021-11-04,2021,UEFA Europa Conference League,Flora Tallinn,Anorthosis,2 - 2,0 - 2,X,4,Evet
2021-11-04,2021,UEFA Europa Conference League,AZ Alkmaar,CFR 1907 Cluj,2 - 0,1 - 0,1,2,Yok
2021-11-04,2021,UEFA Europa Conference League,Randers FC,FK Jablonec,2 - 2,0 - 0,X,4,Evet
2021-11-04,2021,UEFA Europa Conference League,Zorya Luhansk,CSKA Sofia,2 - 0,0 - 0,1,2,Yok
2021-11-04,2021,UEFA Europa Conference League,Maccabi Tel Aviv,HJK Helsinki,3 - 0,1 - 0,1,3,Yok
2021-11-04,2021,UEFA Europa Conference League,Gent,FK Partizan,1 - 1,0 - 0,X,2,Evet
2021-11-04,2021,UEFA Europa Conference League,Lincoln Red Imps FC,Slovan Bratislava,1 - 4,1 - 2,2,5,Evet
2021-11-04,2021,UEFA Europa Conference League,Lask Linz,Alashkert,2 - 0,1 - 0,1,2,Yok
2021-11-04,2021,UEFA Europa Conference League,Omonia Nicosia,FC Basel 1893,1 - 1,1 - 0,X,2,Evet
2021-11-04,2021,UEFA Europa Conference League,Tottenham,Vitesse,3 - 2,3 - 2,1,5,Evet
2021-11-04,2021,UEFA Europa Conference League,Rennes,Mura,1 - 0,0 - 0,1,1,Yok
2021-11-04,2021,UEFA Europa Conference League,Union Berlin,Feyenoord,1 - 2,1 - 1,2,3,Evet
2021-11-04,2021,UEFA Europa Conference League,AS Roma,Bodo/Glimt,2 - 2,0 - 1,X,4,Evet
2021-11-04,2021,UEFA Europa Conference League,Slavia Praha,Maccabi Haifa,1 - 0,0 - 0,1,1,Yok
2021-11-04,2021,UEFA Europa Conference League,PAOK,FC Copenhagen,1 - 2,1 - 1,2,3,Evet
2021-11-25,2021,UEFA Europa Conference League,Kairat Almaty,FC Basel 1893,2 - 3,1 - 1,2,5,Evet
2021-11-25,2021,UEFA Europa Conference League,Flora Tallinn,FK Partizan,1 - 0,1 - 0,1,1,Yok
2021-11-25,2021,UEFA Europa Conference League,Rennes,Vitesse,3 - 3,2 - 1,X,6,Evet
2021-11-25,2021,UEFA Europa Conference League,Qarabag,Omonia Nicosia,2 - 2,0 - 1,X,4,Evet
2021-11-25,2021,UEFA Europa Conference League,Slavia Praha,Feyenoord,2 - 2,1 - 1,X,4,Evet
2021-11-25,2021,UEFA Europa Conference League,HJK Helsinki,Alashkert,1 - 0,0 - 0,1,1,Yok
2021-11-25,2021,UEFA Europa Conference League,Slovan Bratislava,PAOK,0 - 0,0 - 0,X,0,Yok
2021-11-25,2021,UEFA Europa Conference League,Lincoln Red Imps FC,FC Copenhagen,0 - 4,0 - 2,2,4,Yok
2021-11-25,2021,UEFA Europa Conference League,Maccabi Haifa,Union Berlin,0 - 1,0 - 0,2,1,Yok
2021-11-25,2021,UEFA Europa Conference League,Mura,Tottenham,2 - 1,1 - 0,1,3,Evet
2021-11-25,2021,UEFA Europa Conference League,Bodo/Glimt,CSKA Sofia,2 - 0,1 - 0,1,2,Yok
2021-11-25,2021,UEFA Europa Conference League,Randers FC,CFR 1907 Cluj,2 - 1,0 - 0,1,3,Evet
2021-11-25,2021,UEFA Europa Conference League,AS Roma,Zorya Luhansk,4 - 0,2 - 0,1,4,Yok
2021-11-25,2021,UEFA Europa Conference League,Maccabi Tel Aviv,Lask Linz,0 - 1,0 - 0,2,1,Yok
2021-11-25,2021,UEFA Europa Conference League,FK Jablonec,AZ Alkmaar,1 - 1,1 - 1,X,2,Evet
2021-11-25,2021,UEFA Europa Conference League,Anorthosis,Gent,1 - 0,1 - 0,1,1,Yok
2021-12-09,2021,UEFA Europa Conference League,AZ Alkmaar,Randers FC,1 - 0,0 - 0,1,1,Yok
2021-12-09,2021,UEFA Europa Conference League,FK Partizan,Anorthosis,1 - 1,1 - 1,X,2,Evet
2021-12-09,2021,UEFA Europa Conference League,Alashkert,Maccabi Tel Aviv,1 - 1,0 - 0,X,2,Evet
2021-12-09,2021,UEFA Europa Conference League,Zorya Luhansk,Bodo/Glimt,1 - 1,1 - 0,X,2,Evet
2021-12-09,2021,UEFA Europa Conference League,Gent,Flora Tallinn,1 - 0,0 - 0,1,1,Yok
2021-12-09,2021,UEFA Europa Conference League,CSKA Sofia,AS Roma,2 - 3,0 - 2,2,5,Evet
2021-12-09,2021,UEFA Europa Conference League,Lask Linz,HJK Helsinki,3 - 0,1 - 0,1,3,Yok
2021-12-09,2021,UEFA Europa Conference League,CFR 1907 Cluj,FK Jablonec,2 - 0,1 - 0,1,2,Yok
2021-12-09,2021,UEFA Europa Conference League,Tottenham,Rennes,0 - 3,0 - 0,2,3,Yok
2021-12-09,2021,UEFA Europa Conference League,Union Berlin,Slavia Praha,1 - 1,0 - 0,X,2,Evet
2021-12-09,2021,UEFA Europa Conference League,Vitesse,Mura,3 - 1,3 - 0,1,4,Evet
2021-12-09,2021,UEFA Europa Conference League,Feyenoord,Maccabi Haifa,2 - 1,1 - 0,1,3,Evet
2021-12-09,2021,UEFA Europa Conference League,FC Copenhagen,Slovan Bratislava,2 - 0,1 - 0,1,2,Yok
2021-12-09,2021,UEFA Europa Conference League,FC Basel 1893,Qarabag,3 - 0,1 - 0,1,3,Yok
2021-12-09,2021,UEFA Europa Conference League,PAOK,Lincoln Red Imps FC,2 - 0,1 - 0,1,2,Yok
2021-12-09,2021,UEFA Europa Conference League,Omonia Nicosia,Kairat Almaty,0 - 0,0 - 0,X,0,Yok
2022-02-17,2021,UEFA Europa Conference League,PSV Eindhoven,Maccabi Tel Aviv,1 - 0,1 - 0,1,1,Yok
2022-02-17,2021,UEFA Europa Conference League,FC Midtjylland,PAOK,1 - 0,1 - 0,1,1,Yok
2022-02-17,2021,UEFA Europa Conference League,Fenerbahçe,Slavia Praha,2 - 3,0 - 1,2,5,Evet
2022-02-17,2021,UEFA Europa Conference League,Rapid Vienna,Vitesse,2 - 1,2 - 0,1,3,Evet
2022-02-17,2021,UEFA Europa Conference League,Leicester,Randers FC,4 - 1,1 - 1,1,5,Evet
2022-02-17,2021,UEFA Europa Conference League,Marseille,Qarabag,3 - 1,2 - 0,1,4,Evet
2022-02-17,2021,UEFA Europa Conference League,Celtic,Bodo/Glimt,1 - 3,0 - 1,2,4,Evet
2022-02-17,2021,UEFA Europa Conference League,Sparta Praha,FK Partizan,0 - 1,0 - 0,2,1,Yok
2022-02-24,2021,UEFA Europa Conference League,Bodo/Glimt,Celtic,2 - 0,1 - 0,1,2,Yok
2022-02-24,2021,UEFA Europa Conference League,Randers FC,Leicester,1 - 3,0 - 1,2,4,Evet
2022-02-24,2021,UEFA Europa Conference League,Qarabag,Marseille,0 - 3,0 - 1,2,3,Yok
2022-02-24,2021,UEFA Europa Conference League,FK Partizan,Sparta Praha,2 - 1,2 - 0,1,3,Evet
2022-02-24,2021,UEFA Europa Conference League,Maccabi Tel Aviv,PSV Eindhoven,1 - 1,0 - 0,X,2,Evet
2022-02-24,2021,UEFA Europa Conference League,Vitesse,Rapid Vienna,2 - 0,2 - 0,1,2,Yok
2022-02-24,2021,UEFA Europa Conference League,Slavia Praha,Fenerbahçe,3 - 2,2 - 1,1,5,Evet
2022-02-24,2021,UEFA Europa Conference League,PAOK,FC Midtjylland,2 - 1,2 - 0,1,3,Evet
2022-03-10,2021,UEFA Europa Conference League,Vitesse,AS Roma,0 - 1,0 - 1,2,1,Yok
2022-03-10,2021,UEFA Europa Conference League,Slavia Praha,Lask Linz,4 - 1,2 - 0,1,5,Evet
2022-03-10,2021,UEFA Europa Conference League,FK Partizan,Feyenoord,2 - 5,1 - 1,2,7,Evet
2022-03-10,2021,UEFA Europa Conference League,PAOK,Gent,1 - 0,0 - 0,1,1,Yok
2022-03-10,2021,UEFA Europa Conference League,Leicester,Rennes,2 - 0,1 - 0,1,2,Yok
2022-03-10,2021,UEFA Europa Conference League,Marseille,FC Basel 1893,2 - 1,1 - 0,1,3,Evet
2022-03-10,2021,UEFA Europa Conference League,PSV Eindhoven,FC Copenhagen,4 - 4,1 - 3,X,8,Evet
2022-03-10,2021,UEFA Europa Conference League,Bodo/Glimt,AZ Alkmaar,2 - 1,1 - 0,1,3,Evet
2022-03-17,2021,UEFA Europa Conference League,Rennes,Leicester,2 - 1,1 - 0,1,3,Evet
2022-03-17,2021,UEFA Europa Conference League,AZ Alkmaar,Bodo/Glimt,2 - 2,2 - 1,X,4,Evet
2022-03-17,2021,UEFA Europa Conference League,FC Copenhagen,PSV Eindhoven,0 - 4,0 - 2,2,4,Yok
2022-03-17,2021,UEFA Europa Conference League,FC Basel 1893,Marseille,1 - 2,0 - 0,2,3,Evet
2022-03-17,2021,UEFA Europa Conference League,Feyenoord,FK Partizan,3 - 1,1 - 0,1,4,Evet
2022-03-17,2021,UEFA Europa Conference League,AS Roma,Vitesse,1 - 1,0 - 0,X,2,Evet
2022-03-17,2021,UEFA Europa Conference League,Gent,PAOK,1 - 2,1 - 1,2,3,Evet
2022-03-17,2021,UEFA Europa Conference League,Lask Linz,Slavia Praha,4 - 3,1 - 2,1,7,Evet
2022-04-07,2021,UEFA Europa Conference League,Feyenoord,Slavia Praha,3 - 3,1 - 1,X,6,Evet
2022-04-07,2021,UEFA Europa Conference League,Leicester,PSV Eindhoven,0 - 0,0 - 0,X,0,Yok
2022-04-07,2021,UEFA Europa Conference League,Marseille,PAOK,2 - 1,2 - 0,1,3,Evet
2022-04-07,2021,UEFA Europa Conference League,Bodo/Glimt,AS Roma,2 - 1,0 - 1,1,3,Evet
2022-04-14,2021,UEFA Europa Conference League,PSV Eindhoven,Leicester,1 - 2,1 - 0,2,3,Evet
2022-04-14,2021,UEFA Europa Conference League,AS Roma,Bodo/Glimt,4 - 0,3 - 0,1,4,Yok
2022-04-14,2021,UEFA Europa Conference League,Slavia Praha,Feyenoord,1 - 3,1 - 1,2,4,Evet
2022-04-14,2021,UEFA Europa Conference League,PAOK,Marseille,0 - 1,0 - 1,2,1,Yok
2022-04-28,2021,UEFA Europa Conference League,Leicester,AS Roma,1 - 1,0 - 1,X,2,Evet
2022-04-28,2021,UEFA Europa Conference League,Feyenoord,Marseille,3 - 2,2 - 2,1,5,Evet
2022-05-05,2021,UEFA Europa Conference League,Marseille,Feyenoord,0 - 0,0 - 0,X,0,Yok
2022-05-05,2021,UEFA Europa Conference League,AS Roma,Leicester,1 - 0,1 - 0,1,1,Yok
2022-05-25,2021,UEFA Europa Conference League,AS Roma,Feyenoord,1 - 0,1 - 0,1,1,Yok
